# Lowrie & Edwards (2008) NLTE analytic IC for Mach 2 radiative shock
# Columns: x(cm)  rho(g/cc)  T_mat(K)  T_rad(K)  vx(cm/s)
# Shock at x = 0; simulation coordinates (downstream left, upstream right)
# 4000 points
-3.1000000000e-01  1.0000000000e+00  1.4157512106e+06  1.4157512106e+06  3.4616000000e+07
-3.0983495874e-01  1.0000000000e+00  1.4157512106e+06  1.4157512106e+06  3.4616000000e+07
-3.0966991748e-01  1.0000000000e+00  1.4157512106e+06  1.4157512106e+06  3.4616000000e+07
-3.0950487622e-01  1.0000000000e+00  1.4157512106e+06  1.4157512106e+06  3.4616000000e+07
-3.0933983496e-01  1.0000000000e+00  1.4157512106e+06  1.4157512106e+06  3.4616000000e+07
-3.0917479370e-01  1.0000000000e+00  1.4157512106e+06  1.4157512106e+06  3.4616000000e+07
-3.0900975244e-01  1.0000000000e+00  1.4157512106e+06  1.4157512106e+06  3.4616000000e+07
-3.0884471118e-01  1.0000000000e+00  1.4157512106e+06  1.4157512106e+06  3.4616000000e+07
-3.0867966992e-01  1.0000000000e+00  1.4157512106e+06  1.4157512106e+06  3.4616000000e+07
-3.0851462866e-01  1.0000000000e+00  1.4157512106e+06  1.4157512106e+06  3.4616000000e+07
-3.0834958740e-01  1.0000000000e+00  1.4157512106e+06  1.4157512106e+06  3.4616000000e+07
-3.0818454614e-01  1.0000000000e+00  1.4157512106e+06  1.4157512106e+06  3.4616000000e+07
-3.0801950488e-01  1.0000000000e+00  1.4157512106e+06  1.4157512106e+06  3.4616000000e+07
-3.0785446362e-01  1.0000000000e+00  1.4157512106e+06  1.4157512106e+06  3.4616000000e+07
-3.0768942236e-01  1.0000000000e+00  1.4157512106e+06  1.4157512106e+06  3.4616000000e+07
-3.0752438110e-01  1.0000000000e+00  1.4157512106e+06  1.4157512106e+06  3.4616000000e+07
-3.0735933983e-01  1.0000000000e+00  1.4157512106e+06  1.4157512106e+06  3.4616000000e+07
-3.0719429857e-01  1.0000000000e+00  1.4157512106e+06  1.4157512106e+06  3.4616000000e+07
-3.0702925731e-01  1.0000000000e+00  1.4157512106e+06  1.4157512106e+06  3.4616000000e+07
-3.0686421605e-01  1.0000000000e+00  1.4157512106e+06  1.4157512106e+06  3.4616000000e+07
-3.0669917479e-01  1.0000000000e+00  1.4157512106e+06  1.4157512106e+06  3.4616000000e+07
-3.0653413353e-01  1.0000000000e+00  1.4157512106e+06  1.4157512106e+06  3.4616000000e+07
-3.0636909227e-01  1.0000000000e+00  1.4157512106e+06  1.4157512106e+06  3.4616000000e+07
-3.0620405101e-01  1.0000000000e+00  1.4157512106e+06  1.4157512106e+06  3.4616000000e+07
-3.0603900975e-01  1.0000000000e+00  1.4157512106e+06  1.4157512106e+06  3.4616000000e+07
-3.0587396849e-01  1.0000000000e+00  1.4157512106e+06  1.4157512106e+06  3.4616000000e+07
-3.0570892723e-01  1.0000000000e+00  1.4157512106e+06  1.4157512106e+06  3.4616000000e+07
-3.0554388597e-01  1.0000000000e+00  1.4157512106e+06  1.4157512106e+06  3.4616000000e+07
-3.0537884471e-01  1.0000000000e+00  1.4157512106e+06  1.4157512106e+06  3.4616000000e+07
-3.0521380345e-01  1.0000000000e+00  1.4157512106e+06  1.4157512106e+06  3.4616000000e+07
-3.0504876219e-01  1.0000000000e+00  1.4157512106e+06  1.4157512106e+06  3.4616000000e+07
-3.0488372093e-01  1.0000000000e+00  1.4157512106e+06  1.4157512106e+06  3.4616000000e+07
-3.0471867967e-01  1.0000000000e+00  1.4157512106e+06  1.4157512106e+06  3.4616000000e+07
-3.0455363841e-01  1.0000000000e+00  1.4157512106e+06  1.4157512106e+06  3.4616000000e+07
-3.0438859715e-01  1.0000000000e+00  1.4157512106e+06  1.4157512106e+06  3.4616000000e+07
-3.0422355589e-01  1.0000000000e+00  1.4157512106e+06  1.4157512106e+06  3.4616000000e+07
-3.0405851463e-01  1.0000000000e+00  1.4157512106e+06  1.4157512106e+06  3.4616000000e+07
-3.0389347337e-01  1.0000000000e+00  1.4157512106e+06  1.4157512106e+06  3.4616000000e+07
-3.0372843211e-01  1.0000000000e+00  1.4157512106e+06  1.4157512106e+06  3.4616000000e+07
-3.0356339085e-01  1.0000000000e+00  1.4157512106e+06  1.4157512106e+06  3.4616000000e+07
-3.0339834959e-01  1.0000000000e+00  1.4157512106e+06  1.4157512106e+06  3.4616000000e+07
-3.0323330833e-01  1.0000000000e+00  1.4157512106e+06  1.4157512106e+06  3.4616000000e+07
-3.0306826707e-01  1.0000000000e+00  1.4157512106e+06  1.4157512106e+06  3.4616000000e+07
-3.0290322581e-01  1.0000000000e+00  1.4157512106e+06  1.4157512106e+06  3.4616000000e+07
-3.0273818455e-01  1.0000000000e+00  1.4157512106e+06  1.4157512106e+06  3.4616000000e+07
-3.0257314329e-01  1.0000000000e+00  1.4157512106e+06  1.4157512106e+06  3.4616000000e+07
-3.0240810203e-01  1.0000000000e+00  1.4157512106e+06  1.4157512106e+06  3.4616000000e+07
-3.0224306077e-01  1.0000000000e+00  1.4157512106e+06  1.4157512106e+06  3.4616000000e+07
-3.0207801950e-01  1.0000000000e+00  1.4157512106e+06  1.4157512106e+06  3.4616000000e+07
-3.0191297824e-01  1.0000000000e+00  1.4157512106e+06  1.4157512106e+06  3.4616000000e+07
-3.0174793698e-01  1.0000000000e+00  1.4157512106e+06  1.4157512106e+06  3.4616000000e+07
-3.0158289572e-01  1.0000000000e+00  1.4157512106e+06  1.4157512106e+06  3.4616000000e+07
-3.0141785446e-01  1.0000000000e+00  1.4157512106e+06  1.4157512106e+06  3.4616000000e+07
-3.0125281320e-01  1.0000000000e+00  1.4157512106e+06  1.4157512106e+06  3.4616000000e+07
-3.0108777194e-01  1.0000000000e+00  1.4157512106e+06  1.4157512106e+06  3.4616000000e+07
-3.0092273068e-01  1.0000000000e+00  1.4157512106e+06  1.4157512106e+06  3.4616000000e+07
-3.0075768942e-01  1.0000000000e+00  1.4157512106e+06  1.4157512106e+06  3.4616000000e+07
-3.0059264816e-01  1.0000000000e+00  1.4157512106e+06  1.4157512106e+06  3.4616000000e+07
-3.0042760690e-01  1.0000000000e+00  1.4157512106e+06  1.4157512106e+06  3.4616000000e+07
-3.0026256564e-01  1.0000000000e+00  1.4157512106e+06  1.4157512106e+06  3.4616000000e+07
-3.0009752438e-01  1.0000000000e+00  1.4157512106e+06  1.4157512106e+06  3.4616000000e+07
-2.9993248312e-01  1.0000000000e+00  1.4157512106e+06  1.4157512106e+06  3.4616000000e+07
-2.9976744186e-01  1.0000000000e+00  1.4157512106e+06  1.4157512106e+06  3.4616000000e+07
-2.9960240060e-01  1.0000000000e+00  1.4157512106e+06  1.4157512106e+06  3.4616000000e+07
-2.9943735934e-01  1.0000000000e+00  1.4157512106e+06  1.4157512106e+06  3.4616000000e+07
-2.9927231808e-01  1.0000000000e+00  1.4157512106e+06  1.4157512106e+06  3.4616000000e+07
-2.9910727682e-01  1.0000000000e+00  1.4157512106e+06  1.4157512106e+06  3.4616000000e+07
-2.9894223556e-01  1.0000000000e+00  1.4157512106e+06  1.4157512106e+06  3.4616000000e+07
-2.9877719430e-01  1.0000000000e+00  1.4157512106e+06  1.4157512106e+06  3.4616000000e+07
-2.9861215304e-01  1.0000000000e+00  1.4157512106e+06  1.4157512106e+06  3.4616000000e+07
-2.9844711178e-01  1.0000000000e+00  1.4157512106e+06  1.4157512106e+06  3.4616000000e+07
-2.9828207052e-01  1.0000000000e+00  1.4157512106e+06  1.4157512106e+06  3.4616000000e+07
-2.9811702926e-01  1.0000000000e+00  1.4157512106e+06  1.4157512106e+06  3.4616000000e+07
-2.9795198800e-01  1.0000000000e+00  1.4157512106e+06  1.4157512106e+06  3.4616000000e+07
-2.9778694674e-01  1.0000000000e+00  1.4157512106e+06  1.4157512106e+06  3.4616000000e+07
-2.9762190548e-01  1.0000000000e+00  1.4157512106e+06  1.4157512106e+06  3.4616000000e+07
-2.9745686422e-01  1.0000000000e+00  1.4157512106e+06  1.4157512106e+06  3.4616000000e+07
-2.9729182296e-01  1.0000000000e+00  1.4157512106e+06  1.4157512106e+06  3.4616000000e+07
-2.9712678170e-01  1.0000000000e+00  1.4157512106e+06  1.4157512106e+06  3.4616000000e+07
-2.9696174044e-01  1.0000000000e+00  1.4157512106e+06  1.4157512106e+06  3.4616000000e+07
-2.9679669917e-01  1.0000000000e+00  1.4157512106e+06  1.4157512106e+06  3.4616000000e+07
-2.9663165791e-01  1.0000000000e+00  1.4157512106e+06  1.4157512106e+06  3.4616000000e+07
-2.9646661665e-01  1.0000000000e+00  1.4157512106e+06  1.4157512106e+06  3.4616000000e+07
-2.9630157539e-01  1.0000000000e+00  1.4157512106e+06  1.4157512106e+06  3.4616000000e+07
-2.9613653413e-01  1.0000000000e+00  1.4157512106e+06  1.4157512106e+06  3.4616000000e+07
-2.9597149287e-01  1.0000000000e+00  1.4157512106e+06  1.4157512106e+06  3.4616000000e+07
-2.9580645161e-01  1.0000000000e+00  1.4157512106e+06  1.4157512106e+06  3.4616000000e+07
-2.9564141035e-01  1.0000000000e+00  1.4157512106e+06  1.4157512106e+06  3.4616000000e+07
-2.9547636909e-01  1.0000000000e+00  1.4157512106e+06  1.4157512106e+06  3.4616000000e+07
-2.9531132783e-01  1.0000000000e+00  1.4157512106e+06  1.4157512106e+06  3.4616000000e+07
-2.9514628657e-01  1.0000000000e+00  1.4157512106e+06  1.4157512106e+06  3.4616000000e+07
-2.9498124531e-01  1.0000000000e+00  1.4157512106e+06  1.4157512106e+06  3.4616000000e+07
-2.9481620405e-01  1.0000000000e+00  1.4157512106e+06  1.4157512106e+06  3.4616000000e+07
-2.9465116279e-01  1.0000000000e+00  1.4157512106e+06  1.4157512106e+06  3.4616000000e+07
-2.9448612153e-01  1.0000000000e+00  1.4157512106e+06  1.4157512106e+06  3.4616000000e+07
-2.9432108027e-01  1.0000000000e+00  1.4157512106e+06  1.4157512106e+06  3.4616000000e+07
-2.9415603901e-01  1.0000000000e+00  1.4157512106e+06  1.4157512106e+06  3.4616000000e+07
-2.9399099775e-01  1.0000000000e+00  1.4157512106e+06  1.4157512106e+06  3.4616000000e+07
-2.9382595649e-01  1.0000000000e+00  1.4157512106e+06  1.4157512106e+06  3.4616000000e+07
-2.9366091523e-01  1.0000000000e+00  1.4157512106e+06  1.4157512106e+06  3.4616000000e+07
-2.9349587397e-01  1.0000000000e+00  1.4157512106e+06  1.4157512106e+06  3.4616000000e+07
-2.9333083271e-01  1.0000000000e+00  1.4157512106e+06  1.4157512106e+06  3.4616000000e+07
-2.9316579145e-01  1.0000000000e+00  1.4157512106e+06  1.4157512106e+06  3.4616000000e+07
-2.9300075019e-01  1.0000000000e+00  1.4157512106e+06  1.4157512106e+06  3.4616000000e+07
-2.9283570893e-01  1.0000000000e+00  1.4157512106e+06  1.4157512106e+06  3.4616000000e+07
-2.9267066767e-01  1.0000000000e+00  1.4157512106e+06  1.4157512106e+06  3.4616000000e+07
-2.9250562641e-01  1.0000000000e+00  1.4157512106e+06  1.4157512106e+06  3.4616000000e+07
-2.9234058515e-01  1.0000000000e+00  1.4157512106e+06  1.4157512106e+06  3.4616000000e+07
-2.9217554389e-01  1.0000000000e+00  1.4157512106e+06  1.4157512106e+06  3.4616000000e+07
-2.9201050263e-01  1.0000000000e+00  1.4157512106e+06  1.4157512106e+06  3.4616000000e+07
-2.9184546137e-01  1.0000000000e+00  1.4157512106e+06  1.4157512106e+06  3.4616000000e+07
-2.9168042011e-01  1.0000000000e+00  1.4157512106e+06  1.4157512106e+06  3.4616000000e+07
-2.9151537884e-01  1.0000000000e+00  1.4157512106e+06  1.4157512106e+06  3.4616000000e+07
-2.9135033758e-01  1.0000000000e+00  1.4157512106e+06  1.4157512106e+06  3.4616000000e+07
-2.9118529632e-01  1.0000000000e+00  1.4157512106e+06  1.4157512106e+06  3.4616000000e+07
-2.9102025506e-01  1.0000000000e+00  1.4157512106e+06  1.4157512106e+06  3.4616000000e+07
-2.9085521380e-01  1.0000000000e+00  1.4157512106e+06  1.4157512106e+06  3.4616000000e+07
-2.9069017254e-01  1.0000000000e+00  1.4157512106e+06  1.4157512106e+06  3.4616000000e+07
-2.9052513128e-01  1.0000000000e+00  1.4157512106e+06  1.4157512106e+06  3.4616000000e+07
-2.9036009002e-01  1.0000000000e+00  1.4157512106e+06  1.4157512106e+06  3.4616000000e+07
-2.9019504876e-01  1.0000000000e+00  1.4157512106e+06  1.4157512106e+06  3.4616000000e+07
-2.9003000750e-01  1.0000000000e+00  1.4157512106e+06  1.4157512106e+06  3.4616000000e+07
-2.8986496624e-01  1.0000000000e+00  1.4157512106e+06  1.4157512106e+06  3.4616000000e+07
-2.8969992498e-01  1.0000000000e+00  1.4157512106e+06  1.4157512106e+06  3.4616000000e+07
-2.8953488372e-01  1.0000000000e+00  1.4157512106e+06  1.4157512106e+06  3.4616000000e+07
-2.8936984246e-01  1.0000000000e+00  1.4157512106e+06  1.4157512106e+06  3.4616000000e+07
-2.8920480120e-01  1.0000000000e+00  1.4157512106e+06  1.4157512106e+06  3.4616000000e+07
-2.8903975994e-01  1.0000000000e+00  1.4157512106e+06  1.4157512106e+06  3.4616000000e+07
-2.8887471868e-01  1.0000000000e+00  1.4157512106e+06  1.4157512106e+06  3.4616000000e+07
-2.8870967742e-01  1.0000000000e+00  1.4157512106e+06  1.4157512106e+06  3.4616000000e+07
-2.8854463616e-01  1.0000000000e+00  1.4157512106e+06  1.4157512106e+06  3.4616000000e+07
-2.8837959490e-01  1.0000000000e+00  1.4157512106e+06  1.4157512106e+06  3.4616000000e+07
-2.8821455364e-01  1.0000000000e+00  1.4157512106e+06  1.4157512106e+06  3.4616000000e+07
-2.8804951238e-01  1.0000000000e+00  1.4157512106e+06  1.4157512106e+06  3.4616000000e+07
-2.8788447112e-01  1.0000000000e+00  1.4157512106e+06  1.4157512106e+06  3.4616000000e+07
-2.8771942986e-01  1.0000000000e+00  1.4157512106e+06  1.4157512106e+06  3.4616000000e+07
-2.8755438860e-01  1.0000000000e+00  1.4157512106e+06  1.4157512106e+06  3.4616000000e+07
-2.8738934734e-01  1.0000000000e+00  1.4157512106e+06  1.4157512106e+06  3.4616000000e+07
-2.8722430608e-01  1.0000000000e+00  1.4157512106e+06  1.4157512106e+06  3.4616000000e+07
-2.8705926482e-01  1.0000000000e+00  1.4157512106e+06  1.4157512106e+06  3.4616000000e+07
-2.8689422356e-01  1.0000000000e+00  1.4157512106e+06  1.4157512106e+06  3.4616000000e+07
-2.8672918230e-01  1.0000000000e+00  1.4157512106e+06  1.4157512106e+06  3.4616000000e+07
-2.8656414104e-01  1.0000000000e+00  1.4157512106e+06  1.4157512106e+06  3.4616000000e+07
-2.8639909977e-01  1.0000000000e+00  1.4157512106e+06  1.4157512106e+06  3.4616000000e+07
-2.8623405851e-01  1.0000000000e+00  1.4157512106e+06  1.4157512106e+06  3.4616000000e+07
-2.8606901725e-01  1.0000000000e+00  1.4157512106e+06  1.4157512106e+06  3.4616000000e+07
-2.8590397599e-01  1.0000000000e+00  1.4157512106e+06  1.4157512106e+06  3.4616000000e+07
-2.8573893473e-01  1.0000000000e+00  1.4157512106e+06  1.4157512106e+06  3.4616000000e+07
-2.8557389347e-01  1.0000000000e+00  1.4157512106e+06  1.4157512106e+06  3.4616000000e+07
-2.8540885221e-01  1.0000000000e+00  1.4157512106e+06  1.4157512106e+06  3.4616000000e+07
-2.8524381095e-01  1.0000000000e+00  1.4157512106e+06  1.4157512106e+06  3.4616000000e+07
-2.8507876969e-01  1.0000000000e+00  1.4157512106e+06  1.4157512106e+06  3.4616000000e+07
-2.8491372843e-01  1.0000000000e+00  1.4157512106e+06  1.4157512106e+06  3.4616000000e+07
-2.8474868717e-01  1.0000000000e+00  1.4157512106e+06  1.4157512106e+06  3.4616000000e+07
-2.8458364591e-01  1.0000000000e+00  1.4157512106e+06  1.4157512106e+06  3.4616000000e+07
-2.8441860465e-01  1.0000000000e+00  1.4157512106e+06  1.4157512106e+06  3.4616000000e+07
-2.8425356339e-01  1.0000000000e+00  1.4157512106e+06  1.4157512106e+06  3.4616000000e+07
-2.8408852213e-01  1.0000000000e+00  1.4157512106e+06  1.4157512106e+06  3.4616000000e+07
-2.8392348087e-01  1.0000000000e+00  1.4157512106e+06  1.4157512106e+06  3.4616000000e+07
-2.8375843961e-01  1.0000000000e+00  1.4157512106e+06  1.4157512106e+06  3.4616000000e+07
-2.8359339835e-01  1.0000000000e+00  1.4157512106e+06  1.4157512106e+06  3.4616000000e+07
-2.8342835709e-01  1.0000000000e+00  1.4157512106e+06  1.4157512106e+06  3.4616000000e+07
-2.8326331583e-01  1.0000000000e+00  1.4157512106e+06  1.4157512106e+06  3.4616000000e+07
-2.8309827457e-01  1.0000000000e+00  1.4157512106e+06  1.4157512106e+06  3.4616000000e+07
-2.8293323331e-01  1.0000000000e+00  1.4157512106e+06  1.4157512106e+06  3.4616000000e+07
-2.8276819205e-01  1.0000000000e+00  1.4157512106e+06  1.4157512106e+06  3.4616000000e+07
-2.8260315079e-01  1.0000000000e+00  1.4157512106e+06  1.4157512106e+06  3.4616000000e+07
-2.8243810953e-01  1.0000000000e+00  1.4157512106e+06  1.4157512106e+06  3.4616000000e+07
-2.8227306827e-01  1.0000000000e+00  1.4157512106e+06  1.4157512106e+06  3.4616000000e+07
-2.8210802701e-01  1.0000000000e+00  1.4157512106e+06  1.4157512106e+06  3.4616000000e+07
-2.8194298575e-01  1.0000000000e+00  1.4157512106e+06  1.4157512106e+06  3.4616000000e+07
-2.8177794449e-01  1.0000000000e+00  1.4157512106e+06  1.4157512106e+06  3.4616000000e+07
-2.8161290323e-01  1.0000000000e+00  1.4157512106e+06  1.4157512106e+06  3.4616000000e+07
-2.8144786197e-01  1.0000000000e+00  1.4157512106e+06  1.4157512106e+06  3.4616000000e+07
-2.8128282071e-01  1.0000000000e+00  1.4157512106e+06  1.4157512106e+06  3.4616000000e+07
-2.8111777944e-01  1.0000000000e+00  1.4157512106e+06  1.4157512106e+06  3.4616000000e+07
-2.8095273818e-01  1.0000000000e+00  1.4157512106e+06  1.4157512106e+06  3.4616000000e+07
-2.8078769692e-01  1.0000000000e+00  1.4157512106e+06  1.4157512106e+06  3.4616000000e+07
-2.8062265566e-01  1.0000000000e+00  1.4157512106e+06  1.4157512106e+06  3.4616000000e+07
-2.8045761440e-01  1.0000000000e+00  1.4157512106e+06  1.4157512106e+06  3.4616000000e+07
-2.8029257314e-01  1.0000000000e+00  1.4157512106e+06  1.4157512106e+06  3.4616000000e+07
-2.8012753188e-01  1.0000000000e+00  1.4157512106e+06  1.4157512106e+06  3.4616000000e+07
-2.7996249062e-01  1.0000000000e+00  1.4157512106e+06  1.4157512106e+06  3.4616000000e+07
-2.7979744936e-01  1.0000000000e+00  1.4157512106e+06  1.4157512106e+06  3.4616000000e+07
-2.7963240810e-01  1.0000000000e+00  1.4157512106e+06  1.4157512106e+06  3.4616000000e+07
-2.7946736684e-01  1.0000000000e+00  1.4157512106e+06  1.4157512106e+06  3.4616000000e+07
-2.7930232558e-01  1.0000000000e+00  1.4157512106e+06  1.4157512106e+06  3.4616000000e+07
-2.7913728432e-01  1.0000000000e+00  1.4157512106e+06  1.4157512106e+06  3.4616000000e+07
-2.7897224306e-01  1.0000000000e+00  1.4157512106e+06  1.4157512106e+06  3.4616000000e+07
-2.7880720180e-01  1.0000000000e+00  1.4157512106e+06  1.4157512106e+06  3.4616000000e+07
-2.7864216054e-01  1.0000000000e+00  1.4157512106e+06  1.4157512106e+06  3.4616000000e+07
-2.7847711928e-01  1.0000000000e+00  1.4157512106e+06  1.4157512106e+06  3.4616000000e+07
-2.7831207802e-01  1.0000000000e+00  1.4157512106e+06  1.4157512106e+06  3.4616000000e+07
-2.7814703676e-01  1.0000000000e+00  1.4157512106e+06  1.4157512106e+06  3.4616000000e+07
-2.7798199550e-01  1.0000000000e+00  1.4157512106e+06  1.4157512106e+06  3.4616000000e+07
-2.7781695424e-01  1.0000000000e+00  1.4157512106e+06  1.4157512106e+06  3.4616000000e+07
-2.7765191298e-01  1.0000000000e+00  1.4157512106e+06  1.4157512106e+06  3.4616000000e+07
-2.7748687172e-01  1.0000000000e+00  1.4157512106e+06  1.4157512106e+06  3.4616000000e+07
-2.7732183046e-01  1.0000000000e+00  1.4157512106e+06  1.4157512106e+06  3.4616000000e+07
-2.7715678920e-01  1.0000000000e+00  1.4157512106e+06  1.4157512106e+06  3.4616000000e+07
-2.7699174794e-01  1.0000000000e+00  1.4157512106e+06  1.4157512106e+06  3.4616000000e+07
-2.7682670668e-01  1.0000000000e+00  1.4157512106e+06  1.4157512106e+06  3.4616000000e+07
-2.7666166542e-01  1.0000000000e+00  1.4157512106e+06  1.4157512106e+06  3.4616000000e+07
-2.7649662416e-01  1.0000000000e+00  1.4157512106e+06  1.4157512106e+06  3.4616000000e+07
-2.7633158290e-01  1.0000000000e+00  1.4157512106e+06  1.4157512106e+06  3.4616000000e+07
-2.7616654164e-01  1.0000000000e+00  1.4157512106e+06  1.4157512106e+06  3.4616000000e+07
-2.7600150038e-01  1.0000000000e+00  1.4157512106e+06  1.4157512106e+06  3.4616000000e+07
-2.7583645911e-01  1.0000000000e+00  1.4157512106e+06  1.4157512106e+06  3.4616000000e+07
-2.7567141785e-01  1.0000000000e+00  1.4157512106e+06  1.4157512106e+06  3.4616000000e+07
-2.7550637659e-01  1.0000000000e+00  1.4157512106e+06  1.4157512106e+06  3.4616000000e+07
-2.7534133533e-01  1.0000000000e+00  1.4157512106e+06  1.4157512106e+06  3.4616000000e+07
-2.7517629407e-01  1.0000000000e+00  1.4157512106e+06  1.4157512106e+06  3.4616000000e+07
-2.7501125281e-01  1.0000000000e+00  1.4157512106e+06  1.4157512106e+06  3.4616000000e+07
-2.7484621155e-01  1.0000000000e+00  1.4157512106e+06  1.4157512106e+06  3.4616000000e+07
-2.7468117029e-01  1.0000000000e+00  1.4157512106e+06  1.4157512106e+06  3.4616000000e+07
-2.7451612903e-01  1.0000000000e+00  1.4157512106e+06  1.4157512106e+06  3.4616000000e+07
-2.7435108777e-01  1.0000000000e+00  1.4157512106e+06  1.4157512106e+06  3.4616000000e+07
-2.7418604651e-01  1.0000000000e+00  1.4157512106e+06  1.4157512106e+06  3.4616000000e+07
-2.7402100525e-01  1.0000000000e+00  1.4157512106e+06  1.4157512106e+06  3.4616000000e+07
-2.7385596399e-01  1.0000000000e+00  1.4157512106e+06  1.4157512106e+06  3.4616000000e+07
-2.7369092273e-01  1.0000000000e+00  1.4157512106e+06  1.4157512106e+06  3.4616000000e+07
-2.7352588147e-01  1.0000000000e+00  1.4157512106e+06  1.4157512106e+06  3.4616000000e+07
-2.7336084021e-01  1.0000000000e+00  1.4157512106e+06  1.4157512106e+06  3.4616000000e+07
-2.7319579895e-01  1.0000000000e+00  1.4157512106e+06  1.4157512106e+06  3.4616000000e+07
-2.7303075769e-01  1.0000000000e+00  1.4157512106e+06  1.4157512106e+06  3.4616000000e+07
-2.7286571643e-01  1.0000000000e+00  1.4157512106e+06  1.4157512106e+06  3.4616000000e+07
-2.7270067517e-01  1.0000000000e+00  1.4157512106e+06  1.4157512106e+06  3.4616000000e+07
-2.7253563391e-01  1.0000000000e+00  1.4157512106e+06  1.4157512106e+06  3.4616000000e+07
-2.7237059265e-01  1.0000000000e+00  1.4157512106e+06  1.4157512106e+06  3.4616000000e+07
-2.7220555139e-01  1.0000000000e+00  1.4157512106e+06  1.4157512106e+06  3.4616000000e+07
-2.7204051013e-01  1.0000000000e+00  1.4157512106e+06  1.4157512106e+06  3.4616000000e+07
-2.7187546887e-01  1.0000000000e+00  1.4157512106e+06  1.4157512106e+06  3.4616000000e+07
-2.7171042761e-01  1.0000000000e+00  1.4157512106e+06  1.4157512106e+06  3.4616000000e+07
-2.7154538635e-01  1.0000000000e+00  1.4157512106e+06  1.4157512106e+06  3.4616000000e+07
-2.7138034509e-01  1.0000000000e+00  1.4157512106e+06  1.4157512106e+06  3.4616000000e+07
-2.7121530383e-01  1.0000000000e+00  1.4157512106e+06  1.4157512106e+06  3.4616000000e+07
-2.7105026257e-01  1.0000000000e+00  1.4157512106e+06  1.4157512106e+06  3.4616000000e+07
-2.7088522131e-01  1.0000000000e+00  1.4157512106e+06  1.4157512106e+06  3.4616000000e+07
-2.7072018005e-01  1.0000000000e+00  1.4157512106e+06  1.4157512106e+06  3.4616000000e+07
-2.7055513878e-01  1.0000000000e+00  1.4157512106e+06  1.4157512106e+06  3.4616000000e+07
-2.7039009752e-01  1.0000000000e+00  1.4157512106e+06  1.4157512106e+06  3.4616000000e+07
-2.7022505626e-01  1.0000000000e+00  1.4157512106e+06  1.4157512106e+06  3.4616000000e+07
-2.7006001500e-01  1.0000000000e+00  1.4157512106e+06  1.4157512106e+06  3.4616000000e+07
-2.6989497374e-01  1.0000000000e+00  1.4157512106e+06  1.4157512106e+06  3.4616000000e+07
-2.6972993248e-01  1.0000000000e+00  1.4157512106e+06  1.4157512106e+06  3.4616000000e+07
-2.6956489122e-01  1.0000000000e+00  1.4157512106e+06  1.4157512106e+06  3.4616000000e+07
-2.6939984996e-01  1.0000000000e+00  1.4157512106e+06  1.4157512106e+06  3.4616000000e+07
-2.6923480870e-01  1.0000000000e+00  1.4157512106e+06  1.4157512106e+06  3.4616000000e+07
-2.6906976744e-01  1.0000000000e+00  1.4157512106e+06  1.4157512106e+06  3.4616000000e+07
-2.6890472618e-01  1.0000000000e+00  1.4157512106e+06  1.4157512106e+06  3.4616000000e+07
-2.6873968492e-01  1.0000000000e+00  1.4157512106e+06  1.4157512106e+06  3.4616000000e+07
-2.6857464366e-01  1.0000000000e+00  1.4157512106e+06  1.4157512106e+06  3.4616000000e+07
-2.6840960240e-01  1.0000000000e+00  1.4157512106e+06  1.4157512106e+06  3.4616000000e+07
-2.6824456114e-01  1.0000000000e+00  1.4157512106e+06  1.4157512106e+06  3.4616000000e+07
-2.6807951988e-01  1.0000000000e+00  1.4157512106e+06  1.4157512106e+06  3.4616000000e+07
-2.6791447862e-01  1.0000000000e+00  1.4157512106e+06  1.4157512106e+06  3.4616000000e+07
-2.6774943736e-01  1.0000000000e+00  1.4157512106e+06  1.4157512106e+06  3.4616000000e+07
-2.6758439610e-01  1.0000000000e+00  1.4157512106e+06  1.4157512106e+06  3.4616000000e+07
-2.6741935484e-01  1.0000000000e+00  1.4157512106e+06  1.4157512106e+06  3.4616000000e+07
-2.6725431358e-01  1.0000000000e+00  1.4157512106e+06  1.4157512106e+06  3.4616000000e+07
-2.6708927232e-01  1.0000000000e+00  1.4157512106e+06  1.4157512106e+06  3.4616000000e+07
-2.6692423106e-01  1.0000000000e+00  1.4157512106e+06  1.4157512106e+06  3.4616000000e+07
-2.6675918980e-01  1.0000000000e+00  1.4157512106e+06  1.4157512106e+06  3.4616000000e+07
-2.6659414854e-01  1.0000000000e+00  1.4157512106e+06  1.4157512106e+06  3.4616000000e+07
-2.6642910728e-01  1.0000000000e+00  1.4157512106e+06  1.4157512106e+06  3.4616000000e+07
-2.6626406602e-01  1.0000000000e+00  1.4157512106e+06  1.4157512106e+06  3.4616000000e+07
-2.6609902476e-01  1.0000000000e+00  1.4157512106e+06  1.4157512106e+06  3.4616000000e+07
-2.6593398350e-01  1.0000000000e+00  1.4157512106e+06  1.4157512106e+06  3.4616000000e+07
-2.6576894224e-01  1.0000000000e+00  1.4157512106e+06  1.4157512106e+06  3.4616000000e+07
-2.6560390098e-01  1.0000000000e+00  1.4157512106e+06  1.4157512106e+06  3.4616000000e+07
-2.6543885971e-01  1.0000000000e+00  1.4157512106e+06  1.4157512106e+06  3.4616000000e+07
-2.6527381845e-01  1.0000000000e+00  1.4157512106e+06  1.4157512106e+06  3.4616000000e+07
-2.6510877719e-01  1.0000000000e+00  1.4157512106e+06  1.4157512106e+06  3.4616000000e+07
-2.6494373593e-01  1.0000000000e+00  1.4157512106e+06  1.4157512106e+06  3.4616000000e+07
-2.6477869467e-01  1.0000000000e+00  1.4157512106e+06  1.4157512106e+06  3.4616000000e+07
-2.6461365341e-01  1.0000000000e+00  1.4157512106e+06  1.4157512106e+06  3.4616000000e+07
-2.6444861215e-01  1.0000000000e+00  1.4157512106e+06  1.4157512106e+06  3.4616000000e+07
-2.6428357089e-01  1.0000000000e+00  1.4157512106e+06  1.4157512106e+06  3.4616000000e+07
-2.6411852963e-01  1.0000000000e+00  1.4157512106e+06  1.4157512106e+06  3.4616000000e+07
-2.6395348837e-01  1.0000000000e+00  1.4157512106e+06  1.4157512106e+06  3.4616000000e+07
-2.6378844711e-01  1.0000000000e+00  1.4157512106e+06  1.4157512106e+06  3.4616000000e+07
-2.6362340585e-01  1.0000000000e+00  1.4157512106e+06  1.4157512106e+06  3.4616000000e+07
-2.6345836459e-01  1.0000000000e+00  1.4157512106e+06  1.4157512106e+06  3.4616000000e+07
-2.6329332333e-01  1.0000000000e+00  1.4157512106e+06  1.4157512106e+06  3.4616000000e+07
-2.6312828207e-01  1.0000000000e+00  1.4157512106e+06  1.4157512106e+06  3.4616000000e+07
-2.6296324081e-01  1.0000000000e+00  1.4157512106e+06  1.4157512106e+06  3.4616000000e+07
-2.6279819955e-01  1.0000000000e+00  1.4157512106e+06  1.4157512106e+06  3.4616000000e+07
-2.6263315829e-01  1.0000000000e+00  1.4157512106e+06  1.4157512106e+06  3.4616000000e+07
-2.6246811703e-01  1.0000000000e+00  1.4157512106e+06  1.4157512106e+06  3.4616000000e+07
-2.6230307577e-01  1.0000000000e+00  1.4157512106e+06  1.4157512106e+06  3.4616000000e+07
-2.6213803451e-01  1.0000000000e+00  1.4157512106e+06  1.4157512106e+06  3.4616000000e+07
-2.6197299325e-01  1.0000000000e+00  1.4157512106e+06  1.4157512106e+06  3.4616000000e+07
-2.6180795199e-01  1.0000000000e+00  1.4157512106e+06  1.4157512106e+06  3.4616000000e+07
-2.6164291073e-01  1.0000000000e+00  1.4157512106e+06  1.4157512106e+06  3.4616000000e+07
-2.6147786947e-01  1.0000000000e+00  1.4157512106e+06  1.4157512106e+06  3.4616000000e+07
-2.6131282821e-01  1.0000000000e+00  1.4157512106e+06  1.4157512106e+06  3.4616000000e+07
-2.6114778695e-01  1.0000000000e+00  1.4157512106e+06  1.4157512106e+06  3.4616000000e+07
-2.6098274569e-01  1.0000000000e+00  1.4157512106e+06  1.4157512106e+06  3.4616000000e+07
-2.6081770443e-01  1.0000000000e+00  1.4157512106e+06  1.4157512106e+06  3.4616000000e+07
-2.6065266317e-01  1.0000000000e+00  1.4157512106e+06  1.4157512106e+06  3.4616000000e+07
-2.6048762191e-01  1.0000000000e+00  1.4157512106e+06  1.4157512106e+06  3.4616000000e+07
-2.6032258065e-01  1.0000000000e+00  1.4157512106e+06  1.4157512106e+06  3.4616000000e+07
-2.6015753938e-01  1.0000000000e+00  1.4157512106e+06  1.4157512106e+06  3.4616000000e+07
-2.5999249812e-01  1.0000000000e+00  1.4157512106e+06  1.4157512106e+06  3.4616000000e+07
-2.5982745686e-01  1.0000000000e+00  1.4157512106e+06  1.4157512106e+06  3.4616000000e+07
-2.5966241560e-01  1.0000000000e+00  1.4157512106e+06  1.4157512106e+06  3.4616000000e+07
-2.5949737434e-01  1.0000000000e+00  1.4157512106e+06  1.4157512106e+06  3.4616000000e+07
-2.5933233308e-01  1.0000000000e+00  1.4157512106e+06  1.4157512106e+06  3.4616000000e+07
-2.5916729182e-01  1.0000000000e+00  1.4157512106e+06  1.4157512106e+06  3.4616000000e+07
-2.5900225056e-01  1.0000000000e+00  1.4157512106e+06  1.4157512106e+06  3.4616000000e+07
-2.5883720930e-01  1.0000000000e+00  1.4157512106e+06  1.4157512106e+06  3.4616000000e+07
-2.5867216804e-01  1.0000000000e+00  1.4157512106e+06  1.4157512106e+06  3.4616000000e+07
-2.5850712678e-01  1.0000000000e+00  1.4157512106e+06  1.4157512106e+06  3.4616000000e+07
-2.5834208552e-01  1.0000000000e+00  1.4157512106e+06  1.4157512106e+06  3.4616000000e+07
-2.5817704426e-01  1.0000000000e+00  1.4157512106e+06  1.4157512106e+06  3.4616000000e+07
-2.5801200300e-01  1.0000000000e+00  1.4157512106e+06  1.4157512106e+06  3.4616000000e+07
-2.5784696174e-01  1.0000000000e+00  1.4157512106e+06  1.4157512106e+06  3.4616000000e+07
-2.5768192048e-01  1.0000000000e+00  1.4157512106e+06  1.4157512106e+06  3.4616000000e+07
-2.5751687922e-01  1.0000000000e+00  1.4157512106e+06  1.4157512106e+06  3.4616000000e+07
-2.5735183796e-01  1.0000000000e+00  1.4157512106e+06  1.4157512106e+06  3.4616000000e+07
-2.5718679670e-01  1.0000000000e+00  1.4157512106e+06  1.4157512106e+06  3.4616000000e+07
-2.5702175544e-01  1.0000000000e+00  1.4157512106e+06  1.4157512106e+06  3.4616000000e+07
-2.5685671418e-01  1.0000000000e+00  1.4157512106e+06  1.4157512106e+06  3.4616000000e+07
-2.5669167292e-01  1.0000000000e+00  1.4157512106e+06  1.4157512106e+06  3.4616000000e+07
-2.5652663166e-01  1.0000000000e+00  1.4157512106e+06  1.4157512106e+06  3.4616000000e+07
-2.5636159040e-01  1.0000000000e+00  1.4157512106e+06  1.4157512106e+06  3.4616000000e+07
-2.5619654914e-01  1.0000000000e+00  1.4157512106e+06  1.4157512106e+06  3.4616000000e+07
-2.5603150788e-01  1.0000000000e+00  1.4157512106e+06  1.4157512106e+06  3.4616000000e+07
-2.5586646662e-01  1.0000000000e+00  1.4157512106e+06  1.4157512106e+06  3.4616000000e+07
-2.5570142536e-01  1.0000000000e+00  1.4157512106e+06  1.4157512106e+06  3.4616000000e+07
-2.5553638410e-01  1.0000000000e+00  1.4157512106e+06  1.4157512106e+06  3.4616000000e+07
-2.5537134284e-01  1.0000000000e+00  1.4157512106e+06  1.4157512106e+06  3.4616000000e+07
-2.5520630158e-01  1.0000000000e+00  1.4157512106e+06  1.4157512106e+06  3.4616000000e+07
-2.5504126032e-01  1.0000000000e+00  1.4157512106e+06  1.4157512106e+06  3.4616000000e+07
-2.5487621905e-01  1.0000000000e+00  1.4157512106e+06  1.4157512106e+06  3.4616000000e+07
-2.5471117779e-01  1.0000000000e+00  1.4157512106e+06  1.4157512106e+06  3.4616000000e+07
-2.5454613653e-01  1.0000000000e+00  1.4157512106e+06  1.4157512106e+06  3.4616000000e+07
-2.5438109527e-01  1.0000000000e+00  1.4157512106e+06  1.4157512106e+06  3.4616000000e+07
-2.5421605401e-01  1.0000000000e+00  1.4157512106e+06  1.4157512106e+06  3.4616000000e+07
-2.5405101275e-01  1.0000000000e+00  1.4157512106e+06  1.4157512106e+06  3.4616000000e+07
-2.5388597149e-01  1.0000000000e+00  1.4157512106e+06  1.4157512106e+06  3.4616000000e+07
-2.5372093023e-01  1.0000000000e+00  1.4157512106e+06  1.4157512106e+06  3.4616000000e+07
-2.5355588897e-01  1.0000000000e+00  1.4157512106e+06  1.4157512106e+06  3.4616000000e+07
-2.5339084771e-01  1.0000000000e+00  1.4157512106e+06  1.4157512106e+06  3.4616000000e+07
-2.5322580645e-01  1.0000000000e+00  1.4157512106e+06  1.4157512106e+06  3.4616000000e+07
-2.5306076519e-01  1.0000000000e+00  1.4157512106e+06  1.4157512106e+06  3.4616000000e+07
-2.5289572393e-01  1.0000000000e+00  1.4157512106e+06  1.4157512106e+06  3.4616000000e+07
-2.5273068267e-01  1.0000000000e+00  1.4157512106e+06  1.4157512106e+06  3.4616000000e+07
-2.5256564141e-01  1.0000000000e+00  1.4157512106e+06  1.4157512106e+06  3.4616000000e+07
-2.5240060015e-01  1.0000000000e+00  1.4157512106e+06  1.4157512106e+06  3.4616000000e+07
-2.5223555889e-01  1.0000000000e+00  1.4157512106e+06  1.4157512106e+06  3.4616000000e+07
-2.5207051763e-01  1.0000000000e+00  1.4157512106e+06  1.4157512106e+06  3.4616000000e+07
-2.5190547637e-01  1.0000000000e+00  1.4157512106e+06  1.4157512106e+06  3.4616000000e+07
-2.5174043511e-01  1.0000000000e+00  1.4157512106e+06  1.4157512106e+06  3.4616000000e+07
-2.5157539385e-01  1.0000000000e+00  1.4157512106e+06  1.4157512106e+06  3.4616000000e+07
-2.5141035259e-01  1.0000000000e+00  1.4157512106e+06  1.4157512106e+06  3.4616000000e+07
-2.5124531133e-01  1.0000000000e+00  1.4157512106e+06  1.4157512106e+06  3.4616000000e+07
-2.5108027007e-01  1.0000000000e+00  1.4157512106e+06  1.4157512106e+06  3.4616000000e+07
-2.5091522881e-01  1.0000000000e+00  1.4157512106e+06  1.4157512106e+06  3.4616000000e+07
-2.5075018755e-01  1.0000000000e+00  1.4157512106e+06  1.4157512106e+06  3.4616000000e+07
-2.5058514629e-01  1.0000000000e+00  1.4157512106e+06  1.4157512106e+06  3.4616000000e+07
-2.5042010503e-01  1.0000000000e+00  1.4157512106e+06  1.4157512106e+06  3.4616000000e+07
-2.5025506377e-01  1.0000000000e+00  1.4157512106e+06  1.4157512106e+06  3.4616000000e+07
-2.5009002251e-01  1.0000000000e+00  1.4157512106e+06  1.4157512106e+06  3.4616000000e+07
-2.4992498125e-01  1.0000000000e+00  1.4157512106e+06  1.4157512106e+06  3.4616000000e+07
-2.4975993998e-01  1.0000000000e+00  1.4157512106e+06  1.4157512106e+06  3.4616000000e+07
-2.4959489872e-01  1.0000000000e+00  1.4157512106e+06  1.4157512106e+06  3.4616000000e+07
-2.4942985746e-01  1.0000000000e+00  1.4157512106e+06  1.4157512106e+06  3.4616000000e+07
-2.4926481620e-01  1.0000000000e+00  1.4157512106e+06  1.4157512106e+06  3.4616000000e+07
-2.4909977494e-01  1.0000000000e+00  1.4157512106e+06  1.4157512106e+06  3.4616000000e+07
-2.4893473368e-01  1.0000000000e+00  1.4157512106e+06  1.4157512106e+06  3.4616000000e+07
-2.4876969242e-01  1.0000000000e+00  1.4157512106e+06  1.4157512106e+06  3.4616000000e+07
-2.4860465116e-01  1.0000000000e+00  1.4157512106e+06  1.4157512106e+06  3.4616000000e+07
-2.4843960990e-01  1.0000000000e+00  1.4157512106e+06  1.4157512106e+06  3.4616000000e+07
-2.4827456864e-01  1.0000000000e+00  1.4157512106e+06  1.4157512106e+06  3.4616000000e+07
-2.4810952738e-01  1.0000000000e+00  1.4157512106e+06  1.4157512106e+06  3.4616000000e+07
-2.4794448612e-01  1.0000000000e+00  1.4157512106e+06  1.4157512106e+06  3.4616000000e+07
-2.4777944486e-01  1.0000000000e+00  1.4157512106e+06  1.4157512106e+06  3.4616000000e+07
-2.4761440360e-01  1.0000000000e+00  1.4157512106e+06  1.4157512106e+06  3.4616000000e+07
-2.4744936234e-01  1.0000000000e+00  1.4157512106e+06  1.4157512106e+06  3.4616000000e+07
-2.4728432108e-01  1.0000000000e+00  1.4157512106e+06  1.4157512106e+06  3.4616000000e+07
-2.4711927982e-01  1.0000000000e+00  1.4157512106e+06  1.4157512106e+06  3.4616000000e+07
-2.4695423856e-01  1.0000000000e+00  1.4157512106e+06  1.4157512106e+06  3.4616000000e+07
-2.4678919730e-01  1.0000000000e+00  1.4157512106e+06  1.4157512106e+06  3.4616000000e+07
-2.4662415604e-01  1.0000000000e+00  1.4157512106e+06  1.4157512106e+06  3.4616000000e+07
-2.4645911478e-01  1.0000000000e+00  1.4157512106e+06  1.4157512106e+06  3.4616000000e+07
-2.4629407352e-01  1.0000000000e+00  1.4157512106e+06  1.4157512106e+06  3.4616000000e+07
-2.4612903226e-01  1.0000000000e+00  1.4157512106e+06  1.4157512106e+06  3.4616000000e+07
-2.4596399100e-01  1.0000000000e+00  1.4157512106e+06  1.4157512106e+06  3.4616000000e+07
-2.4579894974e-01  1.0000000000e+00  1.4157512106e+06  1.4157512106e+06  3.4616000000e+07
-2.4563390848e-01  1.0000000000e+00  1.4157512106e+06  1.4157512106e+06  3.4616000000e+07
-2.4546886722e-01  1.0000000000e+00  1.4157512106e+06  1.4157512106e+06  3.4616000000e+07
-2.4530382596e-01  1.0000000000e+00  1.4157512106e+06  1.4157512106e+06  3.4616000000e+07
-2.4513878470e-01  1.0000000000e+00  1.4157512106e+06  1.4157512106e+06  3.4616000000e+07
-2.4497374344e-01  1.0000000000e+00  1.4157512106e+06  1.4157512106e+06  3.4616000000e+07
-2.4480870218e-01  1.0000000000e+00  1.4157512106e+06  1.4157512106e+06  3.4616000000e+07
-2.4464366092e-01  1.0000000000e+00  1.4157512106e+06  1.4157512106e+06  3.4616000000e+07
-2.4447861965e-01  1.0000000000e+00  1.4157512106e+06  1.4157512106e+06  3.4616000000e+07
-2.4431357839e-01  1.0000000000e+00  1.4157512106e+06  1.4157512106e+06  3.4616000000e+07
-2.4414853713e-01  1.0000000000e+00  1.4157512106e+06  1.4157512106e+06  3.4616000000e+07
-2.4398349587e-01  1.0000000000e+00  1.4157512106e+06  1.4157512106e+06  3.4616000000e+07
-2.4381845461e-01  1.0000000000e+00  1.4157512106e+06  1.4157512106e+06  3.4616000000e+07
-2.4365341335e-01  1.0000000000e+00  1.4157512106e+06  1.4157512106e+06  3.4616000000e+07
-2.4348837209e-01  1.0000000000e+00  1.4157512106e+06  1.4157512106e+06  3.4616000000e+07
-2.4332333083e-01  1.0000000000e+00  1.4157512106e+06  1.4157512106e+06  3.4616000000e+07
-2.4315828957e-01  1.0000000000e+00  1.4157512106e+06  1.4157512106e+06  3.4616000000e+07
-2.4299324831e-01  1.0000000000e+00  1.4157512106e+06  1.4157512106e+06  3.4616000000e+07
-2.4282820705e-01  1.0000000000e+00  1.4157512106e+06  1.4157512106e+06  3.4616000000e+07
-2.4266316579e-01  1.0000000000e+00  1.4157512106e+06  1.4157512106e+06  3.4616000000e+07
-2.4249812453e-01  1.0000000000e+00  1.4157512106e+06  1.4157512106e+06  3.4616000000e+07
-2.4233308327e-01  1.0000000000e+00  1.4157512106e+06  1.4157512106e+06  3.4616000000e+07
-2.4216804201e-01  1.0000000000e+00  1.4157512106e+06  1.4157512106e+06  3.4616000000e+07
-2.4200300075e-01  1.0000000000e+00  1.4157512106e+06  1.4157512106e+06  3.4616000000e+07
-2.4183795949e-01  1.0000000000e+00  1.4157512106e+06  1.4157512106e+06  3.4616000000e+07
-2.4167291823e-01  1.0000000000e+00  1.4157512106e+06  1.4157512106e+06  3.4616000000e+07
-2.4150787697e-01  1.0000000000e+00  1.4157512106e+06  1.4157512106e+06  3.4616000000e+07
-2.4134283571e-01  1.0000000000e+00  1.4157512106e+06  1.4157512106e+06  3.4616000000e+07
-2.4117779445e-01  1.0000000000e+00  1.4157512106e+06  1.4157512106e+06  3.4616000000e+07
-2.4101275319e-01  1.0000000000e+00  1.4157512106e+06  1.4157512106e+06  3.4616000000e+07
-2.4084771193e-01  1.0000000000e+00  1.4157512106e+06  1.4157512106e+06  3.4616000000e+07
-2.4068267067e-01  1.0000000000e+00  1.4157512106e+06  1.4157512106e+06  3.4616000000e+07
-2.4051762941e-01  1.0000000000e+00  1.4157512106e+06  1.4157512106e+06  3.4616000000e+07
-2.4035258815e-01  1.0000000000e+00  1.4157512106e+06  1.4157512106e+06  3.4616000000e+07
-2.4018754689e-01  1.0000000000e+00  1.4157512106e+06  1.4157512106e+06  3.4616000000e+07
-2.4002250563e-01  1.0000000000e+00  1.4157512106e+06  1.4157512106e+06  3.4616000000e+07
-2.3985746437e-01  1.0000000000e+00  1.4157512106e+06  1.4157512106e+06  3.4616000000e+07
-2.3969242311e-01  1.0000000000e+00  1.4157512106e+06  1.4157512106e+06  3.4616000000e+07
-2.3952738185e-01  1.0000000000e+00  1.4157512106e+06  1.4157512106e+06  3.4616000000e+07
-2.3936234059e-01  1.0000000000e+00  1.4157512106e+06  1.4157512106e+06  3.4616000000e+07
-2.3919729932e-01  1.0000000000e+00  1.4157512106e+06  1.4157512106e+06  3.4616000000e+07
-2.3903225806e-01  1.0000000000e+00  1.4157512106e+06  1.4157512106e+06  3.4616000000e+07
-2.3886721680e-01  1.0000000000e+00  1.4157512106e+06  1.4157512106e+06  3.4616000000e+07
-2.3870217554e-01  1.0000000000e+00  1.4157512106e+06  1.4157512106e+06  3.4616000000e+07
-2.3853713428e-01  1.0000000000e+00  1.4157512106e+06  1.4157512106e+06  3.4616000000e+07
-2.3837209302e-01  1.0000000000e+00  1.4157512106e+06  1.4157512106e+06  3.4616000000e+07
-2.3820705176e-01  1.0000000000e+00  1.4157512106e+06  1.4157512106e+06  3.4616000000e+07
-2.3804201050e-01  1.0000000000e+00  1.4157512106e+06  1.4157512106e+06  3.4616000000e+07
-2.3787696924e-01  1.0000000000e+00  1.4157512106e+06  1.4157512106e+06  3.4616000000e+07
-2.3771192798e-01  1.0000000000e+00  1.4157512106e+06  1.4157512106e+06  3.4616000000e+07
-2.3754688672e-01  1.0000000000e+00  1.4157512106e+06  1.4157512106e+06  3.4616000000e+07
-2.3738184546e-01  1.0000000000e+00  1.4157512106e+06  1.4157512106e+06  3.4616000000e+07
-2.3721680420e-01  1.0000000000e+00  1.4157512106e+06  1.4157512106e+06  3.4616000000e+07
-2.3705176294e-01  1.0000000000e+00  1.4157512106e+06  1.4157512106e+06  3.4616000000e+07
-2.3688672168e-01  1.0000000000e+00  1.4157512106e+06  1.4157512106e+06  3.4616000000e+07
-2.3672168042e-01  1.0000000000e+00  1.4157512106e+06  1.4157512106e+06  3.4616000000e+07
-2.3655663916e-01  1.0000000000e+00  1.4157512106e+06  1.4157512106e+06  3.4616000000e+07
-2.3639159790e-01  1.0000000000e+00  1.4157512106e+06  1.4157512106e+06  3.4616000000e+07
-2.3622655664e-01  1.0000000000e+00  1.4157512106e+06  1.4157512106e+06  3.4616000000e+07
-2.3606151538e-01  1.0000000000e+00  1.4157512106e+06  1.4157512106e+06  3.4616000000e+07
-2.3589647412e-01  1.0000000000e+00  1.4157512106e+06  1.4157512106e+06  3.4616000000e+07
-2.3573143286e-01  1.0000000000e+00  1.4157512106e+06  1.4157512106e+06  3.4616000000e+07
-2.3556639160e-01  1.0000000000e+00  1.4157512106e+06  1.4157512106e+06  3.4616000000e+07
-2.3540135034e-01  1.0000000000e+00  1.4157512106e+06  1.4157512106e+06  3.4616000000e+07
-2.3523630908e-01  1.0000000000e+00  1.4157512106e+06  1.4157512106e+06  3.4616000000e+07
-2.3507126782e-01  1.0000000000e+00  1.4157512106e+06  1.4157512106e+06  3.4616000000e+07
-2.3490622656e-01  1.0000000000e+00  1.4157512106e+06  1.4157512106e+06  3.4616000000e+07
-2.3474118530e-01  1.0000000000e+00  1.4157512106e+06  1.4157512106e+06  3.4616000000e+07
-2.3457614404e-01  1.0000000000e+00  1.4157512106e+06  1.4157512106e+06  3.4616000000e+07
-2.3441110278e-01  1.0000000000e+00  1.4157512106e+06  1.4157512106e+06  3.4616000000e+07
-2.3424606152e-01  1.0000000000e+00  1.4157512106e+06  1.4157512106e+06  3.4616000000e+07
-2.3408102026e-01  1.0000000000e+00  1.4157512106e+06  1.4157512106e+06  3.4616000000e+07
-2.3391597899e-01  1.0000000000e+00  1.4157512106e+06  1.4157512106e+06  3.4616000000e+07
-2.3375093773e-01  1.0000000000e+00  1.4157512106e+06  1.4157512106e+06  3.4616000000e+07
-2.3358589647e-01  1.0000000000e+00  1.4157512106e+06  1.4157512106e+06  3.4616000000e+07
-2.3342085521e-01  1.0000000000e+00  1.4157512106e+06  1.4157512106e+06  3.4616000000e+07
-2.3325581395e-01  1.0000000000e+00  1.4157512106e+06  1.4157512106e+06  3.4616000000e+07
-2.3309077269e-01  1.0000000000e+00  1.4157512106e+06  1.4157512106e+06  3.4616000000e+07
-2.3292573143e-01  1.0000000000e+00  1.4157512106e+06  1.4157512106e+06  3.4616000000e+07
-2.3276069017e-01  1.0000000000e+00  1.4157512106e+06  1.4157512106e+06  3.4616000000e+07
-2.3259564891e-01  1.0000000000e+00  1.4157512106e+06  1.4157512106e+06  3.4616000000e+07
-2.3243060765e-01  1.0000000000e+00  1.4157512106e+06  1.4157512106e+06  3.4616000000e+07
-2.3226556639e-01  1.0000000000e+00  1.4157512106e+06  1.4157512106e+06  3.4616000000e+07
-2.3210052513e-01  1.0000000000e+00  1.4157512106e+06  1.4157512106e+06  3.4616000000e+07
-2.3193548387e-01  1.0000000000e+00  1.4157512106e+06  1.4157512106e+06  3.4616000000e+07
-2.3177044261e-01  1.0000000000e+00  1.4157512106e+06  1.4157512106e+06  3.4616000000e+07
-2.3160540135e-01  1.0000000000e+00  1.4157512106e+06  1.4157512106e+06  3.4616000000e+07
-2.3144036009e-01  1.0000000000e+00  1.4157512106e+06  1.4157512106e+06  3.4616000000e+07
-2.3127531883e-01  1.0000000000e+00  1.4157512106e+06  1.4157512106e+06  3.4616000000e+07
-2.3111027757e-01  1.0000000000e+00  1.4157512106e+06  1.4157512106e+06  3.4616000000e+07
-2.3094523631e-01  1.0000000000e+00  1.4157512106e+06  1.4157512106e+06  3.4616000000e+07
-2.3078019505e-01  1.0000000000e+00  1.4157512106e+06  1.4157512106e+06  3.4616000000e+07
-2.3061515379e-01  1.0000000000e+00  1.4157512106e+06  1.4157512106e+06  3.4616000000e+07
-2.3045011253e-01  1.0000000000e+00  1.4157512106e+06  1.4157512106e+06  3.4616000000e+07
-2.3028507127e-01  1.0000000000e+00  1.4157512106e+06  1.4157512106e+06  3.4616000000e+07
-2.3012003001e-01  1.0000000000e+00  1.4157512106e+06  1.4157512106e+06  3.4616000000e+07
-2.2995498875e-01  1.0000000000e+00  1.4157512106e+06  1.4157512106e+06  3.4616000000e+07
-2.2978994749e-01  1.0000000000e+00  1.4157512106e+06  1.4157512106e+06  3.4616000000e+07
-2.2962490623e-01  1.0000000000e+00  1.4157512106e+06  1.4157512106e+06  3.4616000000e+07
-2.2945986497e-01  1.0000000000e+00  1.4157512106e+06  1.4157512106e+06  3.4616000000e+07
-2.2929482371e-01  1.0000000000e+00  1.4157512106e+06  1.4157512106e+06  3.4616000000e+07
-2.2912978245e-01  1.0000000000e+00  1.4157512106e+06  1.4157512106e+06  3.4616000000e+07
-2.2896474119e-01  1.0000000000e+00  1.4157512106e+06  1.4157512106e+06  3.4616000000e+07
-2.2879969992e-01  1.0000000000e+00  1.4157512106e+06  1.4157512106e+06  3.4616000000e+07
-2.2863465866e-01  1.0000000000e+00  1.4157512106e+06  1.4157512106e+06  3.4616000000e+07
-2.2846961740e-01  1.0000000000e+00  1.4157512106e+06  1.4157512106e+06  3.4616000000e+07
-2.2830457614e-01  1.0000000000e+00  1.4157512106e+06  1.4157512106e+06  3.4616000000e+07
-2.2813953488e-01  1.0000000000e+00  1.4157512106e+06  1.4157512106e+06  3.4616000000e+07
-2.2797449362e-01  1.0000000000e+00  1.4157512106e+06  1.4157512106e+06  3.4616000000e+07
-2.2780945236e-01  1.0000000000e+00  1.4157512106e+06  1.4157512106e+06  3.4616000000e+07
-2.2764441110e-01  1.0000000000e+00  1.4157512106e+06  1.4157512106e+06  3.4616000000e+07
-2.2747936984e-01  1.0000000000e+00  1.4157512106e+06  1.4157512106e+06  3.4616000000e+07
-2.2731432858e-01  1.0000000000e+00  1.4157512106e+06  1.4157512106e+06  3.4616000000e+07
-2.2714928732e-01  1.0000000000e+00  1.4157512106e+06  1.4157512106e+06  3.4616000000e+07
-2.2698424606e-01  1.0000000000e+00  1.4157512106e+06  1.4157512106e+06  3.4616000000e+07
-2.2681920480e-01  1.0000000000e+00  1.4157512106e+06  1.4157512106e+06  3.4616000000e+07
-2.2665416354e-01  1.0000000000e+00  1.4157512106e+06  1.4157512106e+06  3.4616000000e+07
-2.2648912228e-01  1.0000000000e+00  1.4157512106e+06  1.4157512106e+06  3.4616000000e+07
-2.2632408102e-01  1.0000000000e+00  1.4157512106e+06  1.4157512106e+06  3.4616000000e+07
-2.2615903976e-01  1.0000000000e+00  1.4157512106e+06  1.4157512106e+06  3.4616000000e+07
-2.2599399850e-01  1.0000000000e+00  1.4157512106e+06  1.4157512106e+06  3.4616000000e+07
-2.2582895724e-01  1.0000000000e+00  1.4157512106e+06  1.4157512106e+06  3.4616000000e+07
-2.2566391598e-01  1.0000000000e+00  1.4157512106e+06  1.4157512106e+06  3.4616000000e+07
-2.2549887472e-01  1.0000000000e+00  1.4157512106e+06  1.4157512106e+06  3.4616000000e+07
-2.2533383346e-01  1.0000000000e+00  1.4157512106e+06  1.4157512106e+06  3.4616000000e+07
-2.2516879220e-01  1.0000000000e+00  1.4157512106e+06  1.4157512106e+06  3.4616000000e+07
-2.2500375094e-01  1.0000000000e+00  1.4157512106e+06  1.4157512106e+06  3.4616000000e+07
-2.2483870968e-01  1.0000000000e+00  1.4157512106e+06  1.4157512106e+06  3.4616000000e+07
-2.2467366842e-01  1.0000000000e+00  1.4157512106e+06  1.4157512106e+06  3.4616000000e+07
-2.2450862716e-01  1.0000000000e+00  1.4157512106e+06  1.4157512106e+06  3.4616000000e+07
-2.2434358590e-01  1.0000000000e+00  1.4157512106e+06  1.4157512106e+06  3.4616000000e+07
-2.2417854464e-01  1.0000000000e+00  1.4157512106e+06  1.4157512106e+06  3.4616000000e+07
-2.2401350338e-01  1.0000000000e+00  1.4157512106e+06  1.4157512106e+06  3.4616000000e+07
-2.2384846212e-01  1.0000000000e+00  1.4157512106e+06  1.4157512106e+06  3.4616000000e+07
-2.2368342086e-01  1.0000000000e+00  1.4157512106e+06  1.4157512106e+06  3.4616000000e+07
-2.2351837959e-01  1.0000000000e+00  1.4157512106e+06  1.4157512106e+06  3.4616000000e+07
-2.2335333833e-01  1.0000000000e+00  1.4157512106e+06  1.4157512106e+06  3.4616000000e+07
-2.2318829707e-01  1.0000000000e+00  1.4157512106e+06  1.4157512106e+06  3.4616000000e+07
-2.2302325581e-01  1.0000000000e+00  1.4157512106e+06  1.4157512106e+06  3.4616000000e+07
-2.2285821455e-01  1.0000000000e+00  1.4157512106e+06  1.4157512106e+06  3.4616000000e+07
-2.2269317329e-01  1.0000000000e+00  1.4157512106e+06  1.4157512106e+06  3.4616000000e+07
-2.2252813203e-01  1.0000000000e+00  1.4157512106e+06  1.4157512106e+06  3.4616000000e+07
-2.2236309077e-01  1.0000000000e+00  1.4157512106e+06  1.4157512106e+06  3.4616000000e+07
-2.2219804951e-01  1.0000000000e+00  1.4157512106e+06  1.4157512106e+06  3.4616000000e+07
-2.2203300825e-01  1.0000000000e+00  1.4157512106e+06  1.4157512106e+06  3.4616000000e+07
-2.2186796699e-01  1.0000000000e+00  1.4157512106e+06  1.4157512106e+06  3.4616000000e+07
-2.2170292573e-01  1.0000000000e+00  1.4157512106e+06  1.4157512106e+06  3.4616000000e+07
-2.2153788447e-01  1.0000000000e+00  1.4157512106e+06  1.4157512106e+06  3.4616000000e+07
-2.2137284321e-01  1.0000000000e+00  1.4157512106e+06  1.4157512106e+06  3.4616000000e+07
-2.2120780195e-01  1.0000000000e+00  1.4157512106e+06  1.4157512106e+06  3.4616000000e+07
-2.2104276069e-01  1.0000000000e+00  1.4157512106e+06  1.4157512106e+06  3.4616000000e+07
-2.2087771943e-01  1.0000000000e+00  1.4157512106e+06  1.4157512106e+06  3.4616000000e+07
-2.2071267817e-01  1.0000000000e+00  1.4157512106e+06  1.4157512106e+06  3.4616000000e+07
-2.2054763691e-01  1.0000000000e+00  1.4157512106e+06  1.4157512106e+06  3.4616000000e+07
-2.2038259565e-01  1.0000000000e+00  1.4157512106e+06  1.4157512106e+06  3.4616000000e+07
-2.2021755439e-01  1.0000000000e+00  1.4157512106e+06  1.4157512106e+06  3.4616000000e+07
-2.2005251313e-01  1.0000000000e+00  1.4157512106e+06  1.4157512106e+06  3.4616000000e+07
-2.1988747187e-01  1.0000000000e+00  1.4157512106e+06  1.4157512106e+06  3.4616000000e+07
-2.1972243061e-01  1.0000000000e+00  1.4157512106e+06  1.4157512106e+06  3.4616000000e+07
-2.1955738935e-01  1.0000000000e+00  1.4157512106e+06  1.4157512106e+06  3.4616000000e+07
-2.1939234809e-01  1.0000000000e+00  1.4157512106e+06  1.4157512106e+06  3.4616000000e+07
-2.1922730683e-01  1.0000000000e+00  1.4157512106e+06  1.4157512106e+06  3.4616000000e+07
-2.1906226557e-01  1.0000000000e+00  1.4157512106e+06  1.4157512106e+06  3.4616000000e+07
-2.1889722431e-01  1.0000000000e+00  1.4157512106e+06  1.4157512106e+06  3.4616000000e+07
-2.1873218305e-01  1.0000000000e+00  1.4157512106e+06  1.4157512106e+06  3.4616000000e+07
-2.1856714179e-01  1.0000000000e+00  1.4157512106e+06  1.4157512106e+06  3.4616000000e+07
-2.1840210053e-01  1.0000000000e+00  1.4157512106e+06  1.4157512106e+06  3.4616000000e+07
-2.1823705926e-01  1.0000000000e+00  1.4157512106e+06  1.4157512106e+06  3.4616000000e+07
-2.1807201800e-01  1.0000000000e+00  1.4157512106e+06  1.4157512106e+06  3.4616000000e+07
-2.1790697674e-01  1.0000000000e+00  1.4157512106e+06  1.4157512106e+06  3.4616000000e+07
-2.1774193548e-01  1.0000000000e+00  1.4157512106e+06  1.4157512106e+06  3.4616000000e+07
-2.1757689422e-01  1.0000000000e+00  1.4157512106e+06  1.4157512106e+06  3.4616000000e+07
-2.1741185296e-01  1.0000000000e+00  1.4157512106e+06  1.4157512106e+06  3.4616000000e+07
-2.1724681170e-01  1.0000000000e+00  1.4157512106e+06  1.4157512106e+06  3.4616000000e+07
-2.1708177044e-01  1.0000000000e+00  1.4157512106e+06  1.4157512106e+06  3.4616000000e+07
-2.1691672918e-01  1.0000000000e+00  1.4157512106e+06  1.4157512106e+06  3.4616000000e+07
-2.1675168792e-01  1.0000000000e+00  1.4157512106e+06  1.4157512106e+06  3.4616000000e+07
-2.1658664666e-01  1.0000000000e+00  1.4157512106e+06  1.4157512106e+06  3.4616000000e+07
-2.1642160540e-01  1.0000000000e+00  1.4157512106e+06  1.4157512106e+06  3.4616000000e+07
-2.1625656414e-01  1.0000000000e+00  1.4157512106e+06  1.4157512106e+06  3.4616000000e+07
-2.1609152288e-01  1.0000000000e+00  1.4157512106e+06  1.4157512106e+06  3.4616000000e+07
-2.1592648162e-01  1.0000000000e+00  1.4157512106e+06  1.4157512106e+06  3.4616000000e+07
-2.1576144036e-01  1.0000000000e+00  1.4157512106e+06  1.4157512106e+06  3.4616000000e+07
-2.1559639910e-01  1.0000000000e+00  1.4157512106e+06  1.4157512106e+06  3.4616000000e+07
-2.1543135784e-01  1.0000000000e+00  1.4157512106e+06  1.4157512106e+06  3.4616000000e+07
-2.1526631658e-01  1.0000000000e+00  1.4157512106e+06  1.4157512106e+06  3.4616000000e+07
-2.1510127532e-01  1.0000000000e+00  1.4157512106e+06  1.4157512106e+06  3.4616000000e+07
-2.1493623406e-01  1.0000000000e+00  1.4157512106e+06  1.4157512106e+06  3.4616000000e+07
-2.1477119280e-01  1.0000000000e+00  1.4157512106e+06  1.4157512106e+06  3.4616000000e+07
-2.1460615154e-01  1.0000000000e+00  1.4157512106e+06  1.4157512106e+06  3.4616000000e+07
-2.1444111028e-01  1.0000000000e+00  1.4157512106e+06  1.4157512106e+06  3.4616000000e+07
-2.1427606902e-01  1.0000000000e+00  1.4157512106e+06  1.4157512106e+06  3.4616000000e+07
-2.1411102776e-01  1.0000000000e+00  1.4157512106e+06  1.4157512106e+06  3.4616000000e+07
-2.1394598650e-01  1.0000000000e+00  1.4157512106e+06  1.4157512106e+06  3.4616000000e+07
-2.1378094524e-01  1.0000000000e+00  1.4157512106e+06  1.4157512106e+06  3.4616000000e+07
-2.1361590398e-01  1.0000000000e+00  1.4157512106e+06  1.4157512106e+06  3.4616000000e+07
-2.1345086272e-01  1.0000000000e+00  1.4157512106e+06  1.4157512106e+06  3.4616000000e+07
-2.1328582146e-01  1.0000000000e+00  1.4157512106e+06  1.4157512106e+06  3.4616000000e+07
-2.1312078020e-01  1.0000000000e+00  1.4157512106e+06  1.4157512106e+06  3.4616000000e+07
-2.1295573893e-01  1.0000000000e+00  1.4157512106e+06  1.4157512106e+06  3.4616000000e+07
-2.1279069767e-01  1.0000000000e+00  1.4157512106e+06  1.4157512106e+06  3.4616000000e+07
-2.1262565641e-01  1.0000000000e+00  1.4157512106e+06  1.4157512106e+06  3.4616000000e+07
-2.1246061515e-01  1.0000000000e+00  1.4157512106e+06  1.4157512106e+06  3.4616000000e+07
-2.1229557389e-01  1.0000000000e+00  1.4157512106e+06  1.4157512106e+06  3.4616000000e+07
-2.1213053263e-01  1.0000000000e+00  1.4157512106e+06  1.4157512106e+06  3.4616000000e+07
-2.1196549137e-01  1.0000000000e+00  1.4157512106e+06  1.4157512106e+06  3.4616000000e+07
-2.1180045011e-01  1.0000000000e+00  1.4157512106e+06  1.4157512106e+06  3.4616000000e+07
-2.1163540885e-01  1.0000000000e+00  1.4157512106e+06  1.4157512106e+06  3.4616000000e+07
-2.1147036759e-01  1.0000000000e+00  1.4157512106e+06  1.4157512106e+06  3.4616000000e+07
-2.1130532633e-01  1.0000000000e+00  1.4157512106e+06  1.4157512106e+06  3.4616000000e+07
-2.1114028507e-01  1.0000000000e+00  1.4157512106e+06  1.4157512106e+06  3.4616000000e+07
-2.1097524381e-01  1.0000000000e+00  1.4157512106e+06  1.4157512106e+06  3.4616000000e+07
-2.1081020255e-01  1.0000000000e+00  1.4157512106e+06  1.4157512106e+06  3.4616000000e+07
-2.1064516129e-01  1.0000000000e+00  1.4157512106e+06  1.4157512106e+06  3.4616000000e+07
-2.1048012003e-01  1.0000000000e+00  1.4157512106e+06  1.4157512106e+06  3.4616000000e+07
-2.1031507877e-01  1.0000000000e+00  1.4157512106e+06  1.4157512106e+06  3.4616000000e+07
-2.1015003751e-01  1.0000000000e+00  1.4157512106e+06  1.4157512106e+06  3.4616000000e+07
-2.0998499625e-01  1.0000000000e+00  1.4157512106e+06  1.4157512106e+06  3.4616000000e+07
-2.0981995499e-01  1.0000000000e+00  1.4157512106e+06  1.4157512106e+06  3.4616000000e+07
-2.0965491373e-01  1.0000000000e+00  1.4157512106e+06  1.4157512106e+06  3.4616000000e+07
-2.0948987247e-01  1.0000000000e+00  1.4157512106e+06  1.4157512106e+06  3.4616000000e+07
-2.0932483121e-01  1.0000000000e+00  1.4157512106e+06  1.4157512106e+06  3.4616000000e+07
-2.0915978995e-01  1.0000000000e+00  1.4157512106e+06  1.4157512106e+06  3.4616000000e+07
-2.0899474869e-01  1.0000000000e+00  1.4157512106e+06  1.4157512106e+06  3.4616000000e+07
-2.0882970743e-01  1.0000000000e+00  1.4157512106e+06  1.4157512106e+06  3.4616000000e+07
-2.0866466617e-01  1.0000000000e+00  1.4157512106e+06  1.4157512106e+06  3.4616000000e+07
-2.0849962491e-01  1.0000000000e+00  1.4157512106e+06  1.4157512106e+06  3.4616000000e+07
-2.0833458365e-01  1.0000000000e+00  1.4157512106e+06  1.4157512106e+06  3.4616000000e+07
-2.0816954239e-01  1.0000000000e+00  1.4157512106e+06  1.4157512106e+06  3.4616000000e+07
-2.0800450113e-01  1.0000000000e+00  1.4157512106e+06  1.4157512106e+06  3.4616000000e+07
-2.0783945986e-01  1.0000000000e+00  1.4157512106e+06  1.4157512106e+06  3.4616000000e+07
-2.0767441860e-01  1.0000000000e+00  1.4157512106e+06  1.4157512106e+06  3.4616000000e+07
-2.0750937734e-01  1.0000000000e+00  1.4157512106e+06  1.4157512106e+06  3.4616000000e+07
-2.0734433608e-01  1.0000000000e+00  1.4157512106e+06  1.4157512106e+06  3.4616000000e+07
-2.0717929482e-01  1.0000000000e+00  1.4157512106e+06  1.4157512106e+06  3.4616000000e+07
-2.0701425356e-01  1.0000000000e+00  1.4157512106e+06  1.4157512106e+06  3.4616000000e+07
-2.0684921230e-01  1.0000000000e+00  1.4157512106e+06  1.4157512106e+06  3.4616000000e+07
-2.0668417104e-01  1.0000000000e+00  1.4157512106e+06  1.4157512106e+06  3.4616000000e+07
-2.0651912978e-01  1.0000000000e+00  1.4157512106e+06  1.4157512106e+06  3.4616000000e+07
-2.0635408852e-01  1.0000000000e+00  1.4157512106e+06  1.4157512106e+06  3.4616000000e+07
-2.0618904726e-01  1.0000000000e+00  1.4157512106e+06  1.4157512106e+06  3.4616000000e+07
-2.0602400600e-01  1.0000000000e+00  1.4157512106e+06  1.4157512106e+06  3.4616000000e+07
-2.0585896474e-01  1.0000000000e+00  1.4157512106e+06  1.4157512106e+06  3.4616000000e+07
-2.0569392348e-01  1.0000000000e+00  1.4157512106e+06  1.4157512106e+06  3.4616000000e+07
-2.0552888222e-01  1.0000000000e+00  1.4157512106e+06  1.4157512106e+06  3.4616000000e+07
-2.0536384096e-01  1.0000000000e+00  1.4157512106e+06  1.4157512106e+06  3.4616000000e+07
-2.0519879970e-01  1.0000000000e+00  1.4157512106e+06  1.4157512106e+06  3.4616000000e+07
-2.0503375844e-01  1.0000000000e+00  1.4157512106e+06  1.4157512106e+06  3.4616000000e+07
-2.0486871718e-01  1.0000000000e+00  1.4157512106e+06  1.4157512106e+06  3.4616000000e+07
-2.0470367592e-01  1.0000000000e+00  1.4157512106e+06  1.4157512106e+06  3.4616000000e+07
-2.0453863466e-01  1.0000000000e+00  1.4157512106e+06  1.4157512106e+06  3.4616000000e+07
-2.0437359340e-01  1.0000000000e+00  1.4157512106e+06  1.4157512106e+06  3.4616000000e+07
-2.0420855214e-01  1.0000000000e+00  1.4157512106e+06  1.4157512106e+06  3.4616000000e+07
-2.0404351088e-01  1.0000000000e+00  1.4157512106e+06  1.4157512106e+06  3.4616000000e+07
-2.0387846962e-01  1.0000000000e+00  1.4157512106e+06  1.4157512106e+06  3.4616000000e+07
-2.0371342836e-01  1.0000000000e+00  1.4157512106e+06  1.4157512106e+06  3.4616000000e+07
-2.0354838710e-01  1.0000000000e+00  1.4157512106e+06  1.4157512106e+06  3.4616000000e+07
-2.0338334584e-01  1.0000000000e+00  1.4157512106e+06  1.4157512106e+06  3.4616000000e+07
-2.0321830458e-01  1.0000000000e+00  1.4157512106e+06  1.4157512106e+06  3.4616000000e+07
-2.0305326332e-01  1.0000000000e+00  1.4157512106e+06  1.4157512106e+06  3.4616000000e+07
-2.0288822206e-01  1.0000000000e+00  1.4157512106e+06  1.4157512106e+06  3.4616000000e+07
-2.0272318080e-01  1.0000000000e+00  1.4157512106e+06  1.4157512106e+06  3.4616000000e+07
-2.0255813953e-01  1.0000000000e+00  1.4157512106e+06  1.4157512106e+06  3.4616000000e+07
-2.0239309827e-01  1.0000000000e+00  1.4157512106e+06  1.4157512106e+06  3.4616000000e+07
-2.0222805701e-01  1.0000000000e+00  1.4157512106e+06  1.4157512106e+06  3.4616000000e+07
-2.0206301575e-01  1.0000000000e+00  1.4157512106e+06  1.4157512106e+06  3.4616000000e+07
-2.0189797449e-01  1.0000000000e+00  1.4157512106e+06  1.4157512106e+06  3.4616000000e+07
-2.0173293323e-01  1.0000000000e+00  1.4157512106e+06  1.4157512106e+06  3.4616000000e+07
-2.0156789197e-01  1.0000000000e+00  1.4157512106e+06  1.4157512106e+06  3.4616000000e+07
-2.0140285071e-01  1.0000000000e+00  1.4157512106e+06  1.4157512106e+06  3.4616000000e+07
-2.0123780945e-01  1.0000000000e+00  1.4157512106e+06  1.4157512106e+06  3.4616000000e+07
-2.0107276819e-01  1.0000000000e+00  1.4157512106e+06  1.4157512106e+06  3.4616000000e+07
-2.0090772693e-01  1.0000000000e+00  1.4157512106e+06  1.4157512106e+06  3.4616000000e+07
-2.0074268567e-01  1.0000000000e+00  1.4157512106e+06  1.4157512106e+06  3.4616000000e+07
-2.0057764441e-01  1.0000000000e+00  1.4157512106e+06  1.4157512106e+06  3.4616000000e+07
-2.0041260315e-01  1.0000000000e+00  1.4157512106e+06  1.4157512106e+06  3.4616000000e+07
-2.0024756189e-01  1.0000000000e+00  1.4157512106e+06  1.4157512106e+06  3.4616000000e+07
-2.0008252063e-01  1.0000000000e+00  1.4157512106e+06  1.4157512106e+06  3.4616000000e+07
-1.9991747937e-01  1.0000000000e+00  1.4157512106e+06  1.4157512106e+06  3.4616000000e+07
-1.9975243811e-01  1.0000000000e+00  1.4157512106e+06  1.4157512106e+06  3.4616000000e+07
-1.9958739685e-01  1.0000000000e+00  1.4157512106e+06  1.4157512106e+06  3.4616000000e+07
-1.9942235559e-01  1.0000000000e+00  1.4157512106e+06  1.4157512106e+06  3.4616000000e+07
-1.9925731433e-01  1.0000000000e+00  1.4157512106e+06  1.4157512106e+06  3.4616000000e+07
-1.9909227307e-01  1.0000000000e+00  1.4157512106e+06  1.4157512106e+06  3.4616000000e+07
-1.9892723181e-01  1.0000000000e+00  1.4157512106e+06  1.4157512106e+06  3.4616000000e+07
-1.9876219055e-01  1.0000000000e+00  1.4157512106e+06  1.4157512106e+06  3.4616000000e+07
-1.9859714929e-01  1.0000000000e+00  1.4157512106e+06  1.4157512106e+06  3.4616000000e+07
-1.9843210803e-01  1.0000000000e+00  1.4157512106e+06  1.4157512106e+06  3.4616000000e+07
-1.9826706677e-01  1.0000000000e+00  1.4157512106e+06  1.4157512106e+06  3.4616000000e+07
-1.9810202551e-01  1.0000000000e+00  1.4157512106e+06  1.4157512106e+06  3.4616000000e+07
-1.9793698425e-01  1.0000000000e+00  1.4157512106e+06  1.4157512106e+06  3.4616000000e+07
-1.9777194299e-01  1.0000000000e+00  1.4157512106e+06  1.4157512106e+06  3.4616000000e+07
-1.9760690173e-01  1.0000000000e+00  1.4157512106e+06  1.4157512106e+06  3.4616000000e+07
-1.9744186047e-01  1.0000000000e+00  1.4157512106e+06  1.4157512106e+06  3.4616000000e+07
-1.9727681920e-01  1.0000000000e+00  1.4157512106e+06  1.4157512106e+06  3.4616000000e+07
-1.9711177794e-01  1.0000000000e+00  1.4157512106e+06  1.4157512106e+06  3.4616000000e+07
-1.9694673668e-01  1.0000000000e+00  1.4157512106e+06  1.4157512106e+06  3.4616000000e+07
-1.9678169542e-01  1.0000000000e+00  1.4157512106e+06  1.4157512106e+06  3.4616000000e+07
-1.9661665416e-01  1.0000000000e+00  1.4157512106e+06  1.4157512106e+06  3.4616000000e+07
-1.9645161290e-01  1.0000000000e+00  1.4157512106e+06  1.4157512106e+06  3.4616000000e+07
-1.9628657164e-01  1.0000000000e+00  1.4157512106e+06  1.4157512106e+06  3.4616000000e+07
-1.9612153038e-01  1.0000000000e+00  1.4157512106e+06  1.4157512106e+06  3.4616000000e+07
-1.9595648912e-01  1.0000000000e+00  1.4157512106e+06  1.4157512106e+06  3.4616000000e+07
-1.9579144786e-01  1.0000000000e+00  1.4157512106e+06  1.4157512106e+06  3.4616000000e+07
-1.9562640660e-01  1.0000000000e+00  1.4157512106e+06  1.4157512106e+06  3.4616000000e+07
-1.9546136534e-01  1.0000000000e+00  1.4157512106e+06  1.4157512106e+06  3.4616000000e+07
-1.9529632408e-01  1.0000000000e+00  1.4157512106e+06  1.4157512106e+06  3.4616000000e+07
-1.9513128282e-01  1.0000000000e+00  1.4157512106e+06  1.4157512106e+06  3.4616000000e+07
-1.9496624156e-01  1.0000000000e+00  1.4157512106e+06  1.4157512106e+06  3.4616000000e+07
-1.9480120030e-01  1.0000000000e+00  1.4157512106e+06  1.4157512106e+06  3.4616000000e+07
-1.9463615904e-01  1.0000000000e+00  1.4157512106e+06  1.4157512106e+06  3.4616000000e+07
-1.9447111778e-01  1.0000000000e+00  1.4157512106e+06  1.4157512106e+06  3.4616000000e+07
-1.9430607652e-01  1.0000000000e+00  1.4157512106e+06  1.4157512106e+06  3.4616000000e+07
-1.9414103526e-01  1.0000000000e+00  1.4157512106e+06  1.4157512106e+06  3.4616000000e+07
-1.9397599400e-01  1.0000000000e+00  1.4157512106e+06  1.4157512106e+06  3.4616000000e+07
-1.9381095274e-01  1.0000000000e+00  1.4157512106e+06  1.4157512106e+06  3.4616000000e+07
-1.9364591148e-01  1.0000000000e+00  1.4157512106e+06  1.4157512106e+06  3.4616000000e+07
-1.9348087022e-01  1.0000000000e+00  1.4157512106e+06  1.4157512106e+06  3.4616000000e+07
-1.9331582896e-01  1.0000000000e+00  1.4157512106e+06  1.4157512106e+06  3.4616000000e+07
-1.9315078770e-01  1.0000000000e+00  1.4157512106e+06  1.4157512106e+06  3.4616000000e+07
-1.9298574644e-01  1.0000000000e+00  1.4157512106e+06  1.4157512106e+06  3.4616000000e+07
-1.9282070518e-01  1.0000000000e+00  1.4157512106e+06  1.4157512106e+06  3.4616000000e+07
-1.9265566392e-01  1.0000000000e+00  1.4157512106e+06  1.4157512106e+06  3.4616000000e+07
-1.9249062266e-01  1.0000000000e+00  1.4157512106e+06  1.4157512106e+06  3.4616000000e+07
-1.9232558140e-01  1.0000000000e+00  1.4157512106e+06  1.4157512106e+06  3.4616000000e+07
-1.9216054014e-01  1.0000000000e+00  1.4157512106e+06  1.4157512106e+06  3.4616000000e+07
-1.9199549887e-01  1.0000000000e+00  1.4157512106e+06  1.4157512106e+06  3.4616000000e+07
-1.9183045761e-01  1.0000000000e+00  1.4157512106e+06  1.4157512106e+06  3.4616000000e+07
-1.9166541635e-01  1.0000000000e+00  1.4157512106e+06  1.4157512106e+06  3.4616000000e+07
-1.9150037509e-01  1.0000000000e+00  1.4157512106e+06  1.4157512106e+06  3.4616000000e+07
-1.9133533383e-01  1.0000000000e+00  1.4157512106e+06  1.4157512106e+06  3.4616000000e+07
-1.9117029257e-01  1.0000000000e+00  1.4157512106e+06  1.4157512106e+06  3.4616000000e+07
-1.9100525131e-01  1.0000000000e+00  1.4157512106e+06  1.4157512106e+06  3.4616000000e+07
-1.9084021005e-01  1.0000000000e+00  1.4157512106e+06  1.4157512106e+06  3.4616000000e+07
-1.9067516879e-01  1.0000000000e+00  1.4157512106e+06  1.4157512106e+06  3.4616000000e+07
-1.9051012753e-01  1.0000000000e+00  1.4157512106e+06  1.4157512106e+06  3.4616000000e+07
-1.9034508627e-01  1.0000000000e+00  1.4157512106e+06  1.4157512106e+06  3.4616000000e+07
-1.9018004501e-01  1.0000000000e+00  1.4157512106e+06  1.4157512106e+06  3.4616000000e+07
-1.9001500375e-01  1.0000000000e+00  1.4157512106e+06  1.4157512106e+06  3.4616000000e+07
-1.8984996249e-01  1.0000000000e+00  1.4157512106e+06  1.4157512106e+06  3.4616000000e+07
-1.8968492123e-01  1.0000000000e+00  1.4157512106e+06  1.4157512106e+06  3.4616000000e+07
-1.8951987997e-01  1.0000000000e+00  1.4157512106e+06  1.4157512106e+06  3.4616000000e+07
-1.8935483871e-01  1.0000000000e+00  1.4157512106e+06  1.4157512106e+06  3.4616000000e+07
-1.8918979745e-01  1.0000000000e+00  1.4157512106e+06  1.4157512106e+06  3.4616000000e+07
-1.8902475619e-01  1.0000000000e+00  1.4157512106e+06  1.4157512106e+06  3.4616000000e+07
-1.8885971493e-01  1.0000000000e+00  1.4157512106e+06  1.4157512106e+06  3.4616000000e+07
-1.8869467367e-01  1.0000000000e+00  1.4157512106e+06  1.4157512106e+06  3.4616000000e+07
-1.8852963241e-01  1.0000000000e+00  1.4157512106e+06  1.4157512106e+06  3.4616000000e+07
-1.8836459115e-01  1.0000000000e+00  1.4157512106e+06  1.4157512106e+06  3.4616000000e+07
-1.8819954989e-01  1.0000000000e+00  1.4157512106e+06  1.4157512106e+06  3.4616000000e+07
-1.8803450863e-01  1.0000000000e+00  1.4157512106e+06  1.4157512106e+06  3.4616000000e+07
-1.8786946737e-01  1.0000000000e+00  1.4157512106e+06  1.4157512106e+06  3.4616000000e+07
-1.8770442611e-01  1.0000000000e+00  1.4157512106e+06  1.4157512106e+06  3.4616000000e+07
-1.8753938485e-01  1.0000000000e+00  1.4157512106e+06  1.4157512106e+06  3.4616000000e+07
-1.8737434359e-01  1.0000000000e+00  1.4157512106e+06  1.4157512106e+06  3.4616000000e+07
-1.8720930233e-01  1.0000000000e+00  1.4157512106e+06  1.4157512106e+06  3.4616000000e+07
-1.8704426107e-01  1.0000000000e+00  1.4157512106e+06  1.4157512106e+06  3.4616000000e+07
-1.8687921980e-01  1.0000000000e+00  1.4157512106e+06  1.4157512106e+06  3.4616000000e+07
-1.8671417854e-01  1.0000000000e+00  1.4157512106e+06  1.4157512106e+06  3.4616000000e+07
-1.8654913728e-01  1.0000000000e+00  1.4157512106e+06  1.4157512106e+06  3.4616000000e+07
-1.8638409602e-01  1.0000000000e+00  1.4157512106e+06  1.4157512106e+06  3.4616000000e+07
-1.8621905476e-01  1.0000000000e+00  1.4157512106e+06  1.4157512106e+06  3.4616000000e+07
-1.8605401350e-01  1.0000000000e+00  1.4157512106e+06  1.4157512106e+06  3.4616000000e+07
-1.8588897224e-01  1.0000000000e+00  1.4157512106e+06  1.4157512106e+06  3.4616000000e+07
-1.8572393098e-01  1.0000000000e+00  1.4157512106e+06  1.4157512106e+06  3.4616000000e+07
-1.8555888972e-01  1.0000000000e+00  1.4157512106e+06  1.4157512106e+06  3.4616000000e+07
-1.8539384846e-01  1.0000000000e+00  1.4157512106e+06  1.4157512106e+06  3.4616000000e+07
-1.8522880720e-01  1.0000000000e+00  1.4157512106e+06  1.4157512106e+06  3.4616000000e+07
-1.8506376594e-01  1.0000000000e+00  1.4157512106e+06  1.4157512106e+06  3.4616000000e+07
-1.8489872468e-01  1.0000000000e+00  1.4157512106e+06  1.4157512106e+06  3.4616000000e+07
-1.8473368342e-01  1.0000000000e+00  1.4157512106e+06  1.4157512106e+06  3.4616000000e+07
-1.8456864216e-01  1.0000000000e+00  1.4157512106e+06  1.4157512106e+06  3.4616000000e+07
-1.8440360090e-01  1.0000000000e+00  1.4157512106e+06  1.4157512106e+06  3.4616000000e+07
-1.8423855964e-01  1.0000000000e+00  1.4157512106e+06  1.4157512106e+06  3.4616000000e+07
-1.8407351838e-01  1.0000000000e+00  1.4157512106e+06  1.4157512106e+06  3.4616000000e+07
-1.8390847712e-01  1.0000000000e+00  1.4157512106e+06  1.4157512106e+06  3.4616000000e+07
-1.8374343586e-01  1.0000000000e+00  1.4157512106e+06  1.4157512106e+06  3.4616000000e+07
-1.8357839460e-01  1.0000000000e+00  1.4157512106e+06  1.4157512106e+06  3.4616000000e+07
-1.8341335334e-01  1.0000000000e+00  1.4157512106e+06  1.4157512106e+06  3.4616000000e+07
-1.8324831208e-01  1.0000000000e+00  1.4157512106e+06  1.4157512106e+06  3.4616000000e+07
-1.8308327082e-01  1.0000000000e+00  1.4157512106e+06  1.4157512106e+06  3.4616000000e+07
-1.8291822956e-01  1.0000000000e+00  1.4157512106e+06  1.4157512106e+06  3.4616000000e+07
-1.8275318830e-01  1.0000000000e+00  1.4157512106e+06  1.4157512106e+06  3.4616000000e+07
-1.8258814704e-01  1.0000000000e+00  1.4157512106e+06  1.4157512106e+06  3.4616000000e+07
-1.8242310578e-01  1.0000000000e+00  1.4157512106e+06  1.4157512106e+06  3.4616000000e+07
-1.8225806452e-01  1.0000000000e+00  1.4157512106e+06  1.4157512106e+06  3.4616000000e+07
-1.8209302326e-01  1.0000000000e+00  1.4157512106e+06  1.4157512106e+06  3.4616000000e+07
-1.8192798200e-01  1.0000000000e+00  1.4157512106e+06  1.4157512106e+06  3.4616000000e+07
-1.8176294074e-01  1.0000000000e+00  1.4157512106e+06  1.4157512106e+06  3.4616000000e+07
-1.8159789947e-01  1.0000000000e+00  1.4157512106e+06  1.4157512106e+06  3.4616000000e+07
-1.8143285821e-01  1.0000000000e+00  1.4157512106e+06  1.4157512106e+06  3.4616000000e+07
-1.8126781695e-01  1.0000000000e+00  1.4157512106e+06  1.4157512106e+06  3.4616000000e+07
-1.8110277569e-01  1.0000000000e+00  1.4157512106e+06  1.4157512106e+06  3.4616000000e+07
-1.8093773443e-01  1.0000000000e+00  1.4157512106e+06  1.4157512106e+06  3.4616000000e+07
-1.8077269317e-01  1.0000000000e+00  1.4157512106e+06  1.4157512106e+06  3.4616000000e+07
-1.8060765191e-01  1.0000000000e+00  1.4157512106e+06  1.4157512106e+06  3.4616000000e+07
-1.8044261065e-01  1.0000000000e+00  1.4157512106e+06  1.4157512106e+06  3.4616000000e+07
-1.8027756939e-01  1.0000000000e+00  1.4157512106e+06  1.4157512106e+06  3.4616000000e+07
-1.8011252813e-01  1.0000000000e+00  1.4157512106e+06  1.4157512106e+06  3.4616000000e+07
-1.7994748687e-01  1.0000000000e+00  1.4157512106e+06  1.4157512106e+06  3.4616000000e+07
-1.7978244561e-01  1.0000000000e+00  1.4157512106e+06  1.4157512106e+06  3.4616000000e+07
-1.7961740435e-01  1.0000000000e+00  1.4157512106e+06  1.4157512106e+06  3.4616000000e+07
-1.7945236309e-01  1.0000000000e+00  1.4157512106e+06  1.4157512106e+06  3.4616000000e+07
-1.7928732183e-01  1.0000000000e+00  1.4157512106e+06  1.4157512106e+06  3.4616000000e+07
-1.7912228057e-01  1.0000000000e+00  1.4157512106e+06  1.4157512106e+06  3.4616000000e+07
-1.7895723931e-01  1.0000000000e+00  1.4157512106e+06  1.4157512106e+06  3.4616000000e+07
-1.7879219805e-01  1.0000000000e+00  1.4157512106e+06  1.4157512106e+06  3.4616000000e+07
-1.7862715679e-01  1.0000000000e+00  1.4157512106e+06  1.4157512106e+06  3.4616000000e+07
-1.7846211553e-01  1.0000000000e+00  1.4157512106e+06  1.4157512106e+06  3.4616000000e+07
-1.7829707427e-01  1.0000000000e+00  1.4157512106e+06  1.4157512106e+06  3.4616000000e+07
-1.7813203301e-01  1.0000000000e+00  1.4157512106e+06  1.4157512106e+06  3.4616000000e+07
-1.7796699175e-01  1.0000000000e+00  1.4157512106e+06  1.4157512106e+06  3.4616000000e+07
-1.7780195049e-01  1.0000000000e+00  1.4157512106e+06  1.4157512106e+06  3.4616000000e+07
-1.7763690923e-01  1.0000000000e+00  1.4157512106e+06  1.4157512106e+06  3.4616000000e+07
-1.7747186797e-01  1.0000000000e+00  1.4157512106e+06  1.4157512106e+06  3.4616000000e+07
-1.7730682671e-01  1.0000000000e+00  1.4157512106e+06  1.4157512106e+06  3.4616000000e+07
-1.7714178545e-01  1.0000000000e+00  1.4157512106e+06  1.4157512106e+06  3.4616000000e+07
-1.7697674419e-01  1.0000000000e+00  1.4157512106e+06  1.4157512106e+06  3.4616000000e+07
-1.7681170293e-01  1.0000000000e+00  1.4157512106e+06  1.4157512106e+06  3.4616000000e+07
-1.7664666167e-01  1.0000000000e+00  1.4157512106e+06  1.4157512106e+06  3.4616000000e+07
-1.7648162041e-01  1.0000000000e+00  1.4157512106e+06  1.4157512106e+06  3.4616000000e+07
-1.7631657914e-01  1.0000000000e+00  1.4157512106e+06  1.4157512106e+06  3.4616000000e+07
-1.7615153788e-01  1.0000000000e+00  1.4157512106e+06  1.4157512106e+06  3.4616000000e+07
-1.7598649662e-01  1.0000000000e+00  1.4157512106e+06  1.4157512106e+06  3.4616000000e+07
-1.7582145536e-01  1.0000000000e+00  1.4157512106e+06  1.4157512106e+06  3.4616000000e+07
-1.7565641410e-01  1.0000000000e+00  1.4157512106e+06  1.4157512106e+06  3.4616000000e+07
-1.7549137284e-01  1.0000000000e+00  1.4157512106e+06  1.4157512106e+06  3.4616000000e+07
-1.7532633158e-01  1.0000000000e+00  1.4157512106e+06  1.4157512106e+06  3.4616000000e+07
-1.7516129032e-01  1.0000000000e+00  1.4157512106e+06  1.4157512106e+06  3.4616000000e+07
-1.7499624906e-01  1.0000000000e+00  1.4157512106e+06  1.4157512106e+06  3.4616000000e+07
-1.7483120780e-01  1.0000000000e+00  1.4157512106e+06  1.4157512106e+06  3.4616000000e+07
-1.7466616654e-01  1.0000000000e+00  1.4157512106e+06  1.4157512106e+06  3.4616000000e+07
-1.7450112528e-01  1.0000000000e+00  1.4157512106e+06  1.4157512106e+06  3.4616000000e+07
-1.7433608402e-01  1.0000000000e+00  1.4157512106e+06  1.4157512106e+06  3.4616000000e+07
-1.7417104276e-01  1.0000000000e+00  1.4157512106e+06  1.4157512106e+06  3.4616000000e+07
-1.7400600150e-01  1.0000000000e+00  1.4157512106e+06  1.4157512106e+06  3.4616000000e+07
-1.7384096024e-01  1.0000000000e+00  1.4157512106e+06  1.4157512106e+06  3.4616000000e+07
-1.7367591898e-01  1.0000000000e+00  1.4157512106e+06  1.4157512106e+06  3.4616000000e+07
-1.7351087772e-01  1.0000000000e+00  1.4157512106e+06  1.4157512106e+06  3.4616000000e+07
-1.7334583646e-01  1.0000000000e+00  1.4157512106e+06  1.4157512106e+06  3.4616000000e+07
-1.7318079520e-01  1.0000000000e+00  1.4157512106e+06  1.4157512106e+06  3.4616000000e+07
-1.7301575394e-01  1.0000000000e+00  1.4157512106e+06  1.4157512106e+06  3.4616000000e+07
-1.7285071268e-01  1.0000000000e+00  1.4157512106e+06  1.4157512106e+06  3.4616000000e+07
-1.7268567142e-01  1.0000000000e+00  1.4157512106e+06  1.4157512106e+06  3.4616000000e+07
-1.7252063016e-01  1.0000000000e+00  1.4157512106e+06  1.4157512106e+06  3.4616000000e+07
-1.7235558890e-01  1.0000000000e+00  1.4157512106e+06  1.4157512106e+06  3.4616000000e+07
-1.7219054764e-01  1.0000000000e+00  1.4157512106e+06  1.4157512106e+06  3.4616000000e+07
-1.7202550638e-01  1.0000000000e+00  1.4157512106e+06  1.4157512106e+06  3.4616000000e+07
-1.7186046512e-01  1.0000000000e+00  1.4157512106e+06  1.4157512106e+06  3.4616000000e+07
-1.7169542386e-01  1.0000000000e+00  1.4157512106e+06  1.4157512106e+06  3.4616000000e+07
-1.7153038260e-01  1.0000000000e+00  1.4157512106e+06  1.4157512106e+06  3.4616000000e+07
-1.7136534134e-01  1.0000000000e+00  1.4157512106e+06  1.4157512106e+06  3.4616000000e+07
-1.7120030008e-01  1.0000000000e+00  1.4157512106e+06  1.4157512106e+06  3.4616000000e+07
-1.7103525881e-01  1.0000000000e+00  1.4157512106e+06  1.4157512106e+06  3.4616000000e+07
-1.7087021755e-01  1.0000000000e+00  1.4157512106e+06  1.4157512106e+06  3.4616000000e+07
-1.7070517629e-01  1.0000000000e+00  1.4157512106e+06  1.4157512106e+06  3.4616000000e+07
-1.7054013503e-01  1.0000000000e+00  1.4157512106e+06  1.4157512106e+06  3.4616000000e+07
-1.7037509377e-01  1.0000000000e+00  1.4157512106e+06  1.4157512106e+06  3.4616000000e+07
-1.7021005251e-01  1.0000000000e+00  1.4157512106e+06  1.4157512106e+06  3.4616000000e+07
-1.7004501125e-01  1.0000000000e+00  1.4157512106e+06  1.4157512106e+06  3.4616000000e+07
-1.6987996999e-01  1.0000000000e+00  1.4157512106e+06  1.4157512106e+06  3.4616000000e+07
-1.6971492873e-01  1.0000000000e+00  1.4157512106e+06  1.4157512106e+06  3.4616000000e+07
-1.6954988747e-01  1.0000000000e+00  1.4157512106e+06  1.4157512106e+06  3.4616000000e+07
-1.6938484621e-01  1.0000000000e+00  1.4157512106e+06  1.4157512106e+06  3.4616000000e+07
-1.6921980495e-01  1.0000000000e+00  1.4157512106e+06  1.4157512106e+06  3.4616000000e+07
-1.6905476369e-01  1.0000000000e+00  1.4157512106e+06  1.4157512106e+06  3.4616000000e+07
-1.6888972243e-01  1.0000000000e+00  1.4157512106e+06  1.4157512106e+06  3.4616000000e+07
-1.6872468117e-01  1.0000000000e+00  1.4157512106e+06  1.4157512106e+06  3.4616000000e+07
-1.6855963991e-01  1.0000000000e+00  1.4157512106e+06  1.4157512106e+06  3.4616000000e+07
-1.6839459865e-01  1.0000000000e+00  1.4157512106e+06  1.4157512106e+06  3.4616000000e+07
-1.6822955739e-01  1.0000000000e+00  1.4157512106e+06  1.4157512106e+06  3.4616000000e+07
-1.6806451613e-01  1.0000000000e+00  1.4157512106e+06  1.4157512106e+06  3.4616000000e+07
-1.6789947487e-01  1.0000000000e+00  1.4157512106e+06  1.4157512106e+06  3.4616000000e+07
-1.6773443361e-01  1.0000000000e+00  1.4157512106e+06  1.4157512106e+06  3.4616000000e+07
-1.6756939235e-01  1.0000000000e+00  1.4157512106e+06  1.4157512106e+06  3.4616000000e+07
-1.6740435109e-01  1.0000000000e+00  1.4157512106e+06  1.4157512106e+06  3.4616000000e+07
-1.6723930983e-01  1.0000000000e+00  1.4157512106e+06  1.4157512106e+06  3.4616000000e+07
-1.6707426857e-01  1.0000000000e+00  1.4157512106e+06  1.4157512106e+06  3.4616000000e+07
-1.6690922731e-01  1.0000000000e+00  1.4157512106e+06  1.4157512106e+06  3.4616000000e+07
-1.6674418605e-01  1.0000000000e+00  1.4157512106e+06  1.4157512106e+06  3.4616000000e+07
-1.6657914479e-01  1.0000000000e+00  1.4157512106e+06  1.4157512106e+06  3.4616000000e+07
-1.6641410353e-01  1.0000000000e+00  1.4157512106e+06  1.4157512106e+06  3.4616000000e+07
-1.6624906227e-01  1.0000000000e+00  1.4157512106e+06  1.4157512106e+06  3.4616000000e+07
-1.6608402101e-01  1.0000000000e+00  1.4157512106e+06  1.4157512106e+06  3.4616000000e+07
-1.6591897974e-01  1.0000000000e+00  1.4157512106e+06  1.4157512106e+06  3.4616000000e+07
-1.6575393848e-01  1.0000000000e+00  1.4157512106e+06  1.4157512106e+06  3.4616000000e+07
-1.6558889722e-01  1.0000000000e+00  1.4157512106e+06  1.4157512106e+06  3.4616000000e+07
-1.6542385596e-01  1.0000000000e+00  1.4157512106e+06  1.4157512106e+06  3.4616000000e+07
-1.6525881470e-01  1.0000000000e+00  1.4157512106e+06  1.4157512106e+06  3.4616000000e+07
-1.6509377344e-01  1.0000000000e+00  1.4157512106e+06  1.4157512106e+06  3.4616000000e+07
-1.6492873218e-01  1.0000000000e+00  1.4157512106e+06  1.4157512106e+06  3.4616000000e+07
-1.6476369092e-01  1.0000000000e+00  1.4157512106e+06  1.4157512106e+06  3.4616000000e+07
-1.6459864966e-01  1.0000000000e+00  1.4157512106e+06  1.4157512106e+06  3.4616000000e+07
-1.6443360840e-01  1.0000000000e+00  1.4157512106e+06  1.4157512106e+06  3.4616000000e+07
-1.6426856714e-01  1.0000000000e+00  1.4157512106e+06  1.4157512106e+06  3.4616000000e+07
-1.6410352588e-01  1.0000000000e+00  1.4157512106e+06  1.4157512106e+06  3.4616000000e+07
-1.6393848462e-01  1.0000000000e+00  1.4157512106e+06  1.4157512106e+06  3.4616000000e+07
-1.6377344336e-01  1.0000000000e+00  1.4157512106e+06  1.4157512106e+06  3.4616000000e+07
-1.6360840210e-01  1.0000000000e+00  1.4157512106e+06  1.4157512106e+06  3.4616000000e+07
-1.6344336084e-01  1.0000000000e+00  1.4157512106e+06  1.4157512106e+06  3.4616000000e+07
-1.6327831958e-01  1.0000000000e+00  1.4157512106e+06  1.4157512106e+06  3.4616000000e+07
-1.6311327832e-01  1.0000000000e+00  1.4157512106e+06  1.4157512106e+06  3.4616000000e+07
-1.6294823706e-01  1.0000000000e+00  1.4157512106e+06  1.4157512106e+06  3.4616000000e+07
-1.6278319580e-01  1.0000000000e+00  1.4157512106e+06  1.4157512106e+06  3.4616000000e+07
-1.6261815454e-01  1.0000000000e+00  1.4157512106e+06  1.4157512106e+06  3.4616000000e+07
-1.6245311328e-01  1.0000000000e+00  1.4157512106e+06  1.4157512106e+06  3.4616000000e+07
-1.6228807202e-01  1.0000000000e+00  1.4157512106e+06  1.4157512106e+06  3.4616000000e+07
-1.6212303076e-01  1.0000000000e+00  1.4157512106e+06  1.4157512106e+06  3.4616000000e+07
-1.6195798950e-01  1.0000000000e+00  1.4157512106e+06  1.4157512106e+06  3.4616000000e+07
-1.6179294824e-01  1.0000000000e+00  1.4157512106e+06  1.4157512106e+06  3.4616000000e+07
-1.6162790698e-01  1.0000000000e+00  1.4157512106e+06  1.4157512106e+06  3.4616000000e+07
-1.6146286572e-01  1.0000000000e+00  1.4157512106e+06  1.4157512106e+06  3.4616000000e+07
-1.6129782446e-01  1.0000000000e+00  1.4157512106e+06  1.4157512106e+06  3.4616000000e+07
-1.6113278320e-01  1.0000000000e+00  1.4157512106e+06  1.4157512106e+06  3.4616000000e+07
-1.6096774194e-01  1.0000000000e+00  1.4157512106e+06  1.4157512106e+06  3.4616000000e+07
-1.6080270068e-01  1.0000000000e+00  1.4157512106e+06  1.4157512106e+06  3.4616000000e+07
-1.6063765941e-01  1.0000000000e+00  1.4157512106e+06  1.4157512106e+06  3.4616000000e+07
-1.6047261815e-01  1.0000000000e+00  1.4157512106e+06  1.4157512106e+06  3.4616000000e+07
-1.6030757689e-01  1.0000000000e+00  1.4157512106e+06  1.4157512106e+06  3.4616000000e+07
-1.6014253563e-01  1.0000000000e+00  1.4157512106e+06  1.4157512106e+06  3.4616000000e+07
-1.5997749437e-01  1.0000000000e+00  1.4157512106e+06  1.4157512106e+06  3.4616000000e+07
-1.5981245311e-01  1.0000000000e+00  1.4157512106e+06  1.4157512106e+06  3.4616000000e+07
-1.5964741185e-01  1.0000000000e+00  1.4157512106e+06  1.4157512106e+06  3.4616000000e+07
-1.5948237059e-01  1.0000000000e+00  1.4157512106e+06  1.4157512106e+06  3.4616000000e+07
-1.5931732933e-01  1.0000000000e+00  1.4157512106e+06  1.4157512106e+06  3.4616000000e+07
-1.5915228807e-01  1.0000000000e+00  1.4157512106e+06  1.4157512106e+06  3.4616000000e+07
-1.5898724681e-01  1.0000000000e+00  1.4157512106e+06  1.4157512106e+06  3.4616000000e+07
-1.5882220555e-01  1.0000000000e+00  1.4157512106e+06  1.4157512106e+06  3.4616000000e+07
-1.5865716429e-01  1.0000000000e+00  1.4157512106e+06  1.4157512106e+06  3.4616000000e+07
-1.5849212303e-01  1.0000000000e+00  1.4157512106e+06  1.4157512106e+06  3.4616000000e+07
-1.5832708177e-01  1.0000000000e+00  1.4157512106e+06  1.4157512106e+06  3.4616000000e+07
-1.5816204051e-01  1.0000000000e+00  1.4157512106e+06  1.4157512106e+06  3.4616000000e+07
-1.5799699925e-01  1.0000000000e+00  1.4157512106e+06  1.4157512106e+06  3.4616000000e+07
-1.5783195799e-01  1.0000000000e+00  1.4157512106e+06  1.4157512106e+06  3.4616000000e+07
-1.5766691673e-01  1.0000000000e+00  1.4157512106e+06  1.4157512106e+06  3.4616000000e+07
-1.5750187547e-01  1.0000000000e+00  1.4157512106e+06  1.4157512106e+06  3.4616000000e+07
-1.5733683421e-01  1.0000000000e+00  1.4157512106e+06  1.4157512106e+06  3.4616000000e+07
-1.5717179295e-01  1.0000000000e+00  1.4157512106e+06  1.4157512106e+06  3.4616000000e+07
-1.5700675169e-01  1.0000000000e+00  1.4157512106e+06  1.4157512106e+06  3.4616000000e+07
-1.5684171043e-01  1.0000000000e+00  1.4157512106e+06  1.4157512106e+06  3.4616000000e+07
-1.5667666917e-01  1.0000000000e+00  1.4157512106e+06  1.4157512106e+06  3.4616000000e+07
-1.5651162791e-01  1.0000000000e+00  1.4157512106e+06  1.4157512106e+06  3.4616000000e+07
-1.5634658665e-01  1.0000000000e+00  1.4157512106e+06  1.4157512106e+06  3.4616000000e+07
-1.5618154539e-01  1.0000000000e+00  1.4157512106e+06  1.4157512106e+06  3.4616000000e+07
-1.5601650413e-01  1.0000000000e+00  1.4157512106e+06  1.4157512106e+06  3.4616000000e+07
-1.5585146287e-01  1.0000000000e+00  1.4157512106e+06  1.4157512106e+06  3.4616000000e+07
-1.5568642161e-01  1.0000000000e+00  1.4157512106e+06  1.4157512106e+06  3.4616000000e+07
-1.5552138035e-01  1.0000000000e+00  1.4157512106e+06  1.4157512106e+06  3.4616000000e+07
-1.5535633908e-01  1.0000000000e+00  1.4157512106e+06  1.4157512106e+06  3.4616000000e+07
-1.5519129782e-01  1.0000000000e+00  1.4157512106e+06  1.4157512106e+06  3.4616000000e+07
-1.5502625656e-01  1.0000000000e+00  1.4157512106e+06  1.4157512106e+06  3.4616000000e+07
-1.5486121530e-01  1.0000000000e+00  1.4157512106e+06  1.4157512106e+06  3.4616000000e+07
-1.5469617404e-01  1.0000000000e+00  1.4157512106e+06  1.4157512106e+06  3.4616000000e+07
-1.5453113278e-01  1.0000000000e+00  1.4157512106e+06  1.4157512106e+06  3.4616000000e+07
-1.5436609152e-01  1.0000000000e+00  1.4157512106e+06  1.4157512106e+06  3.4616000000e+07
-1.5420105026e-01  1.0000000000e+00  1.4157512106e+06  1.4157512106e+06  3.4616000000e+07
-1.5403600900e-01  1.0000000000e+00  1.4157512106e+06  1.4157512106e+06  3.4616000000e+07
-1.5387096774e-01  1.0000000000e+00  1.4157512106e+06  1.4157512106e+06  3.4616000000e+07
-1.5370592648e-01  1.0000000000e+00  1.4157512106e+06  1.4157512106e+06  3.4616000000e+07
-1.5354088522e-01  1.0000000000e+00  1.4157512106e+06  1.4157512106e+06  3.4616000000e+07
-1.5337584396e-01  1.0000000000e+00  1.4157512106e+06  1.4157512106e+06  3.4616000000e+07
-1.5321080270e-01  1.0000000000e+00  1.4157512106e+06  1.4157512106e+06  3.4616000000e+07
-1.5304576144e-01  1.0000000000e+00  1.4157512106e+06  1.4157512106e+06  3.4616000000e+07
-1.5288072018e-01  1.0000000000e+00  1.4157512106e+06  1.4157512106e+06  3.4616000000e+07
-1.5271567892e-01  1.0000000000e+00  1.4157512106e+06  1.4157512106e+06  3.4616000000e+07
-1.5255063766e-01  1.0000000000e+00  1.4157512106e+06  1.4157512106e+06  3.4616000000e+07
-1.5238559640e-01  1.0000000000e+00  1.4157512106e+06  1.4157512106e+06  3.4616000000e+07
-1.5222055514e-01  1.0000000000e+00  1.4157512106e+06  1.4157512106e+06  3.4616000000e+07
-1.5205551388e-01  1.0000000000e+00  1.4157512106e+06  1.4157512106e+06  3.4616000000e+07
-1.5189047262e-01  1.0000000000e+00  1.4157512106e+06  1.4157512106e+06  3.4616000000e+07
-1.5172543136e-01  1.0000000000e+00  1.4157512106e+06  1.4157512106e+06  3.4616000000e+07
-1.5156039010e-01  1.0000000000e+00  1.4157512106e+06  1.4157512106e+06  3.4616000000e+07
-1.5139534884e-01  1.0000000000e+00  1.4157512106e+06  1.4157512106e+06  3.4616000000e+07
-1.5123030758e-01  1.0000000000e+00  1.4157512106e+06  1.4157512106e+06  3.4616000000e+07
-1.5106526632e-01  1.0000000000e+00  1.4157512106e+06  1.4157512106e+06  3.4616000000e+07
-1.5090022506e-01  1.0000000000e+00  1.4157512106e+06  1.4157512106e+06  3.4616000000e+07
-1.5073518380e-01  1.0000000000e+00  1.4157512106e+06  1.4157512106e+06  3.4616000000e+07
-1.5057014254e-01  1.0000000000e+00  1.4157512106e+06  1.4157512106e+06  3.4616000000e+07
-1.5040510128e-01  1.0000000000e+00  1.4157512106e+06  1.4157512106e+06  3.4616000000e+07
-1.5024006002e-01  1.0000000000e+00  1.4157512106e+06  1.4157512106e+06  3.4616000000e+07
-1.5007501875e-01  1.0000000000e+00  1.4157512106e+06  1.4157512106e+06  3.4616000000e+07
-1.4990997749e-01  1.0000000000e+00  1.4157512106e+06  1.4157512106e+06  3.4616000000e+07
-1.4974493623e-01  1.0000000000e+00  1.4157512106e+06  1.4157512106e+06  3.4616000000e+07
-1.4957989497e-01  1.0000000000e+00  1.4157512106e+06  1.4157512106e+06  3.4616000000e+07
-1.4941485371e-01  1.0000000000e+00  1.4157512106e+06  1.4157512106e+06  3.4616000000e+07
-1.4924981245e-01  1.0000000000e+00  1.4157512106e+06  1.4157512106e+06  3.4616000000e+07
-1.4908477119e-01  1.0000000000e+00  1.4157512106e+06  1.4157512106e+06  3.4616000000e+07
-1.4891972993e-01  1.0000000000e+00  1.4157512106e+06  1.4157512106e+06  3.4616000000e+07
-1.4875468867e-01  1.0000000000e+00  1.4157512106e+06  1.4157512106e+06  3.4616000000e+07
-1.4858964741e-01  1.0000000000e+00  1.4157512106e+06  1.4157512106e+06  3.4616000000e+07
-1.4842460615e-01  1.0000000000e+00  1.4157512106e+06  1.4157512106e+06  3.4616000000e+07
-1.4825956489e-01  1.0000000000e+00  1.4157512106e+06  1.4157512106e+06  3.4616000000e+07
-1.4809452363e-01  1.0000000000e+00  1.4157512106e+06  1.4157512106e+06  3.4616000000e+07
-1.4792948237e-01  1.0000000000e+00  1.4157512106e+06  1.4157512106e+06  3.4616000000e+07
-1.4776444111e-01  1.0000000000e+00  1.4157512106e+06  1.4157512106e+06  3.4616000000e+07
-1.4759939985e-01  1.0000000000e+00  1.4157512106e+06  1.4157512106e+06  3.4616000000e+07
-1.4743435859e-01  1.0000000000e+00  1.4157512106e+06  1.4157512106e+06  3.4616000000e+07
-1.4726931733e-01  1.0000000000e+00  1.4157512106e+06  1.4157512106e+06  3.4616000000e+07
-1.4710427607e-01  1.0000000000e+00  1.4157512106e+06  1.4157512106e+06  3.4616000000e+07
-1.4693923481e-01  1.0000000000e+00  1.4157512106e+06  1.4157512106e+06  3.4616000000e+07
-1.4677419355e-01  1.0000000000e+00  1.4157512106e+06  1.4157512106e+06  3.4616000000e+07
-1.4660915229e-01  1.0000000000e+00  1.4157512106e+06  1.4157512106e+06  3.4616000000e+07
-1.4644411103e-01  1.0000000000e+00  1.4157512106e+06  1.4157512106e+06  3.4616000000e+07
-1.4627906977e-01  1.0000000000e+00  1.4157512106e+06  1.4157512106e+06  3.4616000000e+07
-1.4611402851e-01  1.0000000000e+00  1.4157512106e+06  1.4157512106e+06  3.4616000000e+07
-1.4594898725e-01  1.0000000000e+00  1.4157512106e+06  1.4157512106e+06  3.4616000000e+07
-1.4578394599e-01  1.0000000000e+00  1.4157512106e+06  1.4157512106e+06  3.4616000000e+07
-1.4561890473e-01  1.0000000000e+00  1.4157512106e+06  1.4157512106e+06  3.4616000000e+07
-1.4545386347e-01  1.0000000000e+00  1.4157512106e+06  1.4157512106e+06  3.4616000000e+07
-1.4528882221e-01  1.0000000000e+00  1.4157512106e+06  1.4157512106e+06  3.4616000000e+07
-1.4512378095e-01  1.0000000000e+00  1.4157512106e+06  1.4157512106e+06  3.4616000000e+07
-1.4495873968e-01  1.0000000000e+00  1.4157512106e+06  1.4157512106e+06  3.4616000000e+07
-1.4479369842e-01  1.0000000000e+00  1.4157512106e+06  1.4157512106e+06  3.4616000000e+07
-1.4462865716e-01  1.0000000000e+00  1.4157512106e+06  1.4157512106e+06  3.4616000000e+07
-1.4446361590e-01  1.0000000000e+00  1.4157512106e+06  1.4157512106e+06  3.4616000000e+07
-1.4429857464e-01  1.0000000000e+00  1.4157512106e+06  1.4157512106e+06  3.4616000000e+07
-1.4413353338e-01  1.0000000000e+00  1.4157512106e+06  1.4157512106e+06  3.4616000000e+07
-1.4396849212e-01  1.0000000000e+00  1.4157512106e+06  1.4157512106e+06  3.4616000000e+07
-1.4380345086e-01  1.0000000000e+00  1.4157512106e+06  1.4157512106e+06  3.4616000000e+07
-1.4363840960e-01  1.0000000000e+00  1.4157512106e+06  1.4157512106e+06  3.4616000000e+07
-1.4347336834e-01  1.0000000000e+00  1.4157512106e+06  1.4157512106e+06  3.4616000000e+07
-1.4330832708e-01  1.0000000000e+00  1.4157512106e+06  1.4157512106e+06  3.4616000000e+07
-1.4314328582e-01  1.0000000000e+00  1.4157512106e+06  1.4157512106e+06  3.4616000000e+07
-1.4297824456e-01  1.0000000000e+00  1.4157512106e+06  1.4157512106e+06  3.4616000000e+07
-1.4281320330e-01  1.0000000000e+00  1.4157512106e+06  1.4157512106e+06  3.4616000000e+07
-1.4264816204e-01  1.0000000000e+00  1.4157512106e+06  1.4157512106e+06  3.4616000000e+07
-1.4248312078e-01  1.0000000000e+00  1.4157512106e+06  1.4157512106e+06  3.4616000000e+07
-1.4231807952e-01  1.0000000000e+00  1.4157512106e+06  1.4157512106e+06  3.4616000000e+07
-1.4215303826e-01  1.0000000000e+00  1.4157512106e+06  1.4157512106e+06  3.4616000000e+07
-1.4198799700e-01  1.0000000000e+00  1.4157512106e+06  1.4157512106e+06  3.4616000000e+07
-1.4182295574e-01  1.0000000000e+00  1.4157512106e+06  1.4157512106e+06  3.4616000000e+07
-1.4165791448e-01  1.0000000000e+00  1.4157512106e+06  1.4157512106e+06  3.4616000000e+07
-1.4149287322e-01  1.0000000000e+00  1.4157512106e+06  1.4157512106e+06  3.4616000000e+07
-1.4132783196e-01  1.0000000000e+00  1.4157512106e+06  1.4157512106e+06  3.4616000000e+07
-1.4116279070e-01  1.0000000000e+00  1.4157512106e+06  1.4157512106e+06  3.4616000000e+07
-1.4099774944e-01  1.0000000000e+00  1.4157512106e+06  1.4157512106e+06  3.4616000000e+07
-1.4083270818e-01  1.0000000000e+00  1.4157512106e+06  1.4157512106e+06  3.4616000000e+07
-1.4066766692e-01  1.0000000000e+00  1.4157512106e+06  1.4157512106e+06  3.4616000000e+07
-1.4050262566e-01  1.0000000000e+00  1.4157512106e+06  1.4157512106e+06  3.4616000000e+07
-1.4033758440e-01  1.0000000000e+00  1.4157512106e+06  1.4157512106e+06  3.4616000000e+07
-1.4017254314e-01  1.0000000000e+00  1.4157512106e+06  1.4157512106e+06  3.4616000000e+07
-1.4000750188e-01  1.0000000000e+00  1.4157512106e+06  1.4157512106e+06  3.4616000000e+07
-1.3984246062e-01  1.0000000000e+00  1.4157512106e+06  1.4157512106e+06  3.4616000000e+07
-1.3967741935e-01  1.0000000000e+00  1.4157512106e+06  1.4157512106e+06  3.4616000000e+07
-1.3951237809e-01  1.0000000000e+00  1.4157512106e+06  1.4157512106e+06  3.4616000000e+07
-1.3934733683e-01  1.0000000000e+00  1.4157512106e+06  1.4157512106e+06  3.4616000000e+07
-1.3918229557e-01  1.0000000000e+00  1.4157512106e+06  1.4157512106e+06  3.4616000000e+07
-1.3901725431e-01  1.0000000000e+00  1.4157512106e+06  1.4157512106e+06  3.4616000000e+07
-1.3885221305e-01  1.0000000000e+00  1.4157512106e+06  1.4157512106e+06  3.4616000000e+07
-1.3868717179e-01  1.0000000000e+00  1.4157512106e+06  1.4157512106e+06  3.4616000000e+07
-1.3852213053e-01  1.0000000000e+00  1.4157512106e+06  1.4157512106e+06  3.4616000000e+07
-1.3835708927e-01  1.0000000000e+00  1.4157512106e+06  1.4157512106e+06  3.4616000000e+07
-1.3819204801e-01  1.0000000000e+00  1.4157512106e+06  1.4157512106e+06  3.4616000000e+07
-1.3802700675e-01  1.0000000000e+00  1.4157512106e+06  1.4157512106e+06  3.4616000000e+07
-1.3786196549e-01  1.0000000000e+00  1.4157512106e+06  1.4157512106e+06  3.4616000000e+07
-1.3769692423e-01  1.0000000000e+00  1.4157512106e+06  1.4157512106e+06  3.4616000000e+07
-1.3753188297e-01  1.0000000000e+00  1.4157512106e+06  1.4157512106e+06  3.4616000000e+07
-1.3736684171e-01  1.0000000000e+00  1.4157512106e+06  1.4157512106e+06  3.4616000000e+07
-1.3720180045e-01  1.0000000000e+00  1.4157512106e+06  1.4157512106e+06  3.4616000000e+07
-1.3703675919e-01  1.0000000000e+00  1.4157512106e+06  1.4157512106e+06  3.4616000000e+07
-1.3687171793e-01  1.0000000000e+00  1.4157512106e+06  1.4157512106e+06  3.4616000000e+07
-1.3670667667e-01  1.0000000000e+00  1.4157512106e+06  1.4157512106e+06  3.4616000000e+07
-1.3654163541e-01  1.0000000000e+00  1.4157512106e+06  1.4157512106e+06  3.4616000000e+07
-1.3637659415e-01  1.0000000000e+00  1.4157512106e+06  1.4157512106e+06  3.4616000000e+07
-1.3621155289e-01  1.0000000000e+00  1.4157512106e+06  1.4157512106e+06  3.4616000000e+07
-1.3604651163e-01  1.0000000000e+00  1.4157512106e+06  1.4157512106e+06  3.4616000000e+07
-1.3588147037e-01  1.0000000000e+00  1.4157512106e+06  1.4157512106e+06  3.4616000000e+07
-1.3571642911e-01  1.0000000000e+00  1.4157512106e+06  1.4157512106e+06  3.4616000000e+07
-1.3555138785e-01  1.0000000000e+00  1.4157512106e+06  1.4157512106e+06  3.4616000000e+07
-1.3538634659e-01  1.0000000000e+00  1.4157512106e+06  1.4157512106e+06  3.4616000000e+07
-1.3522130533e-01  1.0000000000e+00  1.4157512106e+06  1.4157512106e+06  3.4616000000e+07
-1.3505626407e-01  1.0000000000e+00  1.4157512106e+06  1.4157512106e+06  3.4616000000e+07
-1.3489122281e-01  1.0000000000e+00  1.4157512106e+06  1.4157512106e+06  3.4616000000e+07
-1.3472618155e-01  1.0000000000e+00  1.4157512106e+06  1.4157512106e+06  3.4616000000e+07
-1.3456114029e-01  1.0000000000e+00  1.4157512106e+06  1.4157512106e+06  3.4616000000e+07
-1.3439609902e-01  1.0000000000e+00  1.4157512106e+06  1.4157512106e+06  3.4616000000e+07
-1.3423105776e-01  1.0000000000e+00  1.4157512106e+06  1.4157512106e+06  3.4616000000e+07
-1.3406601650e-01  1.0000000000e+00  1.4157512106e+06  1.4157512106e+06  3.4616000000e+07
-1.3390097524e-01  1.0000000000e+00  1.4157512106e+06  1.4157512106e+06  3.4616000000e+07
-1.3373593398e-01  1.0000000000e+00  1.4157512106e+06  1.4157512106e+06  3.4616000000e+07
-1.3357089272e-01  1.0000000000e+00  1.4157512106e+06  1.4157512106e+06  3.4616000000e+07
-1.3340585146e-01  1.0000000000e+00  1.4157512106e+06  1.4157512106e+06  3.4616000000e+07
-1.3324081020e-01  1.0000000000e+00  1.4157512106e+06  1.4157512106e+06  3.4616000000e+07
-1.3307576894e-01  1.0000000000e+00  1.4157512106e+06  1.4157512106e+06  3.4616000000e+07
-1.3291072768e-01  1.0000000000e+00  1.4157512106e+06  1.4157512106e+06  3.4616000000e+07
-1.3274568642e-01  1.0000000000e+00  1.4157512106e+06  1.4157512106e+06  3.4616000000e+07
-1.3258064516e-01  1.0000000000e+00  1.4157512106e+06  1.4157512106e+06  3.4616000000e+07
-1.3241560390e-01  1.0000000000e+00  1.4157512106e+06  1.4157512106e+06  3.4616000000e+07
-1.3225056264e-01  1.0000000000e+00  1.4157512106e+06  1.4157512106e+06  3.4616000000e+07
-1.3208552138e-01  1.0000000000e+00  1.4157512106e+06  1.4157512106e+06  3.4616000000e+07
-1.3192048012e-01  1.0000000000e+00  1.4157512106e+06  1.4157512106e+06  3.4616000000e+07
-1.3175543886e-01  1.0000000000e+00  1.4157512106e+06  1.4157512106e+06  3.4616000000e+07
-1.3159039760e-01  1.0000000000e+00  1.4157512106e+06  1.4157512106e+06  3.4616000000e+07
-1.3142535634e-01  1.0000000000e+00  1.4157512106e+06  1.4157512106e+06  3.4616000000e+07
-1.3126031508e-01  1.0000000000e+00  1.4157512106e+06  1.4157512106e+06  3.4616000000e+07
-1.3109527382e-01  1.0000000000e+00  1.4157512106e+06  1.4157512106e+06  3.4616000000e+07
-1.3093023256e-01  1.0000000000e+00  1.4157512106e+06  1.4157512106e+06  3.4616000000e+07
-1.3076519130e-01  1.0000000000e+00  1.4157512106e+06  1.4157512106e+06  3.4616000000e+07
-1.3060015004e-01  1.0000000000e+00  1.4157512106e+06  1.4157512106e+06  3.4616000000e+07
-1.3043510878e-01  1.0000000000e+00  1.4157512106e+06  1.4157512106e+06  3.4616000000e+07
-1.3027006752e-01  1.0000000000e+00  1.4157512106e+06  1.4157512106e+06  3.4616000000e+07
-1.3010502626e-01  1.0000000000e+00  1.4157512106e+06  1.4157512106e+06  3.4616000000e+07
-1.2993998500e-01  1.0000000000e+00  1.4157512106e+06  1.4157512106e+06  3.4616000000e+07
-1.2977494374e-01  1.0000000000e+00  1.4157512106e+06  1.4157512106e+06  3.4616000000e+07
-1.2960990248e-01  1.0000000000e+00  1.4157512106e+06  1.4157512106e+06  3.4616000000e+07
-1.2944486122e-01  1.0000000000e+00  1.4157512106e+06  1.4157512106e+06  3.4616000000e+07
-1.2927981995e-01  1.0000000000e+00  1.4157512106e+06  1.4157512106e+06  3.4616000000e+07
-1.2911477869e-01  1.0000000000e+00  1.4157512106e+06  1.4157512106e+06  3.4616000000e+07
-1.2894973743e-01  1.0000000000e+00  1.4157512106e+06  1.4157512106e+06  3.4616000000e+07
-1.2878469617e-01  1.0000000000e+00  1.4157512106e+06  1.4157512106e+06  3.4616000000e+07
-1.2861965491e-01  1.0000000000e+00  1.4157512106e+06  1.4157512106e+06  3.4616000000e+07
-1.2845461365e-01  1.0000000000e+00  1.4157512106e+06  1.4157512106e+06  3.4616000000e+07
-1.2828957239e-01  1.0000000000e+00  1.4157512106e+06  1.4157512106e+06  3.4616000000e+07
-1.2812453113e-01  1.0000000000e+00  1.4157512106e+06  1.4157512106e+06  3.4616000000e+07
-1.2795948987e-01  1.0000000000e+00  1.4157512106e+06  1.4157512106e+06  3.4616000000e+07
-1.2779444861e-01  1.0000000000e+00  1.4157512106e+06  1.4157512106e+06  3.4616000000e+07
-1.2762940735e-01  1.0000000000e+00  1.4157512106e+06  1.4157512106e+06  3.4616000000e+07
-1.2746436609e-01  1.0000000000e+00  1.4157512106e+06  1.4157512106e+06  3.4616000000e+07
-1.2729932483e-01  1.0000000000e+00  1.4157512106e+06  1.4157512106e+06  3.4616000000e+07
-1.2713428357e-01  1.0000000000e+00  1.4157512106e+06  1.4157512106e+06  3.4616000000e+07
-1.2696924231e-01  1.0000000000e+00  1.4157512106e+06  1.4157512106e+06  3.4616000000e+07
-1.2680420105e-01  1.0000000000e+00  1.4157512106e+06  1.4157512106e+06  3.4616000000e+07
-1.2663915979e-01  1.0000000000e+00  1.4157512106e+06  1.4157512106e+06  3.4616000000e+07
-1.2647411853e-01  1.0000000000e+00  1.4157512106e+06  1.4157512106e+06  3.4616000000e+07
-1.2630907727e-01  1.0000000000e+00  1.4157512106e+06  1.4157512106e+06  3.4616000000e+07
-1.2614403601e-01  1.0000000000e+00  1.4157512106e+06  1.4157512106e+06  3.4616000000e+07
-1.2597899475e-01  1.0000000000e+00  1.4157512106e+06  1.4157512106e+06  3.4616000000e+07
-1.2581395349e-01  1.0000000000e+00  1.4157512106e+06  1.4157512106e+06  3.4616000000e+07
-1.2564891223e-01  1.0000000000e+00  1.4157512106e+06  1.4157512106e+06  3.4616000000e+07
-1.2548387097e-01  1.0000000000e+00  1.4157512106e+06  1.4157512106e+06  3.4616000000e+07
-1.2531882971e-01  1.0000000000e+00  1.4157512106e+06  1.4157512106e+06  3.4616000000e+07
-1.2515378845e-01  1.0000000000e+00  1.4157512106e+06  1.4157512106e+06  3.4616000000e+07
-1.2498874719e-01  1.0000000000e+00  1.4157512106e+06  1.4157512106e+06  3.4616000000e+07
-1.2482370593e-01  1.0000000000e+00  1.4157512106e+06  1.4157512106e+06  3.4616000000e+07
-1.2465866467e-01  1.0000000000e+00  1.4157512106e+06  1.4157512106e+06  3.4616000000e+07
-1.2449362341e-01  1.0000000000e+00  1.4157512106e+06  1.4157512106e+06  3.4616000000e+07
-1.2432858215e-01  1.0000000000e+00  1.4157512106e+06  1.4157512106e+06  3.4616000000e+07
-1.2416354089e-01  1.0000000000e+00  1.4157512106e+06  1.4157512106e+06  3.4616000000e+07
-1.2399849962e-01  1.0000000000e+00  1.4157512106e+06  1.4157512106e+06  3.4616000000e+07
-1.2383345836e-01  1.0000000000e+00  1.4157512106e+06  1.4157512106e+06  3.4616000000e+07
-1.2366841710e-01  1.0000000000e+00  1.4157512106e+06  1.4157512106e+06  3.4616000000e+07
-1.2350337584e-01  1.0000000000e+00  1.4157512106e+06  1.4157512106e+06  3.4616000000e+07
-1.2333833458e-01  1.0000000000e+00  1.4157512106e+06  1.4157512106e+06  3.4616000000e+07
-1.2317329332e-01  1.0000000000e+00  1.4157512106e+06  1.4157512106e+06  3.4616000000e+07
-1.2300825206e-01  1.0000000000e+00  1.4157512106e+06  1.4157512106e+06  3.4616000000e+07
-1.2284321080e-01  1.0000000000e+00  1.4157512106e+06  1.4157512106e+06  3.4616000000e+07
-1.2267816954e-01  1.0000000000e+00  1.4157512106e+06  1.4157512106e+06  3.4616000000e+07
-1.2251312828e-01  1.0000000000e+00  1.4157512106e+06  1.4157512106e+06  3.4616000000e+07
-1.2234808702e-01  1.0000000000e+00  1.4157512106e+06  1.4157512106e+06  3.4616000000e+07
-1.2218304576e-01  1.0000000000e+00  1.4157512106e+06  1.4157512106e+06  3.4616000000e+07
-1.2201800450e-01  1.0000000000e+00  1.4157512106e+06  1.4157512106e+06  3.4616000000e+07
-1.2185296324e-01  1.0000000000e+00  1.4157512106e+06  1.4157512106e+06  3.4616000000e+07
-1.2168792198e-01  1.0000000000e+00  1.4157512106e+06  1.4157512106e+06  3.4616000000e+07
-1.2152288072e-01  1.0000000000e+00  1.4157512106e+06  1.4157512106e+06  3.4616000000e+07
-1.2135783946e-01  1.0000000000e+00  1.4157512106e+06  1.4157512106e+06  3.4616000000e+07
-1.2119279820e-01  1.0000000000e+00  1.4157512106e+06  1.4157512106e+06  3.4616000000e+07
-1.2102775694e-01  1.0000000000e+00  1.4157512106e+06  1.4157512106e+06  3.4616000000e+07
-1.2086271568e-01  1.0000000000e+00  1.4157512106e+06  1.4157512106e+06  3.4616000000e+07
-1.2069767442e-01  1.0000000000e+00  1.4157512106e+06  1.4157512106e+06  3.4616000000e+07
-1.2053263316e-01  1.0000000000e+00  1.4157512106e+06  1.4157512106e+06  3.4616000000e+07
-1.2036759190e-01  1.0000000000e+00  1.4157512106e+06  1.4157512106e+06  3.4616000000e+07
-1.2020255064e-01  1.0000000000e+00  1.4157512106e+06  1.4157512106e+06  3.4616000000e+07
-1.2003750938e-01  1.0000000000e+00  1.4157512106e+06  1.4157512106e+06  3.4616000000e+07
-1.1987246812e-01  1.0000000000e+00  1.4157512106e+06  1.4157512106e+06  3.4616000000e+07
-1.1970742686e-01  1.0000000000e+00  1.4157512106e+06  1.4157512106e+06  3.4616000000e+07
-1.1954238560e-01  1.0000000000e+00  1.4157512106e+06  1.4157512106e+06  3.4616000000e+07
-1.1937734434e-01  1.0000000000e+00  1.4157512106e+06  1.4157512106e+06  3.4616000000e+07
-1.1921230308e-01  1.0000000000e+00  1.4157512106e+06  1.4157512106e+06  3.4616000000e+07
-1.1904726182e-01  1.0000000000e+00  1.4157512106e+06  1.4157512106e+06  3.4616000000e+07
-1.1888222056e-01  1.0000000000e+00  1.4157512106e+06  1.4157512106e+06  3.4616000000e+07
-1.1871717929e-01  1.0000000000e+00  1.4157512106e+06  1.4157512106e+06  3.4616000000e+07
-1.1855213803e-01  1.0000000000e+00  1.4157512106e+06  1.4157512106e+06  3.4616000000e+07
-1.1838709677e-01  1.0000000000e+00  1.4157512106e+06  1.4157512106e+06  3.4616000000e+07
-1.1822205551e-01  1.0000000000e+00  1.4157512106e+06  1.4157512106e+06  3.4616000000e+07
-1.1805701425e-01  1.0000000000e+00  1.4157512106e+06  1.4157512106e+06  3.4616000000e+07
-1.1789197299e-01  1.0000000000e+00  1.4157512106e+06  1.4157512106e+06  3.4616000000e+07
-1.1772693173e-01  1.0000000000e+00  1.4157512106e+06  1.4157512106e+06  3.4616000000e+07
-1.1756189047e-01  1.0000000000e+00  1.4157512106e+06  1.4157512106e+06  3.4616000000e+07
-1.1739684921e-01  1.0000000000e+00  1.4157512106e+06  1.4157512106e+06  3.4616000000e+07
-1.1723180795e-01  1.0000000000e+00  1.4157512106e+06  1.4157512106e+06  3.4616000000e+07
-1.1706676669e-01  1.0000000000e+00  1.4157512106e+06  1.4157512106e+06  3.4616000000e+07
-1.1690172543e-01  1.0000000000e+00  1.4157512106e+06  1.4157512106e+06  3.4616000000e+07
-1.1673668417e-01  1.0000000000e+00  1.4157512106e+06  1.4157512106e+06  3.4616000000e+07
-1.1657164291e-01  1.0000000000e+00  1.4157512106e+06  1.4157512106e+06  3.4616000000e+07
-1.1640660165e-01  1.0000000000e+00  1.4157512106e+06  1.4157512106e+06  3.4616000000e+07
-1.1624156039e-01  1.0000000000e+00  1.4157512106e+06  1.4157512106e+06  3.4616000000e+07
-1.1607651913e-01  1.0000000000e+00  1.4157512106e+06  1.4157512106e+06  3.4616000000e+07
-1.1591147787e-01  1.0000000000e+00  1.4157512106e+06  1.4157512106e+06  3.4616000000e+07
-1.1574643661e-01  1.0000000000e+00  1.4157512106e+06  1.4157512106e+06  3.4616000000e+07
-1.1558139535e-01  1.0000000000e+00  1.4157512106e+06  1.4157512106e+06  3.4616000000e+07
-1.1541635409e-01  1.0000000000e+00  1.4157512106e+06  1.4157512106e+06  3.4616000000e+07
-1.1525131283e-01  1.0000000000e+00  1.4157512106e+06  1.4157512106e+06  3.4616000000e+07
-1.1508627157e-01  1.0000000000e+00  1.4157512106e+06  1.4157512106e+06  3.4616000000e+07
-1.1492123031e-01  1.0000000000e+00  1.4157512106e+06  1.4157512106e+06  3.4616000000e+07
-1.1475618905e-01  1.0000000000e+00  1.4157512106e+06  1.4157512106e+06  3.4616000000e+07
-1.1459114779e-01  1.0000000000e+00  1.4157512106e+06  1.4157512106e+06  3.4616000000e+07
-1.1442610653e-01  1.0000000000e+00  1.4157512106e+06  1.4157512106e+06  3.4616000000e+07
-1.1426106527e-01  1.0000000000e+00  1.4157512106e+06  1.4157512106e+06  3.4616000000e+07
-1.1409602401e-01  1.0000000000e+00  1.4157512106e+06  1.4157512106e+06  3.4616000000e+07
-1.1393098275e-01  1.0000000000e+00  1.4157512106e+06  1.4157512106e+06  3.4616000000e+07
-1.1376594149e-01  1.0000000000e+00  1.4157512106e+06  1.4157512106e+06  3.4616000000e+07
-1.1360090023e-01  1.0000000000e+00  1.4157512106e+06  1.4157512106e+06  3.4616000000e+07
-1.1343585896e-01  1.0000000000e+00  1.4157512106e+06  1.4157512106e+06  3.4616000000e+07
-1.1327081770e-01  1.0000000000e+00  1.4157512106e+06  1.4157512106e+06  3.4616000000e+07
-1.1310577644e-01  1.0000000000e+00  1.4157512106e+06  1.4157512106e+06  3.4616000000e+07
-1.1294073518e-01  1.0000000000e+00  1.4157512106e+06  1.4157512106e+06  3.4616000000e+07
-1.1277569392e-01  1.0000000000e+00  1.4157512106e+06  1.4157512106e+06  3.4616000000e+07
-1.1261065266e-01  1.0000000000e+00  1.4157512106e+06  1.4157512106e+06  3.4616000000e+07
-1.1244561140e-01  1.0000000000e+00  1.4157512106e+06  1.4157512106e+06  3.4616000000e+07
-1.1228057014e-01  1.0000000000e+00  1.4157512106e+06  1.4157512106e+06  3.4616000000e+07
-1.1211552888e-01  1.0000000000e+00  1.4157512106e+06  1.4157512106e+06  3.4616000000e+07
-1.1195048762e-01  1.0000000000e+00  1.4157512106e+06  1.4157512106e+06  3.4616000000e+07
-1.1178544636e-01  1.0000000000e+00  1.4157512106e+06  1.4157512106e+06  3.4616000000e+07
-1.1162040510e-01  1.0000000000e+00  1.4157512106e+06  1.4157512106e+06  3.4616000000e+07
-1.1145536384e-01  1.0000000000e+00  1.4157512106e+06  1.4157512106e+06  3.4616000000e+07
-1.1129032258e-01  1.0000000000e+00  1.4157512106e+06  1.4157512106e+06  3.4616000000e+07
-1.1112528132e-01  1.0000000000e+00  1.4157512106e+06  1.4157512106e+06  3.4616000000e+07
-1.1096024006e-01  1.0000000000e+00  1.4157512106e+06  1.4157512106e+06  3.4616000000e+07
-1.1079519880e-01  1.0000000000e+00  1.4157512106e+06  1.4157512106e+06  3.4616000000e+07
-1.1063015754e-01  1.0000000000e+00  1.4157512106e+06  1.4157512106e+06  3.4616000000e+07
-1.1046511628e-01  1.0000000000e+00  1.4157512106e+06  1.4157512106e+06  3.4616000000e+07
-1.1030007502e-01  1.0000000000e+00  1.4157512106e+06  1.4157512106e+06  3.4616000000e+07
-1.1013503376e-01  1.0000000000e+00  1.4157512106e+06  1.4157512106e+06  3.4616000000e+07
-1.0996999250e-01  1.0000000000e+00  1.4157512106e+06  1.4157512106e+06  3.4616000000e+07
-1.0980495124e-01  1.0000000000e+00  1.4157512106e+06  1.4157512106e+06  3.4616000000e+07
-1.0963990998e-01  1.0000000000e+00  1.4157512106e+06  1.4157512106e+06  3.4616000000e+07
-1.0947486872e-01  1.0000000000e+00  1.4157512106e+06  1.4157512106e+06  3.4616000000e+07
-1.0930982746e-01  1.0000000000e+00  1.4157512106e+06  1.4157512106e+06  3.4616000000e+07
-1.0914478620e-01  1.0000000000e+00  1.4157512106e+06  1.4157512106e+06  3.4616000000e+07
-1.0897974494e-01  1.0000000000e+00  1.4157512106e+06  1.4157512106e+06  3.4616000000e+07
-1.0881470368e-01  1.0000000000e+00  1.4157512106e+06  1.4157512106e+06  3.4616000000e+07
-1.0864966242e-01  1.0000000000e+00  1.4157512106e+06  1.4157512106e+06  3.4616000000e+07
-1.0848462116e-01  1.0000000000e+00  1.4157512106e+06  1.4157512106e+06  3.4616000000e+07
-1.0831957989e-01  1.0000000000e+00  1.4157512106e+06  1.4157512106e+06  3.4616000000e+07
-1.0815453863e-01  1.0000000000e+00  1.4157512106e+06  1.4157512106e+06  3.4616000000e+07
-1.0798949737e-01  1.0000000000e+00  1.4157512106e+06  1.4157512106e+06  3.4616000000e+07
-1.0782445611e-01  1.0000000000e+00  1.4157512106e+06  1.4157512106e+06  3.4616000000e+07
-1.0765941485e-01  1.0000000000e+00  1.4157512106e+06  1.4157512106e+06  3.4616000000e+07
-1.0749437359e-01  1.0000000000e+00  1.4157512106e+06  1.4157512106e+06  3.4616000000e+07
-1.0732933233e-01  1.0000000000e+00  1.4157512106e+06  1.4157512106e+06  3.4616000000e+07
-1.0716429107e-01  1.0000000000e+00  1.4157512106e+06  1.4157512106e+06  3.4616000000e+07
-1.0699924981e-01  1.0000000000e+00  1.4157512106e+06  1.4157512106e+06  3.4616000000e+07
-1.0683420855e-01  1.0000000000e+00  1.4157512106e+06  1.4157512106e+06  3.4616000000e+07
-1.0666916729e-01  1.0000000000e+00  1.4157512106e+06  1.4157512106e+06  3.4616000000e+07
-1.0650412603e-01  1.0000000000e+00  1.4157512106e+06  1.4157512106e+06  3.4616000000e+07
-1.0633908477e-01  1.0000000000e+00  1.4157512106e+06  1.4157512106e+06  3.4616000000e+07
-1.0617404351e-01  1.0000000000e+00  1.4157512106e+06  1.4157512106e+06  3.4616000000e+07
-1.0600900225e-01  1.0000000000e+00  1.4157512106e+06  1.4157512106e+06  3.4616000000e+07
-1.0584396099e-01  1.0000000000e+00  1.4157512106e+06  1.4157512106e+06  3.4616000000e+07
-1.0567891973e-01  1.0000000000e+00  1.4157512106e+06  1.4157512106e+06  3.4616000000e+07
-1.0551387847e-01  1.0000000000e+00  1.4157512106e+06  1.4157512106e+06  3.4616000000e+07
-1.0534883721e-01  1.0000000000e+00  1.4157512106e+06  1.4157512106e+06  3.4616000000e+07
-1.0518379595e-01  1.0000000000e+00  1.4157512106e+06  1.4157512106e+06  3.4616000000e+07
-1.0501875469e-01  1.0000000000e+00  1.4157512106e+06  1.4157512106e+06  3.4616000000e+07
-1.0485371343e-01  1.0000000000e+00  1.4157512106e+06  1.4157512106e+06  3.4616000000e+07
-1.0468867217e-01  1.0000000000e+00  1.4157512106e+06  1.4157512106e+06  3.4616000000e+07
-1.0452363091e-01  1.0000000000e+00  1.4157512106e+06  1.4157512106e+06  3.4616000000e+07
-1.0435858965e-01  1.0000000000e+00  1.4157512106e+06  1.4157512106e+06  3.4616000000e+07
-1.0419354839e-01  1.0000000000e+00  1.4157512106e+06  1.4157512106e+06  3.4616000000e+07
-1.0402850713e-01  1.0000000000e+00  1.4157512106e+06  1.4157512106e+06  3.4616000000e+07
-1.0386346587e-01  1.0000000000e+00  1.4157512106e+06  1.4157512106e+06  3.4616000000e+07
-1.0369842461e-01  1.0000000000e+00  1.4157512106e+06  1.4157512106e+06  3.4616000000e+07
-1.0353338335e-01  1.0000000000e+00  1.4157512106e+06  1.4157512106e+06  3.4616000000e+07
-1.0336834209e-01  1.0000000000e+00  1.4157512106e+06  1.4157512106e+06  3.4616000000e+07
-1.0320330083e-01  1.0000000000e+00  1.4157512106e+06  1.4157512106e+06  3.4616000000e+07
-1.0303825956e-01  1.0000000000e+00  1.4157512106e+06  1.4157512106e+06  3.4616000000e+07
-1.0287321830e-01  1.0000000000e+00  1.4157512106e+06  1.4157512106e+06  3.4616000000e+07
-1.0270817704e-01  1.0000000000e+00  1.4157512106e+06  1.4157512106e+06  3.4616000000e+07
-1.0254313578e-01  1.0000000000e+00  1.4157512106e+06  1.4157512106e+06  3.4616000000e+07
-1.0237809452e-01  1.0000000000e+00  1.4157512106e+06  1.4157512106e+06  3.4616000000e+07
-1.0221305326e-01  1.0000000000e+00  1.4157512106e+06  1.4157512106e+06  3.4616000000e+07
-1.0204801200e-01  1.0000000000e+00  1.4157512106e+06  1.4157512106e+06  3.4616000000e+07
-1.0188297074e-01  1.0000000000e+00  1.4157512106e+06  1.4157512106e+06  3.4616000000e+07
-1.0171792948e-01  1.0000000000e+00  1.4157512106e+06  1.4157512106e+06  3.4616000000e+07
-1.0155288822e-01  1.0000000000e+00  1.4157512106e+06  1.4157512106e+06  3.4616000000e+07
-1.0138784696e-01  1.0000000000e+00  1.4157512106e+06  1.4157512106e+06  3.4616000000e+07
-1.0122280570e-01  1.0000000000e+00  1.4157512106e+06  1.4157512106e+06  3.4616000000e+07
-1.0105776444e-01  1.0000000000e+00  1.4157512106e+06  1.4157512106e+06  3.4616000000e+07
-1.0089272318e-01  1.0000000000e+00  1.4157512106e+06  1.4157512106e+06  3.4616000000e+07
-1.0072768192e-01  1.0000000000e+00  1.4157512106e+06  1.4157512106e+06  3.4616000000e+07
-1.0056264066e-01  1.0000000000e+00  1.4157512106e+06  1.4157512106e+06  3.4616000000e+07
-1.0039759940e-01  1.0000000000e+00  1.4157512106e+06  1.4157512106e+06  3.4616000000e+07
-1.0023255814e-01  1.0000000000e+00  1.4157512106e+06  1.4157512106e+06  3.4616000000e+07
-1.0006751688e-01  1.0000000000e+00  1.4157512106e+06  1.4157512106e+06  3.4616000000e+07
-9.9902475619e-02  1.0000000000e+00  1.4157512106e+06  1.4157512106e+06  3.4616000000e+07
-9.9737434359e-02  1.0000000000e+00  1.4157512106e+06  1.4157512106e+06  3.4616000000e+07
-9.9572393098e-02  1.0000000000e+00  1.4157512106e+06  1.4157512106e+06  3.4616000000e+07
-9.9407351838e-02  1.0000000000e+00  1.4157512106e+06  1.4157512106e+06  3.4616000000e+07
-9.9242310578e-02  1.0000000000e+00  1.4157512106e+06  1.4157512106e+06  3.4616000000e+07
-9.9077269317e-02  1.0000000000e+00  1.4157512106e+06  1.4157512106e+06  3.4616000000e+07
-9.8912228057e-02  1.0000000000e+00  1.4157512106e+06  1.4157512106e+06  3.4616000000e+07
-9.8747186797e-02  1.0000000000e+00  1.4157512106e+06  1.4157512106e+06  3.4616000000e+07
-9.8582145536e-02  1.0000000000e+00  1.4157512106e+06  1.4157512106e+06  3.4616000000e+07
-9.8417104276e-02  1.0000000000e+00  1.4157512106e+06  1.4157512106e+06  3.4616000000e+07
-9.8252063016e-02  1.0000000000e+00  1.4157512106e+06  1.4157512106e+06  3.4616000000e+07
-9.8087021755e-02  1.0000000000e+00  1.4157512106e+06  1.4157512106e+06  3.4616000000e+07
-9.7921980495e-02  1.0000000000e+00  1.4157512106e+06  1.4157512106e+06  3.4616000000e+07
-9.7756939235e-02  1.0000000000e+00  1.4157512106e+06  1.4157512106e+06  3.4616000000e+07
-9.7591897974e-02  1.0000000000e+00  1.4157512106e+06  1.4157512106e+06  3.4616000000e+07
-9.7426856714e-02  1.0000000000e+00  1.4157512106e+06  1.4157512106e+06  3.4616000000e+07
-9.7261815454e-02  1.0000000000e+00  1.4157512106e+06  1.4157512106e+06  3.4616000000e+07
-9.7096774194e-02  1.0000000000e+00  1.4157512106e+06  1.4157512106e+06  3.4616000000e+07
-9.6931732933e-02  1.0000000000e+00  1.4157512106e+06  1.4157512106e+06  3.4616000000e+07
-9.6766691673e-02  1.0000000000e+00  1.4157512106e+06  1.4157512106e+06  3.4616000000e+07
-9.6601650413e-02  1.0000000000e+00  1.4157512106e+06  1.4157512106e+06  3.4616000000e+07
-9.6436609152e-02  1.0000000000e+00  1.4157512106e+06  1.4157512106e+06  3.4616000000e+07
-9.6271567892e-02  1.0000000000e+00  1.4157512106e+06  1.4157512106e+06  3.4616000000e+07
-9.6106526632e-02  1.0000000000e+00  1.4157512106e+06  1.4157512106e+06  3.4616000000e+07
-9.5941485371e-02  1.0000000000e+00  1.4157512106e+06  1.4157512106e+06  3.4616000000e+07
-9.5776444111e-02  1.0000000000e+00  1.4157512106e+06  1.4157512106e+06  3.4616000000e+07
-9.5611402851e-02  1.0000000000e+00  1.4157512106e+06  1.4157512106e+06  3.4616000000e+07
-9.5446361590e-02  1.0000000000e+00  1.4157512106e+06  1.4157512106e+06  3.4616000000e+07
-9.5281320330e-02  1.0000000000e+00  1.4157512106e+06  1.4157512106e+06  3.4616000000e+07
-9.5116279070e-02  1.0000000000e+00  1.4157512106e+06  1.4157512106e+06  3.4616000000e+07
-9.4951237809e-02  1.0000000000e+00  1.4157512106e+06  1.4157512106e+06  3.4616000000e+07
-9.4786196549e-02  1.0000000000e+00  1.4157512106e+06  1.4157512106e+06  3.4616000000e+07
-9.4621155289e-02  1.0000000000e+00  1.4157512106e+06  1.4157512106e+06  3.4616000000e+07
-9.4456114029e-02  1.0000000000e+00  1.4157512106e+06  1.4157512106e+06  3.4616000000e+07
-9.4291072768e-02  1.0000000000e+00  1.4157512106e+06  1.4157512106e+06  3.4616000000e+07
-9.4126031508e-02  1.0000000000e+00  1.4157512106e+06  1.4157512106e+06  3.4616000000e+07
-9.3960990248e-02  1.0000000000e+00  1.4157512106e+06  1.4157512106e+06  3.4616000000e+07
-9.3795948987e-02  1.0000000000e+00  1.4157512106e+06  1.4157512106e+06  3.4616000000e+07
-9.3630907727e-02  1.0000000000e+00  1.4157512106e+06  1.4157512106e+06  3.4616000000e+07
-9.3465866467e-02  1.0000000000e+00  1.4157512106e+06  1.4157512106e+06  3.4616000000e+07
-9.3300825206e-02  1.0000000000e+00  1.4157512106e+06  1.4157512106e+06  3.4616000000e+07
-9.3135783946e-02  1.0000000000e+00  1.4157512106e+06  1.4157512106e+06  3.4616000000e+07
-9.2970742686e-02  1.0000000000e+00  1.4157512106e+06  1.4157512106e+06  3.4616000000e+07
-9.2805701425e-02  1.0000000000e+00  1.4157512106e+06  1.4157512106e+06  3.4616000000e+07
-9.2640660165e-02  1.0000000000e+00  1.4157512106e+06  1.4157512106e+06  3.4616000000e+07
-9.2475618905e-02  1.0000000000e+00  1.4157512106e+06  1.4157512106e+06  3.4616000000e+07
-9.2310577644e-02  1.0000000000e+00  1.4157512106e+06  1.4157512106e+06  3.4616000000e+07
-9.2145536384e-02  1.0000000000e+00  1.4157512106e+06  1.4157512106e+06  3.4616000000e+07
-9.1980495124e-02  1.0000000000e+00  1.4157512106e+06  1.4157512106e+06  3.4616000000e+07
-9.1815453863e-02  1.0000000000e+00  1.4157512106e+06  1.4157512106e+06  3.4616000000e+07
-9.1650412603e-02  1.0000000000e+00  1.4157512106e+06  1.4157512106e+06  3.4616000000e+07
-9.1485371343e-02  1.0000000000e+00  1.4157512106e+06  1.4157512106e+06  3.4616000000e+07
-9.1320330083e-02  1.0000000000e+00  1.4157512106e+06  1.4157512106e+06  3.4616000000e+07
-9.1155288822e-02  1.0000000000e+00  1.4157512106e+06  1.4157512106e+06  3.4616000000e+07
-9.0990247562e-02  1.0000000000e+00  1.4157512106e+06  1.4157512106e+06  3.4616000000e+07
-9.0825206302e-02  1.0000000000e+00  1.4157512106e+06  1.4157512106e+06  3.4616000000e+07
-9.0660165041e-02  1.0000000000e+00  1.4157512106e+06  1.4157512106e+06  3.4616000000e+07
-9.0495123781e-02  1.0000000000e+00  1.4157512106e+06  1.4157512106e+06  3.4616000000e+07
-9.0330082521e-02  1.0000000000e+00  1.4157512106e+06  1.4157512106e+06  3.4616000000e+07
-9.0165041260e-02  1.0000000000e+00  1.4157512106e+06  1.4157512106e+06  3.4616000000e+07
-9.0000000000e-02  1.0000000000e+00  1.4157512106e+06  1.4157512106e+06  3.4616000000e+07
-8.9834958740e-02  1.0000000000e+00  1.4157512106e+06  1.4157512106e+06  3.4616000000e+07
-8.9669917479e-02  1.0000000000e+00  1.4157512106e+06  1.4157512106e+06  3.4616000000e+07
-8.9504876219e-02  1.0000000000e+00  1.4157512106e+06  1.4157512106e+06  3.4616000000e+07
-8.9339834959e-02  1.0000000000e+00  1.4157512106e+06  1.4157512106e+06  3.4616000000e+07
-8.9174793698e-02  1.0000000000e+00  1.4157512106e+06  1.4157512106e+06  3.4616000000e+07
-8.9009752438e-02  1.0000000000e+00  1.4157512106e+06  1.4157512106e+06  3.4616000000e+07
-8.8844711178e-02  1.0000000000e+00  1.4157512106e+06  1.4157512106e+06  3.4616000000e+07
-8.8679669917e-02  1.0000000000e+00  1.4157512106e+06  1.4157512106e+06  3.4616000000e+07
-8.8514628657e-02  1.0000000000e+00  1.4157512106e+06  1.4157512106e+06  3.4616000000e+07
-8.8349587397e-02  1.0000000000e+00  1.4157512106e+06  1.4157512106e+06  3.4616000000e+07
-8.8184546137e-02  1.0000000000e+00  1.4157512106e+06  1.4157512106e+06  3.4616000000e+07
-8.8019504876e-02  1.0000000000e+00  1.4157512106e+06  1.4157512106e+06  3.4616000000e+07
-8.7854463616e-02  1.0000000000e+00  1.4157512106e+06  1.4157512106e+06  3.4616000000e+07
-8.7689422356e-02  1.0000000000e+00  1.4157512106e+06  1.4157512106e+06  3.4616000000e+07
-8.7524381095e-02  1.0000000000e+00  1.4157512106e+06  1.4157512106e+06  3.4616000000e+07
-8.7359339835e-02  1.0000000000e+00  1.4157512106e+06  1.4157512106e+06  3.4616000000e+07
-8.7194298575e-02  1.0000000000e+00  1.4157512106e+06  1.4157512106e+06  3.4616000000e+07
-8.7029257314e-02  1.0000000000e+00  1.4157512106e+06  1.4157512106e+06  3.4616000000e+07
-8.6864216054e-02  1.0000000000e+00  1.4157512106e+06  1.4157512106e+06  3.4616000000e+07
-8.6699174794e-02  1.0000000000e+00  1.4157512106e+06  1.4157512106e+06  3.4616000000e+07
-8.6534133533e-02  1.0000000000e+00  1.4157512106e+06  1.4157512106e+06  3.4616000000e+07
-8.6369092273e-02  1.0000000000e+00  1.4157512106e+06  1.4157512106e+06  3.4616000000e+07
-8.6204051013e-02  1.0000000000e+00  1.4157512106e+06  1.4157512106e+06  3.4616000000e+07
-8.6039009752e-02  1.0000000000e+00  1.4157512106e+06  1.4157512106e+06  3.4616000000e+07
-8.5873968492e-02  1.0000000000e+00  1.4157512106e+06  1.4157512106e+06  3.4616000000e+07
-8.5708927232e-02  1.0000000000e+00  1.4157512106e+06  1.4157512106e+06  3.4616000000e+07
-8.5543885971e-02  1.0000000000e+00  1.4157512106e+06  1.4157512106e+06  3.4616000000e+07
-8.5378844711e-02  1.0000000000e+00  1.4157512106e+06  1.4157512106e+06  3.4616000000e+07
-8.5213803451e-02  1.0000000000e+00  1.4157512106e+06  1.4157512106e+06  3.4616000000e+07
-8.5048762191e-02  1.0000000000e+00  1.4157512106e+06  1.4157512106e+06  3.4616000000e+07
-8.4883720930e-02  1.0000000000e+00  1.4157512106e+06  1.4157512106e+06  3.4616000000e+07
-8.4718679670e-02  1.0000000000e+00  1.4157512106e+06  1.4157512106e+06  3.4616000000e+07
-8.4553638410e-02  1.0000000000e+00  1.4157512106e+06  1.4157512106e+06  3.4616000000e+07
-8.4388597149e-02  1.0000000000e+00  1.4157512106e+06  1.4157512106e+06  3.4616000000e+07
-8.4223555889e-02  1.0000000000e+00  1.4157512106e+06  1.4157512106e+06  3.4616000000e+07
-8.4058514629e-02  1.0000000000e+00  1.4157512106e+06  1.4157512106e+06  3.4616000000e+07
-8.3893473368e-02  1.0000000000e+00  1.4157512106e+06  1.4157512106e+06  3.4616000000e+07
-8.3728432108e-02  1.0000000000e+00  1.4157512106e+06  1.4157512106e+06  3.4616000000e+07
-8.3563390848e-02  1.0000000000e+00  1.4157512106e+06  1.4157512106e+06  3.4616000000e+07
-8.3398349587e-02  1.0000000000e+00  1.4157512106e+06  1.4157512106e+06  3.4616000000e+07
-8.3233308327e-02  1.0000000000e+00  1.4157512106e+06  1.4157512106e+06  3.4616000000e+07
-8.3068267067e-02  1.0000000000e+00  1.4157512106e+06  1.4157512106e+06  3.4616000000e+07
-8.2903225806e-02  1.0000000000e+00  1.4157512106e+06  1.4157512106e+06  3.4616000000e+07
-8.2738184546e-02  1.0000000000e+00  1.4157512106e+06  1.4157512106e+06  3.4616000000e+07
-8.2573143286e-02  1.0000000000e+00  1.4157512106e+06  1.4157512106e+06  3.4616000000e+07
-8.2408102026e-02  1.0000000000e+00  1.4157512106e+06  1.4157512106e+06  3.4616000000e+07
-8.2243060765e-02  1.0000000000e+00  1.4157512106e+06  1.4157512106e+06  3.4616000000e+07
-8.2078019505e-02  1.0000000000e+00  1.4157512106e+06  1.4157512106e+06  3.4616000000e+07
-8.1912978245e-02  1.0000000000e+00  1.4157512106e+06  1.4157512106e+06  3.4616000000e+07
-8.1747936984e-02  1.0000000000e+00  1.4157512106e+06  1.4157512106e+06  3.4616000000e+07
-8.1582895724e-02  1.0000000000e+00  1.4157512106e+06  1.4157512106e+06  3.4616000000e+07
-8.1417854464e-02  1.0000000000e+00  1.4157512106e+06  1.4157512106e+06  3.4616000000e+07
-8.1252813203e-02  1.0000000000e+00  1.4157512106e+06  1.4157512106e+06  3.4616000000e+07
-8.1087771943e-02  1.0000000000e+00  1.4157512106e+06  1.4157512106e+06  3.4616000000e+07
-8.0922730683e-02  1.0000000000e+00  1.4157512106e+06  1.4157512106e+06  3.4616000000e+07
-8.0757689422e-02  1.0000000000e+00  1.4157512106e+06  1.4157512106e+06  3.4616000000e+07
-8.0592648162e-02  1.0000000000e+00  1.4157512106e+06  1.4157512106e+06  3.4616000000e+07
-8.0427606902e-02  1.0000000000e+00  1.4157512106e+06  1.4157512106e+06  3.4616000000e+07
-8.0262565641e-02  1.0000000000e+00  1.4157512106e+06  1.4157512106e+06  3.4616000000e+07
-8.0097524381e-02  1.0000000000e+00  1.4157512106e+06  1.4157512106e+06  3.4616000000e+07
-7.9932483121e-02  1.0000000000e+00  1.4157512106e+06  1.4157512106e+06  3.4616000000e+07
-7.9767441860e-02  1.0000000000e+00  1.4157512106e+06  1.4157512106e+06  3.4616000000e+07
-7.9602400600e-02  1.0000000000e+00  1.4157512106e+06  1.4157512106e+06  3.4616000000e+07
-7.9437359340e-02  1.0000000000e+00  1.4157512106e+06  1.4157512106e+06  3.4616000000e+07
-7.9272318080e-02  1.0000000000e+00  1.4157512106e+06  1.4157512106e+06  3.4616000000e+07
-7.9107276819e-02  1.0000000000e+00  1.4157512106e+06  1.4157512106e+06  3.4616000000e+07
-7.8942235559e-02  1.0000000000e+00  1.4157512106e+06  1.4157512106e+06  3.4616000000e+07
-7.8777194299e-02  1.0000000000e+00  1.4157512106e+06  1.4157512106e+06  3.4616000000e+07
-7.8612153038e-02  1.0000000000e+00  1.4157512106e+06  1.4157512106e+06  3.4616000000e+07
-7.8447111778e-02  1.0000000000e+00  1.4157512106e+06  1.4157512106e+06  3.4616000000e+07
-7.8282070518e-02  1.0000000000e+00  1.4157512106e+06  1.4157512106e+06  3.4616000000e+07
-7.8117029257e-02  1.0000000000e+00  1.4157512106e+06  1.4157512106e+06  3.4616000000e+07
-7.7951987997e-02  1.0000000000e+00  1.4157512106e+06  1.4157512106e+06  3.4616000000e+07
-7.7786946737e-02  1.0000000000e+00  1.4157512106e+06  1.4157512106e+06  3.4616000000e+07
-7.7621905476e-02  1.0000000000e+00  1.4157512106e+06  1.4157512106e+06  3.4616000000e+07
-7.7456864216e-02  1.0000000000e+00  1.4157512106e+06  1.4157512106e+06  3.4616000000e+07
-7.7291822956e-02  1.0000000000e+00  1.4157512106e+06  1.4157512106e+06  3.4616000000e+07
-7.7126781695e-02  1.0000000000e+00  1.4157512106e+06  1.4157512106e+06  3.4616000000e+07
-7.6961740435e-02  1.0000000000e+00  1.4157512106e+06  1.4157512106e+06  3.4616000000e+07
-7.6796699175e-02  1.0000000000e+00  1.4157512106e+06  1.4157512106e+06  3.4616000000e+07
-7.6631657914e-02  1.0000000000e+00  1.4157512106e+06  1.4157512106e+06  3.4616000000e+07
-7.6466616654e-02  1.0000000000e+00  1.4157512106e+06  1.4157512106e+06  3.4616000000e+07
-7.6301575394e-02  1.0000000000e+00  1.4157512106e+06  1.4157512106e+06  3.4616000000e+07
-7.6136534134e-02  1.0000000000e+00  1.4157512106e+06  1.4157512106e+06  3.4616000000e+07
-7.5971492873e-02  1.0000000000e+00  1.4157512106e+06  1.4157512106e+06  3.4616000000e+07
-7.5806451613e-02  1.0000000000e+00  1.4157512106e+06  1.4157512106e+06  3.4616000000e+07
-7.5641410353e-02  1.0000000000e+00  1.4157512106e+06  1.4157512106e+06  3.4616000000e+07
-7.5476369092e-02  1.0000000000e+00  1.4157512106e+06  1.4157512106e+06  3.4616000000e+07
-7.5311327832e-02  1.0000000000e+00  1.4157512106e+06  1.4157512106e+06  3.4616000000e+07
-7.5146286572e-02  1.0000000000e+00  1.4157512106e+06  1.4157512106e+06  3.4616000000e+07
-7.4981245311e-02  1.0000000000e+00  1.4157512106e+06  1.4157512106e+06  3.4616000000e+07
-7.4816204051e-02  1.0000000000e+00  1.4157512106e+06  1.4157512106e+06  3.4616000000e+07
-7.4651162791e-02  1.0000000000e+00  1.4157512106e+06  1.4157512106e+06  3.4616000000e+07
-7.4486121530e-02  1.0000000000e+00  1.4157512106e+06  1.4157512106e+06  3.4616000000e+07
-7.4321080270e-02  1.0000000000e+00  1.4157512106e+06  1.4157512106e+06  3.4616000000e+07
-7.4156039010e-02  1.0000000000e+00  1.4157512106e+06  1.4157512106e+06  3.4616000000e+07
-7.3990997749e-02  1.0000000000e+00  1.4157512106e+06  1.4157512106e+06  3.4616000000e+07
-7.3825956489e-02  1.0000000000e+00  1.4157512106e+06  1.4157512106e+06  3.4616000000e+07
-7.3660915229e-02  1.0000000000e+00  1.4157512106e+06  1.4157512106e+06  3.4616000000e+07
-7.3495873968e-02  1.0000000000e+00  1.4157512106e+06  1.4157512106e+06  3.4616000000e+07
-7.3330832708e-02  1.0000000000e+00  1.4157512106e+06  1.4157512106e+06  3.4616000000e+07
-7.3165791448e-02  1.0000000000e+00  1.4157512106e+06  1.4157512106e+06  3.4616000000e+07
-7.3000750188e-02  1.0000000000e+00  1.4157512106e+06  1.4157512106e+06  3.4616000000e+07
-7.2835708927e-02  1.0000000000e+00  1.4157512106e+06  1.4157512106e+06  3.4616000000e+07
-7.2670667667e-02  1.0000000000e+00  1.4157512106e+06  1.4157512106e+06  3.4616000000e+07
-7.2505626407e-02  1.0000000000e+00  1.4157512106e+06  1.4157512106e+06  3.4616000000e+07
-7.2340585146e-02  1.0000000000e+00  1.4157512106e+06  1.4157512106e+06  3.4616000000e+07
-7.2175543886e-02  1.0000000000e+00  1.4157512106e+06  1.4157512106e+06  3.4616000000e+07
-7.2010502626e-02  1.0000000000e+00  1.4157512106e+06  1.4157512106e+06  3.4616000000e+07
-7.1845461365e-02  1.0000000000e+00  1.4157512106e+06  1.4157512106e+06  3.4616000000e+07
-7.1680420105e-02  1.0000000000e+00  1.4157512106e+06  1.4157512106e+06  3.4616000000e+07
-7.1515378845e-02  1.0000000000e+00  1.4157512106e+06  1.4157512106e+06  3.4616000000e+07
-7.1350337584e-02  1.0000000000e+00  1.4157512106e+06  1.4157512106e+06  3.4616000000e+07
-7.1185296324e-02  1.0000000000e+00  1.4157512106e+06  1.4157512106e+06  3.4616000000e+07
-7.1020255064e-02  1.0000000000e+00  1.4157512106e+06  1.4157512106e+06  3.4616000000e+07
-7.0855213803e-02  1.0000000000e+00  1.4157512106e+06  1.4157512106e+06  3.4616000000e+07
-7.0690172543e-02  1.0000000000e+00  1.4157512106e+06  1.4157512106e+06  3.4616000000e+07
-7.0525131283e-02  1.0000000000e+00  1.4157512106e+06  1.4157512106e+06  3.4616000000e+07
-7.0360090023e-02  1.0000000000e+00  1.4157512106e+06  1.4157512106e+06  3.4616000000e+07
-7.0195048762e-02  1.0000000000e+00  1.4157512106e+06  1.4157512106e+06  3.4616000000e+07
-7.0030007502e-02  1.0000000000e+00  1.4157512106e+06  1.4157512106e+06  3.4616000000e+07
-6.9864966242e-02  1.0000000000e+00  1.4157512106e+06  1.4157512106e+06  3.4616000000e+07
-6.9699924981e-02  1.0000000000e+00  1.4157512106e+06  1.4157512106e+06  3.4616000000e+07
-6.9534883721e-02  1.0000000000e+00  1.4157512106e+06  1.4157512106e+06  3.4616000000e+07
-6.9369842461e-02  1.0000000000e+00  1.4157512106e+06  1.4157512106e+06  3.4616000000e+07
-6.9204801200e-02  1.0000000000e+00  1.4157512106e+06  1.4157512106e+06  3.4616000000e+07
-6.9039759940e-02  1.0000000000e+00  1.4157512106e+06  1.4157512106e+06  3.4616000000e+07
-6.8874718680e-02  1.0000000000e+00  1.4157512106e+06  1.4157512106e+06  3.4616000000e+07
-6.8709677419e-02  1.0000000000e+00  1.4157512106e+06  1.4157512106e+06  3.4616000000e+07
-6.8544636159e-02  1.0000000000e+00  1.4157512106e+06  1.4157512106e+06  3.4616000000e+07
-6.8379594899e-02  1.0000000000e+00  1.4157512106e+06  1.4157512106e+06  3.4616000000e+07
-6.8214553638e-02  1.0000000000e+00  1.4157512106e+06  1.4157512106e+06  3.4616000000e+07
-6.8049512378e-02  1.0000000000e+00  1.4157512106e+06  1.4157512106e+06  3.4616000000e+07
-6.7884471118e-02  1.0000000000e+00  1.4157512106e+06  1.4157512106e+06  3.4616000000e+07
-6.7719429857e-02  1.0000000000e+00  1.4157512106e+06  1.4157512106e+06  3.4616000000e+07
-6.7554388597e-02  1.0000000000e+00  1.4157512106e+06  1.4157512106e+06  3.4616000000e+07
-6.7389347337e-02  1.0000000000e+00  1.4157512106e+06  1.4157512106e+06  3.4616000000e+07
-6.7224306077e-02  1.0000000000e+00  1.4157512106e+06  1.4157512106e+06  3.4616000000e+07
-6.7059264816e-02  1.0000000000e+00  1.4157512106e+06  1.4157512106e+06  3.4616000000e+07
-6.6894223556e-02  1.0000000000e+00  1.4157512106e+06  1.4157512106e+06  3.4616000000e+07
-6.6729182296e-02  1.0000000000e+00  1.4157512106e+06  1.4157512106e+06  3.4616000000e+07
-6.6564141035e-02  1.0000000000e+00  1.4157512106e+06  1.4157512106e+06  3.4616000000e+07
-6.6399099775e-02  1.0000000000e+00  1.4157512106e+06  1.4157512106e+06  3.4616000000e+07
-6.6234058515e-02  1.0000000000e+00  1.4157512106e+06  1.4157512106e+06  3.4616000000e+07
-6.6069017254e-02  1.0000000000e+00  1.4157512106e+06  1.4157512106e+06  3.4616000000e+07
-6.5903975994e-02  1.0000000000e+00  1.4157512106e+06  1.4157512106e+06  3.4616000000e+07
-6.5738934734e-02  1.0000000000e+00  1.4157512106e+06  1.4157512106e+06  3.4616000000e+07
-6.5573893473e-02  1.0000000000e+00  1.4157512106e+06  1.4157512106e+06  3.4616000000e+07
-6.5408852213e-02  1.0000000000e+00  1.4157512106e+06  1.4157512106e+06  3.4616000000e+07
-6.5243810953e-02  1.0000000000e+00  1.4157512106e+06  1.4157512106e+06  3.4616000000e+07
-6.5078769692e-02  1.0000000000e+00  1.4157512106e+06  1.4157512106e+06  3.4616000000e+07
-6.4913728432e-02  1.0000000000e+00  1.4157512106e+06  1.4157512106e+06  3.4616000000e+07
-6.4748687172e-02  1.0000000000e+00  1.4157512106e+06  1.4157512106e+06  3.4616000000e+07
-6.4583645911e-02  1.0000000000e+00  1.4157512106e+06  1.4157512106e+06  3.4616000000e+07
-6.4418604651e-02  1.0000000000e+00  1.4157512106e+06  1.4157512106e+06  3.4616000000e+07
-6.4253563391e-02  1.0000000000e+00  1.4157512106e+06  1.4157512106e+06  3.4616000000e+07
-6.4088522131e-02  1.0000000000e+00  1.4157512106e+06  1.4157512106e+06  3.4616000000e+07
-6.3923480870e-02  1.0000000000e+00  1.4157512106e+06  1.4157512106e+06  3.4616000000e+07
-6.3758439610e-02  1.0000000000e+00  1.4157512106e+06  1.4157512106e+06  3.4616000000e+07
-6.3593398350e-02  1.0000000000e+00  1.4157512106e+06  1.4157512106e+06  3.4616000000e+07
-6.3428357089e-02  1.0000000000e+00  1.4157512106e+06  1.4157512106e+06  3.4616000000e+07
-6.3263315829e-02  1.0000000000e+00  1.4157512106e+06  1.4157512106e+06  3.4616000000e+07
-6.3098274569e-02  1.0000000000e+00  1.4157512106e+06  1.4157512106e+06  3.4616000000e+07
-6.2933233308e-02  1.0000000000e+00  1.4157512106e+06  1.4157512106e+06  3.4616000000e+07
-6.2768192048e-02  1.0000000000e+00  1.4157512106e+06  1.4157512106e+06  3.4616000000e+07
-6.2603150788e-02  1.0000000000e+00  1.4157512106e+06  1.4157512106e+06  3.4616000000e+07
-6.2438109527e-02  1.0000000000e+00  1.4157512106e+06  1.4157512106e+06  3.4616000000e+07
-6.2273068267e-02  1.0000000000e+00  1.4157512106e+06  1.4157512106e+06  3.4616000000e+07
-6.2108027007e-02  1.0000000000e+00  1.4157512106e+06  1.4157512106e+06  3.4616000000e+07
-6.1942985746e-02  1.0000000000e+00  1.4157512106e+06  1.4157512106e+06  3.4616000000e+07
-6.1777944486e-02  1.0000000000e+00  1.4157512106e+06  1.4157512106e+06  3.4616000000e+07
-6.1612903226e-02  1.0000000000e+00  1.4157512106e+06  1.4157512106e+06  3.4616000000e+07
-6.1447861965e-02  1.0000000000e+00  1.4157512106e+06  1.4157512106e+06  3.4616000000e+07
-6.1282820705e-02  1.0000000000e+00  1.4157512106e+06  1.4157512106e+06  3.4616000000e+07
-6.1117779445e-02  1.0000000000e+00  1.4157512106e+06  1.4157512106e+06  3.4616000000e+07
-6.0952738185e-02  1.0000000000e+00  1.4157512106e+06  1.4157512106e+06  3.4616000000e+07
-6.0787696924e-02  1.0000000000e+00  1.4157512106e+06  1.4157512106e+06  3.4616000000e+07
-6.0622655664e-02  1.0000000000e+00  1.4157512106e+06  1.4157512106e+06  3.4616000000e+07
-6.0457614404e-02  1.0000000000e+00  1.4157512106e+06  1.4157512106e+06  3.4616000000e+07
-6.0292573143e-02  1.0000000000e+00  1.4157512106e+06  1.4157512106e+06  3.4616000000e+07
-6.0127531883e-02  1.0000000000e+00  1.4157512106e+06  1.4157512106e+06  3.4616000000e+07
-5.9962490623e-02  1.0000000000e+00  1.4157512106e+06  1.4157512106e+06  3.4616000000e+07
-5.9797449362e-02  1.0000000000e+00  1.4157512106e+06  1.4157512106e+06  3.4616000000e+07
-5.9632408102e-02  1.0000000000e+00  1.4157512106e+06  1.4157512106e+06  3.4616000000e+07
-5.9467366842e-02  1.0000000000e+00  1.4157512106e+06  1.4157512106e+06  3.4616000000e+07
-5.9302325581e-02  1.0000000000e+00  1.4157512106e+06  1.4157512106e+06  3.4616000000e+07
-5.9137284321e-02  1.0000000000e+00  1.4157512106e+06  1.4157512106e+06  3.4616000000e+07
-5.8972243061e-02  1.0000000000e+00  1.4157512106e+06  1.4157512106e+06  3.4616000000e+07
-5.8807201800e-02  1.0000000000e+00  1.4157512106e+06  1.4157512106e+06  3.4616000000e+07
-5.8642160540e-02  1.0000000000e+00  1.4157512106e+06  1.4157512106e+06  3.4616000000e+07
-5.8477119280e-02  1.0000000000e+00  1.4157512106e+06  1.4157512106e+06  3.4616000000e+07
-5.8312078020e-02  1.0000000000e+00  1.4157512106e+06  1.4157512106e+06  3.4616000000e+07
-5.8147036759e-02  1.0000000000e+00  1.4157512106e+06  1.4157512106e+06  3.4616000000e+07
-5.7981995499e-02  1.0000000000e+00  1.4157512106e+06  1.4157512106e+06  3.4616000000e+07
-5.7816954239e-02  1.0000000000e+00  1.4157512106e+06  1.4157512106e+06  3.4616000000e+07
-5.7651912978e-02  1.0000000000e+00  1.4157512106e+06  1.4157512106e+06  3.4616000000e+07
-5.7486871718e-02  1.0000000000e+00  1.4157512106e+06  1.4157512106e+06  3.4616000000e+07
-5.7321830458e-02  1.0000000000e+00  1.4157512106e+06  1.4157512106e+06  3.4616000000e+07
-5.7156789197e-02  1.0000000000e+00  1.4157512106e+06  1.4157512106e+06  3.4616000000e+07
-5.6991747937e-02  1.0000000000e+00  1.4157512106e+06  1.4157512106e+06  3.4616000000e+07
-5.6826706677e-02  1.0000000000e+00  1.4157512106e+06  1.4157512106e+06  3.4616000000e+07
-5.6661665416e-02  1.0000000000e+00  1.4157512106e+06  1.4157512106e+06  3.4616000000e+07
-5.6496624156e-02  1.0000000000e+00  1.4157512106e+06  1.4157512106e+06  3.4616000000e+07
-5.6331582896e-02  1.0000000000e+00  1.4157512106e+06  1.4157512106e+06  3.4616000000e+07
-5.6166541635e-02  1.0000000000e+00  1.4157512106e+06  1.4157512106e+06  3.4616000000e+07
-5.6001500375e-02  1.0000000000e+00  1.4157512106e+06  1.4157512106e+06  3.4616000000e+07
-5.5836459115e-02  1.0000000000e+00  1.4157512106e+06  1.4157512106e+06  3.4616000000e+07
-5.5671417854e-02  1.0000000000e+00  1.4157512106e+06  1.4157512106e+06  3.4616000000e+07
-5.5506376594e-02  1.0000000000e+00  1.4157512106e+06  1.4157512106e+06  3.4616000000e+07
-5.5341335334e-02  1.0000000000e+00  1.4157512106e+06  1.4157512106e+06  3.4616000000e+07
-5.5176294074e-02  1.0000000000e+00  1.4157512106e+06  1.4157512106e+06  3.4616000000e+07
-5.5011252813e-02  1.0000000000e+00  1.4157512106e+06  1.4157512106e+06  3.4616000000e+07
-5.4846211553e-02  1.0000000000e+00  1.4157512106e+06  1.4157512106e+06  3.4616000000e+07
-5.4681170293e-02  1.0000000000e+00  1.4157512106e+06  1.4157512106e+06  3.4616000000e+07
-5.4516129032e-02  1.0000000000e+00  1.4157512106e+06  1.4157512106e+06  3.4616000000e+07
-5.4351087772e-02  1.0000000000e+00  1.4157512106e+06  1.4157512106e+06  3.4616000000e+07
-5.4186046512e-02  1.0000000000e+00  1.4157512106e+06  1.4157512106e+06  3.4616000000e+07
-5.4021005251e-02  1.0000000000e+00  1.4157512106e+06  1.4157512106e+06  3.4616000000e+07
-5.3855963991e-02  1.0000000000e+00  1.4157512106e+06  1.4157512106e+06  3.4616000000e+07
-5.3690922731e-02  1.0000000000e+00  1.4157512106e+06  1.4157512106e+06  3.4616000000e+07
-5.3525881470e-02  1.0000000000e+00  1.4157512106e+06  1.4157512106e+06  3.4616000000e+07
-5.3360840210e-02  1.0000000000e+00  1.4157512106e+06  1.4157512106e+06  3.4616000000e+07
-5.3195798950e-02  1.0000000000e+00  1.4157512106e+06  1.4157512106e+06  3.4616000000e+07
-5.3030757689e-02  1.0000000000e+00  1.4157512106e+06  1.4157512106e+06  3.4616000000e+07
-5.2865716429e-02  1.0000000000e+00  1.4157512106e+06  1.4157512106e+06  3.4616000000e+07
-5.2700675169e-02  1.0000000000e+00  1.4157512106e+06  1.4157512106e+06  3.4616000000e+07
-5.2535633908e-02  1.0000000000e+00  1.4157512106e+06  1.4157512106e+06  3.4616000000e+07
-5.2370592648e-02  1.0000000000e+00  1.4157512106e+06  1.4157512106e+06  3.4616000000e+07
-5.2205551388e-02  1.0000000000e+00  1.4157512106e+06  1.4157512106e+06  3.4616000000e+07
-5.2040510128e-02  1.0000000000e+00  1.4157512106e+06  1.4157512106e+06  3.4616000000e+07
-5.1875468867e-02  1.0000000000e+00  1.4157512106e+06  1.4157512106e+06  3.4616000000e+07
-5.1710427607e-02  1.0000000000e+00  1.4157512106e+06  1.4157512106e+06  3.4616000000e+07
-5.1545386347e-02  1.0000000000e+00  1.4157512106e+06  1.4157512106e+06  3.4616000000e+07
-5.1380345086e-02  1.0000000000e+00  1.4157512106e+06  1.4157512106e+06  3.4616000000e+07
-5.1215303826e-02  1.0000000000e+00  1.4157512106e+06  1.4157512106e+06  3.4616000000e+07
-5.1050262566e-02  1.0000000000e+00  1.4157512106e+06  1.4157512106e+06  3.4616000000e+07
-5.0885221305e-02  1.0000000000e+00  1.4157512106e+06  1.4157512106e+06  3.4616000000e+07
-5.0720180045e-02  1.0000000000e+00  1.4157512106e+06  1.4157512106e+06  3.4616000000e+07
-5.0555138785e-02  1.0000000000e+00  1.4157512106e+06  1.4157512106e+06  3.4616000000e+07
-5.0390097524e-02  1.0000000000e+00  1.4157512106e+06  1.4157512106e+06  3.4616000000e+07
-5.0225056264e-02  1.0000000000e+00  1.4157512106e+06  1.4157512106e+06  3.4616000000e+07
-5.0060015004e-02  1.0000000000e+00  1.4157512106e+06  1.4157512106e+06  3.4616000000e+07
-4.9894973743e-02  1.0000000000e+00  1.4157512106e+06  1.4157512106e+06  3.4616000000e+07
-4.9729932483e-02  1.0000000000e+00  1.4157512106e+06  1.4157512106e+06  3.4616000000e+07
-4.9564891223e-02  1.0000000000e+00  1.4157512106e+06  1.4157512106e+06  3.4616000000e+07
-4.9399849962e-02  1.0000000000e+00  1.4157512106e+06  1.4157512106e+06  3.4616000000e+07
-4.9234808702e-02  1.0000000000e+00  1.4157512106e+06  1.4157512106e+06  3.4616000000e+07
-4.9069767442e-02  1.0000000000e+00  1.4157512106e+06  1.4157512106e+06  3.4616000000e+07
-4.8904726182e-02  1.0000000000e+00  1.4157512106e+06  1.4157512106e+06  3.4616000000e+07
-4.8739684921e-02  1.0000000000e+00  1.4157512106e+06  1.4157512106e+06  3.4616000000e+07
-4.8574643661e-02  1.0000000000e+00  1.4157512106e+06  1.4157512106e+06  3.4616000000e+07
-4.8409602401e-02  1.0000000000e+00  1.4157512106e+06  1.4157512106e+06  3.4616000000e+07
-4.8244561140e-02  1.0000000000e+00  1.4157512106e+06  1.4157512106e+06  3.4616000000e+07
-4.8079519880e-02  1.0000000000e+00  1.4157512106e+06  1.4157512106e+06  3.4616000000e+07
-4.7914478620e-02  1.0000000000e+00  1.4157512106e+06  1.4157512106e+06  3.4616000000e+07
-4.7749437359e-02  1.0000000000e+00  1.4157512106e+06  1.4157512106e+06  3.4616000000e+07
-4.7584396099e-02  1.0000000000e+00  1.4157512106e+06  1.4157512106e+06  3.4616000000e+07
-4.7419354839e-02  1.0000000000e+00  1.4157512106e+06  1.4157512106e+06  3.4616000000e+07
-4.7254313578e-02  1.0000000000e+00  1.4157512106e+06  1.4157512106e+06  3.4616000000e+07
-4.7089272318e-02  1.0000000000e+00  1.4157512106e+06  1.4157512106e+06  3.4616000000e+07
-4.6924231058e-02  1.0000000000e+00  1.4157512106e+06  1.4157512106e+06  3.4616000000e+07
-4.6759189797e-02  1.0000000000e+00  1.4157512106e+06  1.4157512106e+06  3.4616000000e+07
-4.6594148537e-02  1.0000000000e+00  1.4157512106e+06  1.4157512106e+06  3.4616000000e+07
-4.6429107277e-02  1.0000000000e+00  1.4157512106e+06  1.4157512106e+06  3.4616000000e+07
-4.6264066017e-02  1.0000000000e+00  1.4157512106e+06  1.4157512106e+06  3.4616000000e+07
-4.6099024756e-02  1.0000000000e+00  1.4157512106e+06  1.4157512106e+06  3.4616000000e+07
-4.5933983496e-02  1.0000000000e+00  1.4157512106e+06  1.4157512106e+06  3.4616000000e+07
-4.5768942236e-02  1.0000000000e+00  1.4157512106e+06  1.4157512106e+06  3.4616000000e+07
-4.5603900975e-02  1.0000000000e+00  1.4157512106e+06  1.4157512106e+06  3.4616000000e+07
-4.5438859715e-02  1.0000000000e+00  1.4157512106e+06  1.4157512106e+06  3.4616000000e+07
-4.5273818455e-02  1.0000000000e+00  1.4157512106e+06  1.4157512106e+06  3.4616000000e+07
-4.5108777194e-02  1.0000000000e+00  1.4157512106e+06  1.4157512106e+06  3.4616000000e+07
-4.4943735934e-02  1.0000000000e+00  1.4157512106e+06  1.4157512106e+06  3.4616000000e+07
-4.4778694674e-02  1.0000000000e+00  1.4157512106e+06  1.4157512106e+06  3.4616000000e+07
-4.4613653413e-02  1.0000000000e+00  1.4157512106e+06  1.4157512106e+06  3.4616000000e+07
-4.4448612153e-02  1.0000000000e+00  1.4157512106e+06  1.4157512106e+06  3.4616000000e+07
-4.4283570893e-02  1.0000000000e+00  1.4157512106e+06  1.4157512106e+06  3.4616000000e+07
-4.4118529632e-02  1.0000000000e+00  1.4157512106e+06  1.4157512106e+06  3.4616000000e+07
-4.3953488372e-02  1.0000000000e+00  1.4157512106e+06  1.4157512106e+06  3.4616000000e+07
-4.3788447112e-02  1.0000000000e+00  1.4157512106e+06  1.4157512106e+06  3.4616000000e+07
-4.3623405851e-02  1.0000000000e+00  1.4157512106e+06  1.4157512106e+06  3.4616000000e+07
-4.3458364591e-02  1.0000000000e+00  1.4157512106e+06  1.4157512106e+06  3.4616000000e+07
-4.3293323331e-02  1.0000000000e+00  1.4157512106e+06  1.4157512106e+06  3.4616000000e+07
-4.3128282071e-02  1.0000000000e+00  1.4157512106e+06  1.4157512106e+06  3.4616000000e+07
-4.2963240810e-02  1.0000000000e+00  1.4157512106e+06  1.4157512106e+06  3.4616000000e+07
-4.2798199550e-02  1.0000000000e+00  1.4157512106e+06  1.4157512106e+06  3.4616000000e+07
-4.2633158290e-02  1.0000000000e+00  1.4157512106e+06  1.4157512106e+06  3.4616000000e+07
-4.2468117029e-02  1.0000000000e+00  1.4157512106e+06  1.4157512106e+06  3.4616000000e+07
-4.2303075769e-02  1.0000000000e+00  1.4157512106e+06  1.4157512106e+06  3.4616000000e+07
-4.2138034509e-02  1.0000000000e+00  1.4157512106e+06  1.4157512106e+06  3.4616000000e+07
-4.1972993248e-02  1.0000000000e+00  1.4157512106e+06  1.4157512106e+06  3.4616000000e+07
-4.1807951988e-02  1.0000000000e+00  1.4157512106e+06  1.4157512106e+06  3.4616000000e+07
-4.1642910728e-02  1.0000000000e+00  1.4157512106e+06  1.4157512106e+06  3.4616000000e+07
-4.1477869467e-02  1.0000000000e+00  1.4157512106e+06  1.4157512106e+06  3.4616000000e+07
-4.1312828207e-02  1.0000000000e+00  1.4157512106e+06  1.4157512106e+06  3.4616000000e+07
-4.1147786947e-02  1.0000000000e+00  1.4157512106e+06  1.4157512106e+06  3.4616000000e+07
-4.0982745686e-02  1.0000000000e+00  1.4157512106e+06  1.4157512106e+06  3.4616000000e+07
-4.0817704426e-02  1.0000000000e+00  1.4157512106e+06  1.4157512106e+06  3.4616000000e+07
-4.0652663166e-02  1.0000000000e+00  1.4157512106e+06  1.4157512106e+06  3.4616000000e+07
-4.0487621905e-02  1.0000000000e+00  1.4157512106e+06  1.4157512106e+06  3.4616000000e+07
-4.0322580645e-02  1.0000000000e+00  1.4157512106e+06  1.4157512106e+06  3.4616000000e+07
-4.0157539385e-02  1.0000000000e+00  1.4157512106e+06  1.4157512106e+06  3.4616000000e+07
-3.9992498125e-02  1.0000000000e+00  1.4157512106e+06  1.4157512106e+06  3.4616000000e+07
-3.9827456864e-02  1.0000000000e+00  1.4157512106e+06  1.4157512106e+06  3.4616000000e+07
-3.9662415604e-02  1.0000000000e+00  1.4157512106e+06  1.4157512106e+06  3.4616000000e+07
-3.9497374344e-02  1.0000000000e+00  1.4157512106e+06  1.4157512106e+06  3.4616000000e+07
-3.9332333083e-02  1.0000000000e+00  1.4157512106e+06  1.4157512106e+06  3.4616000000e+07
-3.9167291823e-02  1.0000000000e+00  1.4157512106e+06  1.4157512106e+06  3.4616000000e+07
-3.9002250563e-02  1.0000000000e+00  1.4157512106e+06  1.4157512106e+06  3.4616000000e+07
-3.8837209302e-02  1.0000000000e+00  1.4157512106e+06  1.4157512106e+06  3.4616000000e+07
-3.8672168042e-02  1.0000000000e+00  1.4157512106e+06  1.4157512106e+06  3.4616000000e+07
-3.8507126782e-02  1.0000000000e+00  1.4157512106e+06  1.4157512106e+06  3.4616000000e+07
-3.8342085521e-02  1.0000000000e+00  1.4157512106e+06  1.4157512106e+06  3.4616000000e+07
-3.8177044261e-02  1.0000000000e+00  1.4157512106e+06  1.4157512106e+06  3.4616000000e+07
-3.8012003001e-02  1.0000000000e+00  1.4157512106e+06  1.4157512106e+06  3.4616000000e+07
-3.7846961740e-02  1.0000000000e+00  1.4157512106e+06  1.4157512106e+06  3.4616000000e+07
-3.7681920480e-02  1.0000000000e+00  1.4157512106e+06  1.4157512106e+06  3.4616000000e+07
-3.7516879220e-02  1.0000000000e+00  1.4157512106e+06  1.4157512106e+06  3.4616000000e+07
-3.7351837959e-02  1.0000000000e+00  1.4157512106e+06  1.4157512106e+06  3.4616000000e+07
-3.7186796699e-02  1.0000000000e+00  1.4157512106e+06  1.4157512106e+06  3.4616000000e+07
-3.7021755439e-02  1.0000000000e+00  1.4157512106e+06  1.4157512106e+06  3.4616000000e+07
-3.6856714179e-02  1.0000000000e+00  1.4157512106e+06  1.4157512106e+06  3.4616000000e+07
-3.6691672918e-02  1.0000000000e+00  1.4157512106e+06  1.4157512106e+06  3.4616000000e+07
-3.6526631658e-02  1.0000000000e+00  1.4157512106e+06  1.4157512106e+06  3.4616000000e+07
-3.6361590398e-02  1.0000000000e+00  1.4157512106e+06  1.4157512106e+06  3.4616000000e+07
-3.6196549137e-02  1.0000000000e+00  1.4157512106e+06  1.4157512106e+06  3.4616000000e+07
-3.6031507877e-02  1.0000000000e+00  1.4157512106e+06  1.4157512106e+06  3.4616000000e+07
-3.5866466617e-02  1.0000000000e+00  1.4157512106e+06  1.4157512106e+06  3.4616000000e+07
-3.5701425356e-02  1.0000000000e+00  1.4157512106e+06  1.4157512106e+06  3.4616000000e+07
-3.5536384096e-02  1.0000000000e+00  1.4157512106e+06  1.4157512106e+06  3.4616000000e+07
-3.5371342836e-02  1.0000000000e+00  1.4157512106e+06  1.4157512106e+06  3.4616000000e+07
-3.5206301575e-02  1.0000000000e+00  1.4157512106e+06  1.4157512106e+06  3.4616000000e+07
-3.5041260315e-02  1.0000000000e+00  1.4157512106e+06  1.4157512106e+06  3.4616000000e+07
-3.4876219055e-02  1.0000000000e+00  1.4157512106e+06  1.4157512106e+06  3.4616000000e+07
-3.4711177794e-02  1.0000000000e+00  1.4157512106e+06  1.4157512106e+06  3.4616000000e+07
-3.4546136534e-02  1.0000000000e+00  1.4157512106e+06  1.4157512106e+06  3.4616000000e+07
-3.4381095274e-02  1.0000000000e+00  1.4157512106e+06  1.4157512106e+06  3.4616000000e+07
-3.4216054014e-02  1.0000000000e+00  1.4157512106e+06  1.4157512106e+06  3.4616000000e+07
-3.4051012753e-02  1.0000000000e+00  1.4157512106e+06  1.4157512106e+06  3.4616000000e+07
-3.3885971493e-02  1.0000000000e+00  1.4157512106e+06  1.4157512106e+06  3.4616000000e+07
-3.3720930233e-02  1.0000000000e+00  1.4157512106e+06  1.4157512106e+06  3.4616000000e+07
-3.3555888972e-02  1.0000000000e+00  1.4157512106e+06  1.4157512106e+06  3.4616000000e+07
-3.3390847712e-02  1.0000000000e+00  1.4157512106e+06  1.4157512106e+06  3.4616000000e+07
-3.3225806452e-02  1.0000000000e+00  1.4157512106e+06  1.4157512106e+06  3.4616000000e+07
-3.3060765191e-02  1.0000000000e+00  1.4157512106e+06  1.4157512106e+06  3.4616000000e+07
-3.2895723931e-02  1.0000000000e+00  1.4157512106e+06  1.4157512106e+06  3.4616000000e+07
-3.2730682671e-02  1.0000000000e+00  1.4157512106e+06  1.4157512106e+06  3.4616000000e+07
-3.2565641410e-02  1.0000000000e+00  1.4157512106e+06  1.4157512106e+06  3.4616000000e+07
-3.2400600150e-02  1.0000000000e+00  1.4157512106e+06  1.4157512106e+06  3.4616000000e+07
-3.2235558890e-02  1.0000000000e+00  1.4157512106e+06  1.4157512106e+06  3.4616000000e+07
-3.2070517629e-02  1.0000000000e+00  1.4157512106e+06  1.4157512106e+06  3.4616000000e+07
-3.1905476369e-02  1.0000000000e+00  1.4157512106e+06  1.4157512106e+06  3.4616000000e+07
-3.1740435109e-02  1.0000000000e+00  1.4157512106e+06  1.4157512106e+06  3.4616000000e+07
-3.1575393848e-02  1.0000000000e+00  1.4157512106e+06  1.4157512106e+06  3.4616000000e+07
-3.1410352588e-02  1.0000000000e+00  1.4157512106e+06  1.4157512106e+06  3.4616000000e+07
-3.1245311328e-02  1.0000000000e+00  1.4157512106e+06  1.4157512106e+06  3.4616000000e+07
-3.1080270068e-02  1.0000000000e+00  1.4157512106e+06  1.4157512106e+06  3.4616000000e+07
-3.0915228807e-02  1.0000000000e+00  1.4157512106e+06  1.4157512106e+06  3.4616000000e+07
-3.0750187547e-02  1.0000000000e+00  1.4157512106e+06  1.4157512106e+06  3.4616000000e+07
-3.0585146287e-02  1.0000000000e+00  1.4157512106e+06  1.4157512106e+06  3.4616000000e+07
-3.0420105026e-02  1.0000000000e+00  1.4157512106e+06  1.4157512106e+06  3.4616000000e+07
-3.0255063766e-02  1.0000000000e+00  1.4157512106e+06  1.4157512106e+06  3.4616000000e+07
-3.0090022506e-02  1.0000000000e+00  1.4157512106e+06  1.4157512106e+06  3.4616000000e+07
-2.9924981245e-02  1.0000000000e+00  1.4157512106e+06  1.4157512106e+06  3.4616000000e+07
-2.9759939985e-02  1.0000000000e+00  1.4157512106e+06  1.4157512106e+06  3.4616000000e+07
-2.9594898725e-02  1.0000000000e+00  1.4157512106e+06  1.4157512106e+06  3.4616000000e+07
-2.9429857464e-02  1.0000000000e+00  1.4157512106e+06  1.4157512106e+06  3.4616000000e+07
-2.9264816204e-02  1.0000000000e+00  1.4157512106e+06  1.4157512106e+06  3.4616000000e+07
-2.9099774944e-02  1.0000000000e+00  1.4157512106e+06  1.4157512106e+06  3.4616000000e+07
-2.8934733683e-02  1.0000000000e+00  1.4157512106e+06  1.4157512106e+06  3.4616000000e+07
-2.8769692423e-02  1.0000000000e+00  1.4157512106e+06  1.4157512106e+06  3.4616000000e+07
-2.8604651163e-02  1.0000000000e+00  1.4157512106e+06  1.4157512106e+06  3.4616000000e+07
-2.8439609902e-02  1.0000000000e+00  1.4157512106e+06  1.4157512106e+06  3.4616000000e+07
-2.8274568642e-02  1.0000000000e+00  1.4157512106e+06  1.4157512106e+06  3.4616000000e+07
-2.8109527382e-02  1.0000000000e+00  1.4157512106e+06  1.4157512106e+06  3.4616000000e+07
-2.7944486122e-02  1.0000000000e+00  1.4157512106e+06  1.4157512106e+06  3.4616000000e+07
-2.7779444861e-02  1.0000000000e+00  1.4157512106e+06  1.4157512106e+06  3.4616000000e+07
-2.7614403601e-02  1.0000000000e+00  1.4157512106e+06  1.4157512106e+06  3.4616000000e+07
-2.7449362341e-02  1.0000000000e+00  1.4157512106e+06  1.4157512106e+06  3.4616000000e+07
-2.7284321080e-02  1.0000000000e+00  1.4157512106e+06  1.4157512106e+06  3.4616000000e+07
-2.7119279820e-02  1.0000000000e+00  1.4157512106e+06  1.4157512106e+06  3.4616000000e+07
-2.6954238560e-02  1.0000000000e+00  1.4157512106e+06  1.4157512106e+06  3.4616000000e+07
-2.6789197299e-02  1.0000000000e+00  1.4157512106e+06  1.4157512106e+06  3.4616000000e+07
-2.6624156039e-02  1.0000000000e+00  1.4157512106e+06  1.4157512106e+06  3.4616000000e+07
-2.6459114779e-02  1.0000000000e+00  1.4157512106e+06  1.4157512106e+06  3.4616000000e+07
-2.6294073518e-02  1.0000000000e+00  1.4157512106e+06  1.4157512106e+06  3.4616000000e+07
-2.6129032258e-02  1.0000000000e+00  1.4157512106e+06  1.4157512106e+06  3.4616000000e+07
-2.5963990998e-02  1.0000000000e+00  1.4157512106e+06  1.4157512106e+06  3.4616000000e+07
-2.5798949737e-02  1.0000000000e+00  1.4157512106e+06  1.4157512106e+06  3.4616000000e+07
-2.5633908477e-02  1.0000000000e+00  1.4157512106e+06  1.4157512106e+06  3.4616000000e+07
-2.5468867217e-02  1.0000000000e+00  1.4157512106e+06  1.4157512106e+06  3.4616000000e+07
-2.5303825956e-02  1.0000000000e+00  1.4157512106e+06  1.4157512106e+06  3.4616000000e+07
-2.5138784696e-02  1.0000000000e+00  1.4157512106e+06  1.4157512106e+06  3.4616000000e+07
-2.4973743436e-02  1.0000000000e+00  1.4157512106e+06  1.4157512106e+06  3.4616000000e+07
-2.4808702176e-02  1.0000000000e+00  1.4157512106e+06  1.4157512106e+06  3.4616000000e+07
-2.4643660915e-02  1.0000000000e+00  1.4157512106e+06  1.4157512106e+06  3.4616000000e+07
-2.4478619655e-02  1.0000000000e+00  1.4157512106e+06  1.4157512106e+06  3.4616000000e+07
-2.4313578395e-02  1.0000000000e+00  1.4157512106e+06  1.4157512106e+06  3.4616000000e+07
-2.4148537134e-02  1.0000000000e+00  1.4157512106e+06  1.4157512106e+06  3.4616000000e+07
-2.3983495874e-02  1.0000000000e+00  1.4157512106e+06  1.4157512106e+06  3.4616000000e+07
-2.3818454614e-02  1.0000000000e+00  1.4157512106e+06  1.4157512106e+06  3.4616000000e+07
-2.3653413353e-02  1.0000000000e+00  1.4157512106e+06  1.4157512106e+06  3.4616000000e+07
-2.3488372093e-02  1.0000000000e+00  1.4157512106e+06  1.4157512106e+06  3.4616000000e+07
-2.3323330833e-02  1.0000000000e+00  1.4157512106e+06  1.4157512106e+06  3.4616000000e+07
-2.3158289572e-02  1.0000000000e+00  1.4157512106e+06  1.4157512106e+06  3.4616000000e+07
-2.2993248312e-02  1.0000000000e+00  1.4157512106e+06  1.4157512106e+06  3.4616000000e+07
-2.2828207052e-02  1.0000000000e+00  1.4157512106e+06  1.4157512106e+06  3.4616000000e+07
-2.2663165791e-02  1.0000000000e+00  1.4157512106e+06  1.4157512106e+06  3.4616000000e+07
-2.2498124531e-02  1.0000000000e+00  1.4157512106e+06  1.4157512106e+06  3.4616000000e+07
-2.2333083271e-02  1.0000000000e+00  1.4157512106e+06  1.4157512106e+06  3.4616000000e+07
-2.2168042011e-02  1.0000000000e+00  1.4157512106e+06  1.4157512106e+06  3.4616000000e+07
-2.2003000750e-02  1.0000000000e+00  1.4157512106e+06  1.4157512106e+06  3.4616000000e+07
-2.1837959490e-02  1.0000000000e+00  1.4157512106e+06  1.4157512106e+06  3.4616000000e+07
-2.1672918230e-02  1.0000000000e+00  1.4157512106e+06  1.4157512106e+06  3.4616000000e+07
-2.1507876969e-02  1.0000000000e+00  1.4157512106e+06  1.4157512106e+06  3.4616000000e+07
-2.1342835709e-02  1.0000000000e+00  1.4157512106e+06  1.4157512106e+06  3.4616000000e+07
-2.1177794449e-02  1.0000000000e+00  1.4157512106e+06  1.4157512106e+06  3.4616000000e+07
-2.1012753188e-02  1.0000000000e+00  1.4157512106e+06  1.4157512106e+06  3.4616000000e+07
-2.0847711928e-02  1.0000000000e+00  1.4157512106e+06  1.4157512106e+06  3.4616000000e+07
-2.0682670668e-02  1.0000000000e+00  1.4157512106e+06  1.4157512106e+06  3.4616000000e+07
-2.0517629407e-02  1.0000000000e+00  1.4157512106e+06  1.4157512106e+06  3.4616000000e+07
-2.0352588147e-02  1.0000000000e+00  1.4157512106e+06  1.4157512106e+06  3.4616000000e+07
-2.0187546887e-02  1.0000000000e+00  1.4157512106e+06  1.4157512106e+06  3.4616000000e+07
-2.0022505626e-02  1.0000000000e+00  1.4157512106e+06  1.4157512106e+06  3.4616000000e+07
-1.9857464366e-02  1.0000000000e+00  1.4157512106e+06  1.4157512106e+06  3.4616000000e+07
-1.9692423106e-02  1.0000000000e+00  1.4157512106e+06  1.4157512106e+06  3.4616000000e+07
-1.9527381845e-02  1.0000000000e+00  1.4157512106e+06  1.4157512106e+06  3.4616000000e+07
-1.9362340585e-02  1.0000000000e+00  1.4157512106e+06  1.4157512106e+06  3.4616000000e+07
-1.9197299325e-02  1.0000000000e+00  1.4157512106e+06  1.4157512106e+06  3.4616000000e+07
-1.9032258065e-02  1.0000000000e+00  1.4157512106e+06  1.4157512106e+06  3.4616000000e+07
-1.8867216804e-02  1.0000000433e+00  1.4157515577e+06  1.4157527607e+06  3.4667208830e+07
-1.8702175544e-02  1.0000001002e+00  1.4157520138e+06  1.4157547979e+06  3.4667206857e+07
-1.8537134284e-02  1.0000001571e+00  1.4157524700e+06  1.4157568350e+06  3.4667204884e+07
-1.8372093023e-02  1.0000002140e+00  1.4157529261e+06  1.4157588721e+06  3.4667202911e+07
-1.8207051763e-02  1.0000002710e+00  1.4157533822e+06  1.4157609092e+06  3.4667200938e+07
-1.8042010503e-02  1.0000003279e+00  1.4157538383e+06  1.4157629464e+06  3.4667198965e+07
-1.7876969242e-02  1.0000003848e+00  1.4157542945e+06  1.4157649835e+06  3.4667196992e+07
-1.7711927982e-02  1.0000037774e+00  1.4157814743e+06  1.4158855702e+06  3.4667079400e+07
-1.7546886722e-02  1.0000079466e+00  1.4158148753e+06  1.4160337544e+06  3.4666934893e+07
-1.7381845461e-02  1.0000121157e+00  1.4158482762e+06  1.4161819385e+06  3.4666790385e+07
-1.7216804201e-02  1.0000162849e+00  1.4158816772e+06  1.4163301226e+06  3.4666645878e+07
-1.7051762941e-02  1.0000204540e+00  1.4159150781e+06  1.4164783067e+06  3.4666501371e+07
-1.6886721680e-02  1.0000246232e+00  1.4159484791e+06  1.4166264908e+06  3.4666356864e+07
-1.6721680420e-02  1.0000287923e+00  1.4159818800e+06  1.4167746749e+06  3.4666212356e+07
-1.6556639160e-02  1.0000329615e+00  1.4160152810e+06  1.4169228590e+06  3.4666067849e+07
-1.6391597899e-02  1.0000371306e+00  1.4160486819e+06  1.4170710431e+06  3.4665923342e+07
-1.6226556639e-02  1.0000412998e+00  1.4160820829e+06  1.4172192273e+06  3.4665778835e+07
-1.6061515379e-02  1.0000454689e+00  1.4161154838e+06  1.4173674114e+06  3.4665634327e+07
-1.5896474119e-02  1.0000496381e+00  1.4161488847e+06  1.4175155955e+06  3.4665489820e+07
-1.5731432858e-02  1.0000538073e+00  1.4161822857e+06  1.4176637796e+06  3.4665345313e+07
-1.5566391598e-02  1.0000579764e+00  1.4162156866e+06  1.4178119637e+06  3.4665200806e+07
-1.5401350338e-02  1.0000621456e+00  1.4162490876e+06  1.4179601478e+06  3.4665056298e+07
-1.5236309077e-02  1.0000663147e+00  1.4162824885e+06  1.4181083319e+06  3.4664911791e+07
-1.5071267817e-02  1.0000704839e+00  1.4163158895e+06  1.4182565160e+06  3.4664767284e+07
-1.4906226557e-02  1.0000746530e+00  1.4163492904e+06  1.4184047002e+06  3.4664622777e+07
-1.4741185296e-02  1.0000788222e+00  1.4163826914e+06  1.4185528843e+06  3.4664478269e+07
-1.4576144036e-02  1.0000829913e+00  1.4164160923e+06  1.4187010684e+06  3.4664333762e+07
-1.4411102776e-02  1.0000871605e+00  1.4164494933e+06  1.4188492525e+06  3.4664189255e+07
-1.4246061515e-02  1.0000913296e+00  1.4164828942e+06  1.4189974366e+06  3.4664044748e+07
-1.4081020255e-02  1.0000954988e+00  1.4165162951e+06  1.4191456207e+06  3.4663900240e+07
-1.3915978995e-02  1.0000996680e+00  1.4165496961e+06  1.4192938048e+06  3.4663755733e+07
-1.3750937734e-02  1.0001038371e+00  1.4165830970e+06  1.4194419889e+06  3.4663611226e+07
-1.3585896474e-02  1.0001080063e+00  1.4166164980e+06  1.4195901731e+06  3.4663466719e+07
-1.3420855214e-02  1.0001121754e+00  1.4166498989e+06  1.4197383572e+06  3.4663322211e+07
-1.3255813953e-02  1.0001163446e+00  1.4166832999e+06  1.4198865413e+06  3.4663177704e+07
-1.3090772693e-02  1.0001205137e+00  1.4167167008e+06  1.4200347254e+06  3.4663033197e+07
-1.2925731433e-02  1.0001246829e+00  1.4167501018e+06  1.4201829095e+06  3.4662888689e+07
-1.2760690173e-02  1.0001288520e+00  1.4167835027e+06  1.4203310936e+06  3.4662744182e+07
-1.2595648912e-02  1.0001330212e+00  1.4168169037e+06  1.4204792777e+06  3.4662599675e+07
-1.2430607652e-02  1.0001371903e+00  1.4168503046e+06  1.4206274618e+06  3.4662455168e+07
-1.2265566392e-02  1.0001413595e+00  1.4168837056e+06  1.4207756460e+06  3.4662310660e+07
-1.2100525131e-02  1.0001455286e+00  1.4169171065e+06  1.4209238301e+06  3.4662166153e+07
-1.1935483871e-02  1.0001496978e+00  1.4169505074e+06  1.4210720142e+06  3.4662021646e+07
-1.1770442611e-02  1.0001538670e+00  1.4169839084e+06  1.4212201983e+06  3.4661877139e+07
-1.1605401350e-02  1.0001580361e+00  1.4170173093e+06  1.4213683824e+06  3.4661732631e+07
-1.1440360090e-02  1.0001622053e+00  1.4170507103e+06  1.4215165665e+06  3.4661588124e+07
-1.1275318830e-02  1.0001663744e+00  1.4170841112e+06  1.4216647506e+06  3.4661443617e+07
-1.1110277569e-02  1.0001705436e+00  1.4171175122e+06  1.4218129347e+06  3.4661299110e+07
-1.0945236309e-02  1.0001747127e+00  1.4171509131e+06  1.4219611189e+06  3.4661154602e+07
-1.0780195049e-02  1.0001904295e+00  1.4172767470e+06  1.4225133521e+06  3.4660610002e+07
-1.0615153788e-02  1.0002270818e+00  1.4175701584e+06  1.4237981120e+06  3.4659340045e+07
-1.0450112528e-02  1.0002637341e+00  1.4178635698e+06  1.4250828719e+06  3.4658070089e+07
-1.0285071268e-02  1.0003003863e+00  1.4181569812e+06  1.4263676319e+06  3.4656800133e+07
-1.0120030008e-02  1.0003370386e+00  1.4184503926e+06  1.4276523918e+06  3.4655530176e+07
-9.9549887472e-03  1.0003871003e+00  1.4188509493e+06  1.4293917376e+06  3.4653796001e+07
-9.7899474869e-03  1.0004495564e+00  1.4193505419e+06  1.4315512640e+06  3.4651632740e+07
-9.6249062266e-03  1.0005120125e+00  1.4198501345e+06  1.4337107904e+06  3.4649469479e+07
-9.4598649662e-03  1.0005916399e+00  1.4204867140e+06  1.4364365305e+06  3.4646712197e+07
-9.2948237059e-03  1.0006794254e+00  1.4211883765e+06  1.4394312810e+06  3.4643672694e+07
-9.1297824456e-03  1.0007836082e+00  1.4220206452e+06  1.4429522821e+06  3.4640066356e+07
-8.9647411853e-03  1.0008984042e+00  1.4229374250e+06  1.4468122857e+06  3.4636093180e+07
-8.7996999250e-03  1.0010362102e+00  1.4240371930e+06  1.4513913634e+06  3.4631325151e+07
-8.6346586647e-03  1.0011934314e+00  1.4252911161e+06  1.4565614567e+06  3.4625886935e+07
-8.4696174044e-03  1.0013729177e+00  1.4267216098e+06  1.4623961711e+06  3.4619680582e+07
-8.3045761440e-03  1.0015780737e+00  1.4283553679e+06  1.4689789022e+06  3.4612589244e+07
-8.1395348837e-03  1.0018145191e+00  1.4302364176e+06  1.4764463632e+06  3.4604420119e+07
-7.9744936234e-03  1.0020854834e+00  1.4323896949e+06  1.4848578741e+06  3.4595063138e+07
-7.8094523631e-03  1.0023947394e+00  1.4348441881e+06  1.4942773330e+06  3.4584390002e+07
-7.6444111028e-03  1.0027475481e+00  1.4376403461e+06  1.5047980075e+06  3.4572221751e+07
-7.4793698425e-03  1.0031498146e+00  1.4408232377e+06  1.5165125168e+06  3.4558358184e+07
-7.3143285821e-03  1.0036067568e+00  1.4444320848e+06  1.5294806089e+06  3.4542623601e+07
-7.1492873218e-03  1.0041261258e+00  1.4485252177e+06  1.5438007937e+06  3.4524756881e+07
-6.9842460615e-03  1.0047151103e+00  1.4531557138e+06  1.5595341236e+06  3.4504517898e+07
-6.8192048012e-03  1.0053801906e+00  1.4583703035e+06  1.5767073182e+06  3.4481692438e+07
-6.6541635409e-03  1.0061295208e+00  1.4642274595e+06  1.5953568977e+06  3.4456011630e+07
-6.4891222806e-03  1.0069717865e+00  1.4707882308e+06  1.6155024644e+06  3.4427191587e+07
-6.3240810203e-03  1.0079146778e+00  1.4781044751e+06  1.6371238364e+06  3.4394985399e+07
-6.1590397599e-03  1.0089665061e+00  1.4862308699e+06  1.6601894496e+06  3.4359129020e+07
-5.9939984996e-03  1.0101365443e+00  1.4952268362e+06  1.6846563826e+06  3.4319331101e+07
-5.8289572393e-03  1.0114317380e+00  1.5051320970e+06  1.7104351426e+06  3.4275383190e+07
-5.6639159790e-03  1.0128603002e+00  1.5159927780e+06  1.7374351469e+06  3.4227040601e+07
-5.4988747187e-03  1.0144283781e+00  1.5278370287e+06  1.7655338453e+06  3.4174133316e+07
-5.3338334584e-03  1.0161418371e+00  1.5406877867e+06  1.7945991817e+06  3.4116507279e+07
-5.1687921980e-03  1.0180060761e+00  1.5545611508e+06  1.8244904066e+06  3.4054031165e+07
-5.0037509377e-03  1.0200241821e+00  1.5694539496e+06  1.8550525358e+06  3.3986655652e+07
-4.8387096774e-03  1.0221986384e+00  1.5853556359e+06  1.8861310334e+06  3.3914357890e+07
-4.6736684171e-03  1.0245306407e+00  1.6022438702e+06  1.9175715263e+06  3.3837163152e+07
-4.5086271568e-03  1.0270199803e+00  1.6200844649e+06  1.9492237580e+06  3.3755147127e+07
-4.3435858965e-03  1.0296651046e+00  1.6388323482e+06  1.9809448976e+06  3.3668432914e+07
-4.1785446362e-03  1.0324634877e+00  1.6584345654e+06  2.0126024647e+06  3.3577178159e+07
-4.0135033758e-03  1.0354115138e+00  1.6788302910e+06  2.0440785955e+06  3.3481577187e+07
-3.8484621155e-03  1.0385048615e+00  1.6999541380e+06  2.0752638010e+06  3.3381847231e+07
-3.6834208552e-03  1.0417383744e+00  1.7217358697e+06  2.1060652376e+06  3.3278231380e+07
-3.5183795949e-03  1.0451064292e+00  1.7441034061e+06  2.1364040058e+06  3.3170985673e+07
-3.3533383346e-03  1.0486032775e+00  1.7669849647e+06  2.1662136930e+06  3.3060368518e+07
-3.1882970743e-03  1.0522226615e+00  1.7903083012e+06  2.1954438396e+06  3.2946649065e+07
-3.0232558140e-03  1.0559588356e+00  1.8140059825e+06  2.2241066889e+06  3.2830077807e+07
-2.8582145536e-03  1.0598066326e+00  1.8380165426e+06  2.2521967804e+06  3.2710883035e+07
-2.6931732933e-03  1.0637607660e+00  1.8622801053e+06  2.2796178236e+06  3.2589292602e+07
-2.5281320330e-03  1.0678153647e+00  1.8867355783e+06  2.3063406835e+06  3.2465547760e+07
-2.3630907727e-03  1.0719661459e+00  1.9113336688e+06  2.3323986705e+06  3.2339837019e+07
-2.1980495124e-03  1.0762081503e+00  1.9360229580e+06  2.3577530479e+06  3.2212366035e+07
-2.0330082521e-03  1.0805365460e+00  1.9607558789e+06  2.3824064637e+06  3.2083330281e+07
-1.8679669917e-03  1.0849452072e+00  1.9854795459e+06  2.4063441991e+06  3.1952959764e+07
-1.7029257314e-03  1.0894319468e+00  2.0101651571e+06  2.4295920252e+06  3.1821364053e+07
-1.5378844711e-03  1.0939944469e+00  2.0347847848e+06  2.4522041154e+06  3.1688653401e+07
-1.3728432108e-03  1.0986291177e+00  2.0593052861e+06  2.4741790836e+06  3.1554971915e+07
-1.2078019505e-03  1.1033329406e+00  2.0836981101e+06  2.4955170476e+06  3.1420444087e+07
-1.0427606902e-03  1.1081012358e+00  2.1079280396e+06  2.5161638659e+06  3.1285237973e+07
-8.7771942986e-04  1.1129326841e+00  2.1319785895e+06  2.5362134934e+06  3.1149422519e+07
-7.1267816954e-04  1.1178280073e+00  2.1558434286e+06  2.5557270488e+06  3.1013009819e+07
-5.4763690923e-04  1.1227873654e+00  2.1795147198e+06  2.5747074032e+06  3.0876025233e+07
-3.8259564891e-04  1.1278098633e+00  2.2029793139e+06  2.5931614687e+06  3.0738524277e+07
-2.1755438860e-04  1.1328953573e+00  2.2262280811e+06  2.6111105943e+06  3.0600541023e+07
-5.2513128282e-05  1.1380444167e+00  2.2492554698e+06  2.6285815536e+06  3.0462089799e+07
1.1252813203e-04  1.7525640962e+00  3.1198655187e+06  2.6389521058e+06  1.9780852186e+07
2.7756939235e-04  1.7659805724e+00  3.1193239655e+06  2.6477520534e+06  1.9630573909e+07
4.4261065266e-04  1.7791230745e+00  3.1184651568e+06  2.6563367376e+06  1.9485561346e+07
6.0765191298e-04  1.7920040699e+00  3.1173219777e+06  2.6647117421e+06  1.9345498687e+07
7.7269317329e-04  1.8046342509e+00  3.1159240143e+06  2.6728824281e+06  1.9210104486e+07
9.3773443361e-04  1.8170226113e+00  3.1142978390e+06  2.6808537159e+06  1.9079130032e+07
1.1027756939e-03  1.8291762642e+00  3.1124670888e+06  2.6886298113e+06  1.8952362222e+07
1.2678169542e-03  1.8411017830e+00  3.1104535764e+06  2.6962152448e+06  1.8829601046e+07
1.4328582146e-03  1.8528047532e+00  3.1082772455e+06  2.7036142149e+06  1.8710665769e+07
1.5978994749e-03  1.8642894929e+00  3.1059558972e+06  2.7108303905e+06  1.8595401209e+07
1.7629407352e-03  1.8755600544e+00  3.1035061921e+06  2.7178675655e+06  1.8483659110e+07
1.9279819955e-03  1.8866200735e+00  3.1009435108e+06  2.7247294928e+06  1.8375301413e+07
2.0930232558e-03  1.8974722985e+00  3.0982818110e+06  2.7314194327e+06  1.8270207568e+07
2.2580645161e-03  1.9081193743e+00  3.0955342022e+06  2.7379407656e+06  1.8168261139e+07
2.4231057764e-03  1.9185630229e+00  3.0927125357e+06  2.7442962833e+06  1.8069363431e+07
2.5881470368e-03  1.9288055865e+00  3.0898281349e+06  2.7504894007e+06  1.7973409353e+07
2.7531882971e-03  1.9388487034e+00  3.0868913405e+06  2.7565230544e+06  1.7880307376e+07
2.9182295574e-03  1.9486934415e+00  3.0839116195e+06  2.7623997886e+06  1.7789977569e+07
3.0832708177e-03  1.9583417683e+00  3.0808979930e+06  2.7681228995e+06  1.7702330323e+07
3.2483120780e-03  1.9677949132e+00  3.0778586917e+06  2.7736951171e+06  1.7617289446e+07
3.4133533383e-03  1.9770541803e+00  3.0748013919e+06  2.7791192386e+06  1.7534780516e+07
3.5783945986e-03  1.9861202632e+00  3.0717331887e+06  2.7843975958e+06  1.7454739788e+07
3.7434358590e-03  1.9949948073e+00  3.0686607046e+06  2.7895332146e+06  1.7377094254e+07
3.9084771193e-03  2.0036788932e+00  3.0655900811e+06  2.7945286791e+06  1.7301780464e+07
4.0735183796e-03  2.0121737111e+00  3.0625269493e+06  2.7993865979e+06  1.7228736825e+07
4.2385596399e-03  2.0204800272e+00  3.0594765635e+06  2.8041092371e+06  1.7157909104e+07
4.4036009002e-03  2.0285996615e+00  3.0564436845e+06  2.8086995616e+06  1.7089233367e+07
4.5686421605e-03  2.0365338607e+00  3.0534327301e+06  2.8131600679e+06  1.7022654871e+07
4.7336834209e-03  2.0442840576e+00  3.0504477403e+06  2.8174933240e+06  1.6958119122e+07
4.8987246812e-03  2.0518517334e+00  3.0474924096e+06  2.8217018674e+06  1.6895573418e+07
5.0637659415e-03  2.0592379779e+00  3.0445702002e+06  2.8257879106e+06  1.6834971358e+07
5.2288072018e-03  2.0664446637e+00  3.0416841570e+06  2.8297541401e+06  1.6776260047e+07
5.3938484621e-03  2.0734736586e+00  3.0388370056e+06  2.8336031500e+06  1.6719389185e+07
5.5588897224e-03  2.0803267609e+00  3.0360312300e+06  2.8373374225e+06  1.6664311135e+07
5.7239309827e-03  2.0870058038e+00  3.0332690550e+06  2.8409593893e+06  1.6610979924e+07
5.8889722431e-03  2.0935121092e+00  3.0305526320e+06  2.8444710972e+06  1.6559356269e+07
6.0540135034e-03  2.0998486260e+00  3.0278834567e+06  2.8478755583e+06  1.6509386697e+07
6.2190547637e-03  2.1060173531e+00  3.0252630735e+06  2.8511751097e+06  1.6461028866e+07
6.3840960240e-03  2.1120201208e+00  3.0226929009e+06  2.8543719235e+06  1.6414243556e+07
6.5491372843e-03  2.1178592434e+00  3.0201740539e+06  2.8574684172e+06  1.6368988309e+07
6.7141785446e-03  2.1235378039e+00  3.0177072138e+06  2.8604673988e+06  1.6325215345e+07
6.8792198050e-03  2.1290569495e+00  3.0152935514e+06  2.8633704472e+06  1.6282896006e+07
7.0442610653e-03  2.1344210892e+00  3.0129329967e+06  2.8661810377e+06  1.6241973403e+07
7.2093023256e-03  2.1396301577e+00  3.0106268920e+06  2.8688999254e+06  1.6202432121e+07
7.3743435859e-03  2.1446887928e+00  3.0083748169e+06  2.8715305979e+06  1.6164215951e+07
7.5393848462e-03  2.1495994521e+00  3.0061769921e+06  2.8740751933e+06  1.6127289404e+07
7.7044261065e-03  2.1543651509e+00  3.0040333265e+06  2.8765361210e+06  1.6091613272e+07
7.8694673668e-03  2.1589865539e+00  3.0019445350e+06  2.8789144015e+06  1.6057169332e+07
8.0345086272e-03  2.1634687229e+00  2.9999095645e+06  2.8812135228e+06  1.6023902885e+07
8.1995498875e-03  2.1678137606e+00  2.9979283956e+06  2.8834352275e+06  1.5991785541e+07
8.3645911478e-03  2.1720256180e+00  2.9960002061e+06  2.8855822582e+06  1.5960774314e+07
8.5296324081e-03  2.1761041320e+00  2.9941257543e+06  2.8876550212e+06  1.5930861009e+07
8.6946736684e-03  2.1800548414e+00  2.9923034368e+06  2.8896570619e+06  1.5901991226e+07
8.8597149287e-03  2.1838802897e+00  2.9905327879e+06  2.8915902147e+06  1.5874136081e+07
9.0247561890e-03  2.1875834782e+00  2.9888130965e+06  2.8934565304e+06  1.5847263687e+07
9.1897974494e-03  2.1911675766e+00  2.9871435230e+06  2.8952581143e+06  1.5821341539e+07
9.3548387097e-03  2.1946321533e+00  2.9855247185e+06  2.8969951014e+06  1.5796366141e+07
9.5198799700e-03  2.1979847049e+00  2.9839539077e+06  2.8986718708e+06  1.5772271982e+07
9.6849212303e-03  2.2012259109e+00  2.9824311734e+06  2.9002890917e+06  1.5749048048e+07
9.8499624906e-03  2.2043595537e+00  2.9809552324e+06  2.9018490764e+06  1.5726659397e+07
1.0015003751e-02  2.2073861847e+00  2.9795261731e+06  2.9033523938e+06  1.5705096641e+07
1.0180045011e-02  2.2103119226e+00  2.9781416083e+06  2.9048025341e+06  1.5684307939e+07
1.0345086272e-02  2.2131385022e+00  2.9768010396e+06  2.9062006423e+06  1.5664275734e+07
1.0510127532e-02  2.2158679270e+00  2.9755038285e+06  2.9075479893e+06  1.5644980702e+07
1.0675168792e-02  2.2185024980e+00  2.9742491822e+06  2.9088459854e+06  1.5626401575e+07
1.0840210053e-02  2.2210448347e+00  2.9730361418e+06  2.9100961886e+06  1.5608515013e+07
1.1005251313e-02  2.2234979108e+00  2.9718635644e+06  2.9113003209e+06  1.5591295386e+07
1.1170292573e-02  2.2258651027e+00  2.9707300983e+06  2.9124602904e+06  1.5574714455e+07
1.1335333833e-02  2.2281502361e+00  2.9696341593e+06  2.9135782123e+06  1.5558741087e+07
1.1500375094e-02  2.2303550125e+00  2.9685751138e+06  2.9146550951e+06  1.5543360203e+07
1.1665416354e-02  2.2324770010e+00  2.9675542335e+06  2.9156898466e+06  1.5528587033e+07
1.1830457614e-02  2.2345285854e+00  2.9665659245e+06  2.9166888800e+06  1.5514328664e+07
1.1995498875e-02  2.2364997335e+00  2.9656149569e+06  2.9176472320e+06  1.5500656177e+07
1.2160540135e-02  2.2384063298e+00  2.9646940545e+06  2.9185730333e+06  1.5487452132e+07
1.2325581395e-02  2.2402370129e+00  2.9638086185e+06  2.9194606640e+06  1.5474797011e+07
1.2490622656e-02  2.2420036773e+00  2.9629531820e+06  2.9203161961e+06  1.5462603174e+07
1.2655663916e-02  2.2437087590e+00  2.9621266782e+06  2.9211409269e+06  1.5450851708e+07
1.2820705176e-02  2.2453474132e+00  2.9613314666e+06  2.9219325188e+06  1.5439575884e+07
1.2985746437e-02  2.2469241564e+00  2.9605654963e+06  2.9226933045e+06  1.5428741943e+07
1.3150787697e-02  2.2484436470e+00  2.9598266315e+06  2.9234256695e+06  1.5418315435e+07
1.3315828957e-02  2.2499072015e+00  2.9591143065e+06  2.9241303278e+06  1.5408285911e+07
1.3480870218e-02  2.2513162705e+00  2.9584278874e+06  2.9248080557e+06  1.5398642047e+07
1.3645911478e-02  2.2526724546e+00  2.9577666640e+06  2.9254596990e+06  1.5389371547e+07
1.3810952738e-02  2.2539775247e+00  2.9571298399e+06  2.9260861818e+06  1.5380461006e+07
1.3975993998e-02  2.2552334445e+00  2.9565165205e+06  2.9266885177e+06  1.5371895766e+07
1.4141035259e-02  2.2564423989e+00  2.9559256998e+06  2.9272678221e+06  1.5363659728e+07
1.4306076519e-02  2.2576068299e+00  2.9553562415e+06  2.9278253298e+06  1.5355735121e+07
1.4471117779e-02  2.2587294735e+00  2.9548068611e+06  2.9283624114e+06  1.5348102255e+07
1.4636159040e-02  2.2598027711e+00  2.9542812298e+06  2.9288754162e+06  1.5340813121e+07
1.4801200300e-02  2.2608337964e+00  2.9537759798e+06  2.9293678367e+06  1.5333817721e+07
1.4966241560e-02  2.2618293211e+00  2.9532878676e+06  2.9298429944e+06  1.5327068577e+07
1.5131282821e-02  2.2627932402e+00  2.9528150238e+06  2.9303027959e+06  1.5320538449e+07
1.5296324081e-02  2.2637071621e+00  2.9523663712e+06  2.9307383484e+06  1.5314354025e+07
1.5461365341e-02  2.2645903228e+00  2.9519326283e+06  2.9311590112e+06  1.5308381777e+07
1.5626406602e-02  2.2654506662e+00  2.9515099447e+06  2.9315686294e+06  1.5302566911e+07
1.5791447862e-02  2.2662576967e+00  2.9511131457e+06  2.9319524932e+06  1.5297118869e+07
1.5956489122e-02  2.2670480015e+00  2.9507244807e+06  2.9323282927e+06  1.5291785637e+07
1.6121530383e-02  2.2678005298e+00  2.9503541882e+06  2.9326858794e+06  1.5286711693e+07
1.6286571643e-02  2.2685266179e+00  2.9499967763e+06  2.9330307440e+06  1.5281818784e+07
1.6451612903e-02  2.2692248814e+00  2.9496529195e+06  2.9333622206e+06  1.5277116387e+07
1.6616654164e-02  2.2698942107e+00  2.9493231817e+06  2.9336798027e+06  1.5272611616e+07
1.6781695424e-02  2.2705379799e+00  2.9490059165e+06  2.9339851108e+06  1.5268281424e+07
1.6946736684e-02  2.2711594785e+00  2.9486995364e+06  2.9342797456e+06  1.5264102974e+07
1.7111777944e-02  2.2717485290e+00  2.9484090159e+06  2.9345588296e+06  1.5260145608e+07
1.7276819205e-02  2.2723329914e+00  2.9481207416e+06  2.9348357191e+06  1.5256219427e+07
1.7441860465e-02  2.2728670785e+00  2.9478571289e+06  2.9350885141e+06  1.5252635639e+07
1.7606901725e-02  2.2734011657e+00  2.9475935162e+06  2.9353413091e+06  1.5249051850e+07
1.7771942986e-02  2.2739066389e+00  2.9473439341e+06  2.9355804452e+06  1.5245662072e+07
1.7936984246e-02  2.2743855218e+00  2.9471073904e+06  2.9358068884e+06  1.5242452582e+07
1.8102025506e-02  2.2748644048e+00  2.9468708468e+06  2.9360333317e+06  1.5239243093e+07
1.8267066767e-02  2.2753069843e+00  2.9466521323e+06  2.9362424798e+06  1.5236279150e+07
1.8432108027e-02  2.2757304158e+00  2.9464428219e+06  2.9364425058e+06  1.5233444719e+07
1.8597149287e-02  2.2761538472e+00  2.9462335114e+06  2.9366425318e+06  1.5230610288e+07
1.8762190548e-02  2.2765542792e+00  2.9460355141e+06  2.9368316224e+06  1.5227931040e+07
1.8927231808e-02  2.2769220039e+00  2.9458536051e+06  2.9370051622e+06  1.5225472476e+07
1.9092273068e-02  2.2772897286e+00  2.9456716960e+06  2.9371787020e+06  1.5223013911e+07
1.9257314329e-02  2.2776574533e+00  2.9454897869e+06  2.9373522417e+06  1.5220555347e+07
1.9422355589e-02  2.2779873232e+00  2.9453265269e+06  2.9375078189e+06  1.5218351576e+07
1.9587396849e-02  2.2782990743e+00  2.9451721931e+06  2.9376547983e+06  1.5216269759e+07
1.9752438110e-02  2.2786108254e+00  2.9450178592e+06  2.9378017778e+06  1.5214187943e+07
1.9917479370e-02  2.2789225764e+00  2.9448635254e+06  2.9379487573e+06  1.5212106126e+07
2.0082520630e-02  2.2792194426e+00  2.9447165358e+06  2.9380886878e+06  1.5210124253e+07
2.0247561890e-02  2.2794749257e+00  2.9445899645e+06  2.9382090203e+06  1.5208420242e+07
2.0412603151e-02  2.2797304087e+00  2.9444633933e+06  2.9383293529e+06  1.5206716232e+07
2.0577644411e-02  2.2799858918e+00  2.9443368221e+06  2.9384496854e+06  1.5205012222e+07
2.0742685671e-02  2.2802413749e+00  2.9442102509e+06  2.9385700180e+06  1.5203308211e+07
2.0907726932e-02  2.2804968579e+00  2.9440836797e+06  2.9386903505e+06  1.5201604201e+07
2.1072768192e-02  2.2807027544e+00  2.9439816115e+06  2.9387872470e+06  1.5200232324e+07
2.1237809452e-02  2.2809016227e+00  2.9438830162e+06  2.9388808217e+06  1.5198907521e+07
2.1402850713e-02  2.2811004911e+00  2.9437844209e+06  2.9389743965e+06  1.5197582718e+07
2.1567891973e-02  2.2812993595e+00  2.9436858256e+06  2.9390679712e+06  1.5196257915e+07
2.1732933233e-02  2.2814982279e+00  2.9435872303e+06  2.9391615460e+06  1.5194933112e+07
2.1897974494e-02  2.2816970963e+00  2.9434886350e+06  2.9392551208e+06  1.5193608310e+07
2.2063015754e-02  2.2818959647e+00  2.9433900396e+06  2.9393486955e+06  1.5192283507e+07
2.2228057014e-02  2.2820407969e+00  2.9433181861e+06  2.9394167821e+06  1.5191319756e+07
2.2393098275e-02  2.2821825662e+00  2.9432478484e+06  2.9394834238e+06  1.5190376471e+07
2.2558139535e-02  2.2823243354e+00  2.9431775107e+06  2.9395500656e+06  1.5189433187e+07
2.2723180795e-02  2.2824661047e+00  2.9431071730e+06  2.9396167074e+06  1.5188489902e+07
2.2888222056e-02  2.2826078740e+00  2.9430368353e+06  2.9396833492e+06  1.5187546618e+07
2.3053263316e-02  2.2827496432e+00  2.9429664976e+06  2.9397499910e+06  1.5186603333e+07
2.3218304576e-02  2.2828914125e+00  2.9428961599e+06  2.9398166328e+06  1.5185660048e+07
2.3383345836e-02  2.2830331817e+00  2.9428258222e+06  2.9398832745e+06  1.5184716764e+07
2.3548387097e-02  2.2831749510e+00  2.9427554845e+06  2.9399499163e+06  1.5183773479e+07
2.3713428357e-02  2.2833041448e+00  2.9426913795e+06  2.9400106384e+06  1.5182914012e+07
2.3878469617e-02  2.2833878084e+00  2.9426498406e+06  2.9400499274e+06  1.5182358016e+07
2.4043510878e-02  2.2834714719e+00  2.9426083016e+06  2.9400892165e+06  1.5181802020e+07
2.4208552138e-02  2.2835551354e+00  2.9425667626e+06  2.9401285056e+06  1.5181246023e+07
2.4373593398e-02  2.2836387990e+00  2.9425252236e+06  2.9401677947e+06  1.5180690027e+07
2.4538634659e-02  2.2837224625e+00  2.9424836846e+06  2.9402070838e+06  1.5180134031e+07
2.4703675919e-02  2.2838061260e+00  2.9424421457e+06  2.9402463729e+06  1.5179578035e+07
2.4868717179e-02  2.2838897896e+00  2.9424006067e+06  2.9402856620e+06  1.5179022038e+07
2.5033758440e-02  2.2839734531e+00  2.9423590677e+06  2.9403249511e+06  1.5178466042e+07
2.5198799700e-02  2.2840571166e+00  2.9423175287e+06  2.9403642402e+06  1.5177910046e+07
2.5363840960e-02  2.2841407801e+00  2.9422759897e+06  2.9404035293e+06  1.5177354049e+07
2.5528882221e-02  2.2842244437e+00  2.9422344507e+06  2.9404428184e+06  1.5176798053e+07
2.5693923481e-02  2.2843081072e+00  2.9421929118e+06  2.9404821074e+06  1.5176242057e+07
2.5858964741e-02  2.2843917707e+00  2.9421513728e+06  2.9405213965e+06  1.5175686061e+07
2.6024006002e-02  2.2844754343e+00  2.9421098338e+06  2.9405606856e+06  1.5175130064e+07
2.6189047262e-02  2.2845590978e+00  2.9420682948e+06  2.9405999747e+06  1.5174574068e+07
2.6354088522e-02  2.2846427613e+00  2.9420267558e+06  2.9406392638e+06  1.5174018072e+07
2.6519129782e-02  2.2846773971e+00  2.9420095554e+06  2.9406555241e+06  1.5173787981e+07
2.6684171043e-02  2.2846922770e+00  2.9420021622e+06  2.9406625050e+06  1.5173689214e+07
2.6849212303e-02  2.2847071569e+00  2.9419947690e+06  2.9406694858e+06  1.5173590447e+07
2.7014253563e-02  2.2847220368e+00  2.9419873759e+06  2.9406764666e+06  1.5173491681e+07
2.7179294824e-02  2.2847369166e+00  2.9419799827e+06  2.9406834474e+06  1.5173392914e+07
2.7344336084e-02  2.2847517965e+00  2.9419725895e+06  2.9406904282e+06  1.5173294148e+07
2.7509377344e-02  2.2847666764e+00  2.9419651963e+06  2.9406974091e+06  1.5173195381e+07
2.7674418605e-02  2.2847815563e+00  2.9419578032e+06  2.9407043899e+06  1.5173096614e+07
2.7839459865e-02  2.2847964362e+00  2.9419504100e+06  2.9407113707e+06  1.5172997848e+07
2.8004501125e-02  2.2848113161e+00  2.9419430168e+06  2.9407183515e+06  1.5172899081e+07
2.8169542386e-02  2.2848261960e+00  2.9419356236e+06  2.9407253323e+06  1.5172800315e+07
2.8334583646e-02  2.2848410758e+00  2.9419282305e+06  2.9407323132e+06  1.5172701548e+07
2.8499624906e-02  2.2848559557e+00  2.9419208373e+06  2.9407392940e+06  1.5172602781e+07
2.8664666167e-02  2.2848708356e+00  2.9419134441e+06  2.9407462748e+06  1.5172504015e+07
2.8829707427e-02  2.2848857155e+00  2.9419060509e+06  2.9407532556e+06  1.5172405248e+07
2.8994748687e-02  2.2849005954e+00  2.9418986578e+06  2.9407602364e+06  1.5172306482e+07
2.9159789947e-02  2.2849154753e+00  2.9418912646e+06  2.9407672173e+06  1.5172207715e+07
2.9324831208e-02  2.2849303552e+00  2.9418838714e+06  2.9407741981e+06  1.5172108948e+07
2.9489872468e-02  2.2849452350e+00  2.9418764783e+06  2.9407811789e+06  1.5172010182e+07
2.9654913728e-02  2.2849601149e+00  2.9418690851e+06  2.9407881597e+06  1.5171911415e+07
2.9819954989e-02  2.2849749948e+00  2.9418616919e+06  2.9407951405e+06  1.5171812649e+07
2.9984996249e-02  2.2849898747e+00  2.9418542987e+06  2.9408021214e+06  1.5171713882e+07
3.0150037509e-02  2.2850047546e+00  2.9418469056e+06  2.9408091022e+06  1.5171615115e+07
3.0315078770e-02  2.2850196345e+00  2.9418395124e+06  2.9408160830e+06  1.5171516349e+07
3.0480120030e-02  2.2850345144e+00  2.9418321192e+06  2.9408230638e+06  1.5171417582e+07
3.0645161290e-02  2.2850493942e+00  2.9418247260e+06  2.9408300446e+06  1.5171318816e+07
3.0810202551e-02  2.2850642741e+00  2.9418173329e+06  2.9408370255e+06  1.5171220049e+07
3.0975243811e-02  2.2850791540e+00  2.9418099397e+06  2.9408440063e+06  1.5171121282e+07
3.1140285071e-02  2.2850940339e+00  2.9418025465e+06  2.9408509871e+06  1.5171022516e+07
3.1305326332e-02  2.2851089138e+00  2.9417951534e+06  2.9408579679e+06  1.5170923749e+07
3.1470367592e-02  2.2851237937e+00  2.9417877602e+06  2.9408649487e+06  1.5170824983e+07
3.1635408852e-02  2.2851386736e+00  2.9417803670e+06  2.9408719296e+06  1.5170726216e+07
3.1800450113e-02  2.2851535535e+00  2.9417729738e+06  2.9408789104e+06  1.5170627449e+07
3.1965491373e-02  2.2851684333e+00  2.9417655807e+06  2.9408858912e+06  1.5170528683e+07
3.2130532633e-02  2.2851833132e+00  2.9417581875e+06  2.9408928720e+06  1.5170429916e+07
3.2295573893e-02  2.2851981931e+00  2.9417507943e+06  2.9408998528e+06  1.5170331150e+07
3.2460615154e-02  2.2852130730e+00  2.9417434011e+06  2.9409068337e+06  1.5170232383e+07
3.2625656414e-02  2.2852279529e+00  2.9417360080e+06  2.9409138145e+06  1.5170133616e+07
3.2790697674e-02  2.2852428328e+00  2.9417286148e+06  2.9409207953e+06  1.5170034850e+07
3.2955738935e-02  2.2852577127e+00  2.9417212216e+06  2.9409277761e+06  1.5169936083e+07
3.3120780195e-02  2.2852725925e+00  2.9417138285e+06  2.9409347569e+06  1.5169837316e+07
3.3285821455e-02  2.2852874724e+00  2.9417064353e+06  2.9409417378e+06  1.5169738550e+07
3.3450862716e-02  2.2853023523e+00  2.9416990421e+06  2.9409487186e+06  1.5169639783e+07
3.3615903976e-02  2.2853172322e+00  2.9416916489e+06  2.9409556994e+06  1.5169541017e+07
3.3780945236e-02  2.2853321121e+00  2.9416842558e+06  2.9409626802e+06  1.5169442250e+07
3.3945986497e-02  2.2853469920e+00  2.9416768626e+06  2.9409696610e+06  1.5169343483e+07
3.4111027757e-02  2.2853618719e+00  2.9416694694e+06  2.9409766419e+06  1.5169244717e+07
3.4276069017e-02  2.2853767517e+00  2.9416620762e+06  2.9409836227e+06  1.5169145950e+07
3.4441110278e-02  2.2853916316e+00  2.9416546831e+06  2.9409906035e+06  1.5169047184e+07
3.4606151538e-02  2.2854065115e+00  2.9416472899e+06  2.9409975843e+06  1.5168948417e+07
3.4771192798e-02  2.2854213914e+00  2.9416398967e+06  2.9410045651e+06  1.5168849650e+07
3.4936234059e-02  2.2854362713e+00  2.9416325036e+06  2.9410115460e+06  1.5168750884e+07
3.5101275319e-02  2.2854511512e+00  2.9416251104e+06  2.9410185268e+06  1.5168652117e+07
3.5266316579e-02  2.2854660311e+00  2.9416177172e+06  2.9410255076e+06  1.5168553351e+07
3.5431357839e-02  2.2854809109e+00  2.9416103240e+06  2.9410324884e+06  1.5168454584e+07
3.5596399100e-02  2.2854957908e+00  2.9416029309e+06  2.9410394692e+06  1.5168355817e+07
3.5761440360e-02  2.2855106707e+00  2.9415955377e+06  2.9410464501e+06  1.5168257051e+07
3.5926481620e-02  2.2855255506e+00  2.9415881445e+06  2.9410534309e+06  1.5168158284e+07
3.6091522881e-02  2.2855404305e+00  2.9415807513e+06  2.9410604117e+06  1.5168059518e+07
3.6256564141e-02  2.2855553104e+00  2.9415733582e+06  2.9410673925e+06  1.5167960751e+07
3.6421605401e-02  2.2855701903e+00  2.9415659650e+06  2.9410743733e+06  1.5167861984e+07
3.6586646662e-02  2.2855850702e+00  2.9415585718e+06  2.9410813542e+06  1.5167763218e+07
3.6751687922e-02  2.2855999500e+00  2.9415511786e+06  2.9410883350e+06  1.5167664451e+07
3.6916729182e-02  2.2856148299e+00  2.9415437855e+06  2.9410953158e+06  1.5167565685e+07
3.7081770443e-02  2.2856297098e+00  2.9415363923e+06  2.9411022966e+06  1.5167466918e+07
3.7246811703e-02  2.2856445897e+00  2.9415289991e+06  2.9411092774e+06  1.5167368151e+07
3.7411852963e-02  2.2856594696e+00  2.9415216060e+06  2.9411162583e+06  1.5167269385e+07
3.7576894224e-02  2.2856743495e+00  2.9415142128e+06  2.9411232391e+06  1.5167170618e+07
3.7741935484e-02  2.2856892294e+00  2.9415068196e+06  2.9411302199e+06  1.5167071852e+07
3.7906976744e-02  2.2857041092e+00  2.9414994264e+06  2.9411372007e+06  1.5166973085e+07
3.8072018005e-02  2.2857189891e+00  2.9414920333e+06  2.9411441815e+06  1.5166874318e+07
3.8237059265e-02  2.2857338690e+00  2.9414846401e+06  2.9411511624e+06  1.5166775552e+07
3.8402100525e-02  2.2857487489e+00  2.9414772469e+06  2.9411581432e+06  1.5166676785e+07
3.8567141785e-02  2.2857636288e+00  2.9414698537e+06  2.9411651240e+06  1.5166578019e+07
3.8732183046e-02  2.2857785087e+00  2.9414624606e+06  2.9411721048e+06  1.5166479252e+07
3.8897224306e-02  2.2857933886e+00  2.9414550674e+06  2.9411790856e+06  1.5166380485e+07
3.9062265566e-02  2.2858082684e+00  2.9414476742e+06  2.9411860665e+06  1.5166281719e+07
3.9227306827e-02  2.2858231483e+00  2.9414402811e+06  2.9411930473e+06  1.5166182952e+07
3.9392348087e-02  2.2858380282e+00  2.9414328879e+06  2.9412000281e+06  1.5166084186e+07
3.9557389347e-02  2.2858529081e+00  2.9414254947e+06  2.9412070089e+06  1.5165985419e+07
3.9722430608e-02  2.2858677880e+00  2.9414181015e+06  2.9412139897e+06  1.5165886652e+07
3.9887471868e-02  2.2858826679e+00  2.9414107084e+06  2.9412209706e+06  1.5165787886e+07
4.0052513128e-02  2.2858975478e+00  2.9414033152e+06  2.9412279514e+06  1.5165689119e+07
4.0217554389e-02  2.2859124277e+00  2.9413959220e+06  2.9412349322e+06  1.5165590352e+07
4.0382595649e-02  2.2859273075e+00  2.9413885288e+06  2.9412419130e+06  1.5165491586e+07
4.0547636909e-02  2.2859421874e+00  2.9413811357e+06  2.9412488938e+06  1.5165392819e+07
4.0712678170e-02  2.2859570673e+00  2.9413737425e+06  2.9412558747e+06  1.5165294053e+07
4.0877719430e-02  2.2859719472e+00  2.9413663493e+06  2.9412628555e+06  1.5165195286e+07
4.1042760690e-02  2.2859868271e+00  2.9413589562e+06  2.9412698363e+06  1.5165096519e+07
4.1207801950e-02  2.2860017070e+00  2.9413515630e+06  2.9412768171e+06  1.5164997753e+07
4.1372843211e-02  2.2860165869e+00  2.9413441698e+06  2.9412837979e+06  1.5164898986e+07
4.1537884471e-02  2.2860314667e+00  2.9413367766e+06  2.9412907788e+06  1.5164800220e+07
4.1702925731e-02  2.2860463466e+00  2.9413293835e+06  2.9412977596e+06  1.5164701453e+07
4.1867966992e-02  2.2860499290e+00  2.9413276034e+06  2.9412994400e+06  1.5164677679e+07
4.2033008252e-02  2.2860511795e+00  2.9413269818e+06  2.9413000263e+06  1.5164669384e+07
4.2198049512e-02  2.2860524300e+00  2.9413263603e+06  2.9413006127e+06  1.5164661089e+07
4.2363090773e-02  2.2860536805e+00  2.9413257387e+06  2.9413011990e+06  1.5164652794e+07
4.2528132033e-02  2.2860549310e+00  2.9413251172e+06  2.9413017854e+06  1.5164644499e+07
4.2693173293e-02  2.2860561814e+00  2.9413244956e+06  2.9413023717e+06  1.5164636203e+07
4.2858214554e-02  2.2860574319e+00  2.9413238741e+06  2.9413029581e+06  1.5164627908e+07
4.3023255814e-02  2.2860586824e+00  2.9413232526e+06  2.9413035445e+06  1.5164619613e+07
4.3188297074e-02  2.2860599329e+00  2.9413226310e+06  2.9413041308e+06  1.5164611318e+07
4.3353338335e-02  2.2860611834e+00  2.9413220095e+06  2.9413047172e+06  1.5164603023e+07
4.3518379595e-02  2.2860624339e+00  2.9413213879e+06  2.9413053035e+06  1.5164594728e+07
4.3683420855e-02  2.2860636844e+00  2.9413207664e+06  2.9413058899e+06  1.5164586433e+07
4.3848462116e-02  2.2860649349e+00  2.9413201448e+06  2.9413064762e+06  1.5164578137e+07
4.4013503376e-02  2.2860661854e+00  2.9413195233e+06  2.9413070626e+06  1.5164569842e+07
4.4178544636e-02  2.2860674359e+00  2.9413189017e+06  2.9413076490e+06  1.5164561547e+07
4.4343585896e-02  2.2860686864e+00  2.9413182802e+06  2.9413082353e+06  1.5164553252e+07
4.4508627157e-02  2.2860699369e+00  2.9413176587e+06  2.9413088217e+06  1.5164544957e+07
4.4673668417e-02  2.2860711874e+00  2.9413170371e+06  2.9413094080e+06  1.5164536662e+07
4.4838709677e-02  2.2860724379e+00  2.9413164156e+06  2.9413099944e+06  1.5164528366e+07
4.5003750938e-02  2.2860736884e+00  2.9413157940e+06  2.9413105807e+06  1.5164520071e+07
4.5168792198e-02  2.2860749389e+00  2.9413151725e+06  2.9413111671e+06  1.5164511776e+07
4.5333833458e-02  2.2860761894e+00  2.9413145509e+06  2.9413117534e+06  1.5164503481e+07
4.5498874719e-02  2.2860774399e+00  2.9413139294e+06  2.9413123398e+06  1.5164495186e+07
4.5663915979e-02  2.2860786904e+00  2.9413133079e+06  2.9413129262e+06  1.5164486891e+07
4.5828957239e-02  2.2900000000e+00  2.9359430844e+06  2.9359430844e+06  1.5116000000e+07
4.5993998500e-02  2.2900000000e+00  2.9359430844e+06  2.9359430844e+06  1.5116000000e+07
4.6159039760e-02  2.2900000000e+00  2.9359430844e+06  2.9359430844e+06  1.5116000000e+07
4.6324081020e-02  2.2900000000e+00  2.9359430844e+06  2.9359430844e+06  1.5116000000e+07
4.6489122281e-02  2.2900000000e+00  2.9359430844e+06  2.9359430844e+06  1.5116000000e+07
4.6654163541e-02  2.2900000000e+00  2.9359430844e+06  2.9359430844e+06  1.5116000000e+07
4.6819204801e-02  2.2900000000e+00  2.9359430844e+06  2.9359430844e+06  1.5116000000e+07
4.6984246062e-02  2.2900000000e+00  2.9359430844e+06  2.9359430844e+06  1.5116000000e+07
4.7149287322e-02  2.2900000000e+00  2.9359430844e+06  2.9359430844e+06  1.5116000000e+07
4.7314328582e-02  2.2900000000e+00  2.9359430844e+06  2.9359430844e+06  1.5116000000e+07
4.7479369842e-02  2.2900000000e+00  2.9359430844e+06  2.9359430844e+06  1.5116000000e+07
4.7644411103e-02  2.2900000000e+00  2.9359430844e+06  2.9359430844e+06  1.5116000000e+07
4.7809452363e-02  2.2900000000e+00  2.9359430844e+06  2.9359430844e+06  1.5116000000e+07
4.7974493623e-02  2.2900000000e+00  2.9359430844e+06  2.9359430844e+06  1.5116000000e+07
4.8139534884e-02  2.2900000000e+00  2.9359430844e+06  2.9359430844e+06  1.5116000000e+07
4.8304576144e-02  2.2900000000e+00  2.9359430844e+06  2.9359430844e+06  1.5116000000e+07
4.8469617404e-02  2.2900000000e+00  2.9359430844e+06  2.9359430844e+06  1.5116000000e+07
4.8634658665e-02  2.2900000000e+00  2.9359430844e+06  2.9359430844e+06  1.5116000000e+07
4.8799699925e-02  2.2900000000e+00  2.9359430844e+06  2.9359430844e+06  1.5116000000e+07
4.8964741185e-02  2.2900000000e+00  2.9359430844e+06  2.9359430844e+06  1.5116000000e+07
4.9129782446e-02  2.2900000000e+00  2.9359430844e+06  2.9359430844e+06  1.5116000000e+07
4.9294823706e-02  2.2900000000e+00  2.9359430844e+06  2.9359430844e+06  1.5116000000e+07
4.9459864966e-02  2.2900000000e+00  2.9359430844e+06  2.9359430844e+06  1.5116000000e+07
4.9624906227e-02  2.2900000000e+00  2.9359430844e+06  2.9359430844e+06  1.5116000000e+07
4.9789947487e-02  2.2900000000e+00  2.9359430844e+06  2.9359430844e+06  1.5116000000e+07
4.9954988747e-02  2.2900000000e+00  2.9359430844e+06  2.9359430844e+06  1.5116000000e+07
5.0120030008e-02  2.2900000000e+00  2.9359430844e+06  2.9359430844e+06  1.5116000000e+07
5.0285071268e-02  2.2900000000e+00  2.9359430844e+06  2.9359430844e+06  1.5116000000e+07
5.0450112528e-02  2.2900000000e+00  2.9359430844e+06  2.9359430844e+06  1.5116000000e+07
5.0615153788e-02  2.2900000000e+00  2.9359430844e+06  2.9359430844e+06  1.5116000000e+07
5.0780195049e-02  2.2900000000e+00  2.9359430844e+06  2.9359430844e+06  1.5116000000e+07
5.0945236309e-02  2.2900000000e+00  2.9359430844e+06  2.9359430844e+06  1.5116000000e+07
5.1110277569e-02  2.2900000000e+00  2.9359430844e+06  2.9359430844e+06  1.5116000000e+07
5.1275318830e-02  2.2900000000e+00  2.9359430844e+06  2.9359430844e+06  1.5116000000e+07
5.1440360090e-02  2.2900000000e+00  2.9359430844e+06  2.9359430844e+06  1.5116000000e+07
5.1605401350e-02  2.2900000000e+00  2.9359430844e+06  2.9359430844e+06  1.5116000000e+07
5.1770442611e-02  2.2900000000e+00  2.9359430844e+06  2.9359430844e+06  1.5116000000e+07
5.1935483871e-02  2.2900000000e+00  2.9359430844e+06  2.9359430844e+06  1.5116000000e+07
5.2100525131e-02  2.2900000000e+00  2.9359430844e+06  2.9359430844e+06  1.5116000000e+07
5.2265566392e-02  2.2900000000e+00  2.9359430844e+06  2.9359430844e+06  1.5116000000e+07
5.2430607652e-02  2.2900000000e+00  2.9359430844e+06  2.9359430844e+06  1.5116000000e+07
5.2595648912e-02  2.2900000000e+00  2.9359430844e+06  2.9359430844e+06  1.5116000000e+07
5.2760690173e-02  2.2900000000e+00  2.9359430844e+06  2.9359430844e+06  1.5116000000e+07
5.2925731433e-02  2.2900000000e+00  2.9359430844e+06  2.9359430844e+06  1.5116000000e+07
5.3090772693e-02  2.2900000000e+00  2.9359430844e+06  2.9359430844e+06  1.5116000000e+07
5.3255813953e-02  2.2900000000e+00  2.9359430844e+06  2.9359430844e+06  1.5116000000e+07
5.3420855214e-02  2.2900000000e+00  2.9359430844e+06  2.9359430844e+06  1.5116000000e+07
5.3585896474e-02  2.2900000000e+00  2.9359430844e+06  2.9359430844e+06  1.5116000000e+07
5.3750937734e-02  2.2900000000e+00  2.9359430844e+06  2.9359430844e+06  1.5116000000e+07
5.3915978995e-02  2.2900000000e+00  2.9359430844e+06  2.9359430844e+06  1.5116000000e+07
5.4081020255e-02  2.2900000000e+00  2.9359430844e+06  2.9359430844e+06  1.5116000000e+07
5.4246061515e-02  2.2900000000e+00  2.9359430844e+06  2.9359430844e+06  1.5116000000e+07
5.4411102776e-02  2.2900000000e+00  2.9359430844e+06  2.9359430844e+06  1.5116000000e+07
5.4576144036e-02  2.2900000000e+00  2.9359430844e+06  2.9359430844e+06  1.5116000000e+07
5.4741185296e-02  2.2900000000e+00  2.9359430844e+06  2.9359430844e+06  1.5116000000e+07
5.4906226557e-02  2.2900000000e+00  2.9359430844e+06  2.9359430844e+06  1.5116000000e+07
5.5071267817e-02  2.2900000000e+00  2.9359430844e+06  2.9359430844e+06  1.5116000000e+07
5.5236309077e-02  2.2900000000e+00  2.9359430844e+06  2.9359430844e+06  1.5116000000e+07
5.5401350338e-02  2.2900000000e+00  2.9359430844e+06  2.9359430844e+06  1.5116000000e+07
5.5566391598e-02  2.2900000000e+00  2.9359430844e+06  2.9359430844e+06  1.5116000000e+07
5.5731432858e-02  2.2900000000e+00  2.9359430844e+06  2.9359430844e+06  1.5116000000e+07
5.5896474119e-02  2.2900000000e+00  2.9359430844e+06  2.9359430844e+06  1.5116000000e+07
5.6061515379e-02  2.2900000000e+00  2.9359430844e+06  2.9359430844e+06  1.5116000000e+07
5.6226556639e-02  2.2900000000e+00  2.9359430844e+06  2.9359430844e+06  1.5116000000e+07
5.6391597899e-02  2.2900000000e+00  2.9359430844e+06  2.9359430844e+06  1.5116000000e+07
5.6556639160e-02  2.2900000000e+00  2.9359430844e+06  2.9359430844e+06  1.5116000000e+07
5.6721680420e-02  2.2900000000e+00  2.9359430844e+06  2.9359430844e+06  1.5116000000e+07
5.6886721680e-02  2.2900000000e+00  2.9359430844e+06  2.9359430844e+06  1.5116000000e+07
5.7051762941e-02  2.2900000000e+00  2.9359430844e+06  2.9359430844e+06  1.5116000000e+07
5.7216804201e-02  2.2900000000e+00  2.9359430844e+06  2.9359430844e+06  1.5116000000e+07
5.7381845461e-02  2.2900000000e+00  2.9359430844e+06  2.9359430844e+06  1.5116000000e+07
5.7546886722e-02  2.2900000000e+00  2.9359430844e+06  2.9359430844e+06  1.5116000000e+07
5.7711927982e-02  2.2900000000e+00  2.9359430844e+06  2.9359430844e+06  1.5116000000e+07
5.7876969242e-02  2.2900000000e+00  2.9359430844e+06  2.9359430844e+06  1.5116000000e+07
5.8042010503e-02  2.2900000000e+00  2.9359430844e+06  2.9359430844e+06  1.5116000000e+07
5.8207051763e-02  2.2900000000e+00  2.9359430844e+06  2.9359430844e+06  1.5116000000e+07
5.8372093023e-02  2.2900000000e+00  2.9359430844e+06  2.9359430844e+06  1.5116000000e+07
5.8537134284e-02  2.2900000000e+00  2.9359430844e+06  2.9359430844e+06  1.5116000000e+07
5.8702175544e-02  2.2900000000e+00  2.9359430844e+06  2.9359430844e+06  1.5116000000e+07
5.8867216804e-02  2.2900000000e+00  2.9359430844e+06  2.9359430844e+06  1.5116000000e+07
5.9032258065e-02  2.2900000000e+00  2.9359430844e+06  2.9359430844e+06  1.5116000000e+07
5.9197299325e-02  2.2900000000e+00  2.9359430844e+06  2.9359430844e+06  1.5116000000e+07
5.9362340585e-02  2.2900000000e+00  2.9359430844e+06  2.9359430844e+06  1.5116000000e+07
5.9527381845e-02  2.2900000000e+00  2.9359430844e+06  2.9359430844e+06  1.5116000000e+07
5.9692423106e-02  2.2900000000e+00  2.9359430844e+06  2.9359430844e+06  1.5116000000e+07
5.9857464366e-02  2.2900000000e+00  2.9359430844e+06  2.9359430844e+06  1.5116000000e+07
6.0022505626e-02  2.2900000000e+00  2.9359430844e+06  2.9359430844e+06  1.5116000000e+07
6.0187546887e-02  2.2900000000e+00  2.9359430844e+06  2.9359430844e+06  1.5116000000e+07
6.0352588147e-02  2.2900000000e+00  2.9359430844e+06  2.9359430844e+06  1.5116000000e+07
6.0517629407e-02  2.2900000000e+00  2.9359430844e+06  2.9359430844e+06  1.5116000000e+07
6.0682670668e-02  2.2900000000e+00  2.9359430844e+06  2.9359430844e+06  1.5116000000e+07
6.0847711928e-02  2.2900000000e+00  2.9359430844e+06  2.9359430844e+06  1.5116000000e+07
6.1012753188e-02  2.2900000000e+00  2.9359430844e+06  2.9359430844e+06  1.5116000000e+07
6.1177794449e-02  2.2900000000e+00  2.9359430844e+06  2.9359430844e+06  1.5116000000e+07
6.1342835709e-02  2.2900000000e+00  2.9359430844e+06  2.9359430844e+06  1.5116000000e+07
6.1507876969e-02  2.2900000000e+00  2.9359430844e+06  2.9359430844e+06  1.5116000000e+07
6.1672918230e-02  2.2900000000e+00  2.9359430844e+06  2.9359430844e+06  1.5116000000e+07
6.1837959490e-02  2.2900000000e+00  2.9359430844e+06  2.9359430844e+06  1.5116000000e+07
6.2003000750e-02  2.2900000000e+00  2.9359430844e+06  2.9359430844e+06  1.5116000000e+07
6.2168042011e-02  2.2900000000e+00  2.9359430844e+06  2.9359430844e+06  1.5116000000e+07
6.2333083271e-02  2.2900000000e+00  2.9359430844e+06  2.9359430844e+06  1.5116000000e+07
6.2498124531e-02  2.2900000000e+00  2.9359430844e+06  2.9359430844e+06  1.5116000000e+07
6.2663165791e-02  2.2900000000e+00  2.9359430844e+06  2.9359430844e+06  1.5116000000e+07
6.2828207052e-02  2.2900000000e+00  2.9359430844e+06  2.9359430844e+06  1.5116000000e+07
6.2993248312e-02  2.2900000000e+00  2.9359430844e+06  2.9359430844e+06  1.5116000000e+07
6.3158289572e-02  2.2900000000e+00  2.9359430844e+06  2.9359430844e+06  1.5116000000e+07
6.3323330833e-02  2.2900000000e+00  2.9359430844e+06  2.9359430844e+06  1.5116000000e+07
6.3488372093e-02  2.2900000000e+00  2.9359430844e+06  2.9359430844e+06  1.5116000000e+07
6.3653413353e-02  2.2900000000e+00  2.9359430844e+06  2.9359430844e+06  1.5116000000e+07
6.3818454614e-02  2.2900000000e+00  2.9359430844e+06  2.9359430844e+06  1.5116000000e+07
6.3983495874e-02  2.2900000000e+00  2.9359430844e+06  2.9359430844e+06  1.5116000000e+07
6.4148537134e-02  2.2900000000e+00  2.9359430844e+06  2.9359430844e+06  1.5116000000e+07
6.4313578395e-02  2.2900000000e+00  2.9359430844e+06  2.9359430844e+06  1.5116000000e+07
6.4478619655e-02  2.2900000000e+00  2.9359430844e+06  2.9359430844e+06  1.5116000000e+07
6.4643660915e-02  2.2900000000e+00  2.9359430844e+06  2.9359430844e+06  1.5116000000e+07
6.4808702176e-02  2.2900000000e+00  2.9359430844e+06  2.9359430844e+06  1.5116000000e+07
6.4973743436e-02  2.2900000000e+00  2.9359430844e+06  2.9359430844e+06  1.5116000000e+07
6.5138784696e-02  2.2900000000e+00  2.9359430844e+06  2.9359430844e+06  1.5116000000e+07
6.5303825956e-02  2.2900000000e+00  2.9359430844e+06  2.9359430844e+06  1.5116000000e+07
6.5468867217e-02  2.2900000000e+00  2.9359430844e+06  2.9359430844e+06  1.5116000000e+07
6.5633908477e-02  2.2900000000e+00  2.9359430844e+06  2.9359430844e+06  1.5116000000e+07
6.5798949737e-02  2.2900000000e+00  2.9359430844e+06  2.9359430844e+06  1.5116000000e+07
6.5963990998e-02  2.2900000000e+00  2.9359430844e+06  2.9359430844e+06  1.5116000000e+07
6.6129032258e-02  2.2900000000e+00  2.9359430844e+06  2.9359430844e+06  1.5116000000e+07
6.6294073518e-02  2.2900000000e+00  2.9359430844e+06  2.9359430844e+06  1.5116000000e+07
6.6459114779e-02  2.2900000000e+00  2.9359430844e+06  2.9359430844e+06  1.5116000000e+07
6.6624156039e-02  2.2900000000e+00  2.9359430844e+06  2.9359430844e+06  1.5116000000e+07
6.6789197299e-02  2.2900000000e+00  2.9359430844e+06  2.9359430844e+06  1.5116000000e+07
6.6954238560e-02  2.2900000000e+00  2.9359430844e+06  2.9359430844e+06  1.5116000000e+07
6.7119279820e-02  2.2900000000e+00  2.9359430844e+06  2.9359430844e+06  1.5116000000e+07
6.7284321080e-02  2.2900000000e+00  2.9359430844e+06  2.9359430844e+06  1.5116000000e+07
6.7449362341e-02  2.2900000000e+00  2.9359430844e+06  2.9359430844e+06  1.5116000000e+07
6.7614403601e-02  2.2900000000e+00  2.9359430844e+06  2.9359430844e+06  1.5116000000e+07
6.7779444861e-02  2.2900000000e+00  2.9359430844e+06  2.9359430844e+06  1.5116000000e+07
6.7944486122e-02  2.2900000000e+00  2.9359430844e+06  2.9359430844e+06  1.5116000000e+07
6.8109527382e-02  2.2900000000e+00  2.9359430844e+06  2.9359430844e+06  1.5116000000e+07
6.8274568642e-02  2.2900000000e+00  2.9359430844e+06  2.9359430844e+06  1.5116000000e+07
6.8439609902e-02  2.2900000000e+00  2.9359430844e+06  2.9359430844e+06  1.5116000000e+07
6.8604651163e-02  2.2900000000e+00  2.9359430844e+06  2.9359430844e+06  1.5116000000e+07
6.8769692423e-02  2.2900000000e+00  2.9359430844e+06  2.9359430844e+06  1.5116000000e+07
6.8934733683e-02  2.2900000000e+00  2.9359430844e+06  2.9359430844e+06  1.5116000000e+07
6.9099774944e-02  2.2900000000e+00  2.9359430844e+06  2.9359430844e+06  1.5116000000e+07
6.9264816204e-02  2.2900000000e+00  2.9359430844e+06  2.9359430844e+06  1.5116000000e+07
6.9429857464e-02  2.2900000000e+00  2.9359430844e+06  2.9359430844e+06  1.5116000000e+07
6.9594898725e-02  2.2900000000e+00  2.9359430844e+06  2.9359430844e+06  1.5116000000e+07
6.9759939985e-02  2.2900000000e+00  2.9359430844e+06  2.9359430844e+06  1.5116000000e+07
6.9924981245e-02  2.2900000000e+00  2.9359430844e+06  2.9359430844e+06  1.5116000000e+07
7.0090022506e-02  2.2900000000e+00  2.9359430844e+06  2.9359430844e+06  1.5116000000e+07
7.0255063766e-02  2.2900000000e+00  2.9359430844e+06  2.9359430844e+06  1.5116000000e+07
7.0420105026e-02  2.2900000000e+00  2.9359430844e+06  2.9359430844e+06  1.5116000000e+07
7.0585146287e-02  2.2900000000e+00  2.9359430844e+06  2.9359430844e+06  1.5116000000e+07
7.0750187547e-02  2.2900000000e+00  2.9359430844e+06  2.9359430844e+06  1.5116000000e+07
7.0915228807e-02  2.2900000000e+00  2.9359430844e+06  2.9359430844e+06  1.5116000000e+07
7.1080270068e-02  2.2900000000e+00  2.9359430844e+06  2.9359430844e+06  1.5116000000e+07
7.1245311328e-02  2.2900000000e+00  2.9359430844e+06  2.9359430844e+06  1.5116000000e+07
7.1410352588e-02  2.2900000000e+00  2.9359430844e+06  2.9359430844e+06  1.5116000000e+07
7.1575393848e-02  2.2900000000e+00  2.9359430844e+06  2.9359430844e+06  1.5116000000e+07
7.1740435109e-02  2.2900000000e+00  2.9359430844e+06  2.9359430844e+06  1.5116000000e+07
7.1905476369e-02  2.2900000000e+00  2.9359430844e+06  2.9359430844e+06  1.5116000000e+07
7.2070517629e-02  2.2900000000e+00  2.9359430844e+06  2.9359430844e+06  1.5116000000e+07
7.2235558890e-02  2.2900000000e+00  2.9359430844e+06  2.9359430844e+06  1.5116000000e+07
7.2400600150e-02  2.2900000000e+00  2.9359430844e+06  2.9359430844e+06  1.5116000000e+07
7.2565641410e-02  2.2900000000e+00  2.9359430844e+06  2.9359430844e+06  1.5116000000e+07
7.2730682671e-02  2.2900000000e+00  2.9359430844e+06  2.9359430844e+06  1.5116000000e+07
7.2895723931e-02  2.2900000000e+00  2.9359430844e+06  2.9359430844e+06  1.5116000000e+07
7.3060765191e-02  2.2900000000e+00  2.9359430844e+06  2.9359430844e+06  1.5116000000e+07
7.3225806452e-02  2.2900000000e+00  2.9359430844e+06  2.9359430844e+06  1.5116000000e+07
7.3390847712e-02  2.2900000000e+00  2.9359430844e+06  2.9359430844e+06  1.5116000000e+07
7.3555888972e-02  2.2900000000e+00  2.9359430844e+06  2.9359430844e+06  1.5116000000e+07
7.3720930233e-02  2.2900000000e+00  2.9359430844e+06  2.9359430844e+06  1.5116000000e+07
7.3885971493e-02  2.2900000000e+00  2.9359430844e+06  2.9359430844e+06  1.5116000000e+07
7.4051012753e-02  2.2900000000e+00  2.9359430844e+06  2.9359430844e+06  1.5116000000e+07
7.4216054014e-02  2.2900000000e+00  2.9359430844e+06  2.9359430844e+06  1.5116000000e+07
7.4381095274e-02  2.2900000000e+00  2.9359430844e+06  2.9359430844e+06  1.5116000000e+07
7.4546136534e-02  2.2900000000e+00  2.9359430844e+06  2.9359430844e+06  1.5116000000e+07
7.4711177794e-02  2.2900000000e+00  2.9359430844e+06  2.9359430844e+06  1.5116000000e+07
7.4876219055e-02  2.2900000000e+00  2.9359430844e+06  2.9359430844e+06  1.5116000000e+07
7.5041260315e-02  2.2900000000e+00  2.9359430844e+06  2.9359430844e+06  1.5116000000e+07
7.5206301575e-02  2.2900000000e+00  2.9359430844e+06  2.9359430844e+06  1.5116000000e+07
7.5371342836e-02  2.2900000000e+00  2.9359430844e+06  2.9359430844e+06  1.5116000000e+07
7.5536384096e-02  2.2900000000e+00  2.9359430844e+06  2.9359430844e+06  1.5116000000e+07
7.5701425356e-02  2.2900000000e+00  2.9359430844e+06  2.9359430844e+06  1.5116000000e+07
7.5866466617e-02  2.2900000000e+00  2.9359430844e+06  2.9359430844e+06  1.5116000000e+07
7.6031507877e-02  2.2900000000e+00  2.9359430844e+06  2.9359430844e+06  1.5116000000e+07
7.6196549137e-02  2.2900000000e+00  2.9359430844e+06  2.9359430844e+06  1.5116000000e+07
7.6361590398e-02  2.2900000000e+00  2.9359430844e+06  2.9359430844e+06  1.5116000000e+07
7.6526631658e-02  2.2900000000e+00  2.9359430844e+06  2.9359430844e+06  1.5116000000e+07
7.6691672918e-02  2.2900000000e+00  2.9359430844e+06  2.9359430844e+06  1.5116000000e+07
7.6856714179e-02  2.2900000000e+00  2.9359430844e+06  2.9359430844e+06  1.5116000000e+07
7.7021755439e-02  2.2900000000e+00  2.9359430844e+06  2.9359430844e+06  1.5116000000e+07
7.7186796699e-02  2.2900000000e+00  2.9359430844e+06  2.9359430844e+06  1.5116000000e+07
7.7351837959e-02  2.2900000000e+00  2.9359430844e+06  2.9359430844e+06  1.5116000000e+07
7.7516879220e-02  2.2900000000e+00  2.9359430844e+06  2.9359430844e+06  1.5116000000e+07
7.7681920480e-02  2.2900000000e+00  2.9359430844e+06  2.9359430844e+06  1.5116000000e+07
7.7846961740e-02  2.2900000000e+00  2.9359430844e+06  2.9359430844e+06  1.5116000000e+07
7.8012003001e-02  2.2900000000e+00  2.9359430844e+06  2.9359430844e+06  1.5116000000e+07
7.8177044261e-02  2.2900000000e+00  2.9359430844e+06  2.9359430844e+06  1.5116000000e+07
7.8342085521e-02  2.2900000000e+00  2.9359430844e+06  2.9359430844e+06  1.5116000000e+07
7.8507126782e-02  2.2900000000e+00  2.9359430844e+06  2.9359430844e+06  1.5116000000e+07
7.8672168042e-02  2.2900000000e+00  2.9359430844e+06  2.9359430844e+06  1.5116000000e+07
7.8837209302e-02  2.2900000000e+00  2.9359430844e+06  2.9359430844e+06  1.5116000000e+07
7.9002250563e-02  2.2900000000e+00  2.9359430844e+06  2.9359430844e+06  1.5116000000e+07
7.9167291823e-02  2.2900000000e+00  2.9359430844e+06  2.9359430844e+06  1.5116000000e+07
7.9332333083e-02  2.2900000000e+00  2.9359430844e+06  2.9359430844e+06  1.5116000000e+07
7.9497374344e-02  2.2900000000e+00  2.9359430844e+06  2.9359430844e+06  1.5116000000e+07
7.9662415604e-02  2.2900000000e+00  2.9359430844e+06  2.9359430844e+06  1.5116000000e+07
7.9827456864e-02  2.2900000000e+00  2.9359430844e+06  2.9359430844e+06  1.5116000000e+07
7.9992498125e-02  2.2900000000e+00  2.9359430844e+06  2.9359430844e+06  1.5116000000e+07
8.0157539385e-02  2.2900000000e+00  2.9359430844e+06  2.9359430844e+06  1.5116000000e+07
8.0322580645e-02  2.2900000000e+00  2.9359430844e+06  2.9359430844e+06  1.5116000000e+07
8.0487621905e-02  2.2900000000e+00  2.9359430844e+06  2.9359430844e+06  1.5116000000e+07
8.0652663166e-02  2.2900000000e+00  2.9359430844e+06  2.9359430844e+06  1.5116000000e+07
8.0817704426e-02  2.2900000000e+00  2.9359430844e+06  2.9359430844e+06  1.5116000000e+07
8.0982745686e-02  2.2900000000e+00  2.9359430844e+06  2.9359430844e+06  1.5116000000e+07
8.1147786947e-02  2.2900000000e+00  2.9359430844e+06  2.9359430844e+06  1.5116000000e+07
8.1312828207e-02  2.2900000000e+00  2.9359430844e+06  2.9359430844e+06  1.5116000000e+07
8.1477869467e-02  2.2900000000e+00  2.9359430844e+06  2.9359430844e+06  1.5116000000e+07
8.1642910728e-02  2.2900000000e+00  2.9359430844e+06  2.9359430844e+06  1.5116000000e+07
8.1807951988e-02  2.2900000000e+00  2.9359430844e+06  2.9359430844e+06  1.5116000000e+07
8.1972993248e-02  2.2900000000e+00  2.9359430844e+06  2.9359430844e+06  1.5116000000e+07
8.2138034509e-02  2.2900000000e+00  2.9359430844e+06  2.9359430844e+06  1.5116000000e+07
8.2303075769e-02  2.2900000000e+00  2.9359430844e+06  2.9359430844e+06  1.5116000000e+07
8.2468117029e-02  2.2900000000e+00  2.9359430844e+06  2.9359430844e+06  1.5116000000e+07
8.2633158290e-02  2.2900000000e+00  2.9359430844e+06  2.9359430844e+06  1.5116000000e+07
8.2798199550e-02  2.2900000000e+00  2.9359430844e+06  2.9359430844e+06  1.5116000000e+07
8.2963240810e-02  2.2900000000e+00  2.9359430844e+06  2.9359430844e+06  1.5116000000e+07
8.3128282071e-02  2.2900000000e+00  2.9359430844e+06  2.9359430844e+06  1.5116000000e+07
8.3293323331e-02  2.2900000000e+00  2.9359430844e+06  2.9359430844e+06  1.5116000000e+07
8.3458364591e-02  2.2900000000e+00  2.9359430844e+06  2.9359430844e+06  1.5116000000e+07
8.3623405851e-02  2.2900000000e+00  2.9359430844e+06  2.9359430844e+06  1.5116000000e+07
8.3788447112e-02  2.2900000000e+00  2.9359430844e+06  2.9359430844e+06  1.5116000000e+07
8.3953488372e-02  2.2900000000e+00  2.9359430844e+06  2.9359430844e+06  1.5116000000e+07
8.4118529632e-02  2.2900000000e+00  2.9359430844e+06  2.9359430844e+06  1.5116000000e+07
8.4283570893e-02  2.2900000000e+00  2.9359430844e+06  2.9359430844e+06  1.5116000000e+07
8.4448612153e-02  2.2900000000e+00  2.9359430844e+06  2.9359430844e+06  1.5116000000e+07
8.4613653413e-02  2.2900000000e+00  2.9359430844e+06  2.9359430844e+06  1.5116000000e+07
8.4778694674e-02  2.2900000000e+00  2.9359430844e+06  2.9359430844e+06  1.5116000000e+07
8.4943735934e-02  2.2900000000e+00  2.9359430844e+06  2.9359430844e+06  1.5116000000e+07
8.5108777194e-02  2.2900000000e+00  2.9359430844e+06  2.9359430844e+06  1.5116000000e+07
8.5273818455e-02  2.2900000000e+00  2.9359430844e+06  2.9359430844e+06  1.5116000000e+07
8.5438859715e-02  2.2900000000e+00  2.9359430844e+06  2.9359430844e+06  1.5116000000e+07
8.5603900975e-02  2.2900000000e+00  2.9359430844e+06  2.9359430844e+06  1.5116000000e+07
8.5768942236e-02  2.2900000000e+00  2.9359430844e+06  2.9359430844e+06  1.5116000000e+07
8.5933983496e-02  2.2900000000e+00  2.9359430844e+06  2.9359430844e+06  1.5116000000e+07
8.6099024756e-02  2.2900000000e+00  2.9359430844e+06  2.9359430844e+06  1.5116000000e+07
8.6264066017e-02  2.2900000000e+00  2.9359430844e+06  2.9359430844e+06  1.5116000000e+07
8.6429107277e-02  2.2900000000e+00  2.9359430844e+06  2.9359430844e+06  1.5116000000e+07
8.6594148537e-02  2.2900000000e+00  2.9359430844e+06  2.9359430844e+06  1.5116000000e+07
8.6759189797e-02  2.2900000000e+00  2.9359430844e+06  2.9359430844e+06  1.5116000000e+07
8.6924231058e-02  2.2900000000e+00  2.9359430844e+06  2.9359430844e+06  1.5116000000e+07
8.7089272318e-02  2.2900000000e+00  2.9359430844e+06  2.9359430844e+06  1.5116000000e+07
8.7254313578e-02  2.2900000000e+00  2.9359430844e+06  2.9359430844e+06  1.5116000000e+07
8.7419354839e-02  2.2900000000e+00  2.9359430844e+06  2.9359430844e+06  1.5116000000e+07
8.7584396099e-02  2.2900000000e+00  2.9359430844e+06  2.9359430844e+06  1.5116000000e+07
8.7749437359e-02  2.2900000000e+00  2.9359430844e+06  2.9359430844e+06  1.5116000000e+07
8.7914478620e-02  2.2900000000e+00  2.9359430844e+06  2.9359430844e+06  1.5116000000e+07
8.8079519880e-02  2.2900000000e+00  2.9359430844e+06  2.9359430844e+06  1.5116000000e+07
8.8244561140e-02  2.2900000000e+00  2.9359430844e+06  2.9359430844e+06  1.5116000000e+07
8.8409602401e-02  2.2900000000e+00  2.9359430844e+06  2.9359430844e+06  1.5116000000e+07
8.8574643661e-02  2.2900000000e+00  2.9359430844e+06  2.9359430844e+06  1.5116000000e+07
8.8739684921e-02  2.2900000000e+00  2.9359430844e+06  2.9359430844e+06  1.5116000000e+07
8.8904726182e-02  2.2900000000e+00  2.9359430844e+06  2.9359430844e+06  1.5116000000e+07
8.9069767442e-02  2.2900000000e+00  2.9359430844e+06  2.9359430844e+06  1.5116000000e+07
8.9234808702e-02  2.2900000000e+00  2.9359430844e+06  2.9359430844e+06  1.5116000000e+07
8.9399849962e-02  2.2900000000e+00  2.9359430844e+06  2.9359430844e+06  1.5116000000e+07
8.9564891223e-02  2.2900000000e+00  2.9359430844e+06  2.9359430844e+06  1.5116000000e+07
8.9729932483e-02  2.2900000000e+00  2.9359430844e+06  2.9359430844e+06  1.5116000000e+07
8.9894973743e-02  2.2900000000e+00  2.9359430844e+06  2.9359430844e+06  1.5116000000e+07
9.0060015004e-02  2.2900000000e+00  2.9359430844e+06  2.9359430844e+06  1.5116000000e+07
9.0225056264e-02  2.2900000000e+00  2.9359430844e+06  2.9359430844e+06  1.5116000000e+07
9.0390097524e-02  2.2900000000e+00  2.9359430844e+06  2.9359430844e+06  1.5116000000e+07
9.0555138785e-02  2.2900000000e+00  2.9359430844e+06  2.9359430844e+06  1.5116000000e+07
9.0720180045e-02  2.2900000000e+00  2.9359430844e+06  2.9359430844e+06  1.5116000000e+07
9.0885221305e-02  2.2900000000e+00  2.9359430844e+06  2.9359430844e+06  1.5116000000e+07
9.1050262566e-02  2.2900000000e+00  2.9359430844e+06  2.9359430844e+06  1.5116000000e+07
9.1215303826e-02  2.2900000000e+00  2.9359430844e+06  2.9359430844e+06  1.5116000000e+07
9.1380345086e-02  2.2900000000e+00  2.9359430844e+06  2.9359430844e+06  1.5116000000e+07
9.1545386347e-02  2.2900000000e+00  2.9359430844e+06  2.9359430844e+06  1.5116000000e+07
9.1710427607e-02  2.2900000000e+00  2.9359430844e+06  2.9359430844e+06  1.5116000000e+07
9.1875468867e-02  2.2900000000e+00  2.9359430844e+06  2.9359430844e+06  1.5116000000e+07
9.2040510128e-02  2.2900000000e+00  2.9359430844e+06  2.9359430844e+06  1.5116000000e+07
9.2205551388e-02  2.2900000000e+00  2.9359430844e+06  2.9359430844e+06  1.5116000000e+07
9.2370592648e-02  2.2900000000e+00  2.9359430844e+06  2.9359430844e+06  1.5116000000e+07
9.2535633908e-02  2.2900000000e+00  2.9359430844e+06  2.9359430844e+06  1.5116000000e+07
9.2700675169e-02  2.2900000000e+00  2.9359430844e+06  2.9359430844e+06  1.5116000000e+07
9.2865716429e-02  2.2900000000e+00  2.9359430844e+06  2.9359430844e+06  1.5116000000e+07
9.3030757689e-02  2.2900000000e+00  2.9359430844e+06  2.9359430844e+06  1.5116000000e+07
9.3195798950e-02  2.2900000000e+00  2.9359430844e+06  2.9359430844e+06  1.5116000000e+07
9.3360840210e-02  2.2900000000e+00  2.9359430844e+06  2.9359430844e+06  1.5116000000e+07
9.3525881470e-02  2.2900000000e+00  2.9359430844e+06  2.9359430844e+06  1.5116000000e+07
9.3690922731e-02  2.2900000000e+00  2.9359430844e+06  2.9359430844e+06  1.5116000000e+07
9.3855963991e-02  2.2900000000e+00  2.9359430844e+06  2.9359430844e+06  1.5116000000e+07
9.4021005251e-02  2.2900000000e+00  2.9359430844e+06  2.9359430844e+06  1.5116000000e+07
9.4186046512e-02  2.2900000000e+00  2.9359430844e+06  2.9359430844e+06  1.5116000000e+07
9.4351087772e-02  2.2900000000e+00  2.9359430844e+06  2.9359430844e+06  1.5116000000e+07
9.4516129032e-02  2.2900000000e+00  2.9359430844e+06  2.9359430844e+06  1.5116000000e+07
9.4681170293e-02  2.2900000000e+00  2.9359430844e+06  2.9359430844e+06  1.5116000000e+07
9.4846211553e-02  2.2900000000e+00  2.9359430844e+06  2.9359430844e+06  1.5116000000e+07
9.5011252813e-02  2.2900000000e+00  2.9359430844e+06  2.9359430844e+06  1.5116000000e+07
9.5176294074e-02  2.2900000000e+00  2.9359430844e+06  2.9359430844e+06  1.5116000000e+07
9.5341335334e-02  2.2900000000e+00  2.9359430844e+06  2.9359430844e+06  1.5116000000e+07
9.5506376594e-02  2.2900000000e+00  2.9359430844e+06  2.9359430844e+06  1.5116000000e+07
9.5671417854e-02  2.2900000000e+00  2.9359430844e+06  2.9359430844e+06  1.5116000000e+07
9.5836459115e-02  2.2900000000e+00  2.9359430844e+06  2.9359430844e+06  1.5116000000e+07
9.6001500375e-02  2.2900000000e+00  2.9359430844e+06  2.9359430844e+06  1.5116000000e+07
9.6166541635e-02  2.2900000000e+00  2.9359430844e+06  2.9359430844e+06  1.5116000000e+07
9.6331582896e-02  2.2900000000e+00  2.9359430844e+06  2.9359430844e+06  1.5116000000e+07
9.6496624156e-02  2.2900000000e+00  2.9359430844e+06  2.9359430844e+06  1.5116000000e+07
9.6661665416e-02  2.2900000000e+00  2.9359430844e+06  2.9359430844e+06  1.5116000000e+07
9.6826706677e-02  2.2900000000e+00  2.9359430844e+06  2.9359430844e+06  1.5116000000e+07
9.6991747937e-02  2.2900000000e+00  2.9359430844e+06  2.9359430844e+06  1.5116000000e+07
9.7156789197e-02  2.2900000000e+00  2.9359430844e+06  2.9359430844e+06  1.5116000000e+07
9.7321830458e-02  2.2900000000e+00  2.9359430844e+06  2.9359430844e+06  1.5116000000e+07
9.7486871718e-02  2.2900000000e+00  2.9359430844e+06  2.9359430844e+06  1.5116000000e+07
9.7651912978e-02  2.2900000000e+00  2.9359430844e+06  2.9359430844e+06  1.5116000000e+07
9.7816954239e-02  2.2900000000e+00  2.9359430844e+06  2.9359430844e+06  1.5116000000e+07
9.7981995499e-02  2.2900000000e+00  2.9359430844e+06  2.9359430844e+06  1.5116000000e+07
9.8147036759e-02  2.2900000000e+00  2.9359430844e+06  2.9359430844e+06  1.5116000000e+07
9.8312078020e-02  2.2900000000e+00  2.9359430844e+06  2.9359430844e+06  1.5116000000e+07
9.8477119280e-02  2.2900000000e+00  2.9359430844e+06  2.9359430844e+06  1.5116000000e+07
9.8642160540e-02  2.2900000000e+00  2.9359430844e+06  2.9359430844e+06  1.5116000000e+07
9.8807201800e-02  2.2900000000e+00  2.9359430844e+06  2.9359430844e+06  1.5116000000e+07
9.8972243061e-02  2.2900000000e+00  2.9359430844e+06  2.9359430844e+06  1.5116000000e+07
9.9137284321e-02  2.2900000000e+00  2.9359430844e+06  2.9359430844e+06  1.5116000000e+07
9.9302325581e-02  2.2900000000e+00  2.9359430844e+06  2.9359430844e+06  1.5116000000e+07
9.9467366842e-02  2.2900000000e+00  2.9359430844e+06  2.9359430844e+06  1.5116000000e+07
9.9632408102e-02  2.2900000000e+00  2.9359430844e+06  2.9359430844e+06  1.5116000000e+07
9.9797449362e-02  2.2900000000e+00  2.9359430844e+06  2.9359430844e+06  1.5116000000e+07
9.9962490623e-02  2.2900000000e+00  2.9359430844e+06  2.9359430844e+06  1.5116000000e+07
1.0012753188e-01  2.2900000000e+00  2.9359430844e+06  2.9359430844e+06  1.5116000000e+07
1.0029257314e-01  2.2900000000e+00  2.9359430844e+06  2.9359430844e+06  1.5116000000e+07
1.0045761440e-01  2.2900000000e+00  2.9359430844e+06  2.9359430844e+06  1.5116000000e+07
1.0062265566e-01  2.2900000000e+00  2.9359430844e+06  2.9359430844e+06  1.5116000000e+07
1.0078769692e-01  2.2900000000e+00  2.9359430844e+06  2.9359430844e+06  1.5116000000e+07
1.0095273818e-01  2.2900000000e+00  2.9359430844e+06  2.9359430844e+06  1.5116000000e+07
1.0111777944e-01  2.2900000000e+00  2.9359430844e+06  2.9359430844e+06  1.5116000000e+07
1.0128282071e-01  2.2900000000e+00  2.9359430844e+06  2.9359430844e+06  1.5116000000e+07
1.0144786197e-01  2.2900000000e+00  2.9359430844e+06  2.9359430844e+06  1.5116000000e+07
1.0161290323e-01  2.2900000000e+00  2.9359430844e+06  2.9359430844e+06  1.5116000000e+07
1.0177794449e-01  2.2900000000e+00  2.9359430844e+06  2.9359430844e+06  1.5116000000e+07
1.0194298575e-01  2.2900000000e+00  2.9359430844e+06  2.9359430844e+06  1.5116000000e+07
1.0210802701e-01  2.2900000000e+00  2.9359430844e+06  2.9359430844e+06  1.5116000000e+07
1.0227306827e-01  2.2900000000e+00  2.9359430844e+06  2.9359430844e+06  1.5116000000e+07
1.0243810953e-01  2.2900000000e+00  2.9359430844e+06  2.9359430844e+06  1.5116000000e+07
1.0260315079e-01  2.2900000000e+00  2.9359430844e+06  2.9359430844e+06  1.5116000000e+07
1.0276819205e-01  2.2900000000e+00  2.9359430844e+06  2.9359430844e+06  1.5116000000e+07
1.0293323331e-01  2.2900000000e+00  2.9359430844e+06  2.9359430844e+06  1.5116000000e+07
1.0309827457e-01  2.2900000000e+00  2.9359430844e+06  2.9359430844e+06  1.5116000000e+07
1.0326331583e-01  2.2900000000e+00  2.9359430844e+06  2.9359430844e+06  1.5116000000e+07
1.0342835709e-01  2.2900000000e+00  2.9359430844e+06  2.9359430844e+06  1.5116000000e+07
1.0359339835e-01  2.2900000000e+00  2.9359430844e+06  2.9359430844e+06  1.5116000000e+07
1.0375843961e-01  2.2900000000e+00  2.9359430844e+06  2.9359430844e+06  1.5116000000e+07
1.0392348087e-01  2.2900000000e+00  2.9359430844e+06  2.9359430844e+06  1.5116000000e+07
1.0408852213e-01  2.2900000000e+00  2.9359430844e+06  2.9359430844e+06  1.5116000000e+07
1.0425356339e-01  2.2900000000e+00  2.9359430844e+06  2.9359430844e+06  1.5116000000e+07
1.0441860465e-01  2.2900000000e+00  2.9359430844e+06  2.9359430844e+06  1.5116000000e+07
1.0458364591e-01  2.2900000000e+00  2.9359430844e+06  2.9359430844e+06  1.5116000000e+07
1.0474868717e-01  2.2900000000e+00  2.9359430844e+06  2.9359430844e+06  1.5116000000e+07
1.0491372843e-01  2.2900000000e+00  2.9359430844e+06  2.9359430844e+06  1.5116000000e+07
1.0507876969e-01  2.2900000000e+00  2.9359430844e+06  2.9359430844e+06  1.5116000000e+07
1.0524381095e-01  2.2900000000e+00  2.9359430844e+06  2.9359430844e+06  1.5116000000e+07
1.0540885221e-01  2.2900000000e+00  2.9359430844e+06  2.9359430844e+06  1.5116000000e+07
1.0557389347e-01  2.2900000000e+00  2.9359430844e+06  2.9359430844e+06  1.5116000000e+07
1.0573893473e-01  2.2900000000e+00  2.9359430844e+06  2.9359430844e+06  1.5116000000e+07
1.0590397599e-01  2.2900000000e+00  2.9359430844e+06  2.9359430844e+06  1.5116000000e+07
1.0606901725e-01  2.2900000000e+00  2.9359430844e+06  2.9359430844e+06  1.5116000000e+07
1.0623405851e-01  2.2900000000e+00  2.9359430844e+06  2.9359430844e+06  1.5116000000e+07
1.0639909977e-01  2.2900000000e+00  2.9359430844e+06  2.9359430844e+06  1.5116000000e+07
1.0656414104e-01  2.2900000000e+00  2.9359430844e+06  2.9359430844e+06  1.5116000000e+07
1.0672918230e-01  2.2900000000e+00  2.9359430844e+06  2.9359430844e+06  1.5116000000e+07
1.0689422356e-01  2.2900000000e+00  2.9359430844e+06  2.9359430844e+06  1.5116000000e+07
1.0705926482e-01  2.2900000000e+00  2.9359430844e+06  2.9359430844e+06  1.5116000000e+07
1.0722430608e-01  2.2900000000e+00  2.9359430844e+06  2.9359430844e+06  1.5116000000e+07
1.0738934734e-01  2.2900000000e+00  2.9359430844e+06  2.9359430844e+06  1.5116000000e+07
1.0755438860e-01  2.2900000000e+00  2.9359430844e+06  2.9359430844e+06  1.5116000000e+07
1.0771942986e-01  2.2900000000e+00  2.9359430844e+06  2.9359430844e+06  1.5116000000e+07
1.0788447112e-01  2.2900000000e+00  2.9359430844e+06  2.9359430844e+06  1.5116000000e+07
1.0804951238e-01  2.2900000000e+00  2.9359430844e+06  2.9359430844e+06  1.5116000000e+07
1.0821455364e-01  2.2900000000e+00  2.9359430844e+06  2.9359430844e+06  1.5116000000e+07
1.0837959490e-01  2.2900000000e+00  2.9359430844e+06  2.9359430844e+06  1.5116000000e+07
1.0854463616e-01  2.2900000000e+00  2.9359430844e+06  2.9359430844e+06  1.5116000000e+07
1.0870967742e-01  2.2900000000e+00  2.9359430844e+06  2.9359430844e+06  1.5116000000e+07
1.0887471868e-01  2.2900000000e+00  2.9359430844e+06  2.9359430844e+06  1.5116000000e+07
1.0903975994e-01  2.2900000000e+00  2.9359430844e+06  2.9359430844e+06  1.5116000000e+07
1.0920480120e-01  2.2900000000e+00  2.9359430844e+06  2.9359430844e+06  1.5116000000e+07
1.0936984246e-01  2.2900000000e+00  2.9359430844e+06  2.9359430844e+06  1.5116000000e+07
1.0953488372e-01  2.2900000000e+00  2.9359430844e+06  2.9359430844e+06  1.5116000000e+07
1.0969992498e-01  2.2900000000e+00  2.9359430844e+06  2.9359430844e+06  1.5116000000e+07
1.0986496624e-01  2.2900000000e+00  2.9359430844e+06  2.9359430844e+06  1.5116000000e+07
1.1003000750e-01  2.2900000000e+00  2.9359430844e+06  2.9359430844e+06  1.5116000000e+07
1.1019504876e-01  2.2900000000e+00  2.9359430844e+06  2.9359430844e+06  1.5116000000e+07
1.1036009002e-01  2.2900000000e+00  2.9359430844e+06  2.9359430844e+06  1.5116000000e+07
1.1052513128e-01  2.2900000000e+00  2.9359430844e+06  2.9359430844e+06  1.5116000000e+07
1.1069017254e-01  2.2900000000e+00  2.9359430844e+06  2.9359430844e+06  1.5116000000e+07
1.1085521380e-01  2.2900000000e+00  2.9359430844e+06  2.9359430844e+06  1.5116000000e+07
1.1102025506e-01  2.2900000000e+00  2.9359430844e+06  2.9359430844e+06  1.5116000000e+07
1.1118529632e-01  2.2900000000e+00  2.9359430844e+06  2.9359430844e+06  1.5116000000e+07
1.1135033758e-01  2.2900000000e+00  2.9359430844e+06  2.9359430844e+06  1.5116000000e+07
1.1151537884e-01  2.2900000000e+00  2.9359430844e+06  2.9359430844e+06  1.5116000000e+07
1.1168042011e-01  2.2900000000e+00  2.9359430844e+06  2.9359430844e+06  1.5116000000e+07
1.1184546137e-01  2.2900000000e+00  2.9359430844e+06  2.9359430844e+06  1.5116000000e+07
1.1201050263e-01  2.2900000000e+00  2.9359430844e+06  2.9359430844e+06  1.5116000000e+07
1.1217554389e-01  2.2900000000e+00  2.9359430844e+06  2.9359430844e+06  1.5116000000e+07
1.1234058515e-01  2.2900000000e+00  2.9359430844e+06  2.9359430844e+06  1.5116000000e+07
1.1250562641e-01  2.2900000000e+00  2.9359430844e+06  2.9359430844e+06  1.5116000000e+07
1.1267066767e-01  2.2900000000e+00  2.9359430844e+06  2.9359430844e+06  1.5116000000e+07
1.1283570893e-01  2.2900000000e+00  2.9359430844e+06  2.9359430844e+06  1.5116000000e+07
1.1300075019e-01  2.2900000000e+00  2.9359430844e+06  2.9359430844e+06  1.5116000000e+07
1.1316579145e-01  2.2900000000e+00  2.9359430844e+06  2.9359430844e+06  1.5116000000e+07
1.1333083271e-01  2.2900000000e+00  2.9359430844e+06  2.9359430844e+06  1.5116000000e+07
1.1349587397e-01  2.2900000000e+00  2.9359430844e+06  2.9359430844e+06  1.5116000000e+07
1.1366091523e-01  2.2900000000e+00  2.9359430844e+06  2.9359430844e+06  1.5116000000e+07
1.1382595649e-01  2.2900000000e+00  2.9359430844e+06  2.9359430844e+06  1.5116000000e+07
1.1399099775e-01  2.2900000000e+00  2.9359430844e+06  2.9359430844e+06  1.5116000000e+07
1.1415603901e-01  2.2900000000e+00  2.9359430844e+06  2.9359430844e+06  1.5116000000e+07
1.1432108027e-01  2.2900000000e+00  2.9359430844e+06  2.9359430844e+06  1.5116000000e+07
1.1448612153e-01  2.2900000000e+00  2.9359430844e+06  2.9359430844e+06  1.5116000000e+07
1.1465116279e-01  2.2900000000e+00  2.9359430844e+06  2.9359430844e+06  1.5116000000e+07
1.1481620405e-01  2.2900000000e+00  2.9359430844e+06  2.9359430844e+06  1.5116000000e+07
1.1498124531e-01  2.2900000000e+00  2.9359430844e+06  2.9359430844e+06  1.5116000000e+07
1.1514628657e-01  2.2900000000e+00  2.9359430844e+06  2.9359430844e+06  1.5116000000e+07
1.1531132783e-01  2.2900000000e+00  2.9359430844e+06  2.9359430844e+06  1.5116000000e+07
1.1547636909e-01  2.2900000000e+00  2.9359430844e+06  2.9359430844e+06  1.5116000000e+07
1.1564141035e-01  2.2900000000e+00  2.9359430844e+06  2.9359430844e+06  1.5116000000e+07
1.1580645161e-01  2.2900000000e+00  2.9359430844e+06  2.9359430844e+06  1.5116000000e+07
1.1597149287e-01  2.2900000000e+00  2.9359430844e+06  2.9359430844e+06  1.5116000000e+07
1.1613653413e-01  2.2900000000e+00  2.9359430844e+06  2.9359430844e+06  1.5116000000e+07
1.1630157539e-01  2.2900000000e+00  2.9359430844e+06  2.9359430844e+06  1.5116000000e+07
1.1646661665e-01  2.2900000000e+00  2.9359430844e+06  2.9359430844e+06  1.5116000000e+07
1.1663165791e-01  2.2900000000e+00  2.9359430844e+06  2.9359430844e+06  1.5116000000e+07
1.1679669917e-01  2.2900000000e+00  2.9359430844e+06  2.9359430844e+06  1.5116000000e+07
1.1696174044e-01  2.2900000000e+00  2.9359430844e+06  2.9359430844e+06  1.5116000000e+07
1.1712678170e-01  2.2900000000e+00  2.9359430844e+06  2.9359430844e+06  1.5116000000e+07
1.1729182296e-01  2.2900000000e+00  2.9359430844e+06  2.9359430844e+06  1.5116000000e+07
1.1745686422e-01  2.2900000000e+00  2.9359430844e+06  2.9359430844e+06  1.5116000000e+07
1.1762190548e-01  2.2900000000e+00  2.9359430844e+06  2.9359430844e+06  1.5116000000e+07
1.1778694674e-01  2.2900000000e+00  2.9359430844e+06  2.9359430844e+06  1.5116000000e+07
1.1795198800e-01  2.2900000000e+00  2.9359430844e+06  2.9359430844e+06  1.5116000000e+07
1.1811702926e-01  2.2900000000e+00  2.9359430844e+06  2.9359430844e+06  1.5116000000e+07
1.1828207052e-01  2.2900000000e+00  2.9359430844e+06  2.9359430844e+06  1.5116000000e+07
1.1844711178e-01  2.2900000000e+00  2.9359430844e+06  2.9359430844e+06  1.5116000000e+07
1.1861215304e-01  2.2900000000e+00  2.9359430844e+06  2.9359430844e+06  1.5116000000e+07
1.1877719430e-01  2.2900000000e+00  2.9359430844e+06  2.9359430844e+06  1.5116000000e+07
1.1894223556e-01  2.2900000000e+00  2.9359430844e+06  2.9359430844e+06  1.5116000000e+07
1.1910727682e-01  2.2900000000e+00  2.9359430844e+06  2.9359430844e+06  1.5116000000e+07
1.1927231808e-01  2.2900000000e+00  2.9359430844e+06  2.9359430844e+06  1.5116000000e+07
1.1943735934e-01  2.2900000000e+00  2.9359430844e+06  2.9359430844e+06  1.5116000000e+07
1.1960240060e-01  2.2900000000e+00  2.9359430844e+06  2.9359430844e+06  1.5116000000e+07
1.1976744186e-01  2.2900000000e+00  2.9359430844e+06  2.9359430844e+06  1.5116000000e+07
1.1993248312e-01  2.2900000000e+00  2.9359430844e+06  2.9359430844e+06  1.5116000000e+07
1.2009752438e-01  2.2900000000e+00  2.9359430844e+06  2.9359430844e+06  1.5116000000e+07
1.2026256564e-01  2.2900000000e+00  2.9359430844e+06  2.9359430844e+06  1.5116000000e+07
1.2042760690e-01  2.2900000000e+00  2.9359430844e+06  2.9359430844e+06  1.5116000000e+07
1.2059264816e-01  2.2900000000e+00  2.9359430844e+06  2.9359430844e+06  1.5116000000e+07
1.2075768942e-01  2.2900000000e+00  2.9359430844e+06  2.9359430844e+06  1.5116000000e+07
1.2092273068e-01  2.2900000000e+00  2.9359430844e+06  2.9359430844e+06  1.5116000000e+07
1.2108777194e-01  2.2900000000e+00  2.9359430844e+06  2.9359430844e+06  1.5116000000e+07
1.2125281320e-01  2.2900000000e+00  2.9359430844e+06  2.9359430844e+06  1.5116000000e+07
1.2141785446e-01  2.2900000000e+00  2.9359430844e+06  2.9359430844e+06  1.5116000000e+07
1.2158289572e-01  2.2900000000e+00  2.9359430844e+06  2.9359430844e+06  1.5116000000e+07
1.2174793698e-01  2.2900000000e+00  2.9359430844e+06  2.9359430844e+06  1.5116000000e+07
1.2191297824e-01  2.2900000000e+00  2.9359430844e+06  2.9359430844e+06  1.5116000000e+07
1.2207801950e-01  2.2900000000e+00  2.9359430844e+06  2.9359430844e+06  1.5116000000e+07
1.2224306077e-01  2.2900000000e+00  2.9359430844e+06  2.9359430844e+06  1.5116000000e+07
1.2240810203e-01  2.2900000000e+00  2.9359430844e+06  2.9359430844e+06  1.5116000000e+07
1.2257314329e-01  2.2900000000e+00  2.9359430844e+06  2.9359430844e+06  1.5116000000e+07
1.2273818455e-01  2.2900000000e+00  2.9359430844e+06  2.9359430844e+06  1.5116000000e+07
1.2290322581e-01  2.2900000000e+00  2.9359430844e+06  2.9359430844e+06  1.5116000000e+07
1.2306826707e-01  2.2900000000e+00  2.9359430844e+06  2.9359430844e+06  1.5116000000e+07
1.2323330833e-01  2.2900000000e+00  2.9359430844e+06  2.9359430844e+06  1.5116000000e+07
1.2339834959e-01  2.2900000000e+00  2.9359430844e+06  2.9359430844e+06  1.5116000000e+07
1.2356339085e-01  2.2900000000e+00  2.9359430844e+06  2.9359430844e+06  1.5116000000e+07
1.2372843211e-01  2.2900000000e+00  2.9359430844e+06  2.9359430844e+06  1.5116000000e+07
1.2389347337e-01  2.2900000000e+00  2.9359430844e+06  2.9359430844e+06  1.5116000000e+07
1.2405851463e-01  2.2900000000e+00  2.9359430844e+06  2.9359430844e+06  1.5116000000e+07
1.2422355589e-01  2.2900000000e+00  2.9359430844e+06  2.9359430844e+06  1.5116000000e+07
1.2438859715e-01  2.2900000000e+00  2.9359430844e+06  2.9359430844e+06  1.5116000000e+07
1.2455363841e-01  2.2900000000e+00  2.9359430844e+06  2.9359430844e+06  1.5116000000e+07
1.2471867967e-01  2.2900000000e+00  2.9359430844e+06  2.9359430844e+06  1.5116000000e+07
1.2488372093e-01  2.2900000000e+00  2.9359430844e+06  2.9359430844e+06  1.5116000000e+07
1.2504876219e-01  2.2900000000e+00  2.9359430844e+06  2.9359430844e+06  1.5116000000e+07
1.2521380345e-01  2.2900000000e+00  2.9359430844e+06  2.9359430844e+06  1.5116000000e+07
1.2537884471e-01  2.2900000000e+00  2.9359430844e+06  2.9359430844e+06  1.5116000000e+07
1.2554388597e-01  2.2900000000e+00  2.9359430844e+06  2.9359430844e+06  1.5116000000e+07
1.2570892723e-01  2.2900000000e+00  2.9359430844e+06  2.9359430844e+06  1.5116000000e+07
1.2587396849e-01  2.2900000000e+00  2.9359430844e+06  2.9359430844e+06  1.5116000000e+07
1.2603900975e-01  2.2900000000e+00  2.9359430844e+06  2.9359430844e+06  1.5116000000e+07
1.2620405101e-01  2.2900000000e+00  2.9359430844e+06  2.9359430844e+06  1.5116000000e+07
1.2636909227e-01  2.2900000000e+00  2.9359430844e+06  2.9359430844e+06  1.5116000000e+07
1.2653413353e-01  2.2900000000e+00  2.9359430844e+06  2.9359430844e+06  1.5116000000e+07
1.2669917479e-01  2.2900000000e+00  2.9359430844e+06  2.9359430844e+06  1.5116000000e+07
1.2686421605e-01  2.2900000000e+00  2.9359430844e+06  2.9359430844e+06  1.5116000000e+07
1.2702925731e-01  2.2900000000e+00  2.9359430844e+06  2.9359430844e+06  1.5116000000e+07
1.2719429857e-01  2.2900000000e+00  2.9359430844e+06  2.9359430844e+06  1.5116000000e+07
1.2735933983e-01  2.2900000000e+00  2.9359430844e+06  2.9359430844e+06  1.5116000000e+07
1.2752438110e-01  2.2900000000e+00  2.9359430844e+06  2.9359430844e+06  1.5116000000e+07
1.2768942236e-01  2.2900000000e+00  2.9359430844e+06  2.9359430844e+06  1.5116000000e+07
1.2785446362e-01  2.2900000000e+00  2.9359430844e+06  2.9359430844e+06  1.5116000000e+07
1.2801950488e-01  2.2900000000e+00  2.9359430844e+06  2.9359430844e+06  1.5116000000e+07
1.2818454614e-01  2.2900000000e+00  2.9359430844e+06  2.9359430844e+06  1.5116000000e+07
1.2834958740e-01  2.2900000000e+00  2.9359430844e+06  2.9359430844e+06  1.5116000000e+07
1.2851462866e-01  2.2900000000e+00  2.9359430844e+06  2.9359430844e+06  1.5116000000e+07
1.2867966992e-01  2.2900000000e+00  2.9359430844e+06  2.9359430844e+06  1.5116000000e+07
1.2884471118e-01  2.2900000000e+00  2.9359430844e+06  2.9359430844e+06  1.5116000000e+07
1.2900975244e-01  2.2900000000e+00  2.9359430844e+06  2.9359430844e+06  1.5116000000e+07
1.2917479370e-01  2.2900000000e+00  2.9359430844e+06  2.9359430844e+06  1.5116000000e+07
1.2933983496e-01  2.2900000000e+00  2.9359430844e+06  2.9359430844e+06  1.5116000000e+07
1.2950487622e-01  2.2900000000e+00  2.9359430844e+06  2.9359430844e+06  1.5116000000e+07
1.2966991748e-01  2.2900000000e+00  2.9359430844e+06  2.9359430844e+06  1.5116000000e+07
1.2983495874e-01  2.2900000000e+00  2.9359430844e+06  2.9359430844e+06  1.5116000000e+07
1.3000000000e-01  2.2900000000e+00  2.9359430844e+06  2.9359430844e+06  1.5116000000e+07
1.3016504126e-01  2.2900000000e+00  2.9359430844e+06  2.9359430844e+06  1.5116000000e+07
1.3033008252e-01  2.2900000000e+00  2.9359430844e+06  2.9359430844e+06  1.5116000000e+07
1.3049512378e-01  2.2900000000e+00  2.9359430844e+06  2.9359430844e+06  1.5116000000e+07
1.3066016504e-01  2.2900000000e+00  2.9359430844e+06  2.9359430844e+06  1.5116000000e+07
1.3082520630e-01  2.2900000000e+00  2.9359430844e+06  2.9359430844e+06  1.5116000000e+07
1.3099024756e-01  2.2900000000e+00  2.9359430844e+06  2.9359430844e+06  1.5116000000e+07
1.3115528882e-01  2.2900000000e+00  2.9359430844e+06  2.9359430844e+06  1.5116000000e+07
1.3132033008e-01  2.2900000000e+00  2.9359430844e+06  2.9359430844e+06  1.5116000000e+07
1.3148537134e-01  2.2900000000e+00  2.9359430844e+06  2.9359430844e+06  1.5116000000e+07
1.3165041260e-01  2.2900000000e+00  2.9359430844e+06  2.9359430844e+06  1.5116000000e+07
1.3181545386e-01  2.2900000000e+00  2.9359430844e+06  2.9359430844e+06  1.5116000000e+07
1.3198049512e-01  2.2900000000e+00  2.9359430844e+06  2.9359430844e+06  1.5116000000e+07
1.3214553638e-01  2.2900000000e+00  2.9359430844e+06  2.9359430844e+06  1.5116000000e+07
1.3231057764e-01  2.2900000000e+00  2.9359430844e+06  2.9359430844e+06  1.5116000000e+07
1.3247561890e-01  2.2900000000e+00  2.9359430844e+06  2.9359430844e+06  1.5116000000e+07
1.3264066017e-01  2.2900000000e+00  2.9359430844e+06  2.9359430844e+06  1.5116000000e+07
1.3280570143e-01  2.2900000000e+00  2.9359430844e+06  2.9359430844e+06  1.5116000000e+07
1.3297074269e-01  2.2900000000e+00  2.9359430844e+06  2.9359430844e+06  1.5116000000e+07
1.3313578395e-01  2.2900000000e+00  2.9359430844e+06  2.9359430844e+06  1.5116000000e+07
1.3330082521e-01  2.2900000000e+00  2.9359430844e+06  2.9359430844e+06  1.5116000000e+07
1.3346586647e-01  2.2900000000e+00  2.9359430844e+06  2.9359430844e+06  1.5116000000e+07
1.3363090773e-01  2.2900000000e+00  2.9359430844e+06  2.9359430844e+06  1.5116000000e+07
1.3379594899e-01  2.2900000000e+00  2.9359430844e+06  2.9359430844e+06  1.5116000000e+07
1.3396099025e-01  2.2900000000e+00  2.9359430844e+06  2.9359430844e+06  1.5116000000e+07
1.3412603151e-01  2.2900000000e+00  2.9359430844e+06  2.9359430844e+06  1.5116000000e+07
1.3429107277e-01  2.2900000000e+00  2.9359430844e+06  2.9359430844e+06  1.5116000000e+07
1.3445611403e-01  2.2900000000e+00  2.9359430844e+06  2.9359430844e+06  1.5116000000e+07
1.3462115529e-01  2.2900000000e+00  2.9359430844e+06  2.9359430844e+06  1.5116000000e+07
1.3478619655e-01  2.2900000000e+00  2.9359430844e+06  2.9359430844e+06  1.5116000000e+07
1.3495123781e-01  2.2900000000e+00  2.9359430844e+06  2.9359430844e+06  1.5116000000e+07
1.3511627907e-01  2.2900000000e+00  2.9359430844e+06  2.9359430844e+06  1.5116000000e+07
1.3528132033e-01  2.2900000000e+00  2.9359430844e+06  2.9359430844e+06  1.5116000000e+07
1.3544636159e-01  2.2900000000e+00  2.9359430844e+06  2.9359430844e+06  1.5116000000e+07
1.3561140285e-01  2.2900000000e+00  2.9359430844e+06  2.9359430844e+06  1.5116000000e+07
1.3577644411e-01  2.2900000000e+00  2.9359430844e+06  2.9359430844e+06  1.5116000000e+07
1.3594148537e-01  2.2900000000e+00  2.9359430844e+06  2.9359430844e+06  1.5116000000e+07
1.3610652663e-01  2.2900000000e+00  2.9359430844e+06  2.9359430844e+06  1.5116000000e+07
1.3627156789e-01  2.2900000000e+00  2.9359430844e+06  2.9359430844e+06  1.5116000000e+07
1.3643660915e-01  2.2900000000e+00  2.9359430844e+06  2.9359430844e+06  1.5116000000e+07
1.3660165041e-01  2.2900000000e+00  2.9359430844e+06  2.9359430844e+06  1.5116000000e+07
1.3676669167e-01  2.2900000000e+00  2.9359430844e+06  2.9359430844e+06  1.5116000000e+07
1.3693173293e-01  2.2900000000e+00  2.9359430844e+06  2.9359430844e+06  1.5116000000e+07
1.3709677419e-01  2.2900000000e+00  2.9359430844e+06  2.9359430844e+06  1.5116000000e+07
1.3726181545e-01  2.2900000000e+00  2.9359430844e+06  2.9359430844e+06  1.5116000000e+07
1.3742685671e-01  2.2900000000e+00  2.9359430844e+06  2.9359430844e+06  1.5116000000e+07
1.3759189797e-01  2.2900000000e+00  2.9359430844e+06  2.9359430844e+06  1.5116000000e+07
1.3775693923e-01  2.2900000000e+00  2.9359430844e+06  2.9359430844e+06  1.5116000000e+07
1.3792198050e-01  2.2900000000e+00  2.9359430844e+06  2.9359430844e+06  1.5116000000e+07
1.3808702176e-01  2.2900000000e+00  2.9359430844e+06  2.9359430844e+06  1.5116000000e+07
1.3825206302e-01  2.2900000000e+00  2.9359430844e+06  2.9359430844e+06  1.5116000000e+07
1.3841710428e-01  2.2900000000e+00  2.9359430844e+06  2.9359430844e+06  1.5116000000e+07
1.3858214554e-01  2.2900000000e+00  2.9359430844e+06  2.9359430844e+06  1.5116000000e+07
1.3874718680e-01  2.2900000000e+00  2.9359430844e+06  2.9359430844e+06  1.5116000000e+07
1.3891222806e-01  2.2900000000e+00  2.9359430844e+06  2.9359430844e+06  1.5116000000e+07
1.3907726932e-01  2.2900000000e+00  2.9359430844e+06  2.9359430844e+06  1.5116000000e+07
1.3924231058e-01  2.2900000000e+00  2.9359430844e+06  2.9359430844e+06  1.5116000000e+07
1.3940735184e-01  2.2900000000e+00  2.9359430844e+06  2.9359430844e+06  1.5116000000e+07
1.3957239310e-01  2.2900000000e+00  2.9359430844e+06  2.9359430844e+06  1.5116000000e+07
1.3973743436e-01  2.2900000000e+00  2.9359430844e+06  2.9359430844e+06  1.5116000000e+07
1.3990247562e-01  2.2900000000e+00  2.9359430844e+06  2.9359430844e+06  1.5116000000e+07
1.4006751688e-01  2.2900000000e+00  2.9359430844e+06  2.9359430844e+06  1.5116000000e+07
1.4023255814e-01  2.2900000000e+00  2.9359430844e+06  2.9359430844e+06  1.5116000000e+07
1.4039759940e-01  2.2900000000e+00  2.9359430844e+06  2.9359430844e+06  1.5116000000e+07
1.4056264066e-01  2.2900000000e+00  2.9359430844e+06  2.9359430844e+06  1.5116000000e+07
1.4072768192e-01  2.2900000000e+00  2.9359430844e+06  2.9359430844e+06  1.5116000000e+07
1.4089272318e-01  2.2900000000e+00  2.9359430844e+06  2.9359430844e+06  1.5116000000e+07
1.4105776444e-01  2.2900000000e+00  2.9359430844e+06  2.9359430844e+06  1.5116000000e+07
1.4122280570e-01  2.2900000000e+00  2.9359430844e+06  2.9359430844e+06  1.5116000000e+07
1.4138784696e-01  2.2900000000e+00  2.9359430844e+06  2.9359430844e+06  1.5116000000e+07
1.4155288822e-01  2.2900000000e+00  2.9359430844e+06  2.9359430844e+06  1.5116000000e+07
1.4171792948e-01  2.2900000000e+00  2.9359430844e+06  2.9359430844e+06  1.5116000000e+07
1.4188297074e-01  2.2900000000e+00  2.9359430844e+06  2.9359430844e+06  1.5116000000e+07
1.4204801200e-01  2.2900000000e+00  2.9359430844e+06  2.9359430844e+06  1.5116000000e+07
1.4221305326e-01  2.2900000000e+00  2.9359430844e+06  2.9359430844e+06  1.5116000000e+07
1.4237809452e-01  2.2900000000e+00  2.9359430844e+06  2.9359430844e+06  1.5116000000e+07
1.4254313578e-01  2.2900000000e+00  2.9359430844e+06  2.9359430844e+06  1.5116000000e+07
1.4270817704e-01  2.2900000000e+00  2.9359430844e+06  2.9359430844e+06  1.5116000000e+07
1.4287321830e-01  2.2900000000e+00  2.9359430844e+06  2.9359430844e+06  1.5116000000e+07
1.4303825956e-01  2.2900000000e+00  2.9359430844e+06  2.9359430844e+06  1.5116000000e+07
1.4320330083e-01  2.2900000000e+00  2.9359430844e+06  2.9359430844e+06  1.5116000000e+07
1.4336834209e-01  2.2900000000e+00  2.9359430844e+06  2.9359430844e+06  1.5116000000e+07
1.4353338335e-01  2.2900000000e+00  2.9359430844e+06  2.9359430844e+06  1.5116000000e+07
1.4369842461e-01  2.2900000000e+00  2.9359430844e+06  2.9359430844e+06  1.5116000000e+07
1.4386346587e-01  2.2900000000e+00  2.9359430844e+06  2.9359430844e+06  1.5116000000e+07
1.4402850713e-01  2.2900000000e+00  2.9359430844e+06  2.9359430844e+06  1.5116000000e+07
1.4419354839e-01  2.2900000000e+00  2.9359430844e+06  2.9359430844e+06  1.5116000000e+07
1.4435858965e-01  2.2900000000e+00  2.9359430844e+06  2.9359430844e+06  1.5116000000e+07
1.4452363091e-01  2.2900000000e+00  2.9359430844e+06  2.9359430844e+06  1.5116000000e+07
1.4468867217e-01  2.2900000000e+00  2.9359430844e+06  2.9359430844e+06  1.5116000000e+07
1.4485371343e-01  2.2900000000e+00  2.9359430844e+06  2.9359430844e+06  1.5116000000e+07
1.4501875469e-01  2.2900000000e+00  2.9359430844e+06  2.9359430844e+06  1.5116000000e+07
1.4518379595e-01  2.2900000000e+00  2.9359430844e+06  2.9359430844e+06  1.5116000000e+07
1.4534883721e-01  2.2900000000e+00  2.9359430844e+06  2.9359430844e+06  1.5116000000e+07
1.4551387847e-01  2.2900000000e+00  2.9359430844e+06  2.9359430844e+06  1.5116000000e+07
1.4567891973e-01  2.2900000000e+00  2.9359430844e+06  2.9359430844e+06  1.5116000000e+07
1.4584396099e-01  2.2900000000e+00  2.9359430844e+06  2.9359430844e+06  1.5116000000e+07
1.4600900225e-01  2.2900000000e+00  2.9359430844e+06  2.9359430844e+06  1.5116000000e+07
1.4617404351e-01  2.2900000000e+00  2.9359430844e+06  2.9359430844e+06  1.5116000000e+07
1.4633908477e-01  2.2900000000e+00  2.9359430844e+06  2.9359430844e+06  1.5116000000e+07
1.4650412603e-01  2.2900000000e+00  2.9359430844e+06  2.9359430844e+06  1.5116000000e+07
1.4666916729e-01  2.2900000000e+00  2.9359430844e+06  2.9359430844e+06  1.5116000000e+07
1.4683420855e-01  2.2900000000e+00  2.9359430844e+06  2.9359430844e+06  1.5116000000e+07
1.4699924981e-01  2.2900000000e+00  2.9359430844e+06  2.9359430844e+06  1.5116000000e+07
1.4716429107e-01  2.2900000000e+00  2.9359430844e+06  2.9359430844e+06  1.5116000000e+07
1.4732933233e-01  2.2900000000e+00  2.9359430844e+06  2.9359430844e+06  1.5116000000e+07
1.4749437359e-01  2.2900000000e+00  2.9359430844e+06  2.9359430844e+06  1.5116000000e+07
1.4765941485e-01  2.2900000000e+00  2.9359430844e+06  2.9359430844e+06  1.5116000000e+07
1.4782445611e-01  2.2900000000e+00  2.9359430844e+06  2.9359430844e+06  1.5116000000e+07
1.4798949737e-01  2.2900000000e+00  2.9359430844e+06  2.9359430844e+06  1.5116000000e+07
1.4815453863e-01  2.2900000000e+00  2.9359430844e+06  2.9359430844e+06  1.5116000000e+07
1.4831957989e-01  2.2900000000e+00  2.9359430844e+06  2.9359430844e+06  1.5116000000e+07
1.4848462116e-01  2.2900000000e+00  2.9359430844e+06  2.9359430844e+06  1.5116000000e+07
1.4864966242e-01  2.2900000000e+00  2.9359430844e+06  2.9359430844e+06  1.5116000000e+07
1.4881470368e-01  2.2900000000e+00  2.9359430844e+06  2.9359430844e+06  1.5116000000e+07
1.4897974494e-01  2.2900000000e+00  2.9359430844e+06  2.9359430844e+06  1.5116000000e+07
1.4914478620e-01  2.2900000000e+00  2.9359430844e+06  2.9359430844e+06  1.5116000000e+07
1.4930982746e-01  2.2900000000e+00  2.9359430844e+06  2.9359430844e+06  1.5116000000e+07
1.4947486872e-01  2.2900000000e+00  2.9359430844e+06  2.9359430844e+06  1.5116000000e+07
1.4963990998e-01  2.2900000000e+00  2.9359430844e+06  2.9359430844e+06  1.5116000000e+07
1.4980495124e-01  2.2900000000e+00  2.9359430844e+06  2.9359430844e+06  1.5116000000e+07
1.4996999250e-01  2.2900000000e+00  2.9359430844e+06  2.9359430844e+06  1.5116000000e+07
1.5013503376e-01  2.2900000000e+00  2.9359430844e+06  2.9359430844e+06  1.5116000000e+07
1.5030007502e-01  2.2900000000e+00  2.9359430844e+06  2.9359430844e+06  1.5116000000e+07
1.5046511628e-01  2.2900000000e+00  2.9359430844e+06  2.9359430844e+06  1.5116000000e+07
1.5063015754e-01  2.2900000000e+00  2.9359430844e+06  2.9359430844e+06  1.5116000000e+07
1.5079519880e-01  2.2900000000e+00  2.9359430844e+06  2.9359430844e+06  1.5116000000e+07
1.5096024006e-01  2.2900000000e+00  2.9359430844e+06  2.9359430844e+06  1.5116000000e+07
1.5112528132e-01  2.2900000000e+00  2.9359430844e+06  2.9359430844e+06  1.5116000000e+07
1.5129032258e-01  2.2900000000e+00  2.9359430844e+06  2.9359430844e+06  1.5116000000e+07
1.5145536384e-01  2.2900000000e+00  2.9359430844e+06  2.9359430844e+06  1.5116000000e+07
1.5162040510e-01  2.2900000000e+00  2.9359430844e+06  2.9359430844e+06  1.5116000000e+07
1.5178544636e-01  2.2900000000e+00  2.9359430844e+06  2.9359430844e+06  1.5116000000e+07
1.5195048762e-01  2.2900000000e+00  2.9359430844e+06  2.9359430844e+06  1.5116000000e+07
1.5211552888e-01  2.2900000000e+00  2.9359430844e+06  2.9359430844e+06  1.5116000000e+07
1.5228057014e-01  2.2900000000e+00  2.9359430844e+06  2.9359430844e+06  1.5116000000e+07
1.5244561140e-01  2.2900000000e+00  2.9359430844e+06  2.9359430844e+06  1.5116000000e+07
1.5261065266e-01  2.2900000000e+00  2.9359430844e+06  2.9359430844e+06  1.5116000000e+07
1.5277569392e-01  2.2900000000e+00  2.9359430844e+06  2.9359430844e+06  1.5116000000e+07
1.5294073518e-01  2.2900000000e+00  2.9359430844e+06  2.9359430844e+06  1.5116000000e+07
1.5310577644e-01  2.2900000000e+00  2.9359430844e+06  2.9359430844e+06  1.5116000000e+07
1.5327081770e-01  2.2900000000e+00  2.9359430844e+06  2.9359430844e+06  1.5116000000e+07
1.5343585896e-01  2.2900000000e+00  2.9359430844e+06  2.9359430844e+06  1.5116000000e+07
1.5360090023e-01  2.2900000000e+00  2.9359430844e+06  2.9359430844e+06  1.5116000000e+07
1.5376594149e-01  2.2900000000e+00  2.9359430844e+06  2.9359430844e+06  1.5116000000e+07
1.5393098275e-01  2.2900000000e+00  2.9359430844e+06  2.9359430844e+06  1.5116000000e+07
1.5409602401e-01  2.2900000000e+00  2.9359430844e+06  2.9359430844e+06  1.5116000000e+07
1.5426106527e-01  2.2900000000e+00  2.9359430844e+06  2.9359430844e+06  1.5116000000e+07
1.5442610653e-01  2.2900000000e+00  2.9359430844e+06  2.9359430844e+06  1.5116000000e+07
1.5459114779e-01  2.2900000000e+00  2.9359430844e+06  2.9359430844e+06  1.5116000000e+07
1.5475618905e-01  2.2900000000e+00  2.9359430844e+06  2.9359430844e+06  1.5116000000e+07
1.5492123031e-01  2.2900000000e+00  2.9359430844e+06  2.9359430844e+06  1.5116000000e+07
1.5508627157e-01  2.2900000000e+00  2.9359430844e+06  2.9359430844e+06  1.5116000000e+07
1.5525131283e-01  2.2900000000e+00  2.9359430844e+06  2.9359430844e+06  1.5116000000e+07
1.5541635409e-01  2.2900000000e+00  2.9359430844e+06  2.9359430844e+06  1.5116000000e+07
1.5558139535e-01  2.2900000000e+00  2.9359430844e+06  2.9359430844e+06  1.5116000000e+07
1.5574643661e-01  2.2900000000e+00  2.9359430844e+06  2.9359430844e+06  1.5116000000e+07
1.5591147787e-01  2.2900000000e+00  2.9359430844e+06  2.9359430844e+06  1.5116000000e+07
1.5607651913e-01  2.2900000000e+00  2.9359430844e+06  2.9359430844e+06  1.5116000000e+07
1.5624156039e-01  2.2900000000e+00  2.9359430844e+06  2.9359430844e+06  1.5116000000e+07
1.5640660165e-01  2.2900000000e+00  2.9359430844e+06  2.9359430844e+06  1.5116000000e+07
1.5657164291e-01  2.2900000000e+00  2.9359430844e+06  2.9359430844e+06  1.5116000000e+07
1.5673668417e-01  2.2900000000e+00  2.9359430844e+06  2.9359430844e+06  1.5116000000e+07
1.5690172543e-01  2.2900000000e+00  2.9359430844e+06  2.9359430844e+06  1.5116000000e+07
1.5706676669e-01  2.2900000000e+00  2.9359430844e+06  2.9359430844e+06  1.5116000000e+07
1.5723180795e-01  2.2900000000e+00  2.9359430844e+06  2.9359430844e+06  1.5116000000e+07
1.5739684921e-01  2.2900000000e+00  2.9359430844e+06  2.9359430844e+06  1.5116000000e+07
1.5756189047e-01  2.2900000000e+00  2.9359430844e+06  2.9359430844e+06  1.5116000000e+07
1.5772693173e-01  2.2900000000e+00  2.9359430844e+06  2.9359430844e+06  1.5116000000e+07
1.5789197299e-01  2.2900000000e+00  2.9359430844e+06  2.9359430844e+06  1.5116000000e+07
1.5805701425e-01  2.2900000000e+00  2.9359430844e+06  2.9359430844e+06  1.5116000000e+07
1.5822205551e-01  2.2900000000e+00  2.9359430844e+06  2.9359430844e+06  1.5116000000e+07
1.5838709677e-01  2.2900000000e+00  2.9359430844e+06  2.9359430844e+06  1.5116000000e+07
1.5855213803e-01  2.2900000000e+00  2.9359430844e+06  2.9359430844e+06  1.5116000000e+07
1.5871717929e-01  2.2900000000e+00  2.9359430844e+06  2.9359430844e+06  1.5116000000e+07
1.5888222056e-01  2.2900000000e+00  2.9359430844e+06  2.9359430844e+06  1.5116000000e+07
1.5904726182e-01  2.2900000000e+00  2.9359430844e+06  2.9359430844e+06  1.5116000000e+07
1.5921230308e-01  2.2900000000e+00  2.9359430844e+06  2.9359430844e+06  1.5116000000e+07
1.5937734434e-01  2.2900000000e+00  2.9359430844e+06  2.9359430844e+06  1.5116000000e+07
1.5954238560e-01  2.2900000000e+00  2.9359430844e+06  2.9359430844e+06  1.5116000000e+07
1.5970742686e-01  2.2900000000e+00  2.9359430844e+06  2.9359430844e+06  1.5116000000e+07
1.5987246812e-01  2.2900000000e+00  2.9359430844e+06  2.9359430844e+06  1.5116000000e+07
1.6003750938e-01  2.2900000000e+00  2.9359430844e+06  2.9359430844e+06  1.5116000000e+07
1.6020255064e-01  2.2900000000e+00  2.9359430844e+06  2.9359430844e+06  1.5116000000e+07
1.6036759190e-01  2.2900000000e+00  2.9359430844e+06  2.9359430844e+06  1.5116000000e+07
1.6053263316e-01  2.2900000000e+00  2.9359430844e+06  2.9359430844e+06  1.5116000000e+07
1.6069767442e-01  2.2900000000e+00  2.9359430844e+06  2.9359430844e+06  1.5116000000e+07
1.6086271568e-01  2.2900000000e+00  2.9359430844e+06  2.9359430844e+06  1.5116000000e+07
1.6102775694e-01  2.2900000000e+00  2.9359430844e+06  2.9359430844e+06  1.5116000000e+07
1.6119279820e-01  2.2900000000e+00  2.9359430844e+06  2.9359430844e+06  1.5116000000e+07
1.6135783946e-01  2.2900000000e+00  2.9359430844e+06  2.9359430844e+06  1.5116000000e+07
1.6152288072e-01  2.2900000000e+00  2.9359430844e+06  2.9359430844e+06  1.5116000000e+07
1.6168792198e-01  2.2900000000e+00  2.9359430844e+06  2.9359430844e+06  1.5116000000e+07
1.6185296324e-01  2.2900000000e+00  2.9359430844e+06  2.9359430844e+06  1.5116000000e+07
1.6201800450e-01  2.2900000000e+00  2.9359430844e+06  2.9359430844e+06  1.5116000000e+07
1.6218304576e-01  2.2900000000e+00  2.9359430844e+06  2.9359430844e+06  1.5116000000e+07
1.6234808702e-01  2.2900000000e+00  2.9359430844e+06  2.9359430844e+06  1.5116000000e+07
1.6251312828e-01  2.2900000000e+00  2.9359430844e+06  2.9359430844e+06  1.5116000000e+07
1.6267816954e-01  2.2900000000e+00  2.9359430844e+06  2.9359430844e+06  1.5116000000e+07
1.6284321080e-01  2.2900000000e+00  2.9359430844e+06  2.9359430844e+06  1.5116000000e+07
1.6300825206e-01  2.2900000000e+00  2.9359430844e+06  2.9359430844e+06  1.5116000000e+07
1.6317329332e-01  2.2900000000e+00  2.9359430844e+06  2.9359430844e+06  1.5116000000e+07
1.6333833458e-01  2.2900000000e+00  2.9359430844e+06  2.9359430844e+06  1.5116000000e+07
1.6350337584e-01  2.2900000000e+00  2.9359430844e+06  2.9359430844e+06  1.5116000000e+07
1.6366841710e-01  2.2900000000e+00  2.9359430844e+06  2.9359430844e+06  1.5116000000e+07
1.6383345836e-01  2.2900000000e+00  2.9359430844e+06  2.9359430844e+06  1.5116000000e+07
1.6399849962e-01  2.2900000000e+00  2.9359430844e+06  2.9359430844e+06  1.5116000000e+07
1.6416354089e-01  2.2900000000e+00  2.9359430844e+06  2.9359430844e+06  1.5116000000e+07
1.6432858215e-01  2.2900000000e+00  2.9359430844e+06  2.9359430844e+06  1.5116000000e+07
1.6449362341e-01  2.2900000000e+00  2.9359430844e+06  2.9359430844e+06  1.5116000000e+07
1.6465866467e-01  2.2900000000e+00  2.9359430844e+06  2.9359430844e+06  1.5116000000e+07
1.6482370593e-01  2.2900000000e+00  2.9359430844e+06  2.9359430844e+06  1.5116000000e+07
1.6498874719e-01  2.2900000000e+00  2.9359430844e+06  2.9359430844e+06  1.5116000000e+07
1.6515378845e-01  2.2900000000e+00  2.9359430844e+06  2.9359430844e+06  1.5116000000e+07
1.6531882971e-01  2.2900000000e+00  2.9359430844e+06  2.9359430844e+06  1.5116000000e+07
1.6548387097e-01  2.2900000000e+00  2.9359430844e+06  2.9359430844e+06  1.5116000000e+07
1.6564891223e-01  2.2900000000e+00  2.9359430844e+06  2.9359430844e+06  1.5116000000e+07
1.6581395349e-01  2.2900000000e+00  2.9359430844e+06  2.9359430844e+06  1.5116000000e+07
1.6597899475e-01  2.2900000000e+00  2.9359430844e+06  2.9359430844e+06  1.5116000000e+07
1.6614403601e-01  2.2900000000e+00  2.9359430844e+06  2.9359430844e+06  1.5116000000e+07
1.6630907727e-01  2.2900000000e+00  2.9359430844e+06  2.9359430844e+06  1.5116000000e+07
1.6647411853e-01  2.2900000000e+00  2.9359430844e+06  2.9359430844e+06  1.5116000000e+07
1.6663915979e-01  2.2900000000e+00  2.9359430844e+06  2.9359430844e+06  1.5116000000e+07
1.6680420105e-01  2.2900000000e+00  2.9359430844e+06  2.9359430844e+06  1.5116000000e+07
1.6696924231e-01  2.2900000000e+00  2.9359430844e+06  2.9359430844e+06  1.5116000000e+07
1.6713428357e-01  2.2900000000e+00  2.9359430844e+06  2.9359430844e+06  1.5116000000e+07
1.6729932483e-01  2.2900000000e+00  2.9359430844e+06  2.9359430844e+06  1.5116000000e+07
1.6746436609e-01  2.2900000000e+00  2.9359430844e+06  2.9359430844e+06  1.5116000000e+07
1.6762940735e-01  2.2900000000e+00  2.9359430844e+06  2.9359430844e+06  1.5116000000e+07
1.6779444861e-01  2.2900000000e+00  2.9359430844e+06  2.9359430844e+06  1.5116000000e+07
1.6795948987e-01  2.2900000000e+00  2.9359430844e+06  2.9359430844e+06  1.5116000000e+07
1.6812453113e-01  2.2900000000e+00  2.9359430844e+06  2.9359430844e+06  1.5116000000e+07
1.6828957239e-01  2.2900000000e+00  2.9359430844e+06  2.9359430844e+06  1.5116000000e+07
1.6845461365e-01  2.2900000000e+00  2.9359430844e+06  2.9359430844e+06  1.5116000000e+07
1.6861965491e-01  2.2900000000e+00  2.9359430844e+06  2.9359430844e+06  1.5116000000e+07
1.6878469617e-01  2.2900000000e+00  2.9359430844e+06  2.9359430844e+06  1.5116000000e+07
1.6894973743e-01  2.2900000000e+00  2.9359430844e+06  2.9359430844e+06  1.5116000000e+07
1.6911477869e-01  2.2900000000e+00  2.9359430844e+06  2.9359430844e+06  1.5116000000e+07
1.6927981995e-01  2.2900000000e+00  2.9359430844e+06  2.9359430844e+06  1.5116000000e+07
1.6944486122e-01  2.2900000000e+00  2.9359430844e+06  2.9359430844e+06  1.5116000000e+07
1.6960990248e-01  2.2900000000e+00  2.9359430844e+06  2.9359430844e+06  1.5116000000e+07
1.6977494374e-01  2.2900000000e+00  2.9359430844e+06  2.9359430844e+06  1.5116000000e+07
1.6993998500e-01  2.2900000000e+00  2.9359430844e+06  2.9359430844e+06  1.5116000000e+07
1.7010502626e-01  2.2900000000e+00  2.9359430844e+06  2.9359430844e+06  1.5116000000e+07
1.7027006752e-01  2.2900000000e+00  2.9359430844e+06  2.9359430844e+06  1.5116000000e+07
1.7043510878e-01  2.2900000000e+00  2.9359430844e+06  2.9359430844e+06  1.5116000000e+07
1.7060015004e-01  2.2900000000e+00  2.9359430844e+06  2.9359430844e+06  1.5116000000e+07
1.7076519130e-01  2.2900000000e+00  2.9359430844e+06  2.9359430844e+06  1.5116000000e+07
1.7093023256e-01  2.2900000000e+00  2.9359430844e+06  2.9359430844e+06  1.5116000000e+07
1.7109527382e-01  2.2900000000e+00  2.9359430844e+06  2.9359430844e+06  1.5116000000e+07
1.7126031508e-01  2.2900000000e+00  2.9359430844e+06  2.9359430844e+06  1.5116000000e+07
1.7142535634e-01  2.2900000000e+00  2.9359430844e+06  2.9359430844e+06  1.5116000000e+07
1.7159039760e-01  2.2900000000e+00  2.9359430844e+06  2.9359430844e+06  1.5116000000e+07
1.7175543886e-01  2.2900000000e+00  2.9359430844e+06  2.9359430844e+06  1.5116000000e+07
1.7192048012e-01  2.2900000000e+00  2.9359430844e+06  2.9359430844e+06  1.5116000000e+07
1.7208552138e-01  2.2900000000e+00  2.9359430844e+06  2.9359430844e+06  1.5116000000e+07
1.7225056264e-01  2.2900000000e+00  2.9359430844e+06  2.9359430844e+06  1.5116000000e+07
1.7241560390e-01  2.2900000000e+00  2.9359430844e+06  2.9359430844e+06  1.5116000000e+07
1.7258064516e-01  2.2900000000e+00  2.9359430844e+06  2.9359430844e+06  1.5116000000e+07
1.7274568642e-01  2.2900000000e+00  2.9359430844e+06  2.9359430844e+06  1.5116000000e+07
1.7291072768e-01  2.2900000000e+00  2.9359430844e+06  2.9359430844e+06  1.5116000000e+07
1.7307576894e-01  2.2900000000e+00  2.9359430844e+06  2.9359430844e+06  1.5116000000e+07
1.7324081020e-01  2.2900000000e+00  2.9359430844e+06  2.9359430844e+06  1.5116000000e+07
1.7340585146e-01  2.2900000000e+00  2.9359430844e+06  2.9359430844e+06  1.5116000000e+07
1.7357089272e-01  2.2900000000e+00  2.9359430844e+06  2.9359430844e+06  1.5116000000e+07
1.7373593398e-01  2.2900000000e+00  2.9359430844e+06  2.9359430844e+06  1.5116000000e+07
1.7390097524e-01  2.2900000000e+00  2.9359430844e+06  2.9359430844e+06  1.5116000000e+07
1.7406601650e-01  2.2900000000e+00  2.9359430844e+06  2.9359430844e+06  1.5116000000e+07
1.7423105776e-01  2.2900000000e+00  2.9359430844e+06  2.9359430844e+06  1.5116000000e+07
1.7439609902e-01  2.2900000000e+00  2.9359430844e+06  2.9359430844e+06  1.5116000000e+07
1.7456114029e-01  2.2900000000e+00  2.9359430844e+06  2.9359430844e+06  1.5116000000e+07
1.7472618155e-01  2.2900000000e+00  2.9359430844e+06  2.9359430844e+06  1.5116000000e+07
1.7489122281e-01  2.2900000000e+00  2.9359430844e+06  2.9359430844e+06  1.5116000000e+07
1.7505626407e-01  2.2900000000e+00  2.9359430844e+06  2.9359430844e+06  1.5116000000e+07
1.7522130533e-01  2.2900000000e+00  2.9359430844e+06  2.9359430844e+06  1.5116000000e+07
1.7538634659e-01  2.2900000000e+00  2.9359430844e+06  2.9359430844e+06  1.5116000000e+07
1.7555138785e-01  2.2900000000e+00  2.9359430844e+06  2.9359430844e+06  1.5116000000e+07
1.7571642911e-01  2.2900000000e+00  2.9359430844e+06  2.9359430844e+06  1.5116000000e+07
1.7588147037e-01  2.2900000000e+00  2.9359430844e+06  2.9359430844e+06  1.5116000000e+07
1.7604651163e-01  2.2900000000e+00  2.9359430844e+06  2.9359430844e+06  1.5116000000e+07
1.7621155289e-01  2.2900000000e+00  2.9359430844e+06  2.9359430844e+06  1.5116000000e+07
1.7637659415e-01  2.2900000000e+00  2.9359430844e+06  2.9359430844e+06  1.5116000000e+07
1.7654163541e-01  2.2900000000e+00  2.9359430844e+06  2.9359430844e+06  1.5116000000e+07
1.7670667667e-01  2.2900000000e+00  2.9359430844e+06  2.9359430844e+06  1.5116000000e+07
1.7687171793e-01  2.2900000000e+00  2.9359430844e+06  2.9359430844e+06  1.5116000000e+07
1.7703675919e-01  2.2900000000e+00  2.9359430844e+06  2.9359430844e+06  1.5116000000e+07
1.7720180045e-01  2.2900000000e+00  2.9359430844e+06  2.9359430844e+06  1.5116000000e+07
1.7736684171e-01  2.2900000000e+00  2.9359430844e+06  2.9359430844e+06  1.5116000000e+07
1.7753188297e-01  2.2900000000e+00  2.9359430844e+06  2.9359430844e+06  1.5116000000e+07
1.7769692423e-01  2.2900000000e+00  2.9359430844e+06  2.9359430844e+06  1.5116000000e+07
1.7786196549e-01  2.2900000000e+00  2.9359430844e+06  2.9359430844e+06  1.5116000000e+07
1.7802700675e-01  2.2900000000e+00  2.9359430844e+06  2.9359430844e+06  1.5116000000e+07
1.7819204801e-01  2.2900000000e+00  2.9359430844e+06  2.9359430844e+06  1.5116000000e+07
1.7835708927e-01  2.2900000000e+00  2.9359430844e+06  2.9359430844e+06  1.5116000000e+07
1.7852213053e-01  2.2900000000e+00  2.9359430844e+06  2.9359430844e+06  1.5116000000e+07
1.7868717179e-01  2.2900000000e+00  2.9359430844e+06  2.9359430844e+06  1.5116000000e+07
1.7885221305e-01  2.2900000000e+00  2.9359430844e+06  2.9359430844e+06  1.5116000000e+07
1.7901725431e-01  2.2900000000e+00  2.9359430844e+06  2.9359430844e+06  1.5116000000e+07
1.7918229557e-01  2.2900000000e+00  2.9359430844e+06  2.9359430844e+06  1.5116000000e+07
1.7934733683e-01  2.2900000000e+00  2.9359430844e+06  2.9359430844e+06  1.5116000000e+07
1.7951237809e-01  2.2900000000e+00  2.9359430844e+06  2.9359430844e+06  1.5116000000e+07
1.7967741935e-01  2.2900000000e+00  2.9359430844e+06  2.9359430844e+06  1.5116000000e+07
1.7984246062e-01  2.2900000000e+00  2.9359430844e+06  2.9359430844e+06  1.5116000000e+07
1.8000750188e-01  2.2900000000e+00  2.9359430844e+06  2.9359430844e+06  1.5116000000e+07
1.8017254314e-01  2.2900000000e+00  2.9359430844e+06  2.9359430844e+06  1.5116000000e+07
1.8033758440e-01  2.2900000000e+00  2.9359430844e+06  2.9359430844e+06  1.5116000000e+07
1.8050262566e-01  2.2900000000e+00  2.9359430844e+06  2.9359430844e+06  1.5116000000e+07
1.8066766692e-01  2.2900000000e+00  2.9359430844e+06  2.9359430844e+06  1.5116000000e+07
1.8083270818e-01  2.2900000000e+00  2.9359430844e+06  2.9359430844e+06  1.5116000000e+07
1.8099774944e-01  2.2900000000e+00  2.9359430844e+06  2.9359430844e+06  1.5116000000e+07
1.8116279070e-01  2.2900000000e+00  2.9359430844e+06  2.9359430844e+06  1.5116000000e+07
1.8132783196e-01  2.2900000000e+00  2.9359430844e+06  2.9359430844e+06  1.5116000000e+07
1.8149287322e-01  2.2900000000e+00  2.9359430844e+06  2.9359430844e+06  1.5116000000e+07
1.8165791448e-01  2.2900000000e+00  2.9359430844e+06  2.9359430844e+06  1.5116000000e+07
1.8182295574e-01  2.2900000000e+00  2.9359430844e+06  2.9359430844e+06  1.5116000000e+07
1.8198799700e-01  2.2900000000e+00  2.9359430844e+06  2.9359430844e+06  1.5116000000e+07
1.8215303826e-01  2.2900000000e+00  2.9359430844e+06  2.9359430844e+06  1.5116000000e+07
1.8231807952e-01  2.2900000000e+00  2.9359430844e+06  2.9359430844e+06  1.5116000000e+07
1.8248312078e-01  2.2900000000e+00  2.9359430844e+06  2.9359430844e+06  1.5116000000e+07
1.8264816204e-01  2.2900000000e+00  2.9359430844e+06  2.9359430844e+06  1.5116000000e+07
1.8281320330e-01  2.2900000000e+00  2.9359430844e+06  2.9359430844e+06  1.5116000000e+07
1.8297824456e-01  2.2900000000e+00  2.9359430844e+06  2.9359430844e+06  1.5116000000e+07
1.8314328582e-01  2.2900000000e+00  2.9359430844e+06  2.9359430844e+06  1.5116000000e+07
1.8330832708e-01  2.2900000000e+00  2.9359430844e+06  2.9359430844e+06  1.5116000000e+07
1.8347336834e-01  2.2900000000e+00  2.9359430844e+06  2.9359430844e+06  1.5116000000e+07
1.8363840960e-01  2.2900000000e+00  2.9359430844e+06  2.9359430844e+06  1.5116000000e+07
1.8380345086e-01  2.2900000000e+00  2.9359430844e+06  2.9359430844e+06  1.5116000000e+07
1.8396849212e-01  2.2900000000e+00  2.9359430844e+06  2.9359430844e+06  1.5116000000e+07
1.8413353338e-01  2.2900000000e+00  2.9359430844e+06  2.9359430844e+06  1.5116000000e+07
1.8429857464e-01  2.2900000000e+00  2.9359430844e+06  2.9359430844e+06  1.5116000000e+07
1.8446361590e-01  2.2900000000e+00  2.9359430844e+06  2.9359430844e+06  1.5116000000e+07
1.8462865716e-01  2.2900000000e+00  2.9359430844e+06  2.9359430844e+06  1.5116000000e+07
1.8479369842e-01  2.2900000000e+00  2.9359430844e+06  2.9359430844e+06  1.5116000000e+07
1.8495873968e-01  2.2900000000e+00  2.9359430844e+06  2.9359430844e+06  1.5116000000e+07
1.8512378095e-01  2.2900000000e+00  2.9359430844e+06  2.9359430844e+06  1.5116000000e+07
1.8528882221e-01  2.2900000000e+00  2.9359430844e+06  2.9359430844e+06  1.5116000000e+07
1.8545386347e-01  2.2900000000e+00  2.9359430844e+06  2.9359430844e+06  1.5116000000e+07
1.8561890473e-01  2.2900000000e+00  2.9359430844e+06  2.9359430844e+06  1.5116000000e+07
1.8578394599e-01  2.2900000000e+00  2.9359430844e+06  2.9359430844e+06  1.5116000000e+07
1.8594898725e-01  2.2900000000e+00  2.9359430844e+06  2.9359430844e+06  1.5116000000e+07
1.8611402851e-01  2.2900000000e+00  2.9359430844e+06  2.9359430844e+06  1.5116000000e+07
1.8627906977e-01  2.2900000000e+00  2.9359430844e+06  2.9359430844e+06  1.5116000000e+07
1.8644411103e-01  2.2900000000e+00  2.9359430844e+06  2.9359430844e+06  1.5116000000e+07
1.8660915229e-01  2.2900000000e+00  2.9359430844e+06  2.9359430844e+06  1.5116000000e+07
1.8677419355e-01  2.2900000000e+00  2.9359430844e+06  2.9359430844e+06  1.5116000000e+07
1.8693923481e-01  2.2900000000e+00  2.9359430844e+06  2.9359430844e+06  1.5116000000e+07
1.8710427607e-01  2.2900000000e+00  2.9359430844e+06  2.9359430844e+06  1.5116000000e+07
1.8726931733e-01  2.2900000000e+00  2.9359430844e+06  2.9359430844e+06  1.5116000000e+07
1.8743435859e-01  2.2900000000e+00  2.9359430844e+06  2.9359430844e+06  1.5116000000e+07
1.8759939985e-01  2.2900000000e+00  2.9359430844e+06  2.9359430844e+06  1.5116000000e+07
1.8776444111e-01  2.2900000000e+00  2.9359430844e+06  2.9359430844e+06  1.5116000000e+07
1.8792948237e-01  2.2900000000e+00  2.9359430844e+06  2.9359430844e+06  1.5116000000e+07
1.8809452363e-01  2.2900000000e+00  2.9359430844e+06  2.9359430844e+06  1.5116000000e+07
1.8825956489e-01  2.2900000000e+00  2.9359430844e+06  2.9359430844e+06  1.5116000000e+07
1.8842460615e-01  2.2900000000e+00  2.9359430844e+06  2.9359430844e+06  1.5116000000e+07
1.8858964741e-01  2.2900000000e+00  2.9359430844e+06  2.9359430844e+06  1.5116000000e+07
1.8875468867e-01  2.2900000000e+00  2.9359430844e+06  2.9359430844e+06  1.5116000000e+07
1.8891972993e-01  2.2900000000e+00  2.9359430844e+06  2.9359430844e+06  1.5116000000e+07
1.8908477119e-01  2.2900000000e+00  2.9359430844e+06  2.9359430844e+06  1.5116000000e+07
1.8924981245e-01  2.2900000000e+00  2.9359430844e+06  2.9359430844e+06  1.5116000000e+07
1.8941485371e-01  2.2900000000e+00  2.9359430844e+06  2.9359430844e+06  1.5116000000e+07
1.8957989497e-01  2.2900000000e+00  2.9359430844e+06  2.9359430844e+06  1.5116000000e+07
1.8974493623e-01  2.2900000000e+00  2.9359430844e+06  2.9359430844e+06  1.5116000000e+07
1.8990997749e-01  2.2900000000e+00  2.9359430844e+06  2.9359430844e+06  1.5116000000e+07
1.9007501875e-01  2.2900000000e+00  2.9359430844e+06  2.9359430844e+06  1.5116000000e+07
1.9024006002e-01  2.2900000000e+00  2.9359430844e+06  2.9359430844e+06  1.5116000000e+07
1.9040510128e-01  2.2900000000e+00  2.9359430844e+06  2.9359430844e+06  1.5116000000e+07
1.9057014254e-01  2.2900000000e+00  2.9359430844e+06  2.9359430844e+06  1.5116000000e+07
1.9073518380e-01  2.2900000000e+00  2.9359430844e+06  2.9359430844e+06  1.5116000000e+07
1.9090022506e-01  2.2900000000e+00  2.9359430844e+06  2.9359430844e+06  1.5116000000e+07
1.9106526632e-01  2.2900000000e+00  2.9359430844e+06  2.9359430844e+06  1.5116000000e+07
1.9123030758e-01  2.2900000000e+00  2.9359430844e+06  2.9359430844e+06  1.5116000000e+07
1.9139534884e-01  2.2900000000e+00  2.9359430844e+06  2.9359430844e+06  1.5116000000e+07
1.9156039010e-01  2.2900000000e+00  2.9359430844e+06  2.9359430844e+06  1.5116000000e+07
1.9172543136e-01  2.2900000000e+00  2.9359430844e+06  2.9359430844e+06  1.5116000000e+07
1.9189047262e-01  2.2900000000e+00  2.9359430844e+06  2.9359430844e+06  1.5116000000e+07
1.9205551388e-01  2.2900000000e+00  2.9359430844e+06  2.9359430844e+06  1.5116000000e+07
1.9222055514e-01  2.2900000000e+00  2.9359430844e+06  2.9359430844e+06  1.5116000000e+07
1.9238559640e-01  2.2900000000e+00  2.9359430844e+06  2.9359430844e+06  1.5116000000e+07
1.9255063766e-01  2.2900000000e+00  2.9359430844e+06  2.9359430844e+06  1.5116000000e+07
1.9271567892e-01  2.2900000000e+00  2.9359430844e+06  2.9359430844e+06  1.5116000000e+07
1.9288072018e-01  2.2900000000e+00  2.9359430844e+06  2.9359430844e+06  1.5116000000e+07
1.9304576144e-01  2.2900000000e+00  2.9359430844e+06  2.9359430844e+06  1.5116000000e+07
1.9321080270e-01  2.2900000000e+00  2.9359430844e+06  2.9359430844e+06  1.5116000000e+07
1.9337584396e-01  2.2900000000e+00  2.9359430844e+06  2.9359430844e+06  1.5116000000e+07
1.9354088522e-01  2.2900000000e+00  2.9359430844e+06  2.9359430844e+06  1.5116000000e+07
1.9370592648e-01  2.2900000000e+00  2.9359430844e+06  2.9359430844e+06  1.5116000000e+07
1.9387096774e-01  2.2900000000e+00  2.9359430844e+06  2.9359430844e+06  1.5116000000e+07
1.9403600900e-01  2.2900000000e+00  2.9359430844e+06  2.9359430844e+06  1.5116000000e+07
1.9420105026e-01  2.2900000000e+00  2.9359430844e+06  2.9359430844e+06  1.5116000000e+07
1.9436609152e-01  2.2900000000e+00  2.9359430844e+06  2.9359430844e+06  1.5116000000e+07
1.9453113278e-01  2.2900000000e+00  2.9359430844e+06  2.9359430844e+06  1.5116000000e+07
1.9469617404e-01  2.2900000000e+00  2.9359430844e+06  2.9359430844e+06  1.5116000000e+07
1.9486121530e-01  2.2900000000e+00  2.9359430844e+06  2.9359430844e+06  1.5116000000e+07
1.9502625656e-01  2.2900000000e+00  2.9359430844e+06  2.9359430844e+06  1.5116000000e+07
1.9519129782e-01  2.2900000000e+00  2.9359430844e+06  2.9359430844e+06  1.5116000000e+07
1.9535633908e-01  2.2900000000e+00  2.9359430844e+06  2.9359430844e+06  1.5116000000e+07
1.9552138035e-01  2.2900000000e+00  2.9359430844e+06  2.9359430844e+06  1.5116000000e+07
1.9568642161e-01  2.2900000000e+00  2.9359430844e+06  2.9359430844e+06  1.5116000000e+07
1.9585146287e-01  2.2900000000e+00  2.9359430844e+06  2.9359430844e+06  1.5116000000e+07
1.9601650413e-01  2.2900000000e+00  2.9359430844e+06  2.9359430844e+06  1.5116000000e+07
1.9618154539e-01  2.2900000000e+00  2.9359430844e+06  2.9359430844e+06  1.5116000000e+07
1.9634658665e-01  2.2900000000e+00  2.9359430844e+06  2.9359430844e+06  1.5116000000e+07
1.9651162791e-01  2.2900000000e+00  2.9359430844e+06  2.9359430844e+06  1.5116000000e+07
1.9667666917e-01  2.2900000000e+00  2.9359430844e+06  2.9359430844e+06  1.5116000000e+07
1.9684171043e-01  2.2900000000e+00  2.9359430844e+06  2.9359430844e+06  1.5116000000e+07
1.9700675169e-01  2.2900000000e+00  2.9359430844e+06  2.9359430844e+06  1.5116000000e+07
1.9717179295e-01  2.2900000000e+00  2.9359430844e+06  2.9359430844e+06  1.5116000000e+07
1.9733683421e-01  2.2900000000e+00  2.9359430844e+06  2.9359430844e+06  1.5116000000e+07
1.9750187547e-01  2.2900000000e+00  2.9359430844e+06  2.9359430844e+06  1.5116000000e+07
1.9766691673e-01  2.2900000000e+00  2.9359430844e+06  2.9359430844e+06  1.5116000000e+07
1.9783195799e-01  2.2900000000e+00  2.9359430844e+06  2.9359430844e+06  1.5116000000e+07
1.9799699925e-01  2.2900000000e+00  2.9359430844e+06  2.9359430844e+06  1.5116000000e+07
1.9816204051e-01  2.2900000000e+00  2.9359430844e+06  2.9359430844e+06  1.5116000000e+07
1.9832708177e-01  2.2900000000e+00  2.9359430844e+06  2.9359430844e+06  1.5116000000e+07
1.9849212303e-01  2.2900000000e+00  2.9359430844e+06  2.9359430844e+06  1.5116000000e+07
1.9865716429e-01  2.2900000000e+00  2.9359430844e+06  2.9359430844e+06  1.5116000000e+07
1.9882220555e-01  2.2900000000e+00  2.9359430844e+06  2.9359430844e+06  1.5116000000e+07
1.9898724681e-01  2.2900000000e+00  2.9359430844e+06  2.9359430844e+06  1.5116000000e+07
1.9915228807e-01  2.2900000000e+00  2.9359430844e+06  2.9359430844e+06  1.5116000000e+07
1.9931732933e-01  2.2900000000e+00  2.9359430844e+06  2.9359430844e+06  1.5116000000e+07
1.9948237059e-01  2.2900000000e+00  2.9359430844e+06  2.9359430844e+06  1.5116000000e+07
1.9964741185e-01  2.2900000000e+00  2.9359430844e+06  2.9359430844e+06  1.5116000000e+07
1.9981245311e-01  2.2900000000e+00  2.9359430844e+06  2.9359430844e+06  1.5116000000e+07
1.9997749437e-01  2.2900000000e+00  2.9359430844e+06  2.9359430844e+06  1.5116000000e+07
2.0014253563e-01  2.2900000000e+00  2.9359430844e+06  2.9359430844e+06  1.5116000000e+07
2.0030757689e-01  2.2900000000e+00  2.9359430844e+06  2.9359430844e+06  1.5116000000e+07
2.0047261815e-01  2.2900000000e+00  2.9359430844e+06  2.9359430844e+06  1.5116000000e+07
2.0063765941e-01  2.2900000000e+00  2.9359430844e+06  2.9359430844e+06  1.5116000000e+07
2.0080270068e-01  2.2900000000e+00  2.9359430844e+06  2.9359430844e+06  1.5116000000e+07
2.0096774194e-01  2.2900000000e+00  2.9359430844e+06  2.9359430844e+06  1.5116000000e+07
2.0113278320e-01  2.2900000000e+00  2.9359430844e+06  2.9359430844e+06  1.5116000000e+07
2.0129782446e-01  2.2900000000e+00  2.9359430844e+06  2.9359430844e+06  1.5116000000e+07
2.0146286572e-01  2.2900000000e+00  2.9359430844e+06  2.9359430844e+06  1.5116000000e+07
2.0162790698e-01  2.2900000000e+00  2.9359430844e+06  2.9359430844e+06  1.5116000000e+07
2.0179294824e-01  2.2900000000e+00  2.9359430844e+06  2.9359430844e+06  1.5116000000e+07
2.0195798950e-01  2.2900000000e+00  2.9359430844e+06  2.9359430844e+06  1.5116000000e+07
2.0212303076e-01  2.2900000000e+00  2.9359430844e+06  2.9359430844e+06  1.5116000000e+07
2.0228807202e-01  2.2900000000e+00  2.9359430844e+06  2.9359430844e+06  1.5116000000e+07
2.0245311328e-01  2.2900000000e+00  2.9359430844e+06  2.9359430844e+06  1.5116000000e+07
2.0261815454e-01  2.2900000000e+00  2.9359430844e+06  2.9359430844e+06  1.5116000000e+07
2.0278319580e-01  2.2900000000e+00  2.9359430844e+06  2.9359430844e+06  1.5116000000e+07
2.0294823706e-01  2.2900000000e+00  2.9359430844e+06  2.9359430844e+06  1.5116000000e+07
2.0311327832e-01  2.2900000000e+00  2.9359430844e+06  2.9359430844e+06  1.5116000000e+07
2.0327831958e-01  2.2900000000e+00  2.9359430844e+06  2.9359430844e+06  1.5116000000e+07
2.0344336084e-01  2.2900000000e+00  2.9359430844e+06  2.9359430844e+06  1.5116000000e+07
2.0360840210e-01  2.2900000000e+00  2.9359430844e+06  2.9359430844e+06  1.5116000000e+07
2.0377344336e-01  2.2900000000e+00  2.9359430844e+06  2.9359430844e+06  1.5116000000e+07
2.0393848462e-01  2.2900000000e+00  2.9359430844e+06  2.9359430844e+06  1.5116000000e+07
2.0410352588e-01  2.2900000000e+00  2.9359430844e+06  2.9359430844e+06  1.5116000000e+07
2.0426856714e-01  2.2900000000e+00  2.9359430844e+06  2.9359430844e+06  1.5116000000e+07
2.0443360840e-01  2.2900000000e+00  2.9359430844e+06  2.9359430844e+06  1.5116000000e+07
2.0459864966e-01  2.2900000000e+00  2.9359430844e+06  2.9359430844e+06  1.5116000000e+07
2.0476369092e-01  2.2900000000e+00  2.9359430844e+06  2.9359430844e+06  1.5116000000e+07
2.0492873218e-01  2.2900000000e+00  2.9359430844e+06  2.9359430844e+06  1.5116000000e+07
2.0509377344e-01  2.2900000000e+00  2.9359430844e+06  2.9359430844e+06  1.5116000000e+07
2.0525881470e-01  2.2900000000e+00  2.9359430844e+06  2.9359430844e+06  1.5116000000e+07
2.0542385596e-01  2.2900000000e+00  2.9359430844e+06  2.9359430844e+06  1.5116000000e+07
2.0558889722e-01  2.2900000000e+00  2.9359430844e+06  2.9359430844e+06  1.5116000000e+07
2.0575393848e-01  2.2900000000e+00  2.9359430844e+06  2.9359430844e+06  1.5116000000e+07
2.0591897974e-01  2.2900000000e+00  2.9359430844e+06  2.9359430844e+06  1.5116000000e+07
2.0608402101e-01  2.2900000000e+00  2.9359430844e+06  2.9359430844e+06  1.5116000000e+07
2.0624906227e-01  2.2900000000e+00  2.9359430844e+06  2.9359430844e+06  1.5116000000e+07
2.0641410353e-01  2.2900000000e+00  2.9359430844e+06  2.9359430844e+06  1.5116000000e+07
2.0657914479e-01  2.2900000000e+00  2.9359430844e+06  2.9359430844e+06  1.5116000000e+07
2.0674418605e-01  2.2900000000e+00  2.9359430844e+06  2.9359430844e+06  1.5116000000e+07
2.0690922731e-01  2.2900000000e+00  2.9359430844e+06  2.9359430844e+06  1.5116000000e+07
2.0707426857e-01  2.2900000000e+00  2.9359430844e+06  2.9359430844e+06  1.5116000000e+07
2.0723930983e-01  2.2900000000e+00  2.9359430844e+06  2.9359430844e+06  1.5116000000e+07
2.0740435109e-01  2.2900000000e+00  2.9359430844e+06  2.9359430844e+06  1.5116000000e+07
2.0756939235e-01  2.2900000000e+00  2.9359430844e+06  2.9359430844e+06  1.5116000000e+07
2.0773443361e-01  2.2900000000e+00  2.9359430844e+06  2.9359430844e+06  1.5116000000e+07
2.0789947487e-01  2.2900000000e+00  2.9359430844e+06  2.9359430844e+06  1.5116000000e+07
2.0806451613e-01  2.2900000000e+00  2.9359430844e+06  2.9359430844e+06  1.5116000000e+07
2.0822955739e-01  2.2900000000e+00  2.9359430844e+06  2.9359430844e+06  1.5116000000e+07
2.0839459865e-01  2.2900000000e+00  2.9359430844e+06  2.9359430844e+06  1.5116000000e+07
2.0855963991e-01  2.2900000000e+00  2.9359430844e+06  2.9359430844e+06  1.5116000000e+07
2.0872468117e-01  2.2900000000e+00  2.9359430844e+06  2.9359430844e+06  1.5116000000e+07
2.0888972243e-01  2.2900000000e+00  2.9359430844e+06  2.9359430844e+06  1.5116000000e+07
2.0905476369e-01  2.2900000000e+00  2.9359430844e+06  2.9359430844e+06  1.5116000000e+07
2.0921980495e-01  2.2900000000e+00  2.9359430844e+06  2.9359430844e+06  1.5116000000e+07
2.0938484621e-01  2.2900000000e+00  2.9359430844e+06  2.9359430844e+06  1.5116000000e+07
2.0954988747e-01  2.2900000000e+00  2.9359430844e+06  2.9359430844e+06  1.5116000000e+07
2.0971492873e-01  2.2900000000e+00  2.9359430844e+06  2.9359430844e+06  1.5116000000e+07
2.0987996999e-01  2.2900000000e+00  2.9359430844e+06  2.9359430844e+06  1.5116000000e+07
2.1004501125e-01  2.2900000000e+00  2.9359430844e+06  2.9359430844e+06  1.5116000000e+07
2.1021005251e-01  2.2900000000e+00  2.9359430844e+06  2.9359430844e+06  1.5116000000e+07
2.1037509377e-01  2.2900000000e+00  2.9359430844e+06  2.9359430844e+06  1.5116000000e+07
2.1054013503e-01  2.2900000000e+00  2.9359430844e+06  2.9359430844e+06  1.5116000000e+07
2.1070517629e-01  2.2900000000e+00  2.9359430844e+06  2.9359430844e+06  1.5116000000e+07
2.1087021755e-01  2.2900000000e+00  2.9359430844e+06  2.9359430844e+06  1.5116000000e+07
2.1103525881e-01  2.2900000000e+00  2.9359430844e+06  2.9359430844e+06  1.5116000000e+07
2.1120030008e-01  2.2900000000e+00  2.9359430844e+06  2.9359430844e+06  1.5116000000e+07
2.1136534134e-01  2.2900000000e+00  2.9359430844e+06  2.9359430844e+06  1.5116000000e+07
2.1153038260e-01  2.2900000000e+00  2.9359430844e+06  2.9359430844e+06  1.5116000000e+07
2.1169542386e-01  2.2900000000e+00  2.9359430844e+06  2.9359430844e+06  1.5116000000e+07
2.1186046512e-01  2.2900000000e+00  2.9359430844e+06  2.9359430844e+06  1.5116000000e+07
2.1202550638e-01  2.2900000000e+00  2.9359430844e+06  2.9359430844e+06  1.5116000000e+07
2.1219054764e-01  2.2900000000e+00  2.9359430844e+06  2.9359430844e+06  1.5116000000e+07
2.1235558890e-01  2.2900000000e+00  2.9359430844e+06  2.9359430844e+06  1.5116000000e+07
2.1252063016e-01  2.2900000000e+00  2.9359430844e+06  2.9359430844e+06  1.5116000000e+07
2.1268567142e-01  2.2900000000e+00  2.9359430844e+06  2.9359430844e+06  1.5116000000e+07
2.1285071268e-01  2.2900000000e+00  2.9359430844e+06  2.9359430844e+06  1.5116000000e+07
2.1301575394e-01  2.2900000000e+00  2.9359430844e+06  2.9359430844e+06  1.5116000000e+07
2.1318079520e-01  2.2900000000e+00  2.9359430844e+06  2.9359430844e+06  1.5116000000e+07
2.1334583646e-01  2.2900000000e+00  2.9359430844e+06  2.9359430844e+06  1.5116000000e+07
2.1351087772e-01  2.2900000000e+00  2.9359430844e+06  2.9359430844e+06  1.5116000000e+07
2.1367591898e-01  2.2900000000e+00  2.9359430844e+06  2.9359430844e+06  1.5116000000e+07
2.1384096024e-01  2.2900000000e+00  2.9359430844e+06  2.9359430844e+06  1.5116000000e+07
2.1400600150e-01  2.2900000000e+00  2.9359430844e+06  2.9359430844e+06  1.5116000000e+07
2.1417104276e-01  2.2900000000e+00  2.9359430844e+06  2.9359430844e+06  1.5116000000e+07
2.1433608402e-01  2.2900000000e+00  2.9359430844e+06  2.9359430844e+06  1.5116000000e+07
2.1450112528e-01  2.2900000000e+00  2.9359430844e+06  2.9359430844e+06  1.5116000000e+07
2.1466616654e-01  2.2900000000e+00  2.9359430844e+06  2.9359430844e+06  1.5116000000e+07
2.1483120780e-01  2.2900000000e+00  2.9359430844e+06  2.9359430844e+06  1.5116000000e+07
2.1499624906e-01  2.2900000000e+00  2.9359430844e+06  2.9359430844e+06  1.5116000000e+07
2.1516129032e-01  2.2900000000e+00  2.9359430844e+06  2.9359430844e+06  1.5116000000e+07
2.1532633158e-01  2.2900000000e+00  2.9359430844e+06  2.9359430844e+06  1.5116000000e+07
2.1549137284e-01  2.2900000000e+00  2.9359430844e+06  2.9359430844e+06  1.5116000000e+07
2.1565641410e-01  2.2900000000e+00  2.9359430844e+06  2.9359430844e+06  1.5116000000e+07
2.1582145536e-01  2.2900000000e+00  2.9359430844e+06  2.9359430844e+06  1.5116000000e+07
2.1598649662e-01  2.2900000000e+00  2.9359430844e+06  2.9359430844e+06  1.5116000000e+07
2.1615153788e-01  2.2900000000e+00  2.9359430844e+06  2.9359430844e+06  1.5116000000e+07
2.1631657914e-01  2.2900000000e+00  2.9359430844e+06  2.9359430844e+06  1.5116000000e+07
2.1648162041e-01  2.2900000000e+00  2.9359430844e+06  2.9359430844e+06  1.5116000000e+07
2.1664666167e-01  2.2900000000e+00  2.9359430844e+06  2.9359430844e+06  1.5116000000e+07
2.1681170293e-01  2.2900000000e+00  2.9359430844e+06  2.9359430844e+06  1.5116000000e+07
2.1697674419e-01  2.2900000000e+00  2.9359430844e+06  2.9359430844e+06  1.5116000000e+07
2.1714178545e-01  2.2900000000e+00  2.9359430844e+06  2.9359430844e+06  1.5116000000e+07
2.1730682671e-01  2.2900000000e+00  2.9359430844e+06  2.9359430844e+06  1.5116000000e+07
2.1747186797e-01  2.2900000000e+00  2.9359430844e+06  2.9359430844e+06  1.5116000000e+07
2.1763690923e-01  2.2900000000e+00  2.9359430844e+06  2.9359430844e+06  1.5116000000e+07
2.1780195049e-01  2.2900000000e+00  2.9359430844e+06  2.9359430844e+06  1.5116000000e+07
2.1796699175e-01  2.2900000000e+00  2.9359430844e+06  2.9359430844e+06  1.5116000000e+07
2.1813203301e-01  2.2900000000e+00  2.9359430844e+06  2.9359430844e+06  1.5116000000e+07
2.1829707427e-01  2.2900000000e+00  2.9359430844e+06  2.9359430844e+06  1.5116000000e+07
2.1846211553e-01  2.2900000000e+00  2.9359430844e+06  2.9359430844e+06  1.5116000000e+07
2.1862715679e-01  2.2900000000e+00  2.9359430844e+06  2.9359430844e+06  1.5116000000e+07
2.1879219805e-01  2.2900000000e+00  2.9359430844e+06  2.9359430844e+06  1.5116000000e+07
2.1895723931e-01  2.2900000000e+00  2.9359430844e+06  2.9359430844e+06  1.5116000000e+07
2.1912228057e-01  2.2900000000e+00  2.9359430844e+06  2.9359430844e+06  1.5116000000e+07
2.1928732183e-01  2.2900000000e+00  2.9359430844e+06  2.9359430844e+06  1.5116000000e+07
2.1945236309e-01  2.2900000000e+00  2.9359430844e+06  2.9359430844e+06  1.5116000000e+07
2.1961740435e-01  2.2900000000e+00  2.9359430844e+06  2.9359430844e+06  1.5116000000e+07
2.1978244561e-01  2.2900000000e+00  2.9359430844e+06  2.9359430844e+06  1.5116000000e+07
2.1994748687e-01  2.2900000000e+00  2.9359430844e+06  2.9359430844e+06  1.5116000000e+07
2.2011252813e-01  2.2900000000e+00  2.9359430844e+06  2.9359430844e+06  1.5116000000e+07
2.2027756939e-01  2.2900000000e+00  2.9359430844e+06  2.9359430844e+06  1.5116000000e+07
2.2044261065e-01  2.2900000000e+00  2.9359430844e+06  2.9359430844e+06  1.5116000000e+07
2.2060765191e-01  2.2900000000e+00  2.9359430844e+06  2.9359430844e+06  1.5116000000e+07
2.2077269317e-01  2.2900000000e+00  2.9359430844e+06  2.9359430844e+06  1.5116000000e+07
2.2093773443e-01  2.2900000000e+00  2.9359430844e+06  2.9359430844e+06  1.5116000000e+07
2.2110277569e-01  2.2900000000e+00  2.9359430844e+06  2.9359430844e+06  1.5116000000e+07
2.2126781695e-01  2.2900000000e+00  2.9359430844e+06  2.9359430844e+06  1.5116000000e+07
2.2143285821e-01  2.2900000000e+00  2.9359430844e+06  2.9359430844e+06  1.5116000000e+07
2.2159789947e-01  2.2900000000e+00  2.9359430844e+06  2.9359430844e+06  1.5116000000e+07
2.2176294074e-01  2.2900000000e+00  2.9359430844e+06  2.9359430844e+06  1.5116000000e+07
2.2192798200e-01  2.2900000000e+00  2.9359430844e+06  2.9359430844e+06  1.5116000000e+07
2.2209302326e-01  2.2900000000e+00  2.9359430844e+06  2.9359430844e+06  1.5116000000e+07
2.2225806452e-01  2.2900000000e+00  2.9359430844e+06  2.9359430844e+06  1.5116000000e+07
2.2242310578e-01  2.2900000000e+00  2.9359430844e+06  2.9359430844e+06  1.5116000000e+07
2.2258814704e-01  2.2900000000e+00  2.9359430844e+06  2.9359430844e+06  1.5116000000e+07
2.2275318830e-01  2.2900000000e+00  2.9359430844e+06  2.9359430844e+06  1.5116000000e+07
2.2291822956e-01  2.2900000000e+00  2.9359430844e+06  2.9359430844e+06  1.5116000000e+07
2.2308327082e-01  2.2900000000e+00  2.9359430844e+06  2.9359430844e+06  1.5116000000e+07
2.2324831208e-01  2.2900000000e+00  2.9359430844e+06  2.9359430844e+06  1.5116000000e+07
2.2341335334e-01  2.2900000000e+00  2.9359430844e+06  2.9359430844e+06  1.5116000000e+07
2.2357839460e-01  2.2900000000e+00  2.9359430844e+06  2.9359430844e+06  1.5116000000e+07
2.2374343586e-01  2.2900000000e+00  2.9359430844e+06  2.9359430844e+06  1.5116000000e+07
2.2390847712e-01  2.2900000000e+00  2.9359430844e+06  2.9359430844e+06  1.5116000000e+07
2.2407351838e-01  2.2900000000e+00  2.9359430844e+06  2.9359430844e+06  1.5116000000e+07
2.2423855964e-01  2.2900000000e+00  2.9359430844e+06  2.9359430844e+06  1.5116000000e+07
2.2440360090e-01  2.2900000000e+00  2.9359430844e+06  2.9359430844e+06  1.5116000000e+07
2.2456864216e-01  2.2900000000e+00  2.9359430844e+06  2.9359430844e+06  1.5116000000e+07
2.2473368342e-01  2.2900000000e+00  2.9359430844e+06  2.9359430844e+06  1.5116000000e+07
2.2489872468e-01  2.2900000000e+00  2.9359430844e+06  2.9359430844e+06  1.5116000000e+07
2.2506376594e-01  2.2900000000e+00  2.9359430844e+06  2.9359430844e+06  1.5116000000e+07
2.2522880720e-01  2.2900000000e+00  2.9359430844e+06  2.9359430844e+06  1.5116000000e+07
2.2539384846e-01  2.2900000000e+00  2.9359430844e+06  2.9359430844e+06  1.5116000000e+07
2.2555888972e-01  2.2900000000e+00  2.9359430844e+06  2.9359430844e+06  1.5116000000e+07
2.2572393098e-01  2.2900000000e+00  2.9359430844e+06  2.9359430844e+06  1.5116000000e+07
2.2588897224e-01  2.2900000000e+00  2.9359430844e+06  2.9359430844e+06  1.5116000000e+07
2.2605401350e-01  2.2900000000e+00  2.9359430844e+06  2.9359430844e+06  1.5116000000e+07
2.2621905476e-01  2.2900000000e+00  2.9359430844e+06  2.9359430844e+06  1.5116000000e+07
2.2638409602e-01  2.2900000000e+00  2.9359430844e+06  2.9359430844e+06  1.5116000000e+07
2.2654913728e-01  2.2900000000e+00  2.9359430844e+06  2.9359430844e+06  1.5116000000e+07
2.2671417854e-01  2.2900000000e+00  2.9359430844e+06  2.9359430844e+06  1.5116000000e+07
2.2687921980e-01  2.2900000000e+00  2.9359430844e+06  2.9359430844e+06  1.5116000000e+07
2.2704426107e-01  2.2900000000e+00  2.9359430844e+06  2.9359430844e+06  1.5116000000e+07
2.2720930233e-01  2.2900000000e+00  2.9359430844e+06  2.9359430844e+06  1.5116000000e+07
2.2737434359e-01  2.2900000000e+00  2.9359430844e+06  2.9359430844e+06  1.5116000000e+07
2.2753938485e-01  2.2900000000e+00  2.9359430844e+06  2.9359430844e+06  1.5116000000e+07
2.2770442611e-01  2.2900000000e+00  2.9359430844e+06  2.9359430844e+06  1.5116000000e+07
2.2786946737e-01  2.2900000000e+00  2.9359430844e+06  2.9359430844e+06  1.5116000000e+07
2.2803450863e-01  2.2900000000e+00  2.9359430844e+06  2.9359430844e+06  1.5116000000e+07
2.2819954989e-01  2.2900000000e+00  2.9359430844e+06  2.9359430844e+06  1.5116000000e+07
2.2836459115e-01  2.2900000000e+00  2.9359430844e+06  2.9359430844e+06  1.5116000000e+07
2.2852963241e-01  2.2900000000e+00  2.9359430844e+06  2.9359430844e+06  1.5116000000e+07
2.2869467367e-01  2.2900000000e+00  2.9359430844e+06  2.9359430844e+06  1.5116000000e+07
2.2885971493e-01  2.2900000000e+00  2.9359430844e+06  2.9359430844e+06  1.5116000000e+07
2.2902475619e-01  2.2900000000e+00  2.9359430844e+06  2.9359430844e+06  1.5116000000e+07
2.2918979745e-01  2.2900000000e+00  2.9359430844e+06  2.9359430844e+06  1.5116000000e+07
2.2935483871e-01  2.2900000000e+00  2.9359430844e+06  2.9359430844e+06  1.5116000000e+07
2.2951987997e-01  2.2900000000e+00  2.9359430844e+06  2.9359430844e+06  1.5116000000e+07
2.2968492123e-01  2.2900000000e+00  2.9359430844e+06  2.9359430844e+06  1.5116000000e+07
2.2984996249e-01  2.2900000000e+00  2.9359430844e+06  2.9359430844e+06  1.5116000000e+07
2.3001500375e-01  2.2900000000e+00  2.9359430844e+06  2.9359430844e+06  1.5116000000e+07
2.3018004501e-01  2.2900000000e+00  2.9359430844e+06  2.9359430844e+06  1.5116000000e+07
2.3034508627e-01  2.2900000000e+00  2.9359430844e+06  2.9359430844e+06  1.5116000000e+07
2.3051012753e-01  2.2900000000e+00  2.9359430844e+06  2.9359430844e+06  1.5116000000e+07
2.3067516879e-01  2.2900000000e+00  2.9359430844e+06  2.9359430844e+06  1.5116000000e+07
2.3084021005e-01  2.2900000000e+00  2.9359430844e+06  2.9359430844e+06  1.5116000000e+07
2.3100525131e-01  2.2900000000e+00  2.9359430844e+06  2.9359430844e+06  1.5116000000e+07
2.3117029257e-01  2.2900000000e+00  2.9359430844e+06  2.9359430844e+06  1.5116000000e+07
2.3133533383e-01  2.2900000000e+00  2.9359430844e+06  2.9359430844e+06  1.5116000000e+07
2.3150037509e-01  2.2900000000e+00  2.9359430844e+06  2.9359430844e+06  1.5116000000e+07
2.3166541635e-01  2.2900000000e+00  2.9359430844e+06  2.9359430844e+06  1.5116000000e+07
2.3183045761e-01  2.2900000000e+00  2.9359430844e+06  2.9359430844e+06  1.5116000000e+07
2.3199549887e-01  2.2900000000e+00  2.9359430844e+06  2.9359430844e+06  1.5116000000e+07
2.3216054014e-01  2.2900000000e+00  2.9359430844e+06  2.9359430844e+06  1.5116000000e+07
2.3232558140e-01  2.2900000000e+00  2.9359430844e+06  2.9359430844e+06  1.5116000000e+07
2.3249062266e-01  2.2900000000e+00  2.9359430844e+06  2.9359430844e+06  1.5116000000e+07
2.3265566392e-01  2.2900000000e+00  2.9359430844e+06  2.9359430844e+06  1.5116000000e+07
2.3282070518e-01  2.2900000000e+00  2.9359430844e+06  2.9359430844e+06  1.5116000000e+07
2.3298574644e-01  2.2900000000e+00  2.9359430844e+06  2.9359430844e+06  1.5116000000e+07
2.3315078770e-01  2.2900000000e+00  2.9359430844e+06  2.9359430844e+06  1.5116000000e+07
2.3331582896e-01  2.2900000000e+00  2.9359430844e+06  2.9359430844e+06  1.5116000000e+07
2.3348087022e-01  2.2900000000e+00  2.9359430844e+06  2.9359430844e+06  1.5116000000e+07
2.3364591148e-01  2.2900000000e+00  2.9359430844e+06  2.9359430844e+06  1.5116000000e+07
2.3381095274e-01  2.2900000000e+00  2.9359430844e+06  2.9359430844e+06  1.5116000000e+07
2.3397599400e-01  2.2900000000e+00  2.9359430844e+06  2.9359430844e+06  1.5116000000e+07
2.3414103526e-01  2.2900000000e+00  2.9359430844e+06  2.9359430844e+06  1.5116000000e+07
2.3430607652e-01  2.2900000000e+00  2.9359430844e+06  2.9359430844e+06  1.5116000000e+07
2.3447111778e-01  2.2900000000e+00  2.9359430844e+06  2.9359430844e+06  1.5116000000e+07
2.3463615904e-01  2.2900000000e+00  2.9359430844e+06  2.9359430844e+06  1.5116000000e+07
2.3480120030e-01  2.2900000000e+00  2.9359430844e+06  2.9359430844e+06  1.5116000000e+07
2.3496624156e-01  2.2900000000e+00  2.9359430844e+06  2.9359430844e+06  1.5116000000e+07
2.3513128282e-01  2.2900000000e+00  2.9359430844e+06  2.9359430844e+06  1.5116000000e+07
2.3529632408e-01  2.2900000000e+00  2.9359430844e+06  2.9359430844e+06  1.5116000000e+07
2.3546136534e-01  2.2900000000e+00  2.9359430844e+06  2.9359430844e+06  1.5116000000e+07
2.3562640660e-01  2.2900000000e+00  2.9359430844e+06  2.9359430844e+06  1.5116000000e+07
2.3579144786e-01  2.2900000000e+00  2.9359430844e+06  2.9359430844e+06  1.5116000000e+07
2.3595648912e-01  2.2900000000e+00  2.9359430844e+06  2.9359430844e+06  1.5116000000e+07
2.3612153038e-01  2.2900000000e+00  2.9359430844e+06  2.9359430844e+06  1.5116000000e+07
2.3628657164e-01  2.2900000000e+00  2.9359430844e+06  2.9359430844e+06  1.5116000000e+07
2.3645161290e-01  2.2900000000e+00  2.9359430844e+06  2.9359430844e+06  1.5116000000e+07
2.3661665416e-01  2.2900000000e+00  2.9359430844e+06  2.9359430844e+06  1.5116000000e+07
2.3678169542e-01  2.2900000000e+00  2.9359430844e+06  2.9359430844e+06  1.5116000000e+07
2.3694673668e-01  2.2900000000e+00  2.9359430844e+06  2.9359430844e+06  1.5116000000e+07
2.3711177794e-01  2.2900000000e+00  2.9359430844e+06  2.9359430844e+06  1.5116000000e+07
2.3727681920e-01  2.2900000000e+00  2.9359430844e+06  2.9359430844e+06  1.5116000000e+07
2.3744186047e-01  2.2900000000e+00  2.9359430844e+06  2.9359430844e+06  1.5116000000e+07
2.3760690173e-01  2.2900000000e+00  2.9359430844e+06  2.9359430844e+06  1.5116000000e+07
2.3777194299e-01  2.2900000000e+00  2.9359430844e+06  2.9359430844e+06  1.5116000000e+07
2.3793698425e-01  2.2900000000e+00  2.9359430844e+06  2.9359430844e+06  1.5116000000e+07
2.3810202551e-01  2.2900000000e+00  2.9359430844e+06  2.9359430844e+06  1.5116000000e+07
2.3826706677e-01  2.2900000000e+00  2.9359430844e+06  2.9359430844e+06  1.5116000000e+07
2.3843210803e-01  2.2900000000e+00  2.9359430844e+06  2.9359430844e+06  1.5116000000e+07
2.3859714929e-01  2.2900000000e+00  2.9359430844e+06  2.9359430844e+06  1.5116000000e+07
2.3876219055e-01  2.2900000000e+00  2.9359430844e+06  2.9359430844e+06  1.5116000000e+07
2.3892723181e-01  2.2900000000e+00  2.9359430844e+06  2.9359430844e+06  1.5116000000e+07
2.3909227307e-01  2.2900000000e+00  2.9359430844e+06  2.9359430844e+06  1.5116000000e+07
2.3925731433e-01  2.2900000000e+00  2.9359430844e+06  2.9359430844e+06  1.5116000000e+07
2.3942235559e-01  2.2900000000e+00  2.9359430844e+06  2.9359430844e+06  1.5116000000e+07
2.3958739685e-01  2.2900000000e+00  2.9359430844e+06  2.9359430844e+06  1.5116000000e+07
2.3975243811e-01  2.2900000000e+00  2.9359430844e+06  2.9359430844e+06  1.5116000000e+07
2.3991747937e-01  2.2900000000e+00  2.9359430844e+06  2.9359430844e+06  1.5116000000e+07
2.4008252063e-01  2.2900000000e+00  2.9359430844e+06  2.9359430844e+06  1.5116000000e+07
2.4024756189e-01  2.2900000000e+00  2.9359430844e+06  2.9359430844e+06  1.5116000000e+07
2.4041260315e-01  2.2900000000e+00  2.9359430844e+06  2.9359430844e+06  1.5116000000e+07
2.4057764441e-01  2.2900000000e+00  2.9359430844e+06  2.9359430844e+06  1.5116000000e+07
2.4074268567e-01  2.2900000000e+00  2.9359430844e+06  2.9359430844e+06  1.5116000000e+07
2.4090772693e-01  2.2900000000e+00  2.9359430844e+06  2.9359430844e+06  1.5116000000e+07
2.4107276819e-01  2.2900000000e+00  2.9359430844e+06  2.9359430844e+06  1.5116000000e+07
2.4123780945e-01  2.2900000000e+00  2.9359430844e+06  2.9359430844e+06  1.5116000000e+07
2.4140285071e-01  2.2900000000e+00  2.9359430844e+06  2.9359430844e+06  1.5116000000e+07
2.4156789197e-01  2.2900000000e+00  2.9359430844e+06  2.9359430844e+06  1.5116000000e+07
2.4173293323e-01  2.2900000000e+00  2.9359430844e+06  2.9359430844e+06  1.5116000000e+07
2.4189797449e-01  2.2900000000e+00  2.9359430844e+06  2.9359430844e+06  1.5116000000e+07
2.4206301575e-01  2.2900000000e+00  2.9359430844e+06  2.9359430844e+06  1.5116000000e+07
2.4222805701e-01  2.2900000000e+00  2.9359430844e+06  2.9359430844e+06  1.5116000000e+07
2.4239309827e-01  2.2900000000e+00  2.9359430844e+06  2.9359430844e+06  1.5116000000e+07
2.4255813953e-01  2.2900000000e+00  2.9359430844e+06  2.9359430844e+06  1.5116000000e+07
2.4272318080e-01  2.2900000000e+00  2.9359430844e+06  2.9359430844e+06  1.5116000000e+07
2.4288822206e-01  2.2900000000e+00  2.9359430844e+06  2.9359430844e+06  1.5116000000e+07
2.4305326332e-01  2.2900000000e+00  2.9359430844e+06  2.9359430844e+06  1.5116000000e+07
2.4321830458e-01  2.2900000000e+00  2.9359430844e+06  2.9359430844e+06  1.5116000000e+07
2.4338334584e-01  2.2900000000e+00  2.9359430844e+06  2.9359430844e+06  1.5116000000e+07
2.4354838710e-01  2.2900000000e+00  2.9359430844e+06  2.9359430844e+06  1.5116000000e+07
2.4371342836e-01  2.2900000000e+00  2.9359430844e+06  2.9359430844e+06  1.5116000000e+07
2.4387846962e-01  2.2900000000e+00  2.9359430844e+06  2.9359430844e+06  1.5116000000e+07
2.4404351088e-01  2.2900000000e+00  2.9359430844e+06  2.9359430844e+06  1.5116000000e+07
2.4420855214e-01  2.2900000000e+00  2.9359430844e+06  2.9359430844e+06  1.5116000000e+07
2.4437359340e-01  2.2900000000e+00  2.9359430844e+06  2.9359430844e+06  1.5116000000e+07
2.4453863466e-01  2.2900000000e+00  2.9359430844e+06  2.9359430844e+06  1.5116000000e+07
2.4470367592e-01  2.2900000000e+00  2.9359430844e+06  2.9359430844e+06  1.5116000000e+07
2.4486871718e-01  2.2900000000e+00  2.9359430844e+06  2.9359430844e+06  1.5116000000e+07
2.4503375844e-01  2.2900000000e+00  2.9359430844e+06  2.9359430844e+06  1.5116000000e+07
2.4519879970e-01  2.2900000000e+00  2.9359430844e+06  2.9359430844e+06  1.5116000000e+07
2.4536384096e-01  2.2900000000e+00  2.9359430844e+06  2.9359430844e+06  1.5116000000e+07
2.4552888222e-01  2.2900000000e+00  2.9359430844e+06  2.9359430844e+06  1.5116000000e+07
2.4569392348e-01  2.2900000000e+00  2.9359430844e+06  2.9359430844e+06  1.5116000000e+07
2.4585896474e-01  2.2900000000e+00  2.9359430844e+06  2.9359430844e+06  1.5116000000e+07
2.4602400600e-01  2.2900000000e+00  2.9359430844e+06  2.9359430844e+06  1.5116000000e+07
2.4618904726e-01  2.2900000000e+00  2.9359430844e+06  2.9359430844e+06  1.5116000000e+07
2.4635408852e-01  2.2900000000e+00  2.9359430844e+06  2.9359430844e+06  1.5116000000e+07
2.4651912978e-01  2.2900000000e+00  2.9359430844e+06  2.9359430844e+06  1.5116000000e+07
2.4668417104e-01  2.2900000000e+00  2.9359430844e+06  2.9359430844e+06  1.5116000000e+07
2.4684921230e-01  2.2900000000e+00  2.9359430844e+06  2.9359430844e+06  1.5116000000e+07
2.4701425356e-01  2.2900000000e+00  2.9359430844e+06  2.9359430844e+06  1.5116000000e+07
2.4717929482e-01  2.2900000000e+00  2.9359430844e+06  2.9359430844e+06  1.5116000000e+07
2.4734433608e-01  2.2900000000e+00  2.9359430844e+06  2.9359430844e+06  1.5116000000e+07
2.4750937734e-01  2.2900000000e+00  2.9359430844e+06  2.9359430844e+06  1.5116000000e+07
2.4767441860e-01  2.2900000000e+00  2.9359430844e+06  2.9359430844e+06  1.5116000000e+07
2.4783945986e-01  2.2900000000e+00  2.9359430844e+06  2.9359430844e+06  1.5116000000e+07
2.4800450113e-01  2.2900000000e+00  2.9359430844e+06  2.9359430844e+06  1.5116000000e+07
2.4816954239e-01  2.2900000000e+00  2.9359430844e+06  2.9359430844e+06  1.5116000000e+07
2.4833458365e-01  2.2900000000e+00  2.9359430844e+06  2.9359430844e+06  1.5116000000e+07
2.4849962491e-01  2.2900000000e+00  2.9359430844e+06  2.9359430844e+06  1.5116000000e+07
2.4866466617e-01  2.2900000000e+00  2.9359430844e+06  2.9359430844e+06  1.5116000000e+07
2.4882970743e-01  2.2900000000e+00  2.9359430844e+06  2.9359430844e+06  1.5116000000e+07
2.4899474869e-01  2.2900000000e+00  2.9359430844e+06  2.9359430844e+06  1.5116000000e+07
2.4915978995e-01  2.2900000000e+00  2.9359430844e+06  2.9359430844e+06  1.5116000000e+07
2.4932483121e-01  2.2900000000e+00  2.9359430844e+06  2.9359430844e+06  1.5116000000e+07
2.4948987247e-01  2.2900000000e+00  2.9359430844e+06  2.9359430844e+06  1.5116000000e+07
2.4965491373e-01  2.2900000000e+00  2.9359430844e+06  2.9359430844e+06  1.5116000000e+07
2.4981995499e-01  2.2900000000e+00  2.9359430844e+06  2.9359430844e+06  1.5116000000e+07
2.4998499625e-01  2.2900000000e+00  2.9359430844e+06  2.9359430844e+06  1.5116000000e+07
2.5015003751e-01  2.2900000000e+00  2.9359430844e+06  2.9359430844e+06  1.5116000000e+07
2.5031507877e-01  2.2900000000e+00  2.9359430844e+06  2.9359430844e+06  1.5116000000e+07
2.5048012003e-01  2.2900000000e+00  2.9359430844e+06  2.9359430844e+06  1.5116000000e+07
2.5064516129e-01  2.2900000000e+00  2.9359430844e+06  2.9359430844e+06  1.5116000000e+07
2.5081020255e-01  2.2900000000e+00  2.9359430844e+06  2.9359430844e+06  1.5116000000e+07
2.5097524381e-01  2.2900000000e+00  2.9359430844e+06  2.9359430844e+06  1.5116000000e+07
2.5114028507e-01  2.2900000000e+00  2.9359430844e+06  2.9359430844e+06  1.5116000000e+07
2.5130532633e-01  2.2900000000e+00  2.9359430844e+06  2.9359430844e+06  1.5116000000e+07
2.5147036759e-01  2.2900000000e+00  2.9359430844e+06  2.9359430844e+06  1.5116000000e+07
2.5163540885e-01  2.2900000000e+00  2.9359430844e+06  2.9359430844e+06  1.5116000000e+07
2.5180045011e-01  2.2900000000e+00  2.9359430844e+06  2.9359430844e+06  1.5116000000e+07
2.5196549137e-01  2.2900000000e+00  2.9359430844e+06  2.9359430844e+06  1.5116000000e+07
2.5213053263e-01  2.2900000000e+00  2.9359430844e+06  2.9359430844e+06  1.5116000000e+07
2.5229557389e-01  2.2900000000e+00  2.9359430844e+06  2.9359430844e+06  1.5116000000e+07
2.5246061515e-01  2.2900000000e+00  2.9359430844e+06  2.9359430844e+06  1.5116000000e+07
2.5262565641e-01  2.2900000000e+00  2.9359430844e+06  2.9359430844e+06  1.5116000000e+07
2.5279069767e-01  2.2900000000e+00  2.9359430844e+06  2.9359430844e+06  1.5116000000e+07
2.5295573893e-01  2.2900000000e+00  2.9359430844e+06  2.9359430844e+06  1.5116000000e+07
2.5312078020e-01  2.2900000000e+00  2.9359430844e+06  2.9359430844e+06  1.5116000000e+07
2.5328582146e-01  2.2900000000e+00  2.9359430844e+06  2.9359430844e+06  1.5116000000e+07
2.5345086272e-01  2.2900000000e+00  2.9359430844e+06  2.9359430844e+06  1.5116000000e+07
2.5361590398e-01  2.2900000000e+00  2.9359430844e+06  2.9359430844e+06  1.5116000000e+07
2.5378094524e-01  2.2900000000e+00  2.9359430844e+06  2.9359430844e+06  1.5116000000e+07
2.5394598650e-01  2.2900000000e+00  2.9359430844e+06  2.9359430844e+06  1.5116000000e+07
2.5411102776e-01  2.2900000000e+00  2.9359430844e+06  2.9359430844e+06  1.5116000000e+07
2.5427606902e-01  2.2900000000e+00  2.9359430844e+06  2.9359430844e+06  1.5116000000e+07
2.5444111028e-01  2.2900000000e+00  2.9359430844e+06  2.9359430844e+06  1.5116000000e+07
2.5460615154e-01  2.2900000000e+00  2.9359430844e+06  2.9359430844e+06  1.5116000000e+07
2.5477119280e-01  2.2900000000e+00  2.9359430844e+06  2.9359430844e+06  1.5116000000e+07
2.5493623406e-01  2.2900000000e+00  2.9359430844e+06  2.9359430844e+06  1.5116000000e+07
2.5510127532e-01  2.2900000000e+00  2.9359430844e+06  2.9359430844e+06  1.5116000000e+07
2.5526631658e-01  2.2900000000e+00  2.9359430844e+06  2.9359430844e+06  1.5116000000e+07
2.5543135784e-01  2.2900000000e+00  2.9359430844e+06  2.9359430844e+06  1.5116000000e+07
2.5559639910e-01  2.2900000000e+00  2.9359430844e+06  2.9359430844e+06  1.5116000000e+07
2.5576144036e-01  2.2900000000e+00  2.9359430844e+06  2.9359430844e+06  1.5116000000e+07
2.5592648162e-01  2.2900000000e+00  2.9359430844e+06  2.9359430844e+06  1.5116000000e+07
2.5609152288e-01  2.2900000000e+00  2.9359430844e+06  2.9359430844e+06  1.5116000000e+07
2.5625656414e-01  2.2900000000e+00  2.9359430844e+06  2.9359430844e+06  1.5116000000e+07
2.5642160540e-01  2.2900000000e+00  2.9359430844e+06  2.9359430844e+06  1.5116000000e+07
2.5658664666e-01  2.2900000000e+00  2.9359430844e+06  2.9359430844e+06  1.5116000000e+07
2.5675168792e-01  2.2900000000e+00  2.9359430844e+06  2.9359430844e+06  1.5116000000e+07
2.5691672918e-01  2.2900000000e+00  2.9359430844e+06  2.9359430844e+06  1.5116000000e+07
2.5708177044e-01  2.2900000000e+00  2.9359430844e+06  2.9359430844e+06  1.5116000000e+07
2.5724681170e-01  2.2900000000e+00  2.9359430844e+06  2.9359430844e+06  1.5116000000e+07
2.5741185296e-01  2.2900000000e+00  2.9359430844e+06  2.9359430844e+06  1.5116000000e+07
2.5757689422e-01  2.2900000000e+00  2.9359430844e+06  2.9359430844e+06  1.5116000000e+07
2.5774193548e-01  2.2900000000e+00  2.9359430844e+06  2.9359430844e+06  1.5116000000e+07
2.5790697674e-01  2.2900000000e+00  2.9359430844e+06  2.9359430844e+06  1.5116000000e+07
2.5807201800e-01  2.2900000000e+00  2.9359430844e+06  2.9359430844e+06  1.5116000000e+07
2.5823705926e-01  2.2900000000e+00  2.9359430844e+06  2.9359430844e+06  1.5116000000e+07
2.5840210053e-01  2.2900000000e+00  2.9359430844e+06  2.9359430844e+06  1.5116000000e+07
2.5856714179e-01  2.2900000000e+00  2.9359430844e+06  2.9359430844e+06  1.5116000000e+07
2.5873218305e-01  2.2900000000e+00  2.9359430844e+06  2.9359430844e+06  1.5116000000e+07
2.5889722431e-01  2.2900000000e+00  2.9359430844e+06  2.9359430844e+06  1.5116000000e+07
2.5906226557e-01  2.2900000000e+00  2.9359430844e+06  2.9359430844e+06  1.5116000000e+07
2.5922730683e-01  2.2900000000e+00  2.9359430844e+06  2.9359430844e+06  1.5116000000e+07
2.5939234809e-01  2.2900000000e+00  2.9359430844e+06  2.9359430844e+06  1.5116000000e+07
2.5955738935e-01  2.2900000000e+00  2.9359430844e+06  2.9359430844e+06  1.5116000000e+07
2.5972243061e-01  2.2900000000e+00  2.9359430844e+06  2.9359430844e+06  1.5116000000e+07
2.5988747187e-01  2.2900000000e+00  2.9359430844e+06  2.9359430844e+06  1.5116000000e+07
2.6005251313e-01  2.2900000000e+00  2.9359430844e+06  2.9359430844e+06  1.5116000000e+07
2.6021755439e-01  2.2900000000e+00  2.9359430844e+06  2.9359430844e+06  1.5116000000e+07
2.6038259565e-01  2.2900000000e+00  2.9359430844e+06  2.9359430844e+06  1.5116000000e+07
2.6054763691e-01  2.2900000000e+00  2.9359430844e+06  2.9359430844e+06  1.5116000000e+07
2.6071267817e-01  2.2900000000e+00  2.9359430844e+06  2.9359430844e+06  1.5116000000e+07
2.6087771943e-01  2.2900000000e+00  2.9359430844e+06  2.9359430844e+06  1.5116000000e+07
2.6104276069e-01  2.2900000000e+00  2.9359430844e+06  2.9359430844e+06  1.5116000000e+07
2.6120780195e-01  2.2900000000e+00  2.9359430844e+06  2.9359430844e+06  1.5116000000e+07
2.6137284321e-01  2.2900000000e+00  2.9359430844e+06  2.9359430844e+06  1.5116000000e+07
2.6153788447e-01  2.2900000000e+00  2.9359430844e+06  2.9359430844e+06  1.5116000000e+07
2.6170292573e-01  2.2900000000e+00  2.9359430844e+06  2.9359430844e+06  1.5116000000e+07
2.6186796699e-01  2.2900000000e+00  2.9359430844e+06  2.9359430844e+06  1.5116000000e+07
2.6203300825e-01  2.2900000000e+00  2.9359430844e+06  2.9359430844e+06  1.5116000000e+07
2.6219804951e-01  2.2900000000e+00  2.9359430844e+06  2.9359430844e+06  1.5116000000e+07
2.6236309077e-01  2.2900000000e+00  2.9359430844e+06  2.9359430844e+06  1.5116000000e+07
2.6252813203e-01  2.2900000000e+00  2.9359430844e+06  2.9359430844e+06  1.5116000000e+07
2.6269317329e-01  2.2900000000e+00  2.9359430844e+06  2.9359430844e+06  1.5116000000e+07
2.6285821455e-01  2.2900000000e+00  2.9359430844e+06  2.9359430844e+06  1.5116000000e+07
2.6302325581e-01  2.2900000000e+00  2.9359430844e+06  2.9359430844e+06  1.5116000000e+07
2.6318829707e-01  2.2900000000e+00  2.9359430844e+06  2.9359430844e+06  1.5116000000e+07
2.6335333833e-01  2.2900000000e+00  2.9359430844e+06  2.9359430844e+06  1.5116000000e+07
2.6351837959e-01  2.2900000000e+00  2.9359430844e+06  2.9359430844e+06  1.5116000000e+07
2.6368342086e-01  2.2900000000e+00  2.9359430844e+06  2.9359430844e+06  1.5116000000e+07
2.6384846212e-01  2.2900000000e+00  2.9359430844e+06  2.9359430844e+06  1.5116000000e+07
2.6401350338e-01  2.2900000000e+00  2.9359430844e+06  2.9359430844e+06  1.5116000000e+07
2.6417854464e-01  2.2900000000e+00  2.9359430844e+06  2.9359430844e+06  1.5116000000e+07
2.6434358590e-01  2.2900000000e+00  2.9359430844e+06  2.9359430844e+06  1.5116000000e+07
2.6450862716e-01  2.2900000000e+00  2.9359430844e+06  2.9359430844e+06  1.5116000000e+07
2.6467366842e-01  2.2900000000e+00  2.9359430844e+06  2.9359430844e+06  1.5116000000e+07
2.6483870968e-01  2.2900000000e+00  2.9359430844e+06  2.9359430844e+06  1.5116000000e+07
2.6500375094e-01  2.2900000000e+00  2.9359430844e+06  2.9359430844e+06  1.5116000000e+07
2.6516879220e-01  2.2900000000e+00  2.9359430844e+06  2.9359430844e+06  1.5116000000e+07
2.6533383346e-01  2.2900000000e+00  2.9359430844e+06  2.9359430844e+06  1.5116000000e+07
2.6549887472e-01  2.2900000000e+00  2.9359430844e+06  2.9359430844e+06  1.5116000000e+07
2.6566391598e-01  2.2900000000e+00  2.9359430844e+06  2.9359430844e+06  1.5116000000e+07
2.6582895724e-01  2.2900000000e+00  2.9359430844e+06  2.9359430844e+06  1.5116000000e+07
2.6599399850e-01  2.2900000000e+00  2.9359430844e+06  2.9359430844e+06  1.5116000000e+07
2.6615903976e-01  2.2900000000e+00  2.9359430844e+06  2.9359430844e+06  1.5116000000e+07
2.6632408102e-01  2.2900000000e+00  2.9359430844e+06  2.9359430844e+06  1.5116000000e+07
2.6648912228e-01  2.2900000000e+00  2.9359430844e+06  2.9359430844e+06  1.5116000000e+07
2.6665416354e-01  2.2900000000e+00  2.9359430844e+06  2.9359430844e+06  1.5116000000e+07
2.6681920480e-01  2.2900000000e+00  2.9359430844e+06  2.9359430844e+06  1.5116000000e+07
2.6698424606e-01  2.2900000000e+00  2.9359430844e+06  2.9359430844e+06  1.5116000000e+07
2.6714928732e-01  2.2900000000e+00  2.9359430844e+06  2.9359430844e+06  1.5116000000e+07
2.6731432858e-01  2.2900000000e+00  2.9359430844e+06  2.9359430844e+06  1.5116000000e+07
2.6747936984e-01  2.2900000000e+00  2.9359430844e+06  2.9359430844e+06  1.5116000000e+07
2.6764441110e-01  2.2900000000e+00  2.9359430844e+06  2.9359430844e+06  1.5116000000e+07
2.6780945236e-01  2.2900000000e+00  2.9359430844e+06  2.9359430844e+06  1.5116000000e+07
2.6797449362e-01  2.2900000000e+00  2.9359430844e+06  2.9359430844e+06  1.5116000000e+07
2.6813953488e-01  2.2900000000e+00  2.9359430844e+06  2.9359430844e+06  1.5116000000e+07
2.6830457614e-01  2.2900000000e+00  2.9359430844e+06  2.9359430844e+06  1.5116000000e+07
2.6846961740e-01  2.2900000000e+00  2.9359430844e+06  2.9359430844e+06  1.5116000000e+07
2.6863465866e-01  2.2900000000e+00  2.9359430844e+06  2.9359430844e+06  1.5116000000e+07
2.6879969992e-01  2.2900000000e+00  2.9359430844e+06  2.9359430844e+06  1.5116000000e+07
2.6896474119e-01  2.2900000000e+00  2.9359430844e+06  2.9359430844e+06  1.5116000000e+07
2.6912978245e-01  2.2900000000e+00  2.9359430844e+06  2.9359430844e+06  1.5116000000e+07
2.6929482371e-01  2.2900000000e+00  2.9359430844e+06  2.9359430844e+06  1.5116000000e+07
2.6945986497e-01  2.2900000000e+00  2.9359430844e+06  2.9359430844e+06  1.5116000000e+07
2.6962490623e-01  2.2900000000e+00  2.9359430844e+06  2.9359430844e+06  1.5116000000e+07
2.6978994749e-01  2.2900000000e+00  2.9359430844e+06  2.9359430844e+06  1.5116000000e+07
2.6995498875e-01  2.2900000000e+00  2.9359430844e+06  2.9359430844e+06  1.5116000000e+07
2.7012003001e-01  2.2900000000e+00  2.9359430844e+06  2.9359430844e+06  1.5116000000e+07
2.7028507127e-01  2.2900000000e+00  2.9359430844e+06  2.9359430844e+06  1.5116000000e+07
2.7045011253e-01  2.2900000000e+00  2.9359430844e+06  2.9359430844e+06  1.5116000000e+07
2.7061515379e-01  2.2900000000e+00  2.9359430844e+06  2.9359430844e+06  1.5116000000e+07
2.7078019505e-01  2.2900000000e+00  2.9359430844e+06  2.9359430844e+06  1.5116000000e+07
2.7094523631e-01  2.2900000000e+00  2.9359430844e+06  2.9359430844e+06  1.5116000000e+07
2.7111027757e-01  2.2900000000e+00  2.9359430844e+06  2.9359430844e+06  1.5116000000e+07
2.7127531883e-01  2.2900000000e+00  2.9359430844e+06  2.9359430844e+06  1.5116000000e+07
2.7144036009e-01  2.2900000000e+00  2.9359430844e+06  2.9359430844e+06  1.5116000000e+07
2.7160540135e-01  2.2900000000e+00  2.9359430844e+06  2.9359430844e+06  1.5116000000e+07
2.7177044261e-01  2.2900000000e+00  2.9359430844e+06  2.9359430844e+06  1.5116000000e+07
2.7193548387e-01  2.2900000000e+00  2.9359430844e+06  2.9359430844e+06  1.5116000000e+07
2.7210052513e-01  2.2900000000e+00  2.9359430844e+06  2.9359430844e+06  1.5116000000e+07
2.7226556639e-01  2.2900000000e+00  2.9359430844e+06  2.9359430844e+06  1.5116000000e+07
2.7243060765e-01  2.2900000000e+00  2.9359430844e+06  2.9359430844e+06  1.5116000000e+07
2.7259564891e-01  2.2900000000e+00  2.9359430844e+06  2.9359430844e+06  1.5116000000e+07
2.7276069017e-01  2.2900000000e+00  2.9359430844e+06  2.9359430844e+06  1.5116000000e+07
2.7292573143e-01  2.2900000000e+00  2.9359430844e+06  2.9359430844e+06  1.5116000000e+07
2.7309077269e-01  2.2900000000e+00  2.9359430844e+06  2.9359430844e+06  1.5116000000e+07
2.7325581395e-01  2.2900000000e+00  2.9359430844e+06  2.9359430844e+06  1.5116000000e+07
2.7342085521e-01  2.2900000000e+00  2.9359430844e+06  2.9359430844e+06  1.5116000000e+07
2.7358589647e-01  2.2900000000e+00  2.9359430844e+06  2.9359430844e+06  1.5116000000e+07
2.7375093773e-01  2.2900000000e+00  2.9359430844e+06  2.9359430844e+06  1.5116000000e+07
2.7391597899e-01  2.2900000000e+00  2.9359430844e+06  2.9359430844e+06  1.5116000000e+07
2.7408102026e-01  2.2900000000e+00  2.9359430844e+06  2.9359430844e+06  1.5116000000e+07
2.7424606152e-01  2.2900000000e+00  2.9359430844e+06  2.9359430844e+06  1.5116000000e+07
2.7441110278e-01  2.2900000000e+00  2.9359430844e+06  2.9359430844e+06  1.5116000000e+07
2.7457614404e-01  2.2900000000e+00  2.9359430844e+06  2.9359430844e+06  1.5116000000e+07
2.7474118530e-01  2.2900000000e+00  2.9359430844e+06  2.9359430844e+06  1.5116000000e+07
2.7490622656e-01  2.2900000000e+00  2.9359430844e+06  2.9359430844e+06  1.5116000000e+07
2.7507126782e-01  2.2900000000e+00  2.9359430844e+06  2.9359430844e+06  1.5116000000e+07
2.7523630908e-01  2.2900000000e+00  2.9359430844e+06  2.9359430844e+06  1.5116000000e+07
2.7540135034e-01  2.2900000000e+00  2.9359430844e+06  2.9359430844e+06  1.5116000000e+07
2.7556639160e-01  2.2900000000e+00  2.9359430844e+06  2.9359430844e+06  1.5116000000e+07
2.7573143286e-01  2.2900000000e+00  2.9359430844e+06  2.9359430844e+06  1.5116000000e+07
2.7589647412e-01  2.2900000000e+00  2.9359430844e+06  2.9359430844e+06  1.5116000000e+07
2.7606151538e-01  2.2900000000e+00  2.9359430844e+06  2.9359430844e+06  1.5116000000e+07
2.7622655664e-01  2.2900000000e+00  2.9359430844e+06  2.9359430844e+06  1.5116000000e+07
2.7639159790e-01  2.2900000000e+00  2.9359430844e+06  2.9359430844e+06  1.5116000000e+07
2.7655663916e-01  2.2900000000e+00  2.9359430844e+06  2.9359430844e+06  1.5116000000e+07
2.7672168042e-01  2.2900000000e+00  2.9359430844e+06  2.9359430844e+06  1.5116000000e+07
2.7688672168e-01  2.2900000000e+00  2.9359430844e+06  2.9359430844e+06  1.5116000000e+07
2.7705176294e-01  2.2900000000e+00  2.9359430844e+06  2.9359430844e+06  1.5116000000e+07
2.7721680420e-01  2.2900000000e+00  2.9359430844e+06  2.9359430844e+06  1.5116000000e+07
2.7738184546e-01  2.2900000000e+00  2.9359430844e+06  2.9359430844e+06  1.5116000000e+07
2.7754688672e-01  2.2900000000e+00  2.9359430844e+06  2.9359430844e+06  1.5116000000e+07
2.7771192798e-01  2.2900000000e+00  2.9359430844e+06  2.9359430844e+06  1.5116000000e+07
2.7787696924e-01  2.2900000000e+00  2.9359430844e+06  2.9359430844e+06  1.5116000000e+07
2.7804201050e-01  2.2900000000e+00  2.9359430844e+06  2.9359430844e+06  1.5116000000e+07
2.7820705176e-01  2.2900000000e+00  2.9359430844e+06  2.9359430844e+06  1.5116000000e+07
2.7837209302e-01  2.2900000000e+00  2.9359430844e+06  2.9359430844e+06  1.5116000000e+07
2.7853713428e-01  2.2900000000e+00  2.9359430844e+06  2.9359430844e+06  1.5116000000e+07
2.7870217554e-01  2.2900000000e+00  2.9359430844e+06  2.9359430844e+06  1.5116000000e+07
2.7886721680e-01  2.2900000000e+00  2.9359430844e+06  2.9359430844e+06  1.5116000000e+07
2.7903225806e-01  2.2900000000e+00  2.9359430844e+06  2.9359430844e+06  1.5116000000e+07
2.7919729932e-01  2.2900000000e+00  2.9359430844e+06  2.9359430844e+06  1.5116000000e+07
2.7936234059e-01  2.2900000000e+00  2.9359430844e+06  2.9359430844e+06  1.5116000000e+07
2.7952738185e-01  2.2900000000e+00  2.9359430844e+06  2.9359430844e+06  1.5116000000e+07
2.7969242311e-01  2.2900000000e+00  2.9359430844e+06  2.9359430844e+06  1.5116000000e+07
2.7985746437e-01  2.2900000000e+00  2.9359430844e+06  2.9359430844e+06  1.5116000000e+07
2.8002250563e-01  2.2900000000e+00  2.9359430844e+06  2.9359430844e+06  1.5116000000e+07
2.8018754689e-01  2.2900000000e+00  2.9359430844e+06  2.9359430844e+06  1.5116000000e+07
2.8035258815e-01  2.2900000000e+00  2.9359430844e+06  2.9359430844e+06  1.5116000000e+07
2.8051762941e-01  2.2900000000e+00  2.9359430844e+06  2.9359430844e+06  1.5116000000e+07
2.8068267067e-01  2.2900000000e+00  2.9359430844e+06  2.9359430844e+06  1.5116000000e+07
2.8084771193e-01  2.2900000000e+00  2.9359430844e+06  2.9359430844e+06  1.5116000000e+07
2.8101275319e-01  2.2900000000e+00  2.9359430844e+06  2.9359430844e+06  1.5116000000e+07
2.8117779445e-01  2.2900000000e+00  2.9359430844e+06  2.9359430844e+06  1.5116000000e+07
2.8134283571e-01  2.2900000000e+00  2.9359430844e+06  2.9359430844e+06  1.5116000000e+07
2.8150787697e-01  2.2900000000e+00  2.9359430844e+06  2.9359430844e+06  1.5116000000e+07
2.8167291823e-01  2.2900000000e+00  2.9359430844e+06  2.9359430844e+06  1.5116000000e+07
2.8183795949e-01  2.2900000000e+00  2.9359430844e+06  2.9359430844e+06  1.5116000000e+07
2.8200300075e-01  2.2900000000e+00  2.9359430844e+06  2.9359430844e+06  1.5116000000e+07
2.8216804201e-01  2.2900000000e+00  2.9359430844e+06  2.9359430844e+06  1.5116000000e+07
2.8233308327e-01  2.2900000000e+00  2.9359430844e+06  2.9359430844e+06  1.5116000000e+07
2.8249812453e-01  2.2900000000e+00  2.9359430844e+06  2.9359430844e+06  1.5116000000e+07
2.8266316579e-01  2.2900000000e+00  2.9359430844e+06  2.9359430844e+06  1.5116000000e+07
2.8282820705e-01  2.2900000000e+00  2.9359430844e+06  2.9359430844e+06  1.5116000000e+07
2.8299324831e-01  2.2900000000e+00  2.9359430844e+06  2.9359430844e+06  1.5116000000e+07
2.8315828957e-01  2.2900000000e+00  2.9359430844e+06  2.9359430844e+06  1.5116000000e+07
2.8332333083e-01  2.2900000000e+00  2.9359430844e+06  2.9359430844e+06  1.5116000000e+07
2.8348837209e-01  2.2900000000e+00  2.9359430844e+06  2.9359430844e+06  1.5116000000e+07
2.8365341335e-01  2.2900000000e+00  2.9359430844e+06  2.9359430844e+06  1.5116000000e+07
2.8381845461e-01  2.2900000000e+00  2.9359430844e+06  2.9359430844e+06  1.5116000000e+07
2.8398349587e-01  2.2900000000e+00  2.9359430844e+06  2.9359430844e+06  1.5116000000e+07
2.8414853713e-01  2.2900000000e+00  2.9359430844e+06  2.9359430844e+06  1.5116000000e+07
2.8431357839e-01  2.2900000000e+00  2.9359430844e+06  2.9359430844e+06  1.5116000000e+07
2.8447861965e-01  2.2900000000e+00  2.9359430844e+06  2.9359430844e+06  1.5116000000e+07
2.8464366092e-01  2.2900000000e+00  2.9359430844e+06  2.9359430844e+06  1.5116000000e+07
2.8480870218e-01  2.2900000000e+00  2.9359430844e+06  2.9359430844e+06  1.5116000000e+07
2.8497374344e-01  2.2900000000e+00  2.9359430844e+06  2.9359430844e+06  1.5116000000e+07
2.8513878470e-01  2.2900000000e+00  2.9359430844e+06  2.9359430844e+06  1.5116000000e+07
2.8530382596e-01  2.2900000000e+00  2.9359430844e+06  2.9359430844e+06  1.5116000000e+07
2.8546886722e-01  2.2900000000e+00  2.9359430844e+06  2.9359430844e+06  1.5116000000e+07
2.8563390848e-01  2.2900000000e+00  2.9359430844e+06  2.9359430844e+06  1.5116000000e+07
2.8579894974e-01  2.2900000000e+00  2.9359430844e+06  2.9359430844e+06  1.5116000000e+07
2.8596399100e-01  2.2900000000e+00  2.9359430844e+06  2.9359430844e+06  1.5116000000e+07
2.8612903226e-01  2.2900000000e+00  2.9359430844e+06  2.9359430844e+06  1.5116000000e+07
2.8629407352e-01  2.2900000000e+00  2.9359430844e+06  2.9359430844e+06  1.5116000000e+07
2.8645911478e-01  2.2900000000e+00  2.9359430844e+06  2.9359430844e+06  1.5116000000e+07
2.8662415604e-01  2.2900000000e+00  2.9359430844e+06  2.9359430844e+06  1.5116000000e+07
2.8678919730e-01  2.2900000000e+00  2.9359430844e+06  2.9359430844e+06  1.5116000000e+07
2.8695423856e-01  2.2900000000e+00  2.9359430844e+06  2.9359430844e+06  1.5116000000e+07
2.8711927982e-01  2.2900000000e+00  2.9359430844e+06  2.9359430844e+06  1.5116000000e+07
2.8728432108e-01  2.2900000000e+00  2.9359430844e+06  2.9359430844e+06  1.5116000000e+07
2.8744936234e-01  2.2900000000e+00  2.9359430844e+06  2.9359430844e+06  1.5116000000e+07
2.8761440360e-01  2.2900000000e+00  2.9359430844e+06  2.9359430844e+06  1.5116000000e+07
2.8777944486e-01  2.2900000000e+00  2.9359430844e+06  2.9359430844e+06  1.5116000000e+07
2.8794448612e-01  2.2900000000e+00  2.9359430844e+06  2.9359430844e+06  1.5116000000e+07
2.8810952738e-01  2.2900000000e+00  2.9359430844e+06  2.9359430844e+06  1.5116000000e+07
2.8827456864e-01  2.2900000000e+00  2.9359430844e+06  2.9359430844e+06  1.5116000000e+07
2.8843960990e-01  2.2900000000e+00  2.9359430844e+06  2.9359430844e+06  1.5116000000e+07
2.8860465116e-01  2.2900000000e+00  2.9359430844e+06  2.9359430844e+06  1.5116000000e+07
2.8876969242e-01  2.2900000000e+00  2.9359430844e+06  2.9359430844e+06  1.5116000000e+07
2.8893473368e-01  2.2900000000e+00  2.9359430844e+06  2.9359430844e+06  1.5116000000e+07
2.8909977494e-01  2.2900000000e+00  2.9359430844e+06  2.9359430844e+06  1.5116000000e+07
2.8926481620e-01  2.2900000000e+00  2.9359430844e+06  2.9359430844e+06  1.5116000000e+07
2.8942985746e-01  2.2900000000e+00  2.9359430844e+06  2.9359430844e+06  1.5116000000e+07
2.8959489872e-01  2.2900000000e+00  2.9359430844e+06  2.9359430844e+06  1.5116000000e+07
2.8975993998e-01  2.2900000000e+00  2.9359430844e+06  2.9359430844e+06  1.5116000000e+07
2.8992498125e-01  2.2900000000e+00  2.9359430844e+06  2.9359430844e+06  1.5116000000e+07
2.9009002251e-01  2.2900000000e+00  2.9359430844e+06  2.9359430844e+06  1.5116000000e+07
2.9025506377e-01  2.2900000000e+00  2.9359430844e+06  2.9359430844e+06  1.5116000000e+07
2.9042010503e-01  2.2900000000e+00  2.9359430844e+06  2.9359430844e+06  1.5116000000e+07
2.9058514629e-01  2.2900000000e+00  2.9359430844e+06  2.9359430844e+06  1.5116000000e+07
2.9075018755e-01  2.2900000000e+00  2.9359430844e+06  2.9359430844e+06  1.5116000000e+07
2.9091522881e-01  2.2900000000e+00  2.9359430844e+06  2.9359430844e+06  1.5116000000e+07
2.9108027007e-01  2.2900000000e+00  2.9359430844e+06  2.9359430844e+06  1.5116000000e+07
2.9124531133e-01  2.2900000000e+00  2.9359430844e+06  2.9359430844e+06  1.5116000000e+07
2.9141035259e-01  2.2900000000e+00  2.9359430844e+06  2.9359430844e+06  1.5116000000e+07
2.9157539385e-01  2.2900000000e+00  2.9359430844e+06  2.9359430844e+06  1.5116000000e+07
2.9174043511e-01  2.2900000000e+00  2.9359430844e+06  2.9359430844e+06  1.5116000000e+07
2.9190547637e-01  2.2900000000e+00  2.9359430844e+06  2.9359430844e+06  1.5116000000e+07
2.9207051763e-01  2.2900000000e+00  2.9359430844e+06  2.9359430844e+06  1.5116000000e+07
2.9223555889e-01  2.2900000000e+00  2.9359430844e+06  2.9359430844e+06  1.5116000000e+07
2.9240060015e-01  2.2900000000e+00  2.9359430844e+06  2.9359430844e+06  1.5116000000e+07
2.9256564141e-01  2.2900000000e+00  2.9359430844e+06  2.9359430844e+06  1.5116000000e+07
2.9273068267e-01  2.2900000000e+00  2.9359430844e+06  2.9359430844e+06  1.5116000000e+07
2.9289572393e-01  2.2900000000e+00  2.9359430844e+06  2.9359430844e+06  1.5116000000e+07
2.9306076519e-01  2.2900000000e+00  2.9359430844e+06  2.9359430844e+06  1.5116000000e+07
2.9322580645e-01  2.2900000000e+00  2.9359430844e+06  2.9359430844e+06  1.5116000000e+07
2.9339084771e-01  2.2900000000e+00  2.9359430844e+06  2.9359430844e+06  1.5116000000e+07
2.9355588897e-01  2.2900000000e+00  2.9359430844e+06  2.9359430844e+06  1.5116000000e+07
2.9372093023e-01  2.2900000000e+00  2.9359430844e+06  2.9359430844e+06  1.5116000000e+07
2.9388597149e-01  2.2900000000e+00  2.9359430844e+06  2.9359430844e+06  1.5116000000e+07
2.9405101275e-01  2.2900000000e+00  2.9359430844e+06  2.9359430844e+06  1.5116000000e+07
2.9421605401e-01  2.2900000000e+00  2.9359430844e+06  2.9359430844e+06  1.5116000000e+07
2.9438109527e-01  2.2900000000e+00  2.9359430844e+06  2.9359430844e+06  1.5116000000e+07
2.9454613653e-01  2.2900000000e+00  2.9359430844e+06  2.9359430844e+06  1.5116000000e+07
2.9471117779e-01  2.2900000000e+00  2.9359430844e+06  2.9359430844e+06  1.5116000000e+07
2.9487621905e-01  2.2900000000e+00  2.9359430844e+06  2.9359430844e+06  1.5116000000e+07
2.9504126032e-01  2.2900000000e+00  2.9359430844e+06  2.9359430844e+06  1.5116000000e+07
2.9520630158e-01  2.2900000000e+00  2.9359430844e+06  2.9359430844e+06  1.5116000000e+07
2.9537134284e-01  2.2900000000e+00  2.9359430844e+06  2.9359430844e+06  1.5116000000e+07
2.9553638410e-01  2.2900000000e+00  2.9359430844e+06  2.9359430844e+06  1.5116000000e+07
2.9570142536e-01  2.2900000000e+00  2.9359430844e+06  2.9359430844e+06  1.5116000000e+07
2.9586646662e-01  2.2900000000e+00  2.9359430844e+06  2.9359430844e+06  1.5116000000e+07
2.9603150788e-01  2.2900000000e+00  2.9359430844e+06  2.9359430844e+06  1.5116000000e+07
2.9619654914e-01  2.2900000000e+00  2.9359430844e+06  2.9359430844e+06  1.5116000000e+07
2.9636159040e-01  2.2900000000e+00  2.9359430844e+06  2.9359430844e+06  1.5116000000e+07
2.9652663166e-01  2.2900000000e+00  2.9359430844e+06  2.9359430844e+06  1.5116000000e+07
2.9669167292e-01  2.2900000000e+00  2.9359430844e+06  2.9359430844e+06  1.5116000000e+07
2.9685671418e-01  2.2900000000e+00  2.9359430844e+06  2.9359430844e+06  1.5116000000e+07
2.9702175544e-01  2.2900000000e+00  2.9359430844e+06  2.9359430844e+06  1.5116000000e+07
2.9718679670e-01  2.2900000000e+00  2.9359430844e+06  2.9359430844e+06  1.5116000000e+07
2.9735183796e-01  2.2900000000e+00  2.9359430844e+06  2.9359430844e+06  1.5116000000e+07
2.9751687922e-01  2.2900000000e+00  2.9359430844e+06  2.9359430844e+06  1.5116000000e+07
2.9768192048e-01  2.2900000000e+00  2.9359430844e+06  2.9359430844e+06  1.5116000000e+07
2.9784696174e-01  2.2900000000e+00  2.9359430844e+06  2.9359430844e+06  1.5116000000e+07
2.9801200300e-01  2.2900000000e+00  2.9359430844e+06  2.9359430844e+06  1.5116000000e+07
2.9817704426e-01  2.2900000000e+00  2.9359430844e+06  2.9359430844e+06  1.5116000000e+07
2.9834208552e-01  2.2900000000e+00  2.9359430844e+06  2.9359430844e+06  1.5116000000e+07
2.9850712678e-01  2.2900000000e+00  2.9359430844e+06  2.9359430844e+06  1.5116000000e+07
2.9867216804e-01  2.2900000000e+00  2.9359430844e+06  2.9359430844e+06  1.5116000000e+07
2.9883720930e-01  2.2900000000e+00  2.9359430844e+06  2.9359430844e+06  1.5116000000e+07
2.9900225056e-01  2.2900000000e+00  2.9359430844e+06  2.9359430844e+06  1.5116000000e+07
2.9916729182e-01  2.2900000000e+00  2.9359430844e+06  2.9359430844e+06  1.5116000000e+07
2.9933233308e-01  2.2900000000e+00  2.9359430844e+06  2.9359430844e+06  1.5116000000e+07
2.9949737434e-01  2.2900000000e+00  2.9359430844e+06  2.9359430844e+06  1.5116000000e+07
2.9966241560e-01  2.2900000000e+00  2.9359430844e+06  2.9359430844e+06  1.5116000000e+07
2.9982745686e-01  2.2900000000e+00  2.9359430844e+06  2.9359430844e+06  1.5116000000e+07
2.9999249812e-01  2.2900000000e+00  2.9359430844e+06  2.9359430844e+06  1.5116000000e+07
3.0015753938e-01  2.2900000000e+00  2.9359430844e+06  2.9359430844e+06  1.5116000000e+07
3.0032258065e-01  2.2900000000e+00  2.9359430844e+06  2.9359430844e+06  1.5116000000e+07
3.0048762191e-01  2.2900000000e+00  2.9359430844e+06  2.9359430844e+06  1.5116000000e+07
3.0065266317e-01  2.2900000000e+00  2.9359430844e+06  2.9359430844e+06  1.5116000000e+07
3.0081770443e-01  2.2900000000e+00  2.9359430844e+06  2.9359430844e+06  1.5116000000e+07
3.0098274569e-01  2.2900000000e+00  2.9359430844e+06  2.9359430844e+06  1.5116000000e+07
3.0114778695e-01  2.2900000000e+00  2.9359430844e+06  2.9359430844e+06  1.5116000000e+07
3.0131282821e-01  2.2900000000e+00  2.9359430844e+06  2.9359430844e+06  1.5116000000e+07
3.0147786947e-01  2.2900000000e+00  2.9359430844e+06  2.9359430844e+06  1.5116000000e+07
3.0164291073e-01  2.2900000000e+00  2.9359430844e+06  2.9359430844e+06  1.5116000000e+07
3.0180795199e-01  2.2900000000e+00  2.9359430844e+06  2.9359430844e+06  1.5116000000e+07
3.0197299325e-01  2.2900000000e+00  2.9359430844e+06  2.9359430844e+06  1.5116000000e+07
3.0213803451e-01  2.2900000000e+00  2.9359430844e+06  2.9359430844e+06  1.5116000000e+07
3.0230307577e-01  2.2900000000e+00  2.9359430844e+06  2.9359430844e+06  1.5116000000e+07
3.0246811703e-01  2.2900000000e+00  2.9359430844e+06  2.9359430844e+06  1.5116000000e+07
3.0263315829e-01  2.2900000000e+00  2.9359430844e+06  2.9359430844e+06  1.5116000000e+07
3.0279819955e-01  2.2900000000e+00  2.9359430844e+06  2.9359430844e+06  1.5116000000e+07
3.0296324081e-01  2.2900000000e+00  2.9359430844e+06  2.9359430844e+06  1.5116000000e+07
3.0312828207e-01  2.2900000000e+00  2.9359430844e+06  2.9359430844e+06  1.5116000000e+07
3.0329332333e-01  2.2900000000e+00  2.9359430844e+06  2.9359430844e+06  1.5116000000e+07
3.0345836459e-01  2.2900000000e+00  2.9359430844e+06  2.9359430844e+06  1.5116000000e+07
3.0362340585e-01  2.2900000000e+00  2.9359430844e+06  2.9359430844e+06  1.5116000000e+07
3.0378844711e-01  2.2900000000e+00  2.9359430844e+06  2.9359430844e+06  1.5116000000e+07
3.0395348837e-01  2.2900000000e+00  2.9359430844e+06  2.9359430844e+06  1.5116000000e+07
3.0411852963e-01  2.2900000000e+00  2.9359430844e+06  2.9359430844e+06  1.5116000000e+07
3.0428357089e-01  2.2900000000e+00  2.9359430844e+06  2.9359430844e+06  1.5116000000e+07
3.0444861215e-01  2.2900000000e+00  2.9359430844e+06  2.9359430844e+06  1.5116000000e+07
3.0461365341e-01  2.2900000000e+00  2.9359430844e+06  2.9359430844e+06  1.5116000000e+07
3.0477869467e-01  2.2900000000e+00  2.9359430844e+06  2.9359430844e+06  1.5116000000e+07
3.0494373593e-01  2.2900000000e+00  2.9359430844e+06  2.9359430844e+06  1.5116000000e+07
3.0510877719e-01  2.2900000000e+00  2.9359430844e+06  2.9359430844e+06  1.5116000000e+07
3.0527381845e-01  2.2900000000e+00  2.9359430844e+06  2.9359430844e+06  1.5116000000e+07
3.0543885971e-01  2.2900000000e+00  2.9359430844e+06  2.9359430844e+06  1.5116000000e+07
3.0560390098e-01  2.2900000000e+00  2.9359430844e+06  2.9359430844e+06  1.5116000000e+07
3.0576894224e-01  2.2900000000e+00  2.9359430844e+06  2.9359430844e+06  1.5116000000e+07
3.0593398350e-01  2.2900000000e+00  2.9359430844e+06  2.9359430844e+06  1.5116000000e+07
3.0609902476e-01  2.2900000000e+00  2.9359430844e+06  2.9359430844e+06  1.5116000000e+07
3.0626406602e-01  2.2900000000e+00  2.9359430844e+06  2.9359430844e+06  1.5116000000e+07
3.0642910728e-01  2.2900000000e+00  2.9359430844e+06  2.9359430844e+06  1.5116000000e+07
3.0659414854e-01  2.2900000000e+00  2.9359430844e+06  2.9359430844e+06  1.5116000000e+07
3.0675918980e-01  2.2900000000e+00  2.9359430844e+06  2.9359430844e+06  1.5116000000e+07
3.0692423106e-01  2.2900000000e+00  2.9359430844e+06  2.9359430844e+06  1.5116000000e+07
3.0708927232e-01  2.2900000000e+00  2.9359430844e+06  2.9359430844e+06  1.5116000000e+07
3.0725431358e-01  2.2900000000e+00  2.9359430844e+06  2.9359430844e+06  1.5116000000e+07
3.0741935484e-01  2.2900000000e+00  2.9359430844e+06  2.9359430844e+06  1.5116000000e+07
3.0758439610e-01  2.2900000000e+00  2.9359430844e+06  2.9359430844e+06  1.5116000000e+07
3.0774943736e-01  2.2900000000e+00  2.9359430844e+06  2.9359430844e+06  1.5116000000e+07
3.0791447862e-01  2.2900000000e+00  2.9359430844e+06  2.9359430844e+06  1.5116000000e+07
3.0807951988e-01  2.2900000000e+00  2.9359430844e+06  2.9359430844e+06  1.5116000000e+07
3.0824456114e-01  2.2900000000e+00  2.9359430844e+06  2.9359430844e+06  1.5116000000e+07
3.0840960240e-01  2.2900000000e+00  2.9359430844e+06  2.9359430844e+06  1.5116000000e+07
3.0857464366e-01  2.2900000000e+00  2.9359430844e+06  2.9359430844e+06  1.5116000000e+07
3.0873968492e-01  2.2900000000e+00  2.9359430844e+06  2.9359430844e+06  1.5116000000e+07
3.0890472618e-01  2.2900000000e+00  2.9359430844e+06  2.9359430844e+06  1.5116000000e+07
3.0906976744e-01  2.2900000000e+00  2.9359430844e+06  2.9359430844e+06  1.5116000000e+07
3.0923480870e-01  2.2900000000e+00  2.9359430844e+06  2.9359430844e+06  1.5116000000e+07
3.0939984996e-01  2.2900000000e+00  2.9359430844e+06  2.9359430844e+06  1.5116000000e+07
3.0956489122e-01  2.2900000000e+00  2.9359430844e+06  2.9359430844e+06  1.5116000000e+07
3.0972993248e-01  2.2900000000e+00  2.9359430844e+06  2.9359430844e+06  1.5116000000e+07
3.0989497374e-01  2.2900000000e+00  2.9359430844e+06  2.9359430844e+06  1.5116000000e+07
3.1006001500e-01  2.2900000000e+00  2.9359430844e+06  2.9359430844e+06  1.5116000000e+07
3.1022505626e-01  2.2900000000e+00  2.9359430844e+06  2.9359430844e+06  1.5116000000e+07
3.1039009752e-01  2.2900000000e+00  2.9359430844e+06  2.9359430844e+06  1.5116000000e+07
3.1055513878e-01  2.2900000000e+00  2.9359430844e+06  2.9359430844e+06  1.5116000000e+07
3.1072018005e-01  2.2900000000e+00  2.9359430844e+06  2.9359430844e+06  1.5116000000e+07
3.1088522131e-01  2.2900000000e+00  2.9359430844e+06  2.9359430844e+06  1.5116000000e+07
3.1105026257e-01  2.2900000000e+00  2.9359430844e+06  2.9359430844e+06  1.5116000000e+07
3.1121530383e-01  2.2900000000e+00  2.9359430844e+06  2.9359430844e+06  1.5116000000e+07
3.1138034509e-01  2.2900000000e+00  2.9359430844e+06  2.9359430844e+06  1.5116000000e+07
3.1154538635e-01  2.2900000000e+00  2.9359430844e+06  2.9359430844e+06  1.5116000000e+07
3.1171042761e-01  2.2900000000e+00  2.9359430844e+06  2.9359430844e+06  1.5116000000e+07
3.1187546887e-01  2.2900000000e+00  2.9359430844e+06  2.9359430844e+06  1.5116000000e+07
3.1204051013e-01  2.2900000000e+00  2.9359430844e+06  2.9359430844e+06  1.5116000000e+07
3.1220555139e-01  2.2900000000e+00  2.9359430844e+06  2.9359430844e+06  1.5116000000e+07
3.1237059265e-01  2.2900000000e+00  2.9359430844e+06  2.9359430844e+06  1.5116000000e+07
3.1253563391e-01  2.2900000000e+00  2.9359430844e+06  2.9359430844e+06  1.5116000000e+07
3.1270067517e-01  2.2900000000e+00  2.9359430844e+06  2.9359430844e+06  1.5116000000e+07
3.1286571643e-01  2.2900000000e+00  2.9359430844e+06  2.9359430844e+06  1.5116000000e+07
3.1303075769e-01  2.2900000000e+00  2.9359430844e+06  2.9359430844e+06  1.5116000000e+07
3.1319579895e-01  2.2900000000e+00  2.9359430844e+06  2.9359430844e+06  1.5116000000e+07
3.1336084021e-01  2.2900000000e+00  2.9359430844e+06  2.9359430844e+06  1.5116000000e+07
3.1352588147e-01  2.2900000000e+00  2.9359430844e+06  2.9359430844e+06  1.5116000000e+07
3.1369092273e-01  2.2900000000e+00  2.9359430844e+06  2.9359430844e+06  1.5116000000e+07
3.1385596399e-01  2.2900000000e+00  2.9359430844e+06  2.9359430844e+06  1.5116000000e+07
3.1402100525e-01  2.2900000000e+00  2.9359430844e+06  2.9359430844e+06  1.5116000000e+07
3.1418604651e-01  2.2900000000e+00  2.9359430844e+06  2.9359430844e+06  1.5116000000e+07
3.1435108777e-01  2.2900000000e+00  2.9359430844e+06  2.9359430844e+06  1.5116000000e+07
3.1451612903e-01  2.2900000000e+00  2.9359430844e+06  2.9359430844e+06  1.5116000000e+07
3.1468117029e-01  2.2900000000e+00  2.9359430844e+06  2.9359430844e+06  1.5116000000e+07
3.1484621155e-01  2.2900000000e+00  2.9359430844e+06  2.9359430844e+06  1.5116000000e+07
3.1501125281e-01  2.2900000000e+00  2.9359430844e+06  2.9359430844e+06  1.5116000000e+07
3.1517629407e-01  2.2900000000e+00  2.9359430844e+06  2.9359430844e+06  1.5116000000e+07
3.1534133533e-01  2.2900000000e+00  2.9359430844e+06  2.9359430844e+06  1.5116000000e+07
3.1550637659e-01  2.2900000000e+00  2.9359430844e+06  2.9359430844e+06  1.5116000000e+07
3.1567141785e-01  2.2900000000e+00  2.9359430844e+06  2.9359430844e+06  1.5116000000e+07
3.1583645911e-01  2.2900000000e+00  2.9359430844e+06  2.9359430844e+06  1.5116000000e+07
3.1600150038e-01  2.2900000000e+00  2.9359430844e+06  2.9359430844e+06  1.5116000000e+07
3.1616654164e-01  2.2900000000e+00  2.9359430844e+06  2.9359430844e+06  1.5116000000e+07
3.1633158290e-01  2.2900000000e+00  2.9359430844e+06  2.9359430844e+06  1.5116000000e+07
3.1649662416e-01  2.2900000000e+00  2.9359430844e+06  2.9359430844e+06  1.5116000000e+07
3.1666166542e-01  2.2900000000e+00  2.9359430844e+06  2.9359430844e+06  1.5116000000e+07
3.1682670668e-01  2.2900000000e+00  2.9359430844e+06  2.9359430844e+06  1.5116000000e+07
3.1699174794e-01  2.2900000000e+00  2.9359430844e+06  2.9359430844e+06  1.5116000000e+07
3.1715678920e-01  2.2900000000e+00  2.9359430844e+06  2.9359430844e+06  1.5116000000e+07
3.1732183046e-01  2.2900000000e+00  2.9359430844e+06  2.9359430844e+06  1.5116000000e+07
3.1748687172e-01  2.2900000000e+00  2.9359430844e+06  2.9359430844e+06  1.5116000000e+07
3.1765191298e-01  2.2900000000e+00  2.9359430844e+06  2.9359430844e+06  1.5116000000e+07
3.1781695424e-01  2.2900000000e+00  2.9359430844e+06  2.9359430844e+06  1.5116000000e+07
3.1798199550e-01  2.2900000000e+00  2.9359430844e+06  2.9359430844e+06  1.5116000000e+07
3.1814703676e-01  2.2900000000e+00  2.9359430844e+06  2.9359430844e+06  1.5116000000e+07
3.1831207802e-01  2.2900000000e+00  2.9359430844e+06  2.9359430844e+06  1.5116000000e+07
3.1847711928e-01  2.2900000000e+00  2.9359430844e+06  2.9359430844e+06  1.5116000000e+07
3.1864216054e-01  2.2900000000e+00  2.9359430844e+06  2.9359430844e+06  1.5116000000e+07
3.1880720180e-01  2.2900000000e+00  2.9359430844e+06  2.9359430844e+06  1.5116000000e+07
3.1897224306e-01  2.2900000000e+00  2.9359430844e+06  2.9359430844e+06  1.5116000000e+07
3.1913728432e-01  2.2900000000e+00  2.9359430844e+06  2.9359430844e+06  1.5116000000e+07
3.1930232558e-01  2.2900000000e+00  2.9359430844e+06  2.9359430844e+06  1.5116000000e+07
3.1946736684e-01  2.2900000000e+00  2.9359430844e+06  2.9359430844e+06  1.5116000000e+07
3.1963240810e-01  2.2900000000e+00  2.9359430844e+06  2.9359430844e+06  1.5116000000e+07
3.1979744936e-01  2.2900000000e+00  2.9359430844e+06  2.9359430844e+06  1.5116000000e+07
3.1996249062e-01  2.2900000000e+00  2.9359430844e+06  2.9359430844e+06  1.5116000000e+07
3.2012753188e-01  2.2900000000e+00  2.9359430844e+06  2.9359430844e+06  1.5116000000e+07
3.2029257314e-01  2.2900000000e+00  2.9359430844e+06  2.9359430844e+06  1.5116000000e+07
3.2045761440e-01  2.2900000000e+00  2.9359430844e+06  2.9359430844e+06  1.5116000000e+07
3.2062265566e-01  2.2900000000e+00  2.9359430844e+06  2.9359430844e+06  1.5116000000e+07
3.2078769692e-01  2.2900000000e+00  2.9359430844e+06  2.9359430844e+06  1.5116000000e+07
3.2095273818e-01  2.2900000000e+00  2.9359430844e+06  2.9359430844e+06  1.5116000000e+07
3.2111777944e-01  2.2900000000e+00  2.9359430844e+06  2.9359430844e+06  1.5116000000e+07
3.2128282071e-01  2.2900000000e+00  2.9359430844e+06  2.9359430844e+06  1.5116000000e+07
3.2144786197e-01  2.2900000000e+00  2.9359430844e+06  2.9359430844e+06  1.5116000000e+07
3.2161290323e-01  2.2900000000e+00  2.9359430844e+06  2.9359430844e+06  1.5116000000e+07
3.2177794449e-01  2.2900000000e+00  2.9359430844e+06  2.9359430844e+06  1.5116000000e+07
3.2194298575e-01  2.2900000000e+00  2.9359430844e+06  2.9359430844e+06  1.5116000000e+07
3.2210802701e-01  2.2900000000e+00  2.9359430844e+06  2.9359430844e+06  1.5116000000e+07
3.2227306827e-01  2.2900000000e+00  2.9359430844e+06  2.9359430844e+06  1.5116000000e+07
3.2243810953e-01  2.2900000000e+00  2.9359430844e+06  2.9359430844e+06  1.5116000000e+07
3.2260315079e-01  2.2900000000e+00  2.9359430844e+06  2.9359430844e+06  1.5116000000e+07
3.2276819205e-01  2.2900000000e+00  2.9359430844e+06  2.9359430844e+06  1.5116000000e+07
3.2293323331e-01  2.2900000000e+00  2.9359430844e+06  2.9359430844e+06  1.5116000000e+07
3.2309827457e-01  2.2900000000e+00  2.9359430844e+06  2.9359430844e+06  1.5116000000e+07
3.2326331583e-01  2.2900000000e+00  2.9359430844e+06  2.9359430844e+06  1.5116000000e+07
3.2342835709e-01  2.2900000000e+00  2.9359430844e+06  2.9359430844e+06  1.5116000000e+07
3.2359339835e-01  2.2900000000e+00  2.9359430844e+06  2.9359430844e+06  1.5116000000e+07
3.2375843961e-01  2.2900000000e+00  2.9359430844e+06  2.9359430844e+06  1.5116000000e+07
3.2392348087e-01  2.2900000000e+00  2.9359430844e+06  2.9359430844e+06  1.5116000000e+07
3.2408852213e-01  2.2900000000e+00  2.9359430844e+06  2.9359430844e+06  1.5116000000e+07
3.2425356339e-01  2.2900000000e+00  2.9359430844e+06  2.9359430844e+06  1.5116000000e+07
3.2441860465e-01  2.2900000000e+00  2.9359430844e+06  2.9359430844e+06  1.5116000000e+07
3.2458364591e-01  2.2900000000e+00  2.9359430844e+06  2.9359430844e+06  1.5116000000e+07
3.2474868717e-01  2.2900000000e+00  2.9359430844e+06  2.9359430844e+06  1.5116000000e+07
3.2491372843e-01  2.2900000000e+00  2.9359430844e+06  2.9359430844e+06  1.5116000000e+07
3.2507876969e-01  2.2900000000e+00  2.9359430844e+06  2.9359430844e+06  1.5116000000e+07
3.2524381095e-01  2.2900000000e+00  2.9359430844e+06  2.9359430844e+06  1.5116000000e+07
3.2540885221e-01  2.2900000000e+00  2.9359430844e+06  2.9359430844e+06  1.5116000000e+07
3.2557389347e-01  2.2900000000e+00  2.9359430844e+06  2.9359430844e+06  1.5116000000e+07
3.2573893473e-01  2.2900000000e+00  2.9359430844e+06  2.9359430844e+06  1.5116000000e+07
3.2590397599e-01  2.2900000000e+00  2.9359430844e+06  2.9359430844e+06  1.5116000000e+07
3.2606901725e-01  2.2900000000e+00  2.9359430844e+06  2.9359430844e+06  1.5116000000e+07
3.2623405851e-01  2.2900000000e+00  2.9359430844e+06  2.9359430844e+06  1.5116000000e+07
3.2639909977e-01  2.2900000000e+00  2.9359430844e+06  2.9359430844e+06  1.5116000000e+07
3.2656414104e-01  2.2900000000e+00  2.9359430844e+06  2.9359430844e+06  1.5116000000e+07
3.2672918230e-01  2.2900000000e+00  2.9359430844e+06  2.9359430844e+06  1.5116000000e+07
3.2689422356e-01  2.2900000000e+00  2.9359430844e+06  2.9359430844e+06  1.5116000000e+07
3.2705926482e-01  2.2900000000e+00  2.9359430844e+06  2.9359430844e+06  1.5116000000e+07
3.2722430608e-01  2.2900000000e+00  2.9359430844e+06  2.9359430844e+06  1.5116000000e+07
3.2738934734e-01  2.2900000000e+00  2.9359430844e+06  2.9359430844e+06  1.5116000000e+07
3.2755438860e-01  2.2900000000e+00  2.9359430844e+06  2.9359430844e+06  1.5116000000e+07
3.2771942986e-01  2.2900000000e+00  2.9359430844e+06  2.9359430844e+06  1.5116000000e+07
3.2788447112e-01  2.2900000000e+00  2.9359430844e+06  2.9359430844e+06  1.5116000000e+07
3.2804951238e-01  2.2900000000e+00  2.9359430844e+06  2.9359430844e+06  1.5116000000e+07
3.2821455364e-01  2.2900000000e+00  2.9359430844e+06  2.9359430844e+06  1.5116000000e+07
3.2837959490e-01  2.2900000000e+00  2.9359430844e+06  2.9359430844e+06  1.5116000000e+07
3.2854463616e-01  2.2900000000e+00  2.9359430844e+06  2.9359430844e+06  1.5116000000e+07
3.2870967742e-01  2.2900000000e+00  2.9359430844e+06  2.9359430844e+06  1.5116000000e+07
3.2887471868e-01  2.2900000000e+00  2.9359430844e+06  2.9359430844e+06  1.5116000000e+07
3.2903975994e-01  2.2900000000e+00  2.9359430844e+06  2.9359430844e+06  1.5116000000e+07
3.2920480120e-01  2.2900000000e+00  2.9359430844e+06  2.9359430844e+06  1.5116000000e+07
3.2936984246e-01  2.2900000000e+00  2.9359430844e+06  2.9359430844e+06  1.5116000000e+07
3.2953488372e-01  2.2900000000e+00  2.9359430844e+06  2.9359430844e+06  1.5116000000e+07
3.2969992498e-01  2.2900000000e+00  2.9359430844e+06  2.9359430844e+06  1.5116000000e+07
3.2986496624e-01  2.2900000000e+00  2.9359430844e+06  2.9359430844e+06  1.5116000000e+07
3.3003000750e-01  2.2900000000e+00  2.9359430844e+06  2.9359430844e+06  1.5116000000e+07
3.3019504876e-01  2.2900000000e+00  2.9359430844e+06  2.9359430844e+06  1.5116000000e+07
3.3036009002e-01  2.2900000000e+00  2.9359430844e+06  2.9359430844e+06  1.5116000000e+07
3.3052513128e-01  2.2900000000e+00  2.9359430844e+06  2.9359430844e+06  1.5116000000e+07
3.3069017254e-01  2.2900000000e+00  2.9359430844e+06  2.9359430844e+06  1.5116000000e+07
3.3085521380e-01  2.2900000000e+00  2.9359430844e+06  2.9359430844e+06  1.5116000000e+07
3.3102025506e-01  2.2900000000e+00  2.9359430844e+06  2.9359430844e+06  1.5116000000e+07
3.3118529632e-01  2.2900000000e+00  2.9359430844e+06  2.9359430844e+06  1.5116000000e+07
3.3135033758e-01  2.2900000000e+00  2.9359430844e+06  2.9359430844e+06  1.5116000000e+07
3.3151537884e-01  2.2900000000e+00  2.9359430844e+06  2.9359430844e+06  1.5116000000e+07
3.3168042011e-01  2.2900000000e+00  2.9359430844e+06  2.9359430844e+06  1.5116000000e+07
3.3184546137e-01  2.2900000000e+00  2.9359430844e+06  2.9359430844e+06  1.5116000000e+07
3.3201050263e-01  2.2900000000e+00  2.9359430844e+06  2.9359430844e+06  1.5116000000e+07
3.3217554389e-01  2.2900000000e+00  2.9359430844e+06  2.9359430844e+06  1.5116000000e+07
3.3234058515e-01  2.2900000000e+00  2.9359430844e+06  2.9359430844e+06  1.5116000000e+07
3.3250562641e-01  2.2900000000e+00  2.9359430844e+06  2.9359430844e+06  1.5116000000e+07
3.3267066767e-01  2.2900000000e+00  2.9359430844e+06  2.9359430844e+06  1.5116000000e+07
3.3283570893e-01  2.2900000000e+00  2.9359430844e+06  2.9359430844e+06  1.5116000000e+07
3.3300075019e-01  2.2900000000e+00  2.9359430844e+06  2.9359430844e+06  1.5116000000e+07
3.3316579145e-01  2.2900000000e+00  2.9359430844e+06  2.9359430844e+06  1.5116000000e+07
3.3333083271e-01  2.2900000000e+00  2.9359430844e+06  2.9359430844e+06  1.5116000000e+07
3.3349587397e-01  2.2900000000e+00  2.9359430844e+06  2.9359430844e+06  1.5116000000e+07
3.3366091523e-01  2.2900000000e+00  2.9359430844e+06  2.9359430844e+06  1.5116000000e+07
3.3382595649e-01  2.2900000000e+00  2.9359430844e+06  2.9359430844e+06  1.5116000000e+07
3.3399099775e-01  2.2900000000e+00  2.9359430844e+06  2.9359430844e+06  1.5116000000e+07
3.3415603901e-01  2.2900000000e+00  2.9359430844e+06  2.9359430844e+06  1.5116000000e+07
3.3432108027e-01  2.2900000000e+00  2.9359430844e+06  2.9359430844e+06  1.5116000000e+07
3.3448612153e-01  2.2900000000e+00  2.9359430844e+06  2.9359430844e+06  1.5116000000e+07
3.3465116279e-01  2.2900000000e+00  2.9359430844e+06  2.9359430844e+06  1.5116000000e+07
3.3481620405e-01  2.2900000000e+00  2.9359430844e+06  2.9359430844e+06  1.5116000000e+07
3.3498124531e-01  2.2900000000e+00  2.9359430844e+06  2.9359430844e+06  1.5116000000e+07
3.3514628657e-01  2.2900000000e+00  2.9359430844e+06  2.9359430844e+06  1.5116000000e+07
3.3531132783e-01  2.2900000000e+00  2.9359430844e+06  2.9359430844e+06  1.5116000000e+07
3.3547636909e-01  2.2900000000e+00  2.9359430844e+06  2.9359430844e+06  1.5116000000e+07
3.3564141035e-01  2.2900000000e+00  2.9359430844e+06  2.9359430844e+06  1.5116000000e+07
3.3580645161e-01  2.2900000000e+00  2.9359430844e+06  2.9359430844e+06  1.5116000000e+07
3.3597149287e-01  2.2900000000e+00  2.9359430844e+06  2.9359430844e+06  1.5116000000e+07
3.3613653413e-01  2.2900000000e+00  2.9359430844e+06  2.9359430844e+06  1.5116000000e+07
3.3630157539e-01  2.2900000000e+00  2.9359430844e+06  2.9359430844e+06  1.5116000000e+07
3.3646661665e-01  2.2900000000e+00  2.9359430844e+06  2.9359430844e+06  1.5116000000e+07
3.3663165791e-01  2.2900000000e+00  2.9359430844e+06  2.9359430844e+06  1.5116000000e+07
3.3679669917e-01  2.2900000000e+00  2.9359430844e+06  2.9359430844e+06  1.5116000000e+07
3.3696174044e-01  2.2900000000e+00  2.9359430844e+06  2.9359430844e+06  1.5116000000e+07
3.3712678170e-01  2.2900000000e+00  2.9359430844e+06  2.9359430844e+06  1.5116000000e+07
3.3729182296e-01  2.2900000000e+00  2.9359430844e+06  2.9359430844e+06  1.5116000000e+07
3.3745686422e-01  2.2900000000e+00  2.9359430844e+06  2.9359430844e+06  1.5116000000e+07
3.3762190548e-01  2.2900000000e+00  2.9359430844e+06  2.9359430844e+06  1.5116000000e+07
3.3778694674e-01  2.2900000000e+00  2.9359430844e+06  2.9359430844e+06  1.5116000000e+07
3.3795198800e-01  2.2900000000e+00  2.9359430844e+06  2.9359430844e+06  1.5116000000e+07
3.3811702926e-01  2.2900000000e+00  2.9359430844e+06  2.9359430844e+06  1.5116000000e+07
3.3828207052e-01  2.2900000000e+00  2.9359430844e+06  2.9359430844e+06  1.5116000000e+07
3.3844711178e-01  2.2900000000e+00  2.9359430844e+06  2.9359430844e+06  1.5116000000e+07
3.3861215304e-01  2.2900000000e+00  2.9359430844e+06  2.9359430844e+06  1.5116000000e+07
3.3877719430e-01  2.2900000000e+00  2.9359430844e+06  2.9359430844e+06  1.5116000000e+07
3.3894223556e-01  2.2900000000e+00  2.9359430844e+06  2.9359430844e+06  1.5116000000e+07
3.3910727682e-01  2.2900000000e+00  2.9359430844e+06  2.9359430844e+06  1.5116000000e+07
3.3927231808e-01  2.2900000000e+00  2.9359430844e+06  2.9359430844e+06  1.5116000000e+07
3.3943735934e-01  2.2900000000e+00  2.9359430844e+06  2.9359430844e+06  1.5116000000e+07
3.3960240060e-01  2.2900000000e+00  2.9359430844e+06  2.9359430844e+06  1.5116000000e+07
3.3976744186e-01  2.2900000000e+00  2.9359430844e+06  2.9359430844e+06  1.5116000000e+07
3.3993248312e-01  2.2900000000e+00  2.9359430844e+06  2.9359430844e+06  1.5116000000e+07
3.4009752438e-01  2.2900000000e+00  2.9359430844e+06  2.9359430844e+06  1.5116000000e+07
3.4026256564e-01  2.2900000000e+00  2.9359430844e+06  2.9359430844e+06  1.5116000000e+07
3.4042760690e-01  2.2900000000e+00  2.9359430844e+06  2.9359430844e+06  1.5116000000e+07
3.4059264816e-01  2.2900000000e+00  2.9359430844e+06  2.9359430844e+06  1.5116000000e+07
3.4075768942e-01  2.2900000000e+00  2.9359430844e+06  2.9359430844e+06  1.5116000000e+07
3.4092273068e-01  2.2900000000e+00  2.9359430844e+06  2.9359430844e+06  1.5116000000e+07
3.4108777194e-01  2.2900000000e+00  2.9359430844e+06  2.9359430844e+06  1.5116000000e+07
3.4125281320e-01  2.2900000000e+00  2.9359430844e+06  2.9359430844e+06  1.5116000000e+07
3.4141785446e-01  2.2900000000e+00  2.9359430844e+06  2.9359430844e+06  1.5116000000e+07
3.4158289572e-01  2.2900000000e+00  2.9359430844e+06  2.9359430844e+06  1.5116000000e+07
3.4174793698e-01  2.2900000000e+00  2.9359430844e+06  2.9359430844e+06  1.5116000000e+07
3.4191297824e-01  2.2900000000e+00  2.9359430844e+06  2.9359430844e+06  1.5116000000e+07
3.4207801950e-01  2.2900000000e+00  2.9359430844e+06  2.9359430844e+06  1.5116000000e+07
3.4224306077e-01  2.2900000000e+00  2.9359430844e+06  2.9359430844e+06  1.5116000000e+07
3.4240810203e-01  2.2900000000e+00  2.9359430844e+06  2.9359430844e+06  1.5116000000e+07
3.4257314329e-01  2.2900000000e+00  2.9359430844e+06  2.9359430844e+06  1.5116000000e+07
3.4273818455e-01  2.2900000000e+00  2.9359430844e+06  2.9359430844e+06  1.5116000000e+07
3.4290322581e-01  2.2900000000e+00  2.9359430844e+06  2.9359430844e+06  1.5116000000e+07
3.4306826707e-01  2.2900000000e+00  2.9359430844e+06  2.9359430844e+06  1.5116000000e+07
3.4323330833e-01  2.2900000000e+00  2.9359430844e+06  2.9359430844e+06  1.5116000000e+07
3.4339834959e-01  2.2900000000e+00  2.9359430844e+06  2.9359430844e+06  1.5116000000e+07
3.4356339085e-01  2.2900000000e+00  2.9359430844e+06  2.9359430844e+06  1.5116000000e+07
3.4372843211e-01  2.2900000000e+00  2.9359430844e+06  2.9359430844e+06  1.5116000000e+07
3.4389347337e-01  2.2900000000e+00  2.9359430844e+06  2.9359430844e+06  1.5116000000e+07
3.4405851463e-01  2.2900000000e+00  2.9359430844e+06  2.9359430844e+06  1.5116000000e+07
3.4422355589e-01  2.2900000000e+00  2.9359430844e+06  2.9359430844e+06  1.5116000000e+07
3.4438859715e-01  2.2900000000e+00  2.9359430844e+06  2.9359430844e+06  1.5116000000e+07
3.4455363841e-01  2.2900000000e+00  2.9359430844e+06  2.9359430844e+06  1.5116000000e+07
3.4471867967e-01  2.2900000000e+00  2.9359430844e+06  2.9359430844e+06  1.5116000000e+07
3.4488372093e-01  2.2900000000e+00  2.9359430844e+06  2.9359430844e+06  1.5116000000e+07
3.4504876219e-01  2.2900000000e+00  2.9359430844e+06  2.9359430844e+06  1.5116000000e+07
3.4521380345e-01  2.2900000000e+00  2.9359430844e+06  2.9359430844e+06  1.5116000000e+07
3.4537884471e-01  2.2900000000e+00  2.9359430844e+06  2.9359430844e+06  1.5116000000e+07
3.4554388597e-01  2.2900000000e+00  2.9359430844e+06  2.9359430844e+06  1.5116000000e+07
3.4570892723e-01  2.2900000000e+00  2.9359430844e+06  2.9359430844e+06  1.5116000000e+07
3.4587396849e-01  2.2900000000e+00  2.9359430844e+06  2.9359430844e+06  1.5116000000e+07
3.4603900975e-01  2.2900000000e+00  2.9359430844e+06  2.9359430844e+06  1.5116000000e+07
3.4620405101e-01  2.2900000000e+00  2.9359430844e+06  2.9359430844e+06  1.5116000000e+07
3.4636909227e-01  2.2900000000e+00  2.9359430844e+06  2.9359430844e+06  1.5116000000e+07
3.4653413353e-01  2.2900000000e+00  2.9359430844e+06  2.9359430844e+06  1.5116000000e+07
3.4669917479e-01  2.2900000000e+00  2.9359430844e+06  2.9359430844e+06  1.5116000000e+07
3.4686421605e-01  2.2900000000e+00  2.9359430844e+06  2.9359430844e+06  1.5116000000e+07
3.4702925731e-01  2.2900000000e+00  2.9359430844e+06  2.9359430844e+06  1.5116000000e+07
3.4719429857e-01  2.2900000000e+00  2.9359430844e+06  2.9359430844e+06  1.5116000000e+07
3.4735933983e-01  2.2900000000e+00  2.9359430844e+06  2.9359430844e+06  1.5116000000e+07
3.4752438110e-01  2.2900000000e+00  2.9359430844e+06  2.9359430844e+06  1.5116000000e+07
3.4768942236e-01  2.2900000000e+00  2.9359430844e+06  2.9359430844e+06  1.5116000000e+07
3.4785446362e-01  2.2900000000e+00  2.9359430844e+06  2.9359430844e+06  1.5116000000e+07
3.4801950488e-01  2.2900000000e+00  2.9359430844e+06  2.9359430844e+06  1.5116000000e+07
3.4818454614e-01  2.2900000000e+00  2.9359430844e+06  2.9359430844e+06  1.5116000000e+07
3.4834958740e-01  2.2900000000e+00  2.9359430844e+06  2.9359430844e+06  1.5116000000e+07
3.4851462866e-01  2.2900000000e+00  2.9359430844e+06  2.9359430844e+06  1.5116000000e+07
3.4867966992e-01  2.2900000000e+00  2.9359430844e+06  2.9359430844e+06  1.5116000000e+07
3.4884471118e-01  2.2900000000e+00  2.9359430844e+06  2.9359430844e+06  1.5116000000e+07
3.4900975244e-01  2.2900000000e+00  2.9359430844e+06  2.9359430844e+06  1.5116000000e+07
3.4917479370e-01  2.2900000000e+00  2.9359430844e+06  2.9359430844e+06  1.5116000000e+07
3.4933983496e-01  2.2900000000e+00  2.9359430844e+06  2.9359430844e+06  1.5116000000e+07
3.4950487622e-01  2.2900000000e+00  2.9359430844e+06  2.9359430844e+06  1.5116000000e+07
3.4966991748e-01  2.2900000000e+00  2.9359430844e+06  2.9359430844e+06  1.5116000000e+07
3.4983495874e-01  2.2900000000e+00  2.9359430844e+06  2.9359430844e+06  1.5116000000e+07
3.5000000000e-01  2.2900000000e+00  2.9359430844e+06  2.9359430844e+06  1.5116000000e+07
