# Lowrie & Edwards (2008) NLTE analytic IC for Mach 2 radiative shock
# Columns: x(cm)  rho(g/cc)  T_mat(K)  T_rad(K)  vx(cm/s)
# Shock at x = 0; simulation coordinates (downstream left, upstream right)
# 4000 points
-3.1000000000e-01  2.2900000000e+00  2.9359430844e+06  2.9359430844e+06  -1.9500000000e+07
-3.0972243061e-01  2.2900000000e+00  2.9359430844e+06  2.9359430844e+06  -1.9500000000e+07
-3.0944486122e-01  2.2900000000e+00  2.9359430844e+06  2.9359430844e+06  -1.9500000000e+07
-3.0916729182e-01  2.2900000000e+00  2.9359430844e+06  2.9359430844e+06  -1.9500000000e+07
-3.0888972243e-01  2.2900000000e+00  2.9359430844e+06  2.9359430844e+06  -1.9500000000e+07
-3.0861215304e-01  2.2900000000e+00  2.9359430844e+06  2.9359430844e+06  -1.9500000000e+07
-3.0833458365e-01  2.2900000000e+00  2.9359430844e+06  2.9359430844e+06  -1.9500000000e+07
-3.0805701425e-01  2.2900000000e+00  2.9359430844e+06  2.9359430844e+06  -1.9500000000e+07
-3.0777944486e-01  2.2900000000e+00  2.9359430844e+06  2.9359430844e+06  -1.9500000000e+07
-3.0750187547e-01  2.2900000000e+00  2.9359430844e+06  2.9359430844e+06  -1.9500000000e+07
-3.0722430608e-01  2.2900000000e+00  2.9359430844e+06  2.9359430844e+06  -1.9500000000e+07
-3.0694673668e-01  2.2900000000e+00  2.9359430844e+06  2.9359430844e+06  -1.9500000000e+07
-3.0666916729e-01  2.2900000000e+00  2.9359430844e+06  2.9359430844e+06  -1.9500000000e+07
-3.0639159790e-01  2.2900000000e+00  2.9359430844e+06  2.9359430844e+06  -1.9500000000e+07
-3.0611402851e-01  2.2900000000e+00  2.9359430844e+06  2.9359430844e+06  -1.9500000000e+07
-3.0583645911e-01  2.2900000000e+00  2.9359430844e+06  2.9359430844e+06  -1.9500000000e+07
-3.0555888972e-01  2.2900000000e+00  2.9359430844e+06  2.9359430844e+06  -1.9500000000e+07
-3.0528132033e-01  2.2900000000e+00  2.9359430844e+06  2.9359430844e+06  -1.9500000000e+07
-3.0500375094e-01  2.2900000000e+00  2.9359430844e+06  2.9359430844e+06  -1.9500000000e+07
-3.0472618155e-01  2.2900000000e+00  2.9359430844e+06  2.9359430844e+06  -1.9500000000e+07
-3.0444861215e-01  2.2900000000e+00  2.9359430844e+06  2.9359430844e+06  -1.9500000000e+07
-3.0417104276e-01  2.2900000000e+00  2.9359430844e+06  2.9359430844e+06  -1.9500000000e+07
-3.0389347337e-01  2.2900000000e+00  2.9359430844e+06  2.9359430844e+06  -1.9500000000e+07
-3.0361590398e-01  2.2900000000e+00  2.9359430844e+06  2.9359430844e+06  -1.9500000000e+07
-3.0333833458e-01  2.2900000000e+00  2.9359430844e+06  2.9359430844e+06  -1.9500000000e+07
-3.0306076519e-01  2.2900000000e+00  2.9359430844e+06  2.9359430844e+06  -1.9500000000e+07
-3.0278319580e-01  2.2900000000e+00  2.9359430844e+06  2.9359430844e+06  -1.9500000000e+07
-3.0250562641e-01  2.2900000000e+00  2.9359430844e+06  2.9359430844e+06  -1.9500000000e+07
-3.0222805701e-01  2.2900000000e+00  2.9359430844e+06  2.9359430844e+06  -1.9500000000e+07
-3.0195048762e-01  2.2900000000e+00  2.9359430844e+06  2.9359430844e+06  -1.9500000000e+07
-3.0167291823e-01  2.2900000000e+00  2.9359430844e+06  2.9359430844e+06  -1.9500000000e+07
-3.0139534884e-01  2.2900000000e+00  2.9359430844e+06  2.9359430844e+06  -1.9500000000e+07
-3.0111777944e-01  2.2900000000e+00  2.9359430844e+06  2.9359430844e+06  -1.9500000000e+07
-3.0084021005e-01  2.2900000000e+00  2.9359430844e+06  2.9359430844e+06  -1.9500000000e+07
-3.0056264066e-01  2.2900000000e+00  2.9359430844e+06  2.9359430844e+06  -1.9500000000e+07
-3.0028507127e-01  2.2900000000e+00  2.9359430844e+06  2.9359430844e+06  -1.9500000000e+07
-3.0000750188e-01  2.2900000000e+00  2.9359430844e+06  2.9359430844e+06  -1.9500000000e+07
-2.9972993248e-01  2.2900000000e+00  2.9359430844e+06  2.9359430844e+06  -1.9500000000e+07
-2.9945236309e-01  2.2900000000e+00  2.9359430844e+06  2.9359430844e+06  -1.9500000000e+07
-2.9917479370e-01  2.2900000000e+00  2.9359430844e+06  2.9359430844e+06  -1.9500000000e+07
-2.9889722431e-01  2.2900000000e+00  2.9359430844e+06  2.9359430844e+06  -1.9500000000e+07
-2.9861965491e-01  2.2900000000e+00  2.9359430844e+06  2.9359430844e+06  -1.9500000000e+07
-2.9834208552e-01  2.2900000000e+00  2.9359430844e+06  2.9359430844e+06  -1.9500000000e+07
-2.9806451613e-01  2.2900000000e+00  2.9359430844e+06  2.9359430844e+06  -1.9500000000e+07
-2.9778694674e-01  2.2900000000e+00  2.9359430844e+06  2.9359430844e+06  -1.9500000000e+07
-2.9750937734e-01  2.2900000000e+00  2.9359430844e+06  2.9359430844e+06  -1.9500000000e+07
-2.9723180795e-01  2.2900000000e+00  2.9359430844e+06  2.9359430844e+06  -1.9500000000e+07
-2.9695423856e-01  2.2900000000e+00  2.9359430844e+06  2.9359430844e+06  -1.9500000000e+07
-2.9667666917e-01  2.2900000000e+00  2.9359430844e+06  2.9359430844e+06  -1.9500000000e+07
-2.9639909977e-01  2.2900000000e+00  2.9359430844e+06  2.9359430844e+06  -1.9500000000e+07
-2.9612153038e-01  2.2900000000e+00  2.9359430844e+06  2.9359430844e+06  -1.9500000000e+07
-2.9584396099e-01  2.2900000000e+00  2.9359430844e+06  2.9359430844e+06  -1.9500000000e+07
-2.9556639160e-01  2.2900000000e+00  2.9359430844e+06  2.9359430844e+06  -1.9500000000e+07
-2.9528882221e-01  2.2900000000e+00  2.9359430844e+06  2.9359430844e+06  -1.9500000000e+07
-2.9501125281e-01  2.2900000000e+00  2.9359430844e+06  2.9359430844e+06  -1.9500000000e+07
-2.9473368342e-01  2.2900000000e+00  2.9359430844e+06  2.9359430844e+06  -1.9500000000e+07
-2.9445611403e-01  2.2900000000e+00  2.9359430844e+06  2.9359430844e+06  -1.9500000000e+07
-2.9417854464e-01  2.2900000000e+00  2.9359430844e+06  2.9359430844e+06  -1.9500000000e+07
-2.9390097524e-01  2.2900000000e+00  2.9359430844e+06  2.9359430844e+06  -1.9500000000e+07
-2.9362340585e-01  2.2900000000e+00  2.9359430844e+06  2.9359430844e+06  -1.9500000000e+07
-2.9334583646e-01  2.2900000000e+00  2.9359430844e+06  2.9359430844e+06  -1.9500000000e+07
-2.9306826707e-01  2.2900000000e+00  2.9359430844e+06  2.9359430844e+06  -1.9500000000e+07
-2.9279069767e-01  2.2900000000e+00  2.9359430844e+06  2.9359430844e+06  -1.9500000000e+07
-2.9251312828e-01  2.2900000000e+00  2.9359430844e+06  2.9359430844e+06  -1.9500000000e+07
-2.9223555889e-01  2.2900000000e+00  2.9359430844e+06  2.9359430844e+06  -1.9500000000e+07
-2.9195798950e-01  2.2900000000e+00  2.9359430844e+06  2.9359430844e+06  -1.9500000000e+07
-2.9168042011e-01  2.2900000000e+00  2.9359430844e+06  2.9359430844e+06  -1.9500000000e+07
-2.9140285071e-01  2.2900000000e+00  2.9359430844e+06  2.9359430844e+06  -1.9500000000e+07
-2.9112528132e-01  2.2900000000e+00  2.9359430844e+06  2.9359430844e+06  -1.9500000000e+07
-2.9084771193e-01  2.2900000000e+00  2.9359430844e+06  2.9359430844e+06  -1.9500000000e+07
-2.9057014254e-01  2.2900000000e+00  2.9359430844e+06  2.9359430844e+06  -1.9500000000e+07
-2.9029257314e-01  2.2900000000e+00  2.9359430844e+06  2.9359430844e+06  -1.9500000000e+07
-2.9001500375e-01  2.2900000000e+00  2.9359430844e+06  2.9359430844e+06  -1.9500000000e+07
-2.8973743436e-01  2.2900000000e+00  2.9359430844e+06  2.9359430844e+06  -1.9500000000e+07
-2.8945986497e-01  2.2900000000e+00  2.9359430844e+06  2.9359430844e+06  -1.9500000000e+07
-2.8918229557e-01  2.2900000000e+00  2.9359430844e+06  2.9359430844e+06  -1.9500000000e+07
-2.8890472618e-01  2.2900000000e+00  2.9359430844e+06  2.9359430844e+06  -1.9500000000e+07
-2.8862715679e-01  2.2900000000e+00  2.9359430844e+06  2.9359430844e+06  -1.9500000000e+07
-2.8834958740e-01  2.2900000000e+00  2.9359430844e+06  2.9359430844e+06  -1.9500000000e+07
-2.8807201800e-01  2.2900000000e+00  2.9359430844e+06  2.9359430844e+06  -1.9500000000e+07
-2.8779444861e-01  2.2900000000e+00  2.9359430844e+06  2.9359430844e+06  -1.9500000000e+07
-2.8751687922e-01  2.2900000000e+00  2.9359430844e+06  2.9359430844e+06  -1.9500000000e+07
-2.8723930983e-01  2.2900000000e+00  2.9359430844e+06  2.9359430844e+06  -1.9500000000e+07
-2.8696174044e-01  2.2900000000e+00  2.9359430844e+06  2.9359430844e+06  -1.9500000000e+07
-2.8668417104e-01  2.2900000000e+00  2.9359430844e+06  2.9359430844e+06  -1.9500000000e+07
-2.8640660165e-01  2.2900000000e+00  2.9359430844e+06  2.9359430844e+06  -1.9500000000e+07
-2.8612903226e-01  2.2900000000e+00  2.9359430844e+06  2.9359430844e+06  -1.9500000000e+07
-2.8585146287e-01  2.2900000000e+00  2.9359430844e+06  2.9359430844e+06  -1.9500000000e+07
-2.8557389347e-01  2.2900000000e+00  2.9359430844e+06  2.9359430844e+06  -1.9500000000e+07
-2.8529632408e-01  2.2900000000e+00  2.9359430844e+06  2.9359430844e+06  -1.9500000000e+07
-2.8501875469e-01  2.2900000000e+00  2.9359430844e+06  2.9359430844e+06  -1.9500000000e+07
-2.8474118530e-01  2.2900000000e+00  2.9359430844e+06  2.9359430844e+06  -1.9500000000e+07
-2.8446361590e-01  2.2900000000e+00  2.9359430844e+06  2.9359430844e+06  -1.9500000000e+07
-2.8418604651e-01  2.2900000000e+00  2.9359430844e+06  2.9359430844e+06  -1.9500000000e+07
-2.8390847712e-01  2.2900000000e+00  2.9359430844e+06  2.9359430844e+06  -1.9500000000e+07
-2.8363090773e-01  2.2900000000e+00  2.9359430844e+06  2.9359430844e+06  -1.9500000000e+07
-2.8335333833e-01  2.2900000000e+00  2.9359430844e+06  2.9359430844e+06  -1.9500000000e+07
-2.8307576894e-01  2.2900000000e+00  2.9359430844e+06  2.9359430844e+06  -1.9500000000e+07
-2.8279819955e-01  2.2900000000e+00  2.9359430844e+06  2.9359430844e+06  -1.9500000000e+07
-2.8252063016e-01  2.2900000000e+00  2.9359430844e+06  2.9359430844e+06  -1.9500000000e+07
-2.8224306077e-01  2.2900000000e+00  2.9359430844e+06  2.9359430844e+06  -1.9500000000e+07
-2.8196549137e-01  2.2900000000e+00  2.9359430844e+06  2.9359430844e+06  -1.9500000000e+07
-2.8168792198e-01  2.2900000000e+00  2.9359430844e+06  2.9359430844e+06  -1.9500000000e+07
-2.8141035259e-01  2.2900000000e+00  2.9359430844e+06  2.9359430844e+06  -1.9500000000e+07
-2.8113278320e-01  2.2900000000e+00  2.9359430844e+06  2.9359430844e+06  -1.9500000000e+07
-2.8085521380e-01  2.2900000000e+00  2.9359430844e+06  2.9359430844e+06  -1.9500000000e+07
-2.8057764441e-01  2.2900000000e+00  2.9359430844e+06  2.9359430844e+06  -1.9500000000e+07
-2.8030007502e-01  2.2900000000e+00  2.9359430844e+06  2.9359430844e+06  -1.9500000000e+07
-2.8002250563e-01  2.2900000000e+00  2.9359430844e+06  2.9359430844e+06  -1.9500000000e+07
-2.7974493623e-01  2.2900000000e+00  2.9359430844e+06  2.9359430844e+06  -1.9500000000e+07
-2.7946736684e-01  2.2900000000e+00  2.9359430844e+06  2.9359430844e+06  -1.9500000000e+07
-2.7918979745e-01  2.2900000000e+00  2.9359430844e+06  2.9359430844e+06  -1.9500000000e+07
-2.7891222806e-01  2.2900000000e+00  2.9359430844e+06  2.9359430844e+06  -1.9500000000e+07
-2.7863465866e-01  2.2900000000e+00  2.9359430844e+06  2.9359430844e+06  -1.9500000000e+07
-2.7835708927e-01  2.2900000000e+00  2.9359430844e+06  2.9359430844e+06  -1.9500000000e+07
-2.7807951988e-01  2.2900000000e+00  2.9359430844e+06  2.9359430844e+06  -1.9500000000e+07
-2.7780195049e-01  2.2900000000e+00  2.9359430844e+06  2.9359430844e+06  -1.9500000000e+07
-2.7752438110e-01  2.2900000000e+00  2.9359430844e+06  2.9359430844e+06  -1.9500000000e+07
-2.7724681170e-01  2.2900000000e+00  2.9359430844e+06  2.9359430844e+06  -1.9500000000e+07
-2.7696924231e-01  2.2900000000e+00  2.9359430844e+06  2.9359430844e+06  -1.9500000000e+07
-2.7669167292e-01  2.2900000000e+00  2.9359430844e+06  2.9359430844e+06  -1.9500000000e+07
-2.7641410353e-01  2.2900000000e+00  2.9359430844e+06  2.9359430844e+06  -1.9500000000e+07
-2.7613653413e-01  2.2900000000e+00  2.9359430844e+06  2.9359430844e+06  -1.9500000000e+07
-2.7585896474e-01  2.2900000000e+00  2.9359430844e+06  2.9359430844e+06  -1.9500000000e+07
-2.7558139535e-01  2.2900000000e+00  2.9359430844e+06  2.9359430844e+06  -1.9500000000e+07
-2.7530382596e-01  2.2900000000e+00  2.9359430844e+06  2.9359430844e+06  -1.9500000000e+07
-2.7502625656e-01  2.2900000000e+00  2.9359430844e+06  2.9359430844e+06  -1.9500000000e+07
-2.7474868717e-01  2.2900000000e+00  2.9359430844e+06  2.9359430844e+06  -1.9500000000e+07
-2.7447111778e-01  2.2900000000e+00  2.9359430844e+06  2.9359430844e+06  -1.9500000000e+07
-2.7419354839e-01  2.2900000000e+00  2.9359430844e+06  2.9359430844e+06  -1.9500000000e+07
-2.7391597899e-01  2.2900000000e+00  2.9359430844e+06  2.9359430844e+06  -1.9500000000e+07
-2.7363840960e-01  2.2900000000e+00  2.9359430844e+06  2.9359430844e+06  -1.9500000000e+07
-2.7336084021e-01  2.2900000000e+00  2.9359430844e+06  2.9359430844e+06  -1.9500000000e+07
-2.7308327082e-01  2.2900000000e+00  2.9359430844e+06  2.9359430844e+06  -1.9500000000e+07
-2.7280570143e-01  2.2900000000e+00  2.9359430844e+06  2.9359430844e+06  -1.9500000000e+07
-2.7252813203e-01  2.2900000000e+00  2.9359430844e+06  2.9359430844e+06  -1.9500000000e+07
-2.7225056264e-01  2.2900000000e+00  2.9359430844e+06  2.9359430844e+06  -1.9500000000e+07
-2.7197299325e-01  2.2900000000e+00  2.9359430844e+06  2.9359430844e+06  -1.9500000000e+07
-2.7169542386e-01  2.2900000000e+00  2.9359430844e+06  2.9359430844e+06  -1.9500000000e+07
-2.7141785446e-01  2.2900000000e+00  2.9359430844e+06  2.9359430844e+06  -1.9500000000e+07
-2.7114028507e-01  2.2900000000e+00  2.9359430844e+06  2.9359430844e+06  -1.9500000000e+07
-2.7086271568e-01  2.2900000000e+00  2.9359430844e+06  2.9359430844e+06  -1.9500000000e+07
-2.7058514629e-01  2.2900000000e+00  2.9359430844e+06  2.9359430844e+06  -1.9500000000e+07
-2.7030757689e-01  2.2900000000e+00  2.9359430844e+06  2.9359430844e+06  -1.9500000000e+07
-2.7003000750e-01  2.2900000000e+00  2.9359430844e+06  2.9359430844e+06  -1.9500000000e+07
-2.6975243811e-01  2.2900000000e+00  2.9359430844e+06  2.9359430844e+06  -1.9500000000e+07
-2.6947486872e-01  2.2900000000e+00  2.9359430844e+06  2.9359430844e+06  -1.9500000000e+07
-2.6919729932e-01  2.2900000000e+00  2.9359430844e+06  2.9359430844e+06  -1.9500000000e+07
-2.6891972993e-01  2.2900000000e+00  2.9359430844e+06  2.9359430844e+06  -1.9500000000e+07
-2.6864216054e-01  2.2900000000e+00  2.9359430844e+06  2.9359430844e+06  -1.9500000000e+07
-2.6836459115e-01  2.2900000000e+00  2.9359430844e+06  2.9359430844e+06  -1.9500000000e+07
-2.6808702176e-01  2.2900000000e+00  2.9359430844e+06  2.9359430844e+06  -1.9500000000e+07
-2.6780945236e-01  2.2900000000e+00  2.9359430844e+06  2.9359430844e+06  -1.9500000000e+07
-2.6753188297e-01  2.2900000000e+00  2.9359430844e+06  2.9359430844e+06  -1.9500000000e+07
-2.6725431358e-01  2.2900000000e+00  2.9359430844e+06  2.9359430844e+06  -1.9500000000e+07
-2.6697674419e-01  2.2900000000e+00  2.9359430844e+06  2.9359430844e+06  -1.9500000000e+07
-2.6669917479e-01  2.2900000000e+00  2.9359430844e+06  2.9359430844e+06  -1.9500000000e+07
-2.6642160540e-01  2.2900000000e+00  2.9359430844e+06  2.9359430844e+06  -1.9500000000e+07
-2.6614403601e-01  2.2900000000e+00  2.9359430844e+06  2.9359430844e+06  -1.9500000000e+07
-2.6586646662e-01  2.2900000000e+00  2.9359430844e+06  2.9359430844e+06  -1.9500000000e+07
-2.6558889722e-01  2.2900000000e+00  2.9359430844e+06  2.9359430844e+06  -1.9500000000e+07
-2.6531132783e-01  2.2900000000e+00  2.9359430844e+06  2.9359430844e+06  -1.9500000000e+07
-2.6503375844e-01  2.2900000000e+00  2.9359430844e+06  2.9359430844e+06  -1.9500000000e+07
-2.6475618905e-01  2.2900000000e+00  2.9359430844e+06  2.9359430844e+06  -1.9500000000e+07
-2.6447861965e-01  2.2900000000e+00  2.9359430844e+06  2.9359430844e+06  -1.9500000000e+07
-2.6420105026e-01  2.2900000000e+00  2.9359430844e+06  2.9359430844e+06  -1.9500000000e+07
-2.6392348087e-01  2.2900000000e+00  2.9359430844e+06  2.9359430844e+06  -1.9500000000e+07
-2.6364591148e-01  2.2900000000e+00  2.9359430844e+06  2.9359430844e+06  -1.9500000000e+07
-2.6336834209e-01  2.2900000000e+00  2.9359430844e+06  2.9359430844e+06  -1.9500000000e+07
-2.6309077269e-01  2.2900000000e+00  2.9359430844e+06  2.9359430844e+06  -1.9500000000e+07
-2.6281320330e-01  2.2900000000e+00  2.9359430844e+06  2.9359430844e+06  -1.9500000000e+07
-2.6253563391e-01  2.2900000000e+00  2.9359430844e+06  2.9359430844e+06  -1.9500000000e+07
-2.6225806452e-01  2.2900000000e+00  2.9359430844e+06  2.9359430844e+06  -1.9500000000e+07
-2.6198049512e-01  2.2900000000e+00  2.9359430844e+06  2.9359430844e+06  -1.9500000000e+07
-2.6170292573e-01  2.2900000000e+00  2.9359430844e+06  2.9359430844e+06  -1.9500000000e+07
-2.6142535634e-01  2.2900000000e+00  2.9359430844e+06  2.9359430844e+06  -1.9500000000e+07
-2.6114778695e-01  2.2900000000e+00  2.9359430844e+06  2.9359430844e+06  -1.9500000000e+07
-2.6087021755e-01  2.2900000000e+00  2.9359430844e+06  2.9359430844e+06  -1.9500000000e+07
-2.6059264816e-01  2.2900000000e+00  2.9359430844e+06  2.9359430844e+06  -1.9500000000e+07
-2.6031507877e-01  2.2900000000e+00  2.9359430844e+06  2.9359430844e+06  -1.9500000000e+07
-2.6003750938e-01  2.2900000000e+00  2.9359430844e+06  2.9359430844e+06  -1.9500000000e+07
-2.5975993998e-01  2.2900000000e+00  2.9359430844e+06  2.9359430844e+06  -1.9500000000e+07
-2.5948237059e-01  2.2900000000e+00  2.9359430844e+06  2.9359430844e+06  -1.9500000000e+07
-2.5920480120e-01  2.2900000000e+00  2.9359430844e+06  2.9359430844e+06  -1.9500000000e+07
-2.5892723181e-01  2.2900000000e+00  2.9359430844e+06  2.9359430844e+06  -1.9500000000e+07
-2.5864966242e-01  2.2900000000e+00  2.9359430844e+06  2.9359430844e+06  -1.9500000000e+07
-2.5837209302e-01  2.2900000000e+00  2.9359430844e+06  2.9359430844e+06  -1.9500000000e+07
-2.5809452363e-01  2.2900000000e+00  2.9359430844e+06  2.9359430844e+06  -1.9500000000e+07
-2.5781695424e-01  2.2900000000e+00  2.9359430844e+06  2.9359430844e+06  -1.9500000000e+07
-2.5753938485e-01  2.2900000000e+00  2.9359430844e+06  2.9359430844e+06  -1.9500000000e+07
-2.5726181545e-01  2.2900000000e+00  2.9359430844e+06  2.9359430844e+06  -1.9500000000e+07
-2.5698424606e-01  2.2900000000e+00  2.9359430844e+06  2.9359430844e+06  -1.9500000000e+07
-2.5670667667e-01  2.2900000000e+00  2.9359430844e+06  2.9359430844e+06  -1.9500000000e+07
-2.5642910728e-01  2.2900000000e+00  2.9359430844e+06  2.9359430844e+06  -1.9500000000e+07
-2.5615153788e-01  2.2900000000e+00  2.9359430844e+06  2.9359430844e+06  -1.9500000000e+07
-2.5587396849e-01  2.2900000000e+00  2.9359430844e+06  2.9359430844e+06  -1.9500000000e+07
-2.5559639910e-01  2.2900000000e+00  2.9359430844e+06  2.9359430844e+06  -1.9500000000e+07
-2.5531882971e-01  2.2900000000e+00  2.9359430844e+06  2.9359430844e+06  -1.9500000000e+07
-2.5504126032e-01  2.2900000000e+00  2.9359430844e+06  2.9359430844e+06  -1.9500000000e+07
-2.5476369092e-01  2.2900000000e+00  2.9359430844e+06  2.9359430844e+06  -1.9500000000e+07
-2.5448612153e-01  2.2900000000e+00  2.9359430844e+06  2.9359430844e+06  -1.9500000000e+07
-2.5420855214e-01  2.2900000000e+00  2.9359430844e+06  2.9359430844e+06  -1.9500000000e+07
-2.5393098275e-01  2.2900000000e+00  2.9359430844e+06  2.9359430844e+06  -1.9500000000e+07
-2.5365341335e-01  2.2900000000e+00  2.9359430844e+06  2.9359430844e+06  -1.9500000000e+07
-2.5337584396e-01  2.2900000000e+00  2.9359430844e+06  2.9359430844e+06  -1.9500000000e+07
-2.5309827457e-01  2.2900000000e+00  2.9359430844e+06  2.9359430844e+06  -1.9500000000e+07
-2.5282070518e-01  2.2900000000e+00  2.9359430844e+06  2.9359430844e+06  -1.9500000000e+07
-2.5254313578e-01  2.2900000000e+00  2.9359430844e+06  2.9359430844e+06  -1.9500000000e+07
-2.5226556639e-01  2.2900000000e+00  2.9359430844e+06  2.9359430844e+06  -1.9500000000e+07
-2.5198799700e-01  2.2900000000e+00  2.9359430844e+06  2.9359430844e+06  -1.9500000000e+07
-2.5171042761e-01  2.2900000000e+00  2.9359430844e+06  2.9359430844e+06  -1.9500000000e+07
-2.5143285821e-01  2.2900000000e+00  2.9359430844e+06  2.9359430844e+06  -1.9500000000e+07
-2.5115528882e-01  2.2900000000e+00  2.9359430844e+06  2.9359430844e+06  -1.9500000000e+07
-2.5087771943e-01  2.2900000000e+00  2.9359430844e+06  2.9359430844e+06  -1.9500000000e+07
-2.5060015004e-01  2.2900000000e+00  2.9359430844e+06  2.9359430844e+06  -1.9500000000e+07
-2.5032258065e-01  2.2900000000e+00  2.9359430844e+06  2.9359430844e+06  -1.9500000000e+07
-2.5004501125e-01  2.2900000000e+00  2.9359430844e+06  2.9359430844e+06  -1.9500000000e+07
-2.4976744186e-01  2.2900000000e+00  2.9359430844e+06  2.9359430844e+06  -1.9500000000e+07
-2.4948987247e-01  2.2900000000e+00  2.9359430844e+06  2.9359430844e+06  -1.9500000000e+07
-2.4921230308e-01  2.2900000000e+00  2.9359430844e+06  2.9359430844e+06  -1.9500000000e+07
-2.4893473368e-01  2.2900000000e+00  2.9359430844e+06  2.9359430844e+06  -1.9500000000e+07
-2.4865716429e-01  2.2900000000e+00  2.9359430844e+06  2.9359430844e+06  -1.9500000000e+07
-2.4837959490e-01  2.2900000000e+00  2.9359430844e+06  2.9359430844e+06  -1.9500000000e+07
-2.4810202551e-01  2.2900000000e+00  2.9359430844e+06  2.9359430844e+06  -1.9500000000e+07
-2.4782445611e-01  2.2900000000e+00  2.9359430844e+06  2.9359430844e+06  -1.9500000000e+07
-2.4754688672e-01  2.2900000000e+00  2.9359430844e+06  2.9359430844e+06  -1.9500000000e+07
-2.4726931733e-01  2.2900000000e+00  2.9359430844e+06  2.9359430844e+06  -1.9500000000e+07
-2.4699174794e-01  2.2900000000e+00  2.9359430844e+06  2.9359430844e+06  -1.9500000000e+07
-2.4671417854e-01  2.2900000000e+00  2.9359430844e+06  2.9359430844e+06  -1.9500000000e+07
-2.4643660915e-01  2.2900000000e+00  2.9359430844e+06  2.9359430844e+06  -1.9500000000e+07
-2.4615903976e-01  2.2900000000e+00  2.9359430844e+06  2.9359430844e+06  -1.9500000000e+07
-2.4588147037e-01  2.2900000000e+00  2.9359430844e+06  2.9359430844e+06  -1.9500000000e+07
-2.4560390098e-01  2.2900000000e+00  2.9359430844e+06  2.9359430844e+06  -1.9500000000e+07
-2.4532633158e-01  2.2900000000e+00  2.9359430844e+06  2.9359430844e+06  -1.9500000000e+07
-2.4504876219e-01  2.2900000000e+00  2.9359430844e+06  2.9359430844e+06  -1.9500000000e+07
-2.4477119280e-01  2.2900000000e+00  2.9359430844e+06  2.9359430844e+06  -1.9500000000e+07
-2.4449362341e-01  2.2900000000e+00  2.9359430844e+06  2.9359430844e+06  -1.9500000000e+07
-2.4421605401e-01  2.2900000000e+00  2.9359430844e+06  2.9359430844e+06  -1.9500000000e+07
-2.4393848462e-01  2.2900000000e+00  2.9359430844e+06  2.9359430844e+06  -1.9500000000e+07
-2.4366091523e-01  2.2900000000e+00  2.9359430844e+06  2.9359430844e+06  -1.9500000000e+07
-2.4338334584e-01  2.2900000000e+00  2.9359430844e+06  2.9359430844e+06  -1.9500000000e+07
-2.4310577644e-01  2.2900000000e+00  2.9359430844e+06  2.9359430844e+06  -1.9500000000e+07
-2.4282820705e-01  2.2900000000e+00  2.9359430844e+06  2.9359430844e+06  -1.9500000000e+07
-2.4255063766e-01  2.2900000000e+00  2.9359430844e+06  2.9359430844e+06  -1.9500000000e+07
-2.4227306827e-01  2.2900000000e+00  2.9359430844e+06  2.9359430844e+06  -1.9500000000e+07
-2.4199549887e-01  2.2900000000e+00  2.9359430844e+06  2.9359430844e+06  -1.9500000000e+07
-2.4171792948e-01  2.2900000000e+00  2.9359430844e+06  2.9359430844e+06  -1.9500000000e+07
-2.4144036009e-01  2.2900000000e+00  2.9359430844e+06  2.9359430844e+06  -1.9500000000e+07
-2.4116279070e-01  2.2900000000e+00  2.9359430844e+06  2.9359430844e+06  -1.9500000000e+07
-2.4088522131e-01  2.2900000000e+00  2.9359430844e+06  2.9359430844e+06  -1.9500000000e+07
-2.4060765191e-01  2.2900000000e+00  2.9359430844e+06  2.9359430844e+06  -1.9500000000e+07
-2.4033008252e-01  2.2900000000e+00  2.9359430844e+06  2.9359430844e+06  -1.9500000000e+07
-2.4005251313e-01  2.2900000000e+00  2.9359430844e+06  2.9359430844e+06  -1.9500000000e+07
-2.3977494374e-01  2.2900000000e+00  2.9359430844e+06  2.9359430844e+06  -1.9500000000e+07
-2.3949737434e-01  2.2900000000e+00  2.9359430844e+06  2.9359430844e+06  -1.9500000000e+07
-2.3921980495e-01  2.2900000000e+00  2.9359430844e+06  2.9359430844e+06  -1.9500000000e+07
-2.3894223556e-01  2.2900000000e+00  2.9359430844e+06  2.9359430844e+06  -1.9500000000e+07
-2.3866466617e-01  2.2900000000e+00  2.9359430844e+06  2.9359430844e+06  -1.9500000000e+07
-2.3838709677e-01  2.2900000000e+00  2.9359430844e+06  2.9359430844e+06  -1.9500000000e+07
-2.3810952738e-01  2.2900000000e+00  2.9359430844e+06  2.9359430844e+06  -1.9500000000e+07
-2.3783195799e-01  2.2900000000e+00  2.9359430844e+06  2.9359430844e+06  -1.9500000000e+07
-2.3755438860e-01  2.2900000000e+00  2.9359430844e+06  2.9359430844e+06  -1.9500000000e+07
-2.3727681920e-01  2.2900000000e+00  2.9359430844e+06  2.9359430844e+06  -1.9500000000e+07
-2.3699924981e-01  2.2900000000e+00  2.9359430844e+06  2.9359430844e+06  -1.9500000000e+07
-2.3672168042e-01  2.2900000000e+00  2.9359430844e+06  2.9359430844e+06  -1.9500000000e+07
-2.3644411103e-01  2.2900000000e+00  2.9359430844e+06  2.9359430844e+06  -1.9500000000e+07
-2.3616654164e-01  2.2900000000e+00  2.9359430844e+06  2.9359430844e+06  -1.9500000000e+07
-2.3588897224e-01  2.2900000000e+00  2.9359430844e+06  2.9359430844e+06  -1.9500000000e+07
-2.3561140285e-01  2.2900000000e+00  2.9359430844e+06  2.9359430844e+06  -1.9500000000e+07
-2.3533383346e-01  2.2900000000e+00  2.9359430844e+06  2.9359430844e+06  -1.9500000000e+07
-2.3505626407e-01  2.2900000000e+00  2.9359430844e+06  2.9359430844e+06  -1.9500000000e+07
-2.3477869467e-01  2.2900000000e+00  2.9359430844e+06  2.9359430844e+06  -1.9500000000e+07
-2.3450112528e-01  2.2900000000e+00  2.9359430844e+06  2.9359430844e+06  -1.9500000000e+07
-2.3422355589e-01  2.2900000000e+00  2.9359430844e+06  2.9359430844e+06  -1.9500000000e+07
-2.3394598650e-01  2.2900000000e+00  2.9359430844e+06  2.9359430844e+06  -1.9500000000e+07
-2.3366841710e-01  2.2900000000e+00  2.9359430844e+06  2.9359430844e+06  -1.9500000000e+07
-2.3339084771e-01  2.2900000000e+00  2.9359430844e+06  2.9359430844e+06  -1.9500000000e+07
-2.3311327832e-01  2.2900000000e+00  2.9359430844e+06  2.9359430844e+06  -1.9500000000e+07
-2.3283570893e-01  2.2900000000e+00  2.9359430844e+06  2.9359430844e+06  -1.9500000000e+07
-2.3255813953e-01  2.2900000000e+00  2.9359430844e+06  2.9359430844e+06  -1.9500000000e+07
-2.3228057014e-01  2.2900000000e+00  2.9359430844e+06  2.9359430844e+06  -1.9500000000e+07
-2.3200300075e-01  2.2900000000e+00  2.9359430844e+06  2.9359430844e+06  -1.9500000000e+07
-2.3172543136e-01  2.2900000000e+00  2.9359430844e+06  2.9359430844e+06  -1.9500000000e+07
-2.3144786197e-01  2.2900000000e+00  2.9359430844e+06  2.9359430844e+06  -1.9500000000e+07
-2.3117029257e-01  2.2900000000e+00  2.9359430844e+06  2.9359430844e+06  -1.9500000000e+07
-2.3089272318e-01  2.2900000000e+00  2.9359430844e+06  2.9359430844e+06  -1.9500000000e+07
-2.3061515379e-01  2.2900000000e+00  2.9359430844e+06  2.9359430844e+06  -1.9500000000e+07
-2.3033758440e-01  2.2900000000e+00  2.9359430844e+06  2.9359430844e+06  -1.9500000000e+07
-2.3006001500e-01  2.2900000000e+00  2.9359430844e+06  2.9359430844e+06  -1.9500000000e+07
-2.2978244561e-01  2.2900000000e+00  2.9359430844e+06  2.9359430844e+06  -1.9500000000e+07
-2.2950487622e-01  2.2900000000e+00  2.9359430844e+06  2.9359430844e+06  -1.9500000000e+07
-2.2922730683e-01  2.2900000000e+00  2.9359430844e+06  2.9359430844e+06  -1.9500000000e+07
-2.2894973743e-01  2.2900000000e+00  2.9359430844e+06  2.9359430844e+06  -1.9500000000e+07
-2.2867216804e-01  2.2900000000e+00  2.9359430844e+06  2.9359430844e+06  -1.9500000000e+07
-2.2839459865e-01  2.2900000000e+00  2.9359430844e+06  2.9359430844e+06  -1.9500000000e+07
-2.2811702926e-01  2.2900000000e+00  2.9359430844e+06  2.9359430844e+06  -1.9500000000e+07
-2.2783945986e-01  2.2900000000e+00  2.9359430844e+06  2.9359430844e+06  -1.9500000000e+07
-2.2756189047e-01  2.2900000000e+00  2.9359430844e+06  2.9359430844e+06  -1.9500000000e+07
-2.2728432108e-01  2.2900000000e+00  2.9359430844e+06  2.9359430844e+06  -1.9500000000e+07
-2.2700675169e-01  2.2900000000e+00  2.9359430844e+06  2.9359430844e+06  -1.9500000000e+07
-2.2672918230e-01  2.2900000000e+00  2.9359430844e+06  2.9359430844e+06  -1.9500000000e+07
-2.2645161290e-01  2.2900000000e+00  2.9359430844e+06  2.9359430844e+06  -1.9500000000e+07
-2.2617404351e-01  2.2900000000e+00  2.9359430844e+06  2.9359430844e+06  -1.9500000000e+07
-2.2589647412e-01  2.2900000000e+00  2.9359430844e+06  2.9359430844e+06  -1.9500000000e+07
-2.2561890473e-01  2.2900000000e+00  2.9359430844e+06  2.9359430844e+06  -1.9500000000e+07
-2.2534133533e-01  2.2900000000e+00  2.9359430844e+06  2.9359430844e+06  -1.9500000000e+07
-2.2506376594e-01  2.2900000000e+00  2.9359430844e+06  2.9359430844e+06  -1.9500000000e+07
-2.2478619655e-01  2.2900000000e+00  2.9359430844e+06  2.9359430844e+06  -1.9500000000e+07
-2.2450862716e-01  2.2900000000e+00  2.9359430844e+06  2.9359430844e+06  -1.9500000000e+07
-2.2423105776e-01  2.2900000000e+00  2.9359430844e+06  2.9359430844e+06  -1.9500000000e+07
-2.2395348837e-01  2.2900000000e+00  2.9359430844e+06  2.9359430844e+06  -1.9500000000e+07
-2.2367591898e-01  2.2900000000e+00  2.9359430844e+06  2.9359430844e+06  -1.9500000000e+07
-2.2339834959e-01  2.2900000000e+00  2.9359430844e+06  2.9359430844e+06  -1.9500000000e+07
-2.2312078020e-01  2.2900000000e+00  2.9359430844e+06  2.9359430844e+06  -1.9500000000e+07
-2.2284321080e-01  2.2900000000e+00  2.9359430844e+06  2.9359430844e+06  -1.9500000000e+07
-2.2256564141e-01  2.2900000000e+00  2.9359430844e+06  2.9359430844e+06  -1.9500000000e+07
-2.2228807202e-01  2.2900000000e+00  2.9359430844e+06  2.9359430844e+06  -1.9500000000e+07
-2.2201050263e-01  2.2900000000e+00  2.9359430844e+06  2.9359430844e+06  -1.9500000000e+07
-2.2173293323e-01  2.2900000000e+00  2.9359430844e+06  2.9359430844e+06  -1.9500000000e+07
-2.2145536384e-01  2.2900000000e+00  2.9359430844e+06  2.9359430844e+06  -1.9500000000e+07
-2.2117779445e-01  2.2900000000e+00  2.9359430844e+06  2.9359430844e+06  -1.9500000000e+07
-2.2090022506e-01  2.2900000000e+00  2.9359430844e+06  2.9359430844e+06  -1.9500000000e+07
-2.2062265566e-01  2.2900000000e+00  2.9359430844e+06  2.9359430844e+06  -1.9500000000e+07
-2.2034508627e-01  2.2900000000e+00  2.9359430844e+06  2.9359430844e+06  -1.9500000000e+07
-2.2006751688e-01  2.2900000000e+00  2.9359430844e+06  2.9359430844e+06  -1.9500000000e+07
-2.1978994749e-01  2.2900000000e+00  2.9359430844e+06  2.9359430844e+06  -1.9500000000e+07
-2.1951237809e-01  2.2900000000e+00  2.9359430844e+06  2.9359430844e+06  -1.9500000000e+07
-2.1923480870e-01  2.2900000000e+00  2.9359430844e+06  2.9359430844e+06  -1.9500000000e+07
-2.1895723931e-01  2.2900000000e+00  2.9359430844e+06  2.9359430844e+06  -1.9500000000e+07
-2.1867966992e-01  2.2900000000e+00  2.9359430844e+06  2.9359430844e+06  -1.9500000000e+07
-2.1840210053e-01  2.2900000000e+00  2.9359430844e+06  2.9359430844e+06  -1.9500000000e+07
-2.1812453113e-01  2.2900000000e+00  2.9359430844e+06  2.9359430844e+06  -1.9500000000e+07
-2.1784696174e-01  2.2900000000e+00  2.9359430844e+06  2.9359430844e+06  -1.9500000000e+07
-2.1756939235e-01  2.2900000000e+00  2.9359430844e+06  2.9359430844e+06  -1.9500000000e+07
-2.1729182296e-01  2.2900000000e+00  2.9359430844e+06  2.9359430844e+06  -1.9500000000e+07
-2.1701425356e-01  2.2900000000e+00  2.9359430844e+06  2.9359430844e+06  -1.9500000000e+07
-2.1673668417e-01  2.2900000000e+00  2.9359430844e+06  2.9359430844e+06  -1.9500000000e+07
-2.1645911478e-01  2.2900000000e+00  2.9359430844e+06  2.9359430844e+06  -1.9500000000e+07
-2.1618154539e-01  2.2900000000e+00  2.9359430844e+06  2.9359430844e+06  -1.9500000000e+07
-2.1590397599e-01  2.2900000000e+00  2.9359430844e+06  2.9359430844e+06  -1.9500000000e+07
-2.1562640660e-01  2.2900000000e+00  2.9359430844e+06  2.9359430844e+06  -1.9500000000e+07
-2.1534883721e-01  2.2900000000e+00  2.9359430844e+06  2.9359430844e+06  -1.9500000000e+07
-2.1507126782e-01  2.2900000000e+00  2.9359430844e+06  2.9359430844e+06  -1.9500000000e+07
-2.1479369842e-01  2.2900000000e+00  2.9359430844e+06  2.9359430844e+06  -1.9500000000e+07
-2.1451612903e-01  2.2900000000e+00  2.9359430844e+06  2.9359430844e+06  -1.9500000000e+07
-2.1423855964e-01  2.2900000000e+00  2.9359430844e+06  2.9359430844e+06  -1.9500000000e+07
-2.1396099025e-01  2.2900000000e+00  2.9359430844e+06  2.9359430844e+06  -1.9500000000e+07
-2.1368342086e-01  2.2900000000e+00  2.9359430844e+06  2.9359430844e+06  -1.9500000000e+07
-2.1340585146e-01  2.2900000000e+00  2.9359430844e+06  2.9359430844e+06  -1.9500000000e+07
-2.1312828207e-01  2.2900000000e+00  2.9359430844e+06  2.9359430844e+06  -1.9500000000e+07
-2.1285071268e-01  2.2900000000e+00  2.9359430844e+06  2.9359430844e+06  -1.9500000000e+07
-2.1257314329e-01  2.2900000000e+00  2.9359430844e+06  2.9359430844e+06  -1.9500000000e+07
-2.1229557389e-01  2.2900000000e+00  2.9359430844e+06  2.9359430844e+06  -1.9500000000e+07
-2.1201800450e-01  2.2900000000e+00  2.9359430844e+06  2.9359430844e+06  -1.9500000000e+07
-2.1174043511e-01  2.2900000000e+00  2.9359430844e+06  2.9359430844e+06  -1.9500000000e+07
-2.1146286572e-01  2.2900000000e+00  2.9359430844e+06  2.9359430844e+06  -1.9500000000e+07
-2.1118529632e-01  2.2900000000e+00  2.9359430844e+06  2.9359430844e+06  -1.9500000000e+07
-2.1090772693e-01  2.2900000000e+00  2.9359430844e+06  2.9359430844e+06  -1.9500000000e+07
-2.1063015754e-01  2.2900000000e+00  2.9359430844e+06  2.9359430844e+06  -1.9500000000e+07
-2.1035258815e-01  2.2900000000e+00  2.9359430844e+06  2.9359430844e+06  -1.9500000000e+07
-2.1007501875e-01  2.2900000000e+00  2.9359430844e+06  2.9359430844e+06  -1.9500000000e+07
-2.0979744936e-01  2.2900000000e+00  2.9359430844e+06  2.9359430844e+06  -1.9500000000e+07
-2.0951987997e-01  2.2900000000e+00  2.9359430844e+06  2.9359430844e+06  -1.9500000000e+07
-2.0924231058e-01  2.2900000000e+00  2.9359430844e+06  2.9359430844e+06  -1.9500000000e+07
-2.0896474119e-01  2.2900000000e+00  2.9359430844e+06  2.9359430844e+06  -1.9500000000e+07
-2.0868717179e-01  2.2900000000e+00  2.9359430844e+06  2.9359430844e+06  -1.9500000000e+07
-2.0840960240e-01  2.2900000000e+00  2.9359430844e+06  2.9359430844e+06  -1.9500000000e+07
-2.0813203301e-01  2.2900000000e+00  2.9359430844e+06  2.9359430844e+06  -1.9500000000e+07
-2.0785446362e-01  2.2900000000e+00  2.9359430844e+06  2.9359430844e+06  -1.9500000000e+07
-2.0757689422e-01  2.2900000000e+00  2.9359430844e+06  2.9359430844e+06  -1.9500000000e+07
-2.0729932483e-01  2.2900000000e+00  2.9359430844e+06  2.9359430844e+06  -1.9500000000e+07
-2.0702175544e-01  2.2900000000e+00  2.9359430844e+06  2.9359430844e+06  -1.9500000000e+07
-2.0674418605e-01  2.2900000000e+00  2.9359430844e+06  2.9359430844e+06  -1.9500000000e+07
-2.0646661665e-01  2.2900000000e+00  2.9359430844e+06  2.9359430844e+06  -1.9500000000e+07
-2.0618904726e-01  2.2900000000e+00  2.9359430844e+06  2.9359430844e+06  -1.9500000000e+07
-2.0591147787e-01  2.2900000000e+00  2.9359430844e+06  2.9359430844e+06  -1.9500000000e+07
-2.0563390848e-01  2.2900000000e+00  2.9359430844e+06  2.9359430844e+06  -1.9500000000e+07
-2.0535633908e-01  2.2900000000e+00  2.9359430844e+06  2.9359430844e+06  -1.9500000000e+07
-2.0507876969e-01  2.2900000000e+00  2.9359430844e+06  2.9359430844e+06  -1.9500000000e+07
-2.0480120030e-01  2.2900000000e+00  2.9359430844e+06  2.9359430844e+06  -1.9500000000e+07
-2.0452363091e-01  2.2900000000e+00  2.9359430844e+06  2.9359430844e+06  -1.9500000000e+07
-2.0424606152e-01  2.2900000000e+00  2.9359430844e+06  2.9359430844e+06  -1.9500000000e+07
-2.0396849212e-01  2.2900000000e+00  2.9359430844e+06  2.9359430844e+06  -1.9500000000e+07
-2.0369092273e-01  2.2900000000e+00  2.9359430844e+06  2.9359430844e+06  -1.9500000000e+07
-2.0341335334e-01  2.2900000000e+00  2.9359430844e+06  2.9359430844e+06  -1.9500000000e+07
-2.0313578395e-01  2.2900000000e+00  2.9359430844e+06  2.9359430844e+06  -1.9500000000e+07
-2.0285821455e-01  2.2900000000e+00  2.9359430844e+06  2.9359430844e+06  -1.9500000000e+07
-2.0258064516e-01  2.2900000000e+00  2.9359430844e+06  2.9359430844e+06  -1.9500000000e+07
-2.0230307577e-01  2.2900000000e+00  2.9359430844e+06  2.9359430844e+06  -1.9500000000e+07
-2.0202550638e-01  2.2900000000e+00  2.9359430844e+06  2.9359430844e+06  -1.9500000000e+07
-2.0174793698e-01  2.2900000000e+00  2.9359430844e+06  2.9359430844e+06  -1.9500000000e+07
-2.0147036759e-01  2.2900000000e+00  2.9359430844e+06  2.9359430844e+06  -1.9500000000e+07
-2.0119279820e-01  2.2900000000e+00  2.9359430844e+06  2.9359430844e+06  -1.9500000000e+07
-2.0091522881e-01  2.2900000000e+00  2.9359430844e+06  2.9359430844e+06  -1.9500000000e+07
-2.0063765941e-01  2.2900000000e+00  2.9359430844e+06  2.9359430844e+06  -1.9500000000e+07
-2.0036009002e-01  2.2900000000e+00  2.9359430844e+06  2.9359430844e+06  -1.9500000000e+07
-2.0008252063e-01  2.2900000000e+00  2.9359430844e+06  2.9359430844e+06  -1.9500000000e+07
-1.9980495124e-01  2.2900000000e+00  2.9359430844e+06  2.9359430844e+06  -1.9500000000e+07
-1.9952738185e-01  2.2900000000e+00  2.9359430844e+06  2.9359430844e+06  -1.9500000000e+07
-1.9924981245e-01  2.2900000000e+00  2.9359430844e+06  2.9359430844e+06  -1.9500000000e+07
-1.9897224306e-01  2.2900000000e+00  2.9359430844e+06  2.9359430844e+06  -1.9500000000e+07
-1.9869467367e-01  2.2900000000e+00  2.9359430844e+06  2.9359430844e+06  -1.9500000000e+07
-1.9841710428e-01  2.2900000000e+00  2.9359430844e+06  2.9359430844e+06  -1.9500000000e+07
-1.9813953488e-01  2.2900000000e+00  2.9359430844e+06  2.9359430844e+06  -1.9500000000e+07
-1.9786196549e-01  2.2900000000e+00  2.9359430844e+06  2.9359430844e+06  -1.9500000000e+07
-1.9758439610e-01  2.2900000000e+00  2.9359430844e+06  2.9359430844e+06  -1.9500000000e+07
-1.9730682671e-01  2.2900000000e+00  2.9359430844e+06  2.9359430844e+06  -1.9500000000e+07
-1.9702925731e-01  2.2900000000e+00  2.9359430844e+06  2.9359430844e+06  -1.9500000000e+07
-1.9675168792e-01  2.2900000000e+00  2.9359430844e+06  2.9359430844e+06  -1.9500000000e+07
-1.9647411853e-01  2.2900000000e+00  2.9359430844e+06  2.9359430844e+06  -1.9500000000e+07
-1.9619654914e-01  2.2900000000e+00  2.9359430844e+06  2.9359430844e+06  -1.9500000000e+07
-1.9591897974e-01  2.2900000000e+00  2.9359430844e+06  2.9359430844e+06  -1.9500000000e+07
-1.9564141035e-01  2.2900000000e+00  2.9359430844e+06  2.9359430844e+06  -1.9500000000e+07
-1.9536384096e-01  2.2900000000e+00  2.9359430844e+06  2.9359430844e+06  -1.9500000000e+07
-1.9508627157e-01  2.2900000000e+00  2.9359430844e+06  2.9359430844e+06  -1.9500000000e+07
-1.9480870218e-01  2.2900000000e+00  2.9359430844e+06  2.9359430844e+06  -1.9500000000e+07
-1.9453113278e-01  2.2900000000e+00  2.9359430844e+06  2.9359430844e+06  -1.9500000000e+07
-1.9425356339e-01  2.2900000000e+00  2.9359430844e+06  2.9359430844e+06  -1.9500000000e+07
-1.9397599400e-01  2.2900000000e+00  2.9359430844e+06  2.9359430844e+06  -1.9500000000e+07
-1.9369842461e-01  2.2900000000e+00  2.9359430844e+06  2.9359430844e+06  -1.9500000000e+07
-1.9342085521e-01  2.2900000000e+00  2.9359430844e+06  2.9359430844e+06  -1.9500000000e+07
-1.9314328582e-01  2.2900000000e+00  2.9359430844e+06  2.9359430844e+06  -1.9500000000e+07
-1.9286571643e-01  2.2900000000e+00  2.9359430844e+06  2.9359430844e+06  -1.9500000000e+07
-1.9258814704e-01  2.2900000000e+00  2.9359430844e+06  2.9359430844e+06  -1.9500000000e+07
-1.9231057764e-01  2.2900000000e+00  2.9359430844e+06  2.9359430844e+06  -1.9500000000e+07
-1.9203300825e-01  2.2900000000e+00  2.9359430844e+06  2.9359430844e+06  -1.9500000000e+07
-1.9175543886e-01  2.2900000000e+00  2.9359430844e+06  2.9359430844e+06  -1.9500000000e+07
-1.9147786947e-01  2.2900000000e+00  2.9359430844e+06  2.9359430844e+06  -1.9500000000e+07
-1.9120030008e-01  2.2900000000e+00  2.9359430844e+06  2.9359430844e+06  -1.9500000000e+07
-1.9092273068e-01  2.2900000000e+00  2.9359430844e+06  2.9359430844e+06  -1.9500000000e+07
-1.9064516129e-01  2.2900000000e+00  2.9359430844e+06  2.9359430844e+06  -1.9500000000e+07
-1.9036759190e-01  2.2900000000e+00  2.9359430844e+06  2.9359430844e+06  -1.9500000000e+07
-1.9009002251e-01  2.2900000000e+00  2.9359430844e+06  2.9359430844e+06  -1.9500000000e+07
-1.8981245311e-01  2.2900000000e+00  2.9359430844e+06  2.9359430844e+06  -1.9500000000e+07
-1.8953488372e-01  2.2900000000e+00  2.9359430844e+06  2.9359430844e+06  -1.9500000000e+07
-1.8925731433e-01  2.2900000000e+00  2.9359430844e+06  2.9359430844e+06  -1.9500000000e+07
-1.8897974494e-01  2.2900000000e+00  2.9359430844e+06  2.9359430844e+06  -1.9500000000e+07
-1.8870217554e-01  2.2900000000e+00  2.9359430844e+06  2.9359430844e+06  -1.9500000000e+07
-1.8842460615e-01  2.2900000000e+00  2.9359430844e+06  2.9359430844e+06  -1.9500000000e+07
-1.8814703676e-01  2.2900000000e+00  2.9359430844e+06  2.9359430844e+06  -1.9500000000e+07
-1.8786946737e-01  2.2900000000e+00  2.9359430844e+06  2.9359430844e+06  -1.9500000000e+07
-1.8759189797e-01  2.2900000000e+00  2.9359430844e+06  2.9359430844e+06  -1.9500000000e+07
-1.8731432858e-01  2.2900000000e+00  2.9359430844e+06  2.9359430844e+06  -1.9500000000e+07
-1.8703675919e-01  2.2900000000e+00  2.9359430844e+06  2.9359430844e+06  -1.9500000000e+07
-1.8675918980e-01  2.2900000000e+00  2.9359430844e+06  2.9359430844e+06  -1.9500000000e+07
-1.8648162041e-01  2.2900000000e+00  2.9359430844e+06  2.9359430844e+06  -1.9500000000e+07
-1.8620405101e-01  2.2900000000e+00  2.9359430844e+06  2.9359430844e+06  -1.9500000000e+07
-1.8592648162e-01  2.2900000000e+00  2.9359430844e+06  2.9359430844e+06  -1.9500000000e+07
-1.8564891223e-01  2.2900000000e+00  2.9359430844e+06  2.9359430844e+06  -1.9500000000e+07
-1.8537134284e-01  2.2900000000e+00  2.9359430844e+06  2.9359430844e+06  -1.9500000000e+07
-1.8509377344e-01  2.2900000000e+00  2.9359430844e+06  2.9359430844e+06  -1.9500000000e+07
-1.8481620405e-01  2.2900000000e+00  2.9359430844e+06  2.9359430844e+06  -1.9500000000e+07
-1.8453863466e-01  2.2900000000e+00  2.9359430844e+06  2.9359430844e+06  -1.9500000000e+07
-1.8426106527e-01  2.2900000000e+00  2.9359430844e+06  2.9359430844e+06  -1.9500000000e+07
-1.8398349587e-01  2.2900000000e+00  2.9359430844e+06  2.9359430844e+06  -1.9500000000e+07
-1.8370592648e-01  2.2900000000e+00  2.9359430844e+06  2.9359430844e+06  -1.9500000000e+07
-1.8342835709e-01  2.2900000000e+00  2.9359430844e+06  2.9359430844e+06  -1.9500000000e+07
-1.8315078770e-01  2.2900000000e+00  2.9359430844e+06  2.9359430844e+06  -1.9500000000e+07
-1.8287321830e-01  2.2900000000e+00  2.9359430844e+06  2.9359430844e+06  -1.9500000000e+07
-1.8259564891e-01  2.2900000000e+00  2.9359430844e+06  2.9359430844e+06  -1.9500000000e+07
-1.8231807952e-01  2.2900000000e+00  2.9359430844e+06  2.9359430844e+06  -1.9500000000e+07
-1.8204051013e-01  2.2900000000e+00  2.9359430844e+06  2.9359430844e+06  -1.9500000000e+07
-1.8176294074e-01  2.2900000000e+00  2.9359430844e+06  2.9359430844e+06  -1.9500000000e+07
-1.8148537134e-01  2.2900000000e+00  2.9359430844e+06  2.9359430844e+06  -1.9500000000e+07
-1.8120780195e-01  2.2900000000e+00  2.9359430844e+06  2.9359430844e+06  -1.9500000000e+07
-1.8093023256e-01  2.2900000000e+00  2.9359430844e+06  2.9359430844e+06  -1.9500000000e+07
-1.8065266317e-01  2.2900000000e+00  2.9359430844e+06  2.9359430844e+06  -1.9500000000e+07
-1.8037509377e-01  2.2900000000e+00  2.9359430844e+06  2.9359430844e+06  -1.9500000000e+07
-1.8009752438e-01  2.2900000000e+00  2.9359430844e+06  2.9359430844e+06  -1.9500000000e+07
-1.7981995499e-01  2.2900000000e+00  2.9359430844e+06  2.9359430844e+06  -1.9500000000e+07
-1.7954238560e-01  2.2900000000e+00  2.9359430844e+06  2.9359430844e+06  -1.9500000000e+07
-1.7926481620e-01  2.2900000000e+00  2.9359430844e+06  2.9359430844e+06  -1.9500000000e+07
-1.7898724681e-01  2.2900000000e+00  2.9359430844e+06  2.9359430844e+06  -1.9500000000e+07
-1.7870967742e-01  2.2900000000e+00  2.9359430844e+06  2.9359430844e+06  -1.9500000000e+07
-1.7843210803e-01  2.2900000000e+00  2.9359430844e+06  2.9359430844e+06  -1.9500000000e+07
-1.7815453863e-01  2.2900000000e+00  2.9359430844e+06  2.9359430844e+06  -1.9500000000e+07
-1.7787696924e-01  2.2900000000e+00  2.9359430844e+06  2.9359430844e+06  -1.9500000000e+07
-1.7759939985e-01  2.2900000000e+00  2.9359430844e+06  2.9359430844e+06  -1.9500000000e+07
-1.7732183046e-01  2.2900000000e+00  2.9359430844e+06  2.9359430844e+06  -1.9500000000e+07
-1.7704426107e-01  2.2900000000e+00  2.9359430844e+06  2.9359430844e+06  -1.9500000000e+07
-1.7676669167e-01  2.2900000000e+00  2.9359430844e+06  2.9359430844e+06  -1.9500000000e+07
-1.7648912228e-01  2.2900000000e+00  2.9359430844e+06  2.9359430844e+06  -1.9500000000e+07
-1.7621155289e-01  2.2900000000e+00  2.9359430844e+06  2.9359430844e+06  -1.9500000000e+07
-1.7593398350e-01  2.2900000000e+00  2.9359430844e+06  2.9359430844e+06  -1.9500000000e+07
-1.7565641410e-01  2.2900000000e+00  2.9359430844e+06  2.9359430844e+06  -1.9500000000e+07
-1.7537884471e-01  2.2900000000e+00  2.9359430844e+06  2.9359430844e+06  -1.9500000000e+07
-1.7510127532e-01  2.2900000000e+00  2.9359430844e+06  2.9359430844e+06  -1.9500000000e+07
-1.7482370593e-01  2.2900000000e+00  2.9359430844e+06  2.9359430844e+06  -1.9500000000e+07
-1.7454613653e-01  2.2900000000e+00  2.9359430844e+06  2.9359430844e+06  -1.9500000000e+07
-1.7426856714e-01  2.2900000000e+00  2.9359430844e+06  2.9359430844e+06  -1.9500000000e+07
-1.7399099775e-01  2.2900000000e+00  2.9359430844e+06  2.9359430844e+06  -1.9500000000e+07
-1.7371342836e-01  2.2900000000e+00  2.9359430844e+06  2.9359430844e+06  -1.9500000000e+07
-1.7343585896e-01  2.2900000000e+00  2.9359430844e+06  2.9359430844e+06  -1.9500000000e+07
-1.7315828957e-01  2.2900000000e+00  2.9359430844e+06  2.9359430844e+06  -1.9500000000e+07
-1.7288072018e-01  2.2900000000e+00  2.9359430844e+06  2.9359430844e+06  -1.9500000000e+07
-1.7260315079e-01  2.2900000000e+00  2.9359430844e+06  2.9359430844e+06  -1.9500000000e+07
-1.7232558140e-01  2.2900000000e+00  2.9359430844e+06  2.9359430844e+06  -1.9500000000e+07
-1.7204801200e-01  2.2900000000e+00  2.9359430844e+06  2.9359430844e+06  -1.9500000000e+07
-1.7177044261e-01  2.2900000000e+00  2.9359430844e+06  2.9359430844e+06  -1.9500000000e+07
-1.7149287322e-01  2.2900000000e+00  2.9359430844e+06  2.9359430844e+06  -1.9500000000e+07
-1.7121530383e-01  2.2900000000e+00  2.9359430844e+06  2.9359430844e+06  -1.9500000000e+07
-1.7093773443e-01  2.2900000000e+00  2.9359430844e+06  2.9359430844e+06  -1.9500000000e+07
-1.7066016504e-01  2.2900000000e+00  2.9359430844e+06  2.9359430844e+06  -1.9500000000e+07
-1.7038259565e-01  2.2900000000e+00  2.9359430844e+06  2.9359430844e+06  -1.9500000000e+07
-1.7010502626e-01  2.2900000000e+00  2.9359430844e+06  2.9359430844e+06  -1.9500000000e+07
-1.6982745686e-01  2.2900000000e+00  2.9359430844e+06  2.9359430844e+06  -1.9500000000e+07
-1.6954988747e-01  2.2900000000e+00  2.9359430844e+06  2.9359430844e+06  -1.9500000000e+07
-1.6927231808e-01  2.2900000000e+00  2.9359430844e+06  2.9359430844e+06  -1.9500000000e+07
-1.6899474869e-01  2.2900000000e+00  2.9359430844e+06  2.9359430844e+06  -1.9500000000e+07
-1.6871717929e-01  2.2900000000e+00  2.9359430844e+06  2.9359430844e+06  -1.9500000000e+07
-1.6843960990e-01  2.2900000000e+00  2.9359430844e+06  2.9359430844e+06  -1.9500000000e+07
-1.6816204051e-01  2.2900000000e+00  2.9359430844e+06  2.9359430844e+06  -1.9500000000e+07
-1.6788447112e-01  2.2900000000e+00  2.9359430844e+06  2.9359430844e+06  -1.9500000000e+07
-1.6760690173e-01  2.2900000000e+00  2.9359430844e+06  2.9359430844e+06  -1.9500000000e+07
-1.6732933233e-01  2.2900000000e+00  2.9359430844e+06  2.9359430844e+06  -1.9500000000e+07
-1.6705176294e-01  2.2900000000e+00  2.9359430844e+06  2.9359430844e+06  -1.9500000000e+07
-1.6677419355e-01  2.2900000000e+00  2.9359430844e+06  2.9359430844e+06  -1.9500000000e+07
-1.6649662416e-01  2.2900000000e+00  2.9359430844e+06  2.9359430844e+06  -1.9500000000e+07
-1.6621905476e-01  2.2900000000e+00  2.9359430844e+06  2.9359430844e+06  -1.9500000000e+07
-1.6594148537e-01  2.2900000000e+00  2.9359430844e+06  2.9359430844e+06  -1.9500000000e+07
-1.6566391598e-01  2.2900000000e+00  2.9359430844e+06  2.9359430844e+06  -1.9500000000e+07
-1.6538634659e-01  2.2900000000e+00  2.9359430844e+06  2.9359430844e+06  -1.9500000000e+07
-1.6510877719e-01  2.2900000000e+00  2.9359430844e+06  2.9359430844e+06  -1.9500000000e+07
-1.6483120780e-01  2.2900000000e+00  2.9359430844e+06  2.9359430844e+06  -1.9500000000e+07
-1.6455363841e-01  2.2900000000e+00  2.9359430844e+06  2.9359430844e+06  -1.9500000000e+07
-1.6427606902e-01  2.2900000000e+00  2.9359430844e+06  2.9359430844e+06  -1.9500000000e+07
-1.6399849962e-01  2.2900000000e+00  2.9359430844e+06  2.9359430844e+06  -1.9500000000e+07
-1.6372093023e-01  2.2900000000e+00  2.9359430844e+06  2.9359430844e+06  -1.9500000000e+07
-1.6344336084e-01  2.2900000000e+00  2.9359430844e+06  2.9359430844e+06  -1.9500000000e+07
-1.6316579145e-01  2.2900000000e+00  2.9359430844e+06  2.9359430844e+06  -1.9500000000e+07
-1.6288822206e-01  2.2900000000e+00  2.9359430844e+06  2.9359430844e+06  -1.9500000000e+07
-1.6261065266e-01  2.2900000000e+00  2.9359430844e+06  2.9359430844e+06  -1.9500000000e+07
-1.6233308327e-01  2.2900000000e+00  2.9359430844e+06  2.9359430844e+06  -1.9500000000e+07
-1.6205551388e-01  2.2900000000e+00  2.9359430844e+06  2.9359430844e+06  -1.9500000000e+07
-1.6177794449e-01  2.2900000000e+00  2.9359430844e+06  2.9359430844e+06  -1.9500000000e+07
-1.6150037509e-01  2.2900000000e+00  2.9359430844e+06  2.9359430844e+06  -1.9500000000e+07
-1.6122280570e-01  2.2900000000e+00  2.9359430844e+06  2.9359430844e+06  -1.9500000000e+07
-1.6094523631e-01  2.2900000000e+00  2.9359430844e+06  2.9359430844e+06  -1.9500000000e+07
-1.6066766692e-01  2.2900000000e+00  2.9359430844e+06  2.9359430844e+06  -1.9500000000e+07
-1.6039009752e-01  2.2900000000e+00  2.9359430844e+06  2.9359430844e+06  -1.9500000000e+07
-1.6011252813e-01  2.2900000000e+00  2.9359430844e+06  2.9359430844e+06  -1.9500000000e+07
-1.5983495874e-01  2.2900000000e+00  2.9359430844e+06  2.9359430844e+06  -1.9500000000e+07
-1.5955738935e-01  2.2900000000e+00  2.9359430844e+06  2.9359430844e+06  -1.9500000000e+07
-1.5927981995e-01  2.2900000000e+00  2.9359430844e+06  2.9359430844e+06  -1.9500000000e+07
-1.5900225056e-01  2.2900000000e+00  2.9359430844e+06  2.9359430844e+06  -1.9500000000e+07
-1.5872468117e-01  2.2900000000e+00  2.9359430844e+06  2.9359430844e+06  -1.9500000000e+07
-1.5844711178e-01  2.2900000000e+00  2.9359430844e+06  2.9359430844e+06  -1.9500000000e+07
-1.5816954239e-01  2.2900000000e+00  2.9359430844e+06  2.9359430844e+06  -1.9500000000e+07
-1.5789197299e-01  2.2900000000e+00  2.9359430844e+06  2.9359430844e+06  -1.9500000000e+07
-1.5761440360e-01  2.2900000000e+00  2.9359430844e+06  2.9359430844e+06  -1.9500000000e+07
-1.5733683421e-01  2.2900000000e+00  2.9359430844e+06  2.9359430844e+06  -1.9500000000e+07
-1.5705926482e-01  2.2900000000e+00  2.9359430844e+06  2.9359430844e+06  -1.9500000000e+07
-1.5678169542e-01  2.2900000000e+00  2.9359430844e+06  2.9359430844e+06  -1.9500000000e+07
-1.5650412603e-01  2.2900000000e+00  2.9359430844e+06  2.9359430844e+06  -1.9500000000e+07
-1.5622655664e-01  2.2900000000e+00  2.9359430844e+06  2.9359430844e+06  -1.9500000000e+07
-1.5594898725e-01  2.2900000000e+00  2.9359430844e+06  2.9359430844e+06  -1.9500000000e+07
-1.5567141785e-01  2.2900000000e+00  2.9359430844e+06  2.9359430844e+06  -1.9500000000e+07
-1.5539384846e-01  2.2900000000e+00  2.9359430844e+06  2.9359430844e+06  -1.9500000000e+07
-1.5511627907e-01  2.2900000000e+00  2.9359430844e+06  2.9359430844e+06  -1.9500000000e+07
-1.5483870968e-01  2.2900000000e+00  2.9359430844e+06  2.9359430844e+06  -1.9500000000e+07
-1.5456114029e-01  2.2900000000e+00  2.9359430844e+06  2.9359430844e+06  -1.9500000000e+07
-1.5428357089e-01  2.2900000000e+00  2.9359430844e+06  2.9359430844e+06  -1.9500000000e+07
-1.5400600150e-01  2.2900000000e+00  2.9359430844e+06  2.9359430844e+06  -1.9500000000e+07
-1.5372843211e-01  2.2900000000e+00  2.9359430844e+06  2.9359430844e+06  -1.9500000000e+07
-1.5345086272e-01  2.2900000000e+00  2.9359430844e+06  2.9359430844e+06  -1.9500000000e+07
-1.5317329332e-01  2.2900000000e+00  2.9359430844e+06  2.9359430844e+06  -1.9500000000e+07
-1.5289572393e-01  2.2900000000e+00  2.9359430844e+06  2.9359430844e+06  -1.9500000000e+07
-1.5261815454e-01  2.2900000000e+00  2.9359430844e+06  2.9359430844e+06  -1.9500000000e+07
-1.5234058515e-01  2.2900000000e+00  2.9359430844e+06  2.9359430844e+06  -1.9500000000e+07
-1.5206301575e-01  2.2900000000e+00  2.9359430844e+06  2.9359430844e+06  -1.9500000000e+07
-1.5178544636e-01  2.2900000000e+00  2.9359430844e+06  2.9359430844e+06  -1.9500000000e+07
-1.5150787697e-01  2.2900000000e+00  2.9359430844e+06  2.9359430844e+06  -1.9500000000e+07
-1.5123030758e-01  2.2900000000e+00  2.9359430844e+06  2.9359430844e+06  -1.9500000000e+07
-1.5095273818e-01  2.2900000000e+00  2.9359430844e+06  2.9359430844e+06  -1.9500000000e+07
-1.5067516879e-01  2.2900000000e+00  2.9359430844e+06  2.9359430844e+06  -1.9500000000e+07
-1.5039759940e-01  2.2900000000e+00  2.9359430844e+06  2.9359430844e+06  -1.9500000000e+07
-1.5012003001e-01  2.2900000000e+00  2.9359430844e+06  2.9359430844e+06  -1.9500000000e+07
-1.4984246062e-01  2.2900000000e+00  2.9359430844e+06  2.9359430844e+06  -1.9500000000e+07
-1.4956489122e-01  2.2900000000e+00  2.9359430844e+06  2.9359430844e+06  -1.9500000000e+07
-1.4928732183e-01  2.2900000000e+00  2.9359430844e+06  2.9359430844e+06  -1.9500000000e+07
-1.4900975244e-01  2.2900000000e+00  2.9359430844e+06  2.9359430844e+06  -1.9500000000e+07
-1.4873218305e-01  2.2900000000e+00  2.9359430844e+06  2.9359430844e+06  -1.9500000000e+07
-1.4845461365e-01  2.2900000000e+00  2.9359430844e+06  2.9359430844e+06  -1.9500000000e+07
-1.4817704426e-01  2.2900000000e+00  2.9359430844e+06  2.9359430844e+06  -1.9500000000e+07
-1.4789947487e-01  2.2900000000e+00  2.9359430844e+06  2.9359430844e+06  -1.9500000000e+07
-1.4762190548e-01  2.2900000000e+00  2.9359430844e+06  2.9359430844e+06  -1.9500000000e+07
-1.4734433608e-01  2.2900000000e+00  2.9359430844e+06  2.9359430844e+06  -1.9500000000e+07
-1.4706676669e-01  2.2900000000e+00  2.9359430844e+06  2.9359430844e+06  -1.9500000000e+07
-1.4678919730e-01  2.2900000000e+00  2.9359430844e+06  2.9359430844e+06  -1.9500000000e+07
-1.4651162791e-01  2.2900000000e+00  2.9359430844e+06  2.9359430844e+06  -1.9500000000e+07
-1.4623405851e-01  2.2900000000e+00  2.9359430844e+06  2.9359430844e+06  -1.9500000000e+07
-1.4595648912e-01  2.2900000000e+00  2.9359430844e+06  2.9359430844e+06  -1.9500000000e+07
-1.4567891973e-01  2.2900000000e+00  2.9359430844e+06  2.9359430844e+06  -1.9500000000e+07
-1.4540135034e-01  2.2900000000e+00  2.9359430844e+06  2.9359430844e+06  -1.9500000000e+07
-1.4512378095e-01  2.2900000000e+00  2.9359430844e+06  2.9359430844e+06  -1.9500000000e+07
-1.4484621155e-01  2.2900000000e+00  2.9359430844e+06  2.9359430844e+06  -1.9500000000e+07
-1.4456864216e-01  2.2900000000e+00  2.9359430844e+06  2.9359430844e+06  -1.9500000000e+07
-1.4429107277e-01  2.2900000000e+00  2.9359430844e+06  2.9359430844e+06  -1.9500000000e+07
-1.4401350338e-01  2.2900000000e+00  2.9359430844e+06  2.9359430844e+06  -1.9500000000e+07
-1.4373593398e-01  2.2900000000e+00  2.9359430844e+06  2.9359430844e+06  -1.9500000000e+07
-1.4345836459e-01  2.2900000000e+00  2.9359430844e+06  2.9359430844e+06  -1.9500000000e+07
-1.4318079520e-01  2.2900000000e+00  2.9359430844e+06  2.9359430844e+06  -1.9500000000e+07
-1.4290322581e-01  2.2900000000e+00  2.9359430844e+06  2.9359430844e+06  -1.9500000000e+07
-1.4262565641e-01  2.2900000000e+00  2.9359430844e+06  2.9359430844e+06  -1.9500000000e+07
-1.4234808702e-01  2.2900000000e+00  2.9359430844e+06  2.9359430844e+06  -1.9500000000e+07
-1.4207051763e-01  2.2900000000e+00  2.9359430844e+06  2.9359430844e+06  -1.9500000000e+07
-1.4179294824e-01  2.2900000000e+00  2.9359430844e+06  2.9359430844e+06  -1.9500000000e+07
-1.4151537884e-01  2.2900000000e+00  2.9359430844e+06  2.9359430844e+06  -1.9500000000e+07
-1.4123780945e-01  2.2900000000e+00  2.9359430844e+06  2.9359430844e+06  -1.9500000000e+07
-1.4096024006e-01  2.2900000000e+00  2.9359430844e+06  2.9359430844e+06  -1.9500000000e+07
-1.4068267067e-01  2.2900000000e+00  2.9359430844e+06  2.9359430844e+06  -1.9500000000e+07
-1.4040510128e-01  2.2900000000e+00  2.9359430844e+06  2.9359430844e+06  -1.9500000000e+07
-1.4012753188e-01  2.2900000000e+00  2.9359430844e+06  2.9359430844e+06  -1.9500000000e+07
-1.3984996249e-01  2.2900000000e+00  2.9359430844e+06  2.9359430844e+06  -1.9500000000e+07
-1.3957239310e-01  2.2900000000e+00  2.9359430844e+06  2.9359430844e+06  -1.9500000000e+07
-1.3929482371e-01  2.2900000000e+00  2.9359430844e+06  2.9359430844e+06  -1.9500000000e+07
-1.3901725431e-01  2.2900000000e+00  2.9359430844e+06  2.9359430844e+06  -1.9500000000e+07
-1.3873968492e-01  2.2900000000e+00  2.9359430844e+06  2.9359430844e+06  -1.9500000000e+07
-1.3846211553e-01  2.2900000000e+00  2.9359430844e+06  2.9359430844e+06  -1.9500000000e+07
-1.3818454614e-01  2.2900000000e+00  2.9359430844e+06  2.9359430844e+06  -1.9500000000e+07
-1.3790697674e-01  2.2900000000e+00  2.9359430844e+06  2.9359430844e+06  -1.9500000000e+07
-1.3762940735e-01  2.2900000000e+00  2.9359430844e+06  2.9359430844e+06  -1.9500000000e+07
-1.3735183796e-01  2.2900000000e+00  2.9359430844e+06  2.9359430844e+06  -1.9500000000e+07
-1.3707426857e-01  2.2900000000e+00  2.9359430844e+06  2.9359430844e+06  -1.9500000000e+07
-1.3679669917e-01  2.2900000000e+00  2.9359430844e+06  2.9359430844e+06  -1.9500000000e+07
-1.3651912978e-01  2.2900000000e+00  2.9359430844e+06  2.9359430844e+06  -1.9500000000e+07
-1.3624156039e-01  2.2900000000e+00  2.9359430844e+06  2.9359430844e+06  -1.9500000000e+07
-1.3596399100e-01  2.2900000000e+00  2.9359430844e+06  2.9359430844e+06  -1.9500000000e+07
-1.3568642161e-01  2.2900000000e+00  2.9359430844e+06  2.9359430844e+06  -1.9500000000e+07
-1.3540885221e-01  2.2900000000e+00  2.9359430844e+06  2.9359430844e+06  -1.9500000000e+07
-1.3513128282e-01  2.2900000000e+00  2.9359430844e+06  2.9359430844e+06  -1.9500000000e+07
-1.3485371343e-01  2.2900000000e+00  2.9359430844e+06  2.9359430844e+06  -1.9500000000e+07
-1.3457614404e-01  2.2900000000e+00  2.9359430844e+06  2.9359430844e+06  -1.9500000000e+07
-1.3429857464e-01  2.2900000000e+00  2.9359430844e+06  2.9359430844e+06  -1.9500000000e+07
-1.3402100525e-01  2.2900000000e+00  2.9359430844e+06  2.9359430844e+06  -1.9500000000e+07
-1.3374343586e-01  2.2900000000e+00  2.9359430844e+06  2.9359430844e+06  -1.9500000000e+07
-1.3346586647e-01  2.2900000000e+00  2.9359430844e+06  2.9359430844e+06  -1.9500000000e+07
-1.3318829707e-01  2.2900000000e+00  2.9359430844e+06  2.9359430844e+06  -1.9500000000e+07
-1.3291072768e-01  2.2900000000e+00  2.9359430844e+06  2.9359430844e+06  -1.9500000000e+07
-1.3263315829e-01  2.2900000000e+00  2.9359430844e+06  2.9359430844e+06  -1.9500000000e+07
-1.3235558890e-01  2.2900000000e+00  2.9359430844e+06  2.9359430844e+06  -1.9500000000e+07
-1.3207801950e-01  2.2900000000e+00  2.9359430844e+06  2.9359430844e+06  -1.9500000000e+07
-1.3180045011e-01  2.2900000000e+00  2.9359430844e+06  2.9359430844e+06  -1.9500000000e+07
-1.3152288072e-01  2.2900000000e+00  2.9359430844e+06  2.9359430844e+06  -1.9500000000e+07
-1.3124531133e-01  2.2900000000e+00  2.9359430844e+06  2.9359430844e+06  -1.9500000000e+07
-1.3096774194e-01  2.2900000000e+00  2.9359430844e+06  2.9359430844e+06  -1.9500000000e+07
-1.3069017254e-01  2.2900000000e+00  2.9359430844e+06  2.9359430844e+06  -1.9500000000e+07
-1.3041260315e-01  2.2900000000e+00  2.9359430844e+06  2.9359430844e+06  -1.9500000000e+07
-1.3013503376e-01  2.2900000000e+00  2.9359430844e+06  2.9359430844e+06  -1.9500000000e+07
-1.2985746437e-01  2.2900000000e+00  2.9359430844e+06  2.9359430844e+06  -1.9500000000e+07
-1.2957989497e-01  2.2900000000e+00  2.9359430844e+06  2.9359430844e+06  -1.9500000000e+07
-1.2930232558e-01  2.2900000000e+00  2.9359430844e+06  2.9359430844e+06  -1.9500000000e+07
-1.2902475619e-01  2.2900000000e+00  2.9359430844e+06  2.9359430844e+06  -1.9500000000e+07
-1.2874718680e-01  2.2900000000e+00  2.9359430844e+06  2.9359430844e+06  -1.9500000000e+07
-1.2846961740e-01  2.2900000000e+00  2.9359430844e+06  2.9359430844e+06  -1.9500000000e+07
-1.2819204801e-01  2.2900000000e+00  2.9359430844e+06  2.9359430844e+06  -1.9500000000e+07
-1.2791447862e-01  2.2900000000e+00  2.9359430844e+06  2.9359430844e+06  -1.9500000000e+07
-1.2763690923e-01  2.2900000000e+00  2.9359430844e+06  2.9359430844e+06  -1.9500000000e+07
-1.2735933983e-01  2.2900000000e+00  2.9359430844e+06  2.9359430844e+06  -1.9500000000e+07
-1.2708177044e-01  2.2900000000e+00  2.9359430844e+06  2.9359430844e+06  -1.9500000000e+07
-1.2680420105e-01  2.2900000000e+00  2.9359430844e+06  2.9359430844e+06  -1.9500000000e+07
-1.2652663166e-01  2.2900000000e+00  2.9359430844e+06  2.9359430844e+06  -1.9500000000e+07
-1.2624906227e-01  2.2900000000e+00  2.9359430844e+06  2.9359430844e+06  -1.9500000000e+07
-1.2597149287e-01  2.2900000000e+00  2.9359430844e+06  2.9359430844e+06  -1.9500000000e+07
-1.2569392348e-01  2.2900000000e+00  2.9359430844e+06  2.9359430844e+06  -1.9500000000e+07
-1.2541635409e-01  2.2900000000e+00  2.9359430844e+06  2.9359430844e+06  -1.9500000000e+07
-1.2513878470e-01  2.2900000000e+00  2.9359430844e+06  2.9359430844e+06  -1.9500000000e+07
-1.2486121530e-01  2.2900000000e+00  2.9359430844e+06  2.9359430844e+06  -1.9500000000e+07
-1.2458364591e-01  2.2900000000e+00  2.9359430844e+06  2.9359430844e+06  -1.9500000000e+07
-1.2430607652e-01  2.2900000000e+00  2.9359430844e+06  2.9359430844e+06  -1.9500000000e+07
-1.2402850713e-01  2.2900000000e+00  2.9359430844e+06  2.9359430844e+06  -1.9500000000e+07
-1.2375093773e-01  2.2900000000e+00  2.9359430844e+06  2.9359430844e+06  -1.9500000000e+07
-1.2347336834e-01  2.2900000000e+00  2.9359430844e+06  2.9359430844e+06  -1.9500000000e+07
-1.2319579895e-01  2.2900000000e+00  2.9359430844e+06  2.9359430844e+06  -1.9500000000e+07
-1.2291822956e-01  2.2900000000e+00  2.9359430844e+06  2.9359430844e+06  -1.9500000000e+07
-1.2264066017e-01  2.2900000000e+00  2.9359430844e+06  2.9359430844e+06  -1.9500000000e+07
-1.2236309077e-01  2.2900000000e+00  2.9359430844e+06  2.9359430844e+06  -1.9500000000e+07
-1.2208552138e-01  2.2900000000e+00  2.9359430844e+06  2.9359430844e+06  -1.9500000000e+07
-1.2180795199e-01  2.2900000000e+00  2.9359430844e+06  2.9359430844e+06  -1.9500000000e+07
-1.2153038260e-01  2.2900000000e+00  2.9359430844e+06  2.9359430844e+06  -1.9500000000e+07
-1.2125281320e-01  2.2900000000e+00  2.9359430844e+06  2.9359430844e+06  -1.9500000000e+07
-1.2097524381e-01  2.2900000000e+00  2.9359430844e+06  2.9359430844e+06  -1.9500000000e+07
-1.2069767442e-01  2.2900000000e+00  2.9359430844e+06  2.9359430844e+06  -1.9500000000e+07
-1.2042010503e-01  2.2900000000e+00  2.9359430844e+06  2.9359430844e+06  -1.9500000000e+07
-1.2014253563e-01  2.2900000000e+00  2.9359430844e+06  2.9359430844e+06  -1.9500000000e+07
-1.1986496624e-01  2.2900000000e+00  2.9359430844e+06  2.9359430844e+06  -1.9500000000e+07
-1.1958739685e-01  2.2900000000e+00  2.9359430844e+06  2.9359430844e+06  -1.9500000000e+07
-1.1930982746e-01  2.2900000000e+00  2.9359430844e+06  2.9359430844e+06  -1.9500000000e+07
-1.1903225806e-01  2.2900000000e+00  2.9359430844e+06  2.9359430844e+06  -1.9500000000e+07
-1.1875468867e-01  2.2900000000e+00  2.9359430844e+06  2.9359430844e+06  -1.9500000000e+07
-1.1847711928e-01  2.2900000000e+00  2.9359430844e+06  2.9359430844e+06  -1.9500000000e+07
-1.1819954989e-01  2.2900000000e+00  2.9359430844e+06  2.9359430844e+06  -1.9500000000e+07
-1.1792198050e-01  2.2900000000e+00  2.9359430844e+06  2.9359430844e+06  -1.9500000000e+07
-1.1764441110e-01  2.2900000000e+00  2.9359430844e+06  2.9359430844e+06  -1.9500000000e+07
-1.1736684171e-01  2.2900000000e+00  2.9359430844e+06  2.9359430844e+06  -1.9500000000e+07
-1.1708927232e-01  2.2900000000e+00  2.9359430844e+06  2.9359430844e+06  -1.9500000000e+07
-1.1681170293e-01  2.2900000000e+00  2.9359430844e+06  2.9359430844e+06  -1.9500000000e+07
-1.1653413353e-01  2.2900000000e+00  2.9359430844e+06  2.9359430844e+06  -1.9500000000e+07
-1.1625656414e-01  2.2900000000e+00  2.9359430844e+06  2.9359430844e+06  -1.9500000000e+07
-1.1597899475e-01  2.2900000000e+00  2.9359430844e+06  2.9359430844e+06  -1.9500000000e+07
-1.1570142536e-01  2.2900000000e+00  2.9359430844e+06  2.9359430844e+06  -1.9500000000e+07
-1.1542385596e-01  2.2900000000e+00  2.9359430844e+06  2.9359430844e+06  -1.9500000000e+07
-1.1514628657e-01  2.2900000000e+00  2.9359430844e+06  2.9359430844e+06  -1.9500000000e+07
-1.1486871718e-01  2.2900000000e+00  2.9359430844e+06  2.9359430844e+06  -1.9500000000e+07
-1.1459114779e-01  2.2900000000e+00  2.9359430844e+06  2.9359430844e+06  -1.9500000000e+07
-1.1431357839e-01  2.2900000000e+00  2.9359430844e+06  2.9359430844e+06  -1.9500000000e+07
-1.1403600900e-01  2.2900000000e+00  2.9359430844e+06  2.9359430844e+06  -1.9500000000e+07
-1.1375843961e-01  2.2900000000e+00  2.9359430844e+06  2.9359430844e+06  -1.9500000000e+07
-1.1348087022e-01  2.2900000000e+00  2.9359430844e+06  2.9359430844e+06  -1.9500000000e+07
-1.1320330083e-01  2.2900000000e+00  2.9359430844e+06  2.9359430844e+06  -1.9500000000e+07
-1.1292573143e-01  2.2900000000e+00  2.9359430844e+06  2.9359430844e+06  -1.9500000000e+07
-1.1264816204e-01  2.2900000000e+00  2.9359430844e+06  2.9359430844e+06  -1.9500000000e+07
-1.1237059265e-01  2.2900000000e+00  2.9359430844e+06  2.9359430844e+06  -1.9500000000e+07
-1.1209302326e-01  2.2900000000e+00  2.9359430844e+06  2.9359430844e+06  -1.9500000000e+07
-1.1181545386e-01  2.2900000000e+00  2.9359430844e+06  2.9359430844e+06  -1.9500000000e+07
-1.1153788447e-01  2.2900000000e+00  2.9359430844e+06  2.9359430844e+06  -1.9500000000e+07
-1.1126031508e-01  2.2900000000e+00  2.9359430844e+06  2.9359430844e+06  -1.9500000000e+07
-1.1098274569e-01  2.2900000000e+00  2.9359430844e+06  2.9359430844e+06  -1.9500000000e+07
-1.1070517629e-01  2.2900000000e+00  2.9359430844e+06  2.9359430844e+06  -1.9500000000e+07
-1.1042760690e-01  2.2900000000e+00  2.9359430844e+06  2.9359430844e+06  -1.9500000000e+07
-1.1015003751e-01  2.2900000000e+00  2.9359430844e+06  2.9359430844e+06  -1.9500000000e+07
-1.0987246812e-01  2.2900000000e+00  2.9359430844e+06  2.9359430844e+06  -1.9500000000e+07
-1.0959489872e-01  2.2900000000e+00  2.9359430844e+06  2.9359430844e+06  -1.9500000000e+07
-1.0931732933e-01  2.2900000000e+00  2.9359430844e+06  2.9359430844e+06  -1.9500000000e+07
-1.0903975994e-01  2.2900000000e+00  2.9359430844e+06  2.9359430844e+06  -1.9500000000e+07
-1.0876219055e-01  2.2900000000e+00  2.9359430844e+06  2.9359430844e+06  -1.9500000000e+07
-1.0848462116e-01  2.2900000000e+00  2.9359430844e+06  2.9359430844e+06  -1.9500000000e+07
-1.0820705176e-01  2.2900000000e+00  2.9359430844e+06  2.9359430844e+06  -1.9500000000e+07
-1.0792948237e-01  2.2900000000e+00  2.9359430844e+06  2.9359430844e+06  -1.9500000000e+07
-1.0765191298e-01  2.2900000000e+00  2.9359430844e+06  2.9359430844e+06  -1.9500000000e+07
-1.0737434359e-01  2.2900000000e+00  2.9359430844e+06  2.9359430844e+06  -1.9500000000e+07
-1.0709677419e-01  2.2900000000e+00  2.9359430844e+06  2.9359430844e+06  -1.9500000000e+07
-1.0681920480e-01  2.2900000000e+00  2.9359430844e+06  2.9359430844e+06  -1.9500000000e+07
-1.0654163541e-01  2.2900000000e+00  2.9359430844e+06  2.9359430844e+06  -1.9500000000e+07
-1.0626406602e-01  2.2900000000e+00  2.9359430844e+06  2.9359430844e+06  -1.9500000000e+07
-1.0598649662e-01  2.2900000000e+00  2.9359430844e+06  2.9359430844e+06  -1.9500000000e+07
-1.0570892723e-01  2.2900000000e+00  2.9359430844e+06  2.9359430844e+06  -1.9500000000e+07
-1.0543135784e-01  2.2900000000e+00  2.9359430844e+06  2.9359430844e+06  -1.9500000000e+07
-1.0515378845e-01  2.2900000000e+00  2.9359430844e+06  2.9359430844e+06  -1.9500000000e+07
-1.0487621905e-01  2.2900000000e+00  2.9359430844e+06  2.9359430844e+06  -1.9500000000e+07
-1.0459864966e-01  2.2900000000e+00  2.9359430844e+06  2.9359430844e+06  -1.9500000000e+07
-1.0432108027e-01  2.2900000000e+00  2.9359430844e+06  2.9359430844e+06  -1.9500000000e+07
-1.0404351088e-01  2.2900000000e+00  2.9359430844e+06  2.9359430844e+06  -1.9500000000e+07
-1.0376594149e-01  2.2900000000e+00  2.9359430844e+06  2.9359430844e+06  -1.9500000000e+07
-1.0348837209e-01  2.2900000000e+00  2.9359430844e+06  2.9359430844e+06  -1.9500000000e+07
-1.0321080270e-01  2.2900000000e+00  2.9359430844e+06  2.9359430844e+06  -1.9500000000e+07
-1.0293323331e-01  2.2900000000e+00  2.9359430844e+06  2.9359430844e+06  -1.9500000000e+07
-1.0265566392e-01  2.2900000000e+00  2.9359430844e+06  2.9359430844e+06  -1.9500000000e+07
-1.0237809452e-01  2.2900000000e+00  2.9359430844e+06  2.9359430844e+06  -1.9500000000e+07
-1.0210052513e-01  2.2900000000e+00  2.9359430844e+06  2.9359430844e+06  -1.9500000000e+07
-1.0182295574e-01  2.2900000000e+00  2.9359430844e+06  2.9359430844e+06  -1.9500000000e+07
-1.0154538635e-01  2.2900000000e+00  2.9359430844e+06  2.9359430844e+06  -1.9500000000e+07
-1.0126781695e-01  2.2900000000e+00  2.9359430844e+06  2.9359430844e+06  -1.9500000000e+07
-1.0099024756e-01  2.2900000000e+00  2.9359430844e+06  2.9359430844e+06  -1.9500000000e+07
-1.0071267817e-01  2.2900000000e+00  2.9359430844e+06  2.9359430844e+06  -1.9500000000e+07
-1.0043510878e-01  2.2900000000e+00  2.9359430844e+06  2.9359430844e+06  -1.9500000000e+07
-1.0015753938e-01  2.2900000000e+00  2.9359430844e+06  2.9359430844e+06  -1.9500000000e+07
-9.9879969992e-02  2.2900000000e+00  2.9359430844e+06  2.9359430844e+06  -1.9500000000e+07
-9.9602400600e-02  2.2900000000e+00  2.9359430844e+06  2.9359430844e+06  -1.9500000000e+07
-9.9324831208e-02  2.2900000000e+00  2.9359430844e+06  2.9359430844e+06  -1.9500000000e+07
-9.9047261815e-02  2.2900000000e+00  2.9359430844e+06  2.9359430844e+06  -1.9500000000e+07
-9.8769692423e-02  2.2900000000e+00  2.9359430844e+06  2.9359430844e+06  -1.9500000000e+07
-9.8492123031e-02  2.2900000000e+00  2.9359430844e+06  2.9359430844e+06  -1.9500000000e+07
-9.8214553638e-02  2.2900000000e+00  2.9359430844e+06  2.9359430844e+06  -1.9500000000e+07
-9.7936984246e-02  2.2900000000e+00  2.9359430844e+06  2.9359430844e+06  -1.9500000000e+07
-9.7659414854e-02  2.2900000000e+00  2.9359430844e+06  2.9359430844e+06  -1.9500000000e+07
-9.7381845461e-02  2.2900000000e+00  2.9359430844e+06  2.9359430844e+06  -1.9500000000e+07
-9.7104276069e-02  2.2900000000e+00  2.9359430844e+06  2.9359430844e+06  -1.9500000000e+07
-9.6826706677e-02  2.2900000000e+00  2.9359430844e+06  2.9359430844e+06  -1.9500000000e+07
-9.6549137284e-02  2.2900000000e+00  2.9359430844e+06  2.9359430844e+06  -1.9500000000e+07
-9.6271567892e-02  2.2900000000e+00  2.9359430844e+06  2.9359430844e+06  -1.9500000000e+07
-9.5993998500e-02  2.2900000000e+00  2.9359430844e+06  2.9359430844e+06  -1.9500000000e+07
-9.5716429107e-02  2.2900000000e+00  2.9359430844e+06  2.9359430844e+06  -1.9500000000e+07
-9.5438859715e-02  2.2900000000e+00  2.9359430844e+06  2.9359430844e+06  -1.9500000000e+07
-9.5161290323e-02  2.2900000000e+00  2.9359430844e+06  2.9359430844e+06  -1.9500000000e+07
-9.4883720930e-02  2.2900000000e+00  2.9359430844e+06  2.9359430844e+06  -1.9500000000e+07
-9.4606151538e-02  2.2900000000e+00  2.9359430844e+06  2.9359430844e+06  -1.9500000000e+07
-9.4328582146e-02  2.2900000000e+00  2.9359430844e+06  2.9359430844e+06  -1.9500000000e+07
-9.4051012753e-02  2.2900000000e+00  2.9359430844e+06  2.9359430844e+06  -1.9500000000e+07
-9.3773443361e-02  2.2900000000e+00  2.9359430844e+06  2.9359430844e+06  -1.9500000000e+07
-9.3495873968e-02  2.2900000000e+00  2.9359430844e+06  2.9359430844e+06  -1.9500000000e+07
-9.3218304576e-02  2.2900000000e+00  2.9359430844e+06  2.9359430844e+06  -1.9500000000e+07
-9.2940735184e-02  2.2900000000e+00  2.9359430844e+06  2.9359430844e+06  -1.9500000000e+07
-9.2663165791e-02  2.2900000000e+00  2.9359430844e+06  2.9359430844e+06  -1.9500000000e+07
-9.2385596399e-02  2.2900000000e+00  2.9359430844e+06  2.9359430844e+06  -1.9500000000e+07
-9.2108027007e-02  2.2900000000e+00  2.9359430844e+06  2.9359430844e+06  -1.9500000000e+07
-9.1830457614e-02  2.2900000000e+00  2.9359430844e+06  2.9359430844e+06  -1.9500000000e+07
-9.1552888222e-02  2.2900000000e+00  2.9359430844e+06  2.9359430844e+06  -1.9500000000e+07
-9.1275318830e-02  2.2900000000e+00  2.9359430844e+06  2.9359430844e+06  -1.9500000000e+07
-9.0997749437e-02  2.2900000000e+00  2.9359430844e+06  2.9359430844e+06  -1.9500000000e+07
-9.0720180045e-02  2.2900000000e+00  2.9359430844e+06  2.9359430844e+06  -1.9500000000e+07
-9.0442610653e-02  2.2900000000e+00  2.9359430844e+06  2.9359430844e+06  -1.9500000000e+07
-9.0165041260e-02  2.2900000000e+00  2.9359430844e+06  2.9359430844e+06  -1.9500000000e+07
-8.9887471868e-02  2.2900000000e+00  2.9359430844e+06  2.9359430844e+06  -1.9500000000e+07
-8.9609902476e-02  2.2900000000e+00  2.9359430844e+06  2.9359430844e+06  -1.9500000000e+07
-8.9332333083e-02  2.2900000000e+00  2.9359430844e+06  2.9359430844e+06  -1.9500000000e+07
-8.9054763691e-02  2.2900000000e+00  2.9359430844e+06  2.9359430844e+06  -1.9500000000e+07
-8.8777194299e-02  2.2900000000e+00  2.9359430844e+06  2.9359430844e+06  -1.9500000000e+07
-8.8499624906e-02  2.2900000000e+00  2.9359430844e+06  2.9359430844e+06  -1.9500000000e+07
-8.8222055514e-02  2.2900000000e+00  2.9359430844e+06  2.9359430844e+06  -1.9500000000e+07
-8.7944486122e-02  2.2900000000e+00  2.9359430844e+06  2.9359430844e+06  -1.9500000000e+07
-8.7666916729e-02  2.2900000000e+00  2.9359430844e+06  2.9359430844e+06  -1.9500000000e+07
-8.7389347337e-02  2.2900000000e+00  2.9359430844e+06  2.9359430844e+06  -1.9500000000e+07
-8.7111777944e-02  2.2900000000e+00  2.9359430844e+06  2.9359430844e+06  -1.9500000000e+07
-8.6834208552e-02  2.2900000000e+00  2.9359430844e+06  2.9359430844e+06  -1.9500000000e+07
-8.6556639160e-02  2.2900000000e+00  2.9359430844e+06  2.9359430844e+06  -1.9500000000e+07
-8.6279069767e-02  2.2900000000e+00  2.9359430844e+06  2.9359430844e+06  -1.9500000000e+07
-8.6001500375e-02  2.2900000000e+00  2.9359430844e+06  2.9359430844e+06  -1.9500000000e+07
-8.5723930983e-02  2.2900000000e+00  2.9359430844e+06  2.9359430844e+06  -1.9500000000e+07
-8.5446361590e-02  2.2900000000e+00  2.9359430844e+06  2.9359430844e+06  -1.9500000000e+07
-8.5168792198e-02  2.2900000000e+00  2.9359430844e+06  2.9359430844e+06  -1.9500000000e+07
-8.4891222806e-02  2.2900000000e+00  2.9359430844e+06  2.9359430844e+06  -1.9500000000e+07
-8.4613653413e-02  2.2900000000e+00  2.9359430844e+06  2.9359430844e+06  -1.9500000000e+07
-8.4336084021e-02  2.2900000000e+00  2.9359430844e+06  2.9359430844e+06  -1.9500000000e+07
-8.4058514629e-02  2.2900000000e+00  2.9359430844e+06  2.9359430844e+06  -1.9500000000e+07
-8.3780945236e-02  2.2900000000e+00  2.9359430844e+06  2.9359430844e+06  -1.9500000000e+07
-8.3503375844e-02  2.2900000000e+00  2.9359430844e+06  2.9359430844e+06  -1.9500000000e+07
-8.3225806452e-02  2.2900000000e+00  2.9359430844e+06  2.9359430844e+06  -1.9500000000e+07
-8.2948237059e-02  2.2900000000e+00  2.9359430844e+06  2.9359430844e+06  -1.9500000000e+07
-8.2670667667e-02  2.2900000000e+00  2.9359430844e+06  2.9359430844e+06  -1.9500000000e+07
-8.2393098275e-02  2.2900000000e+00  2.9359430844e+06  2.9359430844e+06  -1.9500000000e+07
-8.2115528882e-02  2.2900000000e+00  2.9359430844e+06  2.9359430844e+06  -1.9500000000e+07
-8.1837959490e-02  2.2900000000e+00  2.9359430844e+06  2.9359430844e+06  -1.9500000000e+07
-8.1560390098e-02  2.2900000000e+00  2.9359430844e+06  2.9359430844e+06  -1.9500000000e+07
-8.1282820705e-02  2.2900000000e+00  2.9359430844e+06  2.9359430844e+06  -1.9500000000e+07
-8.1005251313e-02  2.2900000000e+00  2.9359430844e+06  2.9359430844e+06  -1.9500000000e+07
-8.0727681920e-02  2.2900000000e+00  2.9359430844e+06  2.9359430844e+06  -1.9500000000e+07
-8.0450112528e-02  2.2900000000e+00  2.9359430844e+06  2.9359430844e+06  -1.9500000000e+07
-8.0172543136e-02  2.2900000000e+00  2.9359430844e+06  2.9359430844e+06  -1.9500000000e+07
-7.9894973743e-02  2.2900000000e+00  2.9359430844e+06  2.9359430844e+06  -1.9500000000e+07
-7.9617404351e-02  2.2900000000e+00  2.9359430844e+06  2.9359430844e+06  -1.9500000000e+07
-7.9339834959e-02  2.2900000000e+00  2.9359430844e+06  2.9359430844e+06  -1.9500000000e+07
-7.9062265566e-02  2.2900000000e+00  2.9359430844e+06  2.9359430844e+06  -1.9500000000e+07
-7.8784696174e-02  2.2900000000e+00  2.9359430844e+06  2.9359430844e+06  -1.9500000000e+07
-7.8507126782e-02  2.2900000000e+00  2.9359430844e+06  2.9359430844e+06  -1.9500000000e+07
-7.8229557389e-02  2.2900000000e+00  2.9359430844e+06  2.9359430844e+06  -1.9500000000e+07
-7.7951987997e-02  2.2900000000e+00  2.9359430844e+06  2.9359430844e+06  -1.9500000000e+07
-7.7674418605e-02  2.2900000000e+00  2.9359430844e+06  2.9359430844e+06  -1.9500000000e+07
-7.7396849212e-02  2.2900000000e+00  2.9359430844e+06  2.9359430844e+06  -1.9500000000e+07
-7.7119279820e-02  2.2900000000e+00  2.9359430844e+06  2.9359430844e+06  -1.9500000000e+07
-7.6841710428e-02  2.2900000000e+00  2.9359430844e+06  2.9359430844e+06  -1.9500000000e+07
-7.6564141035e-02  2.2900000000e+00  2.9359430844e+06  2.9359430844e+06  -1.9500000000e+07
-7.6286571643e-02  2.2900000000e+00  2.9359430844e+06  2.9359430844e+06  -1.9500000000e+07
-7.6009002251e-02  2.2900000000e+00  2.9359430844e+06  2.9359430844e+06  -1.9500000000e+07
-7.5731432858e-02  2.2900000000e+00  2.9359430844e+06  2.9359430844e+06  -1.9500000000e+07
-7.5453863466e-02  2.2900000000e+00  2.9359430844e+06  2.9359430844e+06  -1.9500000000e+07
-7.5176294074e-02  2.2900000000e+00  2.9359430844e+06  2.9359430844e+06  -1.9500000000e+07
-7.4898724681e-02  2.2900000000e+00  2.9359430844e+06  2.9359430844e+06  -1.9500000000e+07
-7.4621155289e-02  2.2900000000e+00  2.9359430844e+06  2.9359430844e+06  -1.9500000000e+07
-7.4343585896e-02  2.2900000000e+00  2.9359430844e+06  2.9359430844e+06  -1.9500000000e+07
-7.4066016504e-02  2.2900000000e+00  2.9359430844e+06  2.9359430844e+06  -1.9500000000e+07
-7.3788447112e-02  2.2900000000e+00  2.9359430844e+06  2.9359430844e+06  -1.9500000000e+07
-7.3510877719e-02  2.2900000000e+00  2.9359430844e+06  2.9359430844e+06  -1.9500000000e+07
-7.3233308327e-02  2.2900000000e+00  2.9359430844e+06  2.9359430844e+06  -1.9500000000e+07
-7.2955738935e-02  2.2900000000e+00  2.9359430844e+06  2.9359430844e+06  -1.9500000000e+07
-7.2678169542e-02  2.2900000000e+00  2.9359430844e+06  2.9359430844e+06  -1.9500000000e+07
-7.2400600150e-02  2.2900000000e+00  2.9359430844e+06  2.9359430844e+06  -1.9500000000e+07
-7.2123030758e-02  2.2900000000e+00  2.9359430844e+06  2.9359430844e+06  -1.9500000000e+07
-7.1845461365e-02  2.2900000000e+00  2.9359430844e+06  2.9359430844e+06  -1.9500000000e+07
-7.1567891973e-02  2.2900000000e+00  2.9359430844e+06  2.9359430844e+06  -1.9500000000e+07
-7.1290322581e-02  2.2900000000e+00  2.9359430844e+06  2.9359430844e+06  -1.9500000000e+07
-7.1012753188e-02  2.2900000000e+00  2.9359430844e+06  2.9359430844e+06  -1.9500000000e+07
-7.0735183796e-02  2.2900000000e+00  2.9359430844e+06  2.9359430844e+06  -1.9500000000e+07
-7.0457614404e-02  2.2900000000e+00  2.9359430844e+06  2.9359430844e+06  -1.9500000000e+07
-7.0180045011e-02  2.2900000000e+00  2.9359430844e+06  2.9359430844e+06  -1.9500000000e+07
-6.9902475619e-02  2.2900000000e+00  2.9359430844e+06  2.9359430844e+06  -1.9500000000e+07
-6.9624906227e-02  2.2900000000e+00  2.9359430844e+06  2.9359430844e+06  -1.9500000000e+07
-6.9347336834e-02  2.2900000000e+00  2.9359430844e+06  2.9359430844e+06  -1.9500000000e+07
-6.9069767442e-02  2.2900000000e+00  2.9359430844e+06  2.9359430844e+06  -1.9500000000e+07
-6.8792198050e-02  2.2900000000e+00  2.9359430844e+06  2.9359430844e+06  -1.9500000000e+07
-6.8514628657e-02  2.2900000000e+00  2.9359430844e+06  2.9359430844e+06  -1.9500000000e+07
-6.8237059265e-02  2.2900000000e+00  2.9359430844e+06  2.9359430844e+06  -1.9500000000e+07
-6.7959489872e-02  2.2900000000e+00  2.9359430844e+06  2.9359430844e+06  -1.9500000000e+07
-6.7681920480e-02  2.2900000000e+00  2.9359430844e+06  2.9359430844e+06  -1.9500000000e+07
-6.7404351088e-02  2.2900000000e+00  2.9359430844e+06  2.9359430844e+06  -1.9500000000e+07
-6.7126781695e-02  2.2900000000e+00  2.9359430844e+06  2.9359430844e+06  -1.9500000000e+07
-6.6849212303e-02  2.2900000000e+00  2.9359430844e+06  2.9359430844e+06  -1.9500000000e+07
-6.6571642911e-02  2.2900000000e+00  2.9359430844e+06  2.9359430844e+06  -1.9500000000e+07
-6.6294073518e-02  2.2900000000e+00  2.9359430844e+06  2.9359430844e+06  -1.9500000000e+07
-6.6016504126e-02  2.2900000000e+00  2.9359430844e+06  2.9359430844e+06  -1.9500000000e+07
-6.5738934734e-02  2.2900000000e+00  2.9359430844e+06  2.9359430844e+06  -1.9500000000e+07
-6.5461365341e-02  2.2900000000e+00  2.9359430844e+06  2.9359430844e+06  -1.9500000000e+07
-6.5183795949e-02  2.2900000000e+00  2.9359430844e+06  2.9359430844e+06  -1.9500000000e+07
-6.4906226557e-02  2.2900000000e+00  2.9359430844e+06  2.9359430844e+06  -1.9500000000e+07
-6.4628657164e-02  2.2900000000e+00  2.9359430844e+06  2.9359430844e+06  -1.9500000000e+07
-6.4351087772e-02  2.2900000000e+00  2.9359430844e+06  2.9359430844e+06  -1.9500000000e+07
-6.4073518380e-02  2.2900000000e+00  2.9359430844e+06  2.9359430844e+06  -1.9500000000e+07
-6.3795948987e-02  2.2900000000e+00  2.9359430844e+06  2.9359430844e+06  -1.9500000000e+07
-6.3518379595e-02  2.2900000000e+00  2.9359430844e+06  2.9359430844e+06  -1.9500000000e+07
-6.3240810203e-02  2.2900000000e+00  2.9359430844e+06  2.9359430844e+06  -1.9500000000e+07
-6.2963240810e-02  2.2900000000e+00  2.9359430844e+06  2.9359430844e+06  -1.9500000000e+07
-6.2685671418e-02  2.2900000000e+00  2.9359430844e+06  2.9359430844e+06  -1.9500000000e+07
-6.2408102026e-02  2.2900000000e+00  2.9359430844e+06  2.9359430844e+06  -1.9500000000e+07
-6.2130532633e-02  2.2900000000e+00  2.9359430844e+06  2.9359430844e+06  -1.9500000000e+07
-6.1852963241e-02  2.2900000000e+00  2.9359430844e+06  2.9359430844e+06  -1.9500000000e+07
-6.1575393848e-02  2.2900000000e+00  2.9359430844e+06  2.9359430844e+06  -1.9500000000e+07
-6.1297824456e-02  2.2900000000e+00  2.9359430844e+06  2.9359430844e+06  -1.9500000000e+07
-6.1020255064e-02  2.2900000000e+00  2.9359430844e+06  2.9359430844e+06  -1.9500000000e+07
-6.0742685671e-02  2.2900000000e+00  2.9359430844e+06  2.9359430844e+06  -1.9500000000e+07
-6.0465116279e-02  2.2900000000e+00  2.9359430844e+06  2.9359430844e+06  -1.9500000000e+07
-6.0187546887e-02  2.2900000000e+00  2.9359430844e+06  2.9359430844e+06  -1.9500000000e+07
-5.9909977494e-02  2.2900000000e+00  2.9359430844e+06  2.9359430844e+06  -1.9500000000e+07
-5.9632408102e-02  2.2900000000e+00  2.9359430844e+06  2.9359430844e+06  -1.9500000000e+07
-5.9354838710e-02  2.2900000000e+00  2.9359430844e+06  2.9359430844e+06  -1.9500000000e+07
-5.9077269317e-02  2.2900000000e+00  2.9359430844e+06  2.9359430844e+06  -1.9500000000e+07
-5.8799699925e-02  2.2900000000e+00  2.9359430844e+06  2.9359430844e+06  -1.9500000000e+07
-5.8522130533e-02  2.2900000000e+00  2.9359430844e+06  2.9359430844e+06  -1.9500000000e+07
-5.8244561140e-02  2.2900000000e+00  2.9359430844e+06  2.9359430844e+06  -1.9500000000e+07
-5.7966991748e-02  2.2900000000e+00  2.9359430844e+06  2.9359430844e+06  -1.9500000000e+07
-5.7689422356e-02  2.2900000000e+00  2.9359430844e+06  2.9359430844e+06  -1.9500000000e+07
-5.7411852963e-02  2.2900000000e+00  2.9359430844e+06  2.9359430844e+06  -1.9500000000e+07
-5.7134283571e-02  2.2900000000e+00  2.9359430844e+06  2.9359430844e+06  -1.9500000000e+07
-5.6856714179e-02  2.2900000000e+00  2.9359430844e+06  2.9359430844e+06  -1.9500000000e+07
-5.6579144786e-02  2.2900000000e+00  2.9359430844e+06  2.9359430844e+06  -1.9500000000e+07
-5.6301575394e-02  2.2900000000e+00  2.9359430844e+06  2.9359430844e+06  -1.9500000000e+07
-5.6024006002e-02  2.2900000000e+00  2.9359430844e+06  2.9359430844e+06  -1.9500000000e+07
-5.5746436609e-02  2.2900000000e+00  2.9359430844e+06  2.9359430844e+06  -1.9500000000e+07
-5.5468867217e-02  2.2900000000e+00  2.9359430844e+06  2.9359430844e+06  -1.9500000000e+07
-5.5191297824e-02  2.2900000000e+00  2.9359430844e+06  2.9359430844e+06  -1.9500000000e+07
-5.4913728432e-02  2.2900000000e+00  2.9359430844e+06  2.9359430844e+06  -1.9500000000e+07
-5.4636159040e-02  2.2900000000e+00  2.9359430844e+06  2.9359430844e+06  -1.9500000000e+07
-5.4358589647e-02  2.2900000000e+00  2.9359430844e+06  2.9359430844e+06  -1.9500000000e+07
-5.4081020255e-02  2.2900000000e+00  2.9359430844e+06  2.9359430844e+06  -1.9500000000e+07
-5.3803450863e-02  2.2900000000e+00  2.9359430844e+06  2.9359430844e+06  -1.9500000000e+07
-5.3525881470e-02  2.2900000000e+00  2.9359430844e+06  2.9359430844e+06  -1.9500000000e+07
-5.3248312078e-02  2.2900000000e+00  2.9359430844e+06  2.9359430844e+06  -1.9500000000e+07
-5.2970742686e-02  2.2900000000e+00  2.9359430844e+06  2.9359430844e+06  -1.9500000000e+07
-5.2693173293e-02  2.2900000000e+00  2.9359430844e+06  2.9359430844e+06  -1.9500000000e+07
-5.2415603901e-02  2.2900000000e+00  2.9359430844e+06  2.9359430844e+06  -1.9500000000e+07
-5.2138034509e-02  2.2900000000e+00  2.9359430844e+06  2.9359430844e+06  -1.9500000000e+07
-5.1860465116e-02  2.2900000000e+00  2.9359430844e+06  2.9359430844e+06  -1.9500000000e+07
-5.1582895724e-02  2.2900000000e+00  2.9359430844e+06  2.9359430844e+06  -1.9500000000e+07
-5.1305326332e-02  2.2900000000e+00  2.9359430844e+06  2.9359430844e+06  -1.9500000000e+07
-5.1027756939e-02  2.2900000000e+00  2.9359430844e+06  2.9359430844e+06  -1.9500000000e+07
-5.0750187547e-02  2.2900000000e+00  2.9359430844e+06  2.9359430844e+06  -1.9500000000e+07
-5.0472618155e-02  2.2900000000e+00  2.9359430844e+06  2.9359430844e+06  -1.9500000000e+07
-5.0195048762e-02  2.2900000000e+00  2.9359430844e+06  2.9359430844e+06  -1.9500000000e+07
-4.9917479370e-02  2.2900000000e+00  2.9359430844e+06  2.9359430844e+06  -1.9500000000e+07
-4.9639909977e-02  2.2900000000e+00  2.9359430844e+06  2.9359430844e+06  -1.9500000000e+07
-4.9362340585e-02  2.2900000000e+00  2.9359430844e+06  2.9359430844e+06  -1.9500000000e+07
-4.9084771193e-02  2.2900000000e+00  2.9359430844e+06  2.9359430844e+06  -1.9500000000e+07
-4.8807201800e-02  2.2900000000e+00  2.9359430844e+06  2.9359430844e+06  -1.9500000000e+07
-4.8529632408e-02  2.2900000000e+00  2.9359430844e+06  2.9359430844e+06  -1.9500000000e+07
-4.8252063016e-02  2.2900000000e+00  2.9359430844e+06  2.9359430844e+06  -1.9500000000e+07
-4.7974493623e-02  2.2900000000e+00  2.9359430844e+06  2.9359430844e+06  -1.9500000000e+07
-4.7696924231e-02  2.2900000000e+00  2.9359430844e+06  2.9359430844e+06  -1.9500000000e+07
-4.7419354839e-02  2.2900000000e+00  2.9359430844e+06  2.9359430844e+06  -1.9500000000e+07
-4.7141785446e-02  2.2900000000e+00  2.9359430844e+06  2.9359430844e+06  -1.9500000000e+07
-4.6864216054e-02  2.2900000000e+00  2.9359430844e+06  2.9359430844e+06  -1.9500000000e+07
-4.6586646662e-02  2.2900000000e+00  2.9359430844e+06  2.9359430844e+06  -1.9500000000e+07
-4.6309077269e-02  2.2900000000e+00  2.9359430844e+06  2.9359430844e+06  -1.9500000000e+07
-4.6031507877e-02  2.2900000000e+00  2.9359430844e+06  2.9359430844e+06  -1.9500000000e+07
-4.5753938485e-02  2.2900000000e+00  2.9359430844e+06  2.9359430844e+06  -1.9500000000e+07
-4.5476369092e-02  2.2860772693e+00  2.9413140142e+06  2.9413122598e+06  -1.9502714014e+07
-4.5198799700e-02  2.2860751662e+00  2.9413150595e+06  2.9413112737e+06  -1.9502700063e+07
-4.4921230308e-02  2.2860730631e+00  2.9413161048e+06  2.9413102876e+06  -1.9502686112e+07
-4.4643660915e-02  2.2860709600e+00  2.9413171501e+06  2.9413093014e+06  -1.9502672161e+07
-4.4366091523e-02  2.2860688569e+00  2.9413181954e+06  2.9413083153e+06  -1.9502658210e+07
-4.4088522131e-02  2.2860667538e+00  2.9413192408e+06  2.9413073291e+06  -1.9502644259e+07
-4.3810952738e-02  2.2860646507e+00  2.9413202861e+06  2.9413063430e+06  -1.9502630309e+07
-4.3533383346e-02  2.2860625476e+00  2.9413213314e+06  2.9413053568e+06  -1.9502616358e+07
-4.3255813953e-02  2.2860604445e+00  2.9413223767e+06  2.9413043707e+06  -1.9502602407e+07
-4.2978244561e-02  2.2860583414e+00  2.9413234221e+06  2.9413033845e+06  -1.9502588456e+07
-4.2700675169e-02  2.2860562383e+00  2.9413244674e+06  2.9413023984e+06  -1.9502574505e+07
-4.2423105776e-02  2.2860541352e+00  2.9413255127e+06  2.9413014123e+06  -1.9502560554e+07
-4.2145536384e-02  2.2860520321e+00  2.9413265580e+06  2.9413004261e+06  -1.9502546603e+07
-4.1867966992e-02  2.2860499290e+00  2.9413276034e+06  2.9412994400e+06  -1.9502532652e+07
-4.1590397599e-02  2.2860362013e+00  2.9413344243e+06  2.9412929999e+06  -1.9502441537e+07
-4.1312828207e-02  2.2860111760e+00  2.9413468582e+06  2.9412812595e+06  -1.9502275430e+07
-4.1035258815e-02  2.2859861507e+00  2.9413592922e+06  2.9412695190e+06  -1.9502109322e+07
-4.0757689422e-02  2.2859611255e+00  2.9413717262e+06  2.9412577785e+06  -1.9501943215e+07
-4.0480120030e-02  2.2859361002e+00  2.9413841602e+06  2.9412460381e+06  -1.9501777107e+07
-4.0202550638e-02  2.2859110749e+00  2.9413965941e+06  2.9412342976e+06  -1.9501611000e+07
-3.9924981245e-02  2.2858860497e+00  2.9414090281e+06  2.9412225571e+06  -1.9501444892e+07
-3.9647411853e-02  2.2858610244e+00  2.9414214621e+06  2.9412108166e+06  -1.9501278785e+07
-3.9369842461e-02  2.2858359991e+00  2.9414338960e+06  2.9411990762e+06  -1.9501112677e+07
-3.9092273068e-02  2.2858109739e+00  2.9414463300e+06  2.9411873357e+06  -1.9500946570e+07
-3.8814703676e-02  2.2857859486e+00  2.9414587640e+06  2.9411755952e+06  -1.9500780463e+07
-3.8537134284e-02  2.2857609234e+00  2.9414711980e+06  2.9411638548e+06  -1.9500614355e+07
-3.8259564891e-02  2.2857358981e+00  2.9414836319e+06  2.9411521143e+06  -1.9500448248e+07
-3.7981995499e-02  2.2857108728e+00  2.9414960659e+06  2.9411403738e+06  -1.9500282140e+07
-3.7704426107e-02  2.2856858476e+00  2.9415084999e+06  2.9411286334e+06  -1.9500116033e+07
-3.7426856714e-02  2.2856608223e+00  2.9415209339e+06  2.9411168929e+06  -1.9499949925e+07
-3.7149287322e-02  2.2856357970e+00  2.9415333678e+06  2.9411051524e+06  -1.9499783818e+07
-3.6871717929e-02  2.2856107718e+00  2.9415458018e+06  2.9410934119e+06  -1.9499617710e+07
-3.6594148537e-02  2.2855857465e+00  2.9415582358e+06  2.9410816715e+06  -1.9499451603e+07
-3.6316579145e-02  2.2855607212e+00  2.9415706697e+06  2.9410699310e+06  -1.9499285495e+07
-3.6039009752e-02  2.2855356960e+00  2.9415831037e+06  2.9410581905e+06  -1.9499119388e+07
-3.5761440360e-02  2.2855106707e+00  2.9415955377e+06  2.9410464501e+06  -1.9498953280e+07
-3.5483870968e-02  2.2854856455e+00  2.9416079717e+06  2.9410347096e+06  -1.9498787173e+07
-3.5206301575e-02  2.2854606202e+00  2.9416204056e+06  2.9410229691e+06  -1.9498621065e+07
-3.4928732183e-02  2.2854355949e+00  2.9416328396e+06  2.9410112286e+06  -1.9498454958e+07
-3.4651162791e-02  2.2854105697e+00  2.9416452736e+06  2.9409994882e+06  -1.9498288850e+07
-3.4373593398e-02  2.2853855444e+00  2.9416577075e+06  2.9409877477e+06  -1.9498122743e+07
-3.4096024006e-02  2.2853605191e+00  2.9416701415e+06  2.9409760072e+06  -1.9497956635e+07
-3.3818454614e-02  2.2853354939e+00  2.9416825755e+06  2.9409642668e+06  -1.9497790528e+07
-3.3540885221e-02  2.2853104686e+00  2.9416950095e+06  2.9409525263e+06  -1.9497624421e+07
-3.3263315829e-02  2.2852854434e+00  2.9417074434e+06  2.9409407858e+06  -1.9497458313e+07
-3.2985746437e-02  2.2852604181e+00  2.9417198774e+06  2.9409290454e+06  -1.9497292206e+07
-3.2708177044e-02  2.2852353928e+00  2.9417323114e+06  2.9409173049e+06  -1.9497126098e+07
-3.2430607652e-02  2.2852103676e+00  2.9417447454e+06  2.9409055644e+06  -1.9496959991e+07
-3.2153038260e-02  2.2851853423e+00  2.9417571793e+06  2.9408938239e+06  -1.9496793883e+07
-3.1875468867e-02  2.2851603170e+00  2.9417696133e+06  2.9408820835e+06  -1.9496627776e+07
-3.1597899475e-02  2.2851352918e+00  2.9417820473e+06  2.9408703430e+06  -1.9496461668e+07
-3.1320330083e-02  2.2851102665e+00  2.9417944812e+06  2.9408586025e+06  -1.9496295561e+07
-3.1042760690e-02  2.2850852412e+00  2.9418069152e+06  2.9408468621e+06  -1.9496129453e+07
-3.0765191298e-02  2.2850602160e+00  2.9418193492e+06  2.9408351216e+06  -1.9495963346e+07
-3.0487621905e-02  2.2850351907e+00  2.9418317832e+06  2.9408233811e+06  -1.9495797238e+07
-3.0210052513e-02  2.2850101655e+00  2.9418442171e+06  2.9408116407e+06  -1.9495631131e+07
-2.9932483121e-02  2.2849851402e+00  2.9418566511e+06  2.9407999002e+06  -1.9495465023e+07
-2.9654913728e-02  2.2849601149e+00  2.9418690851e+06  2.9407881597e+06  -1.9495298916e+07
-2.9377344336e-02  2.2849350897e+00  2.9418815191e+06  2.9407764192e+06  -1.9495132808e+07
-2.9099774944e-02  2.2849100644e+00  2.9418939530e+06  2.9407646788e+06  -1.9494966701e+07
-2.8822205551e-02  2.2848850391e+00  2.9419063870e+06  2.9407529383e+06  -1.9494800594e+07
-2.8544636159e-02  2.2848600139e+00  2.9419188210e+06  2.9407411978e+06  -1.9494634486e+07
-2.8267066767e-02  2.2848349886e+00  2.9419312549e+06  2.9407294574e+06  -1.9494468379e+07
-2.7989497374e-02  2.2848099634e+00  2.9419436889e+06  2.9407177169e+06  -1.9494302271e+07
-2.7711927982e-02  2.2847849381e+00  2.9419561229e+06  2.9407059764e+06  -1.9494136164e+07
-2.7434358590e-02  2.2847599128e+00  2.9419685569e+06  2.9406942360e+06  -1.9493970056e+07
-2.7156789197e-02  2.2847348876e+00  2.9419809908e+06  2.9406824955e+06  -1.9493803949e+07
-2.6879219805e-02  2.2847098623e+00  2.9419934248e+06  2.9406707550e+06  -1.9493637841e+07
-2.6601650413e-02  2.2846848370e+00  2.9420058588e+06  2.9406590145e+06  -1.9493471734e+07
-2.6324081020e-02  2.2846275498e+00  2.9420343084e+06  2.9406321203e+06  -1.9493091169e+07
-2.6046511628e-02  2.2844868429e+00  2.9421041694e+06  2.9405660432e+06  -1.9492156085e+07
-2.5768942236e-02  2.2843461361e+00  2.9421740304e+06  2.9404999661e+06  -1.9491221000e+07
-2.5491372843e-02  2.2842054292e+00  2.9422438914e+06  2.9404338890e+06  -1.9490285915e+07
-2.5213803451e-02  2.2840647224e+00  2.9423137524e+06  2.9403678119e+06  -1.9489350831e+07
-2.4936234059e-02  2.2839240155e+00  2.9423836134e+06  2.9403017348e+06  -1.9488415746e+07
-2.4658664666e-02  2.2837833087e+00  2.9424534745e+06  2.9402356577e+06  -1.9487480661e+07
-2.4381095274e-02  2.2836426019e+00  2.9425233355e+06  2.9401695806e+06  -1.9486545577e+07
-2.4103525881e-02  2.2835018950e+00  2.9425931965e+06  2.9401035035e+06  -1.9485610492e+07
-2.3825956489e-02  2.2833611882e+00  2.9426630575e+06  2.9400374264e+06  -1.9484675407e+07
-2.3548387097e-02  2.2831749510e+00  2.9427554845e+06  2.9399499163e+06  -1.9483436852e+07
-2.3270817704e-02  2.2829365209e+00  2.9428737798e+06  2.9398378370e+06  -1.9481850419e+07
-2.2993248312e-02  2.2826980908e+00  2.9429920750e+06  2.9397257576e+06  -1.9480263986e+07
-2.2715678920e-02  2.2824596606e+00  2.9431103702e+06  2.9396136782e+06  -1.9478677552e+07
-2.2438109527e-02  2.2822212305e+00  2.9432286654e+06  2.9395015989e+06  -1.9477091119e+07
-2.2160540135e-02  2.2819828004e+00  2.9433469606e+06  2.9393895195e+06  -1.9475504686e+07
-2.1882970743e-02  2.2816790174e+00  2.9434975982e+06  2.9392466140e+06  -1.9473481585e+07
-2.1605401350e-02  2.2813445569e+00  2.9436634175e+06  2.9390892382e+06  -1.9471253507e+07
-2.1327831958e-02  2.2810100964e+00  2.9438292369e+06  2.9389318625e+06  -1.9469025430e+07
-2.1050262566e-02  2.2806756359e+00  2.9439950563e+06  2.9387744868e+06  -1.9466797352e+07
-2.0772693173e-02  2.2802878263e+00  2.9441872379e+06  2.9385918966e+06  -1.9464211940e+07
-2.0495123781e-02  2.2798581503e+00  2.9444001077e+06  2.9383895191e+06  -1.9461346104e+07
-2.0217554389e-02  2.2794284742e+00  2.9446129775e+06  2.9381871417e+06  -1.9458480269e+07
-1.9939984996e-02  2.2789650879e+00  2.9448424799e+06  2.9379688000e+06  -1.9455388089e+07
-1.9662415604e-02  2.2784407793e+00  2.9451020413e+06  2.9377216072e+06  -1.9451886852e+07
-1.9384846212e-02  2.2779164707e+00  2.9453616028e+06  2.9374744144e+06  -1.9448385615e+07
-1.9107276819e-02  2.2773231581e+00  2.9456551588e+06  2.9371944783e+06  -1.9444419926e+07
-1.8829707427e-02  2.2767047120e+00  2.9459610968e+06  2.9369026160e+06  -1.9440285068e+07
-1.8552138035e-02  2.2760383659e+00  2.9462905961e+06  2.9365879792e+06  -1.9435827017e+07
-1.8274568642e-02  2.2753262312e+00  2.9466426182e+06  2.9362515719e+06  -1.9431060019e+07
-1.7996999250e-02  2.2745596611e+00  2.9470213746e+06  2.9358892314e+06  -1.9425924836e+07
-1.7719429857e-02  2.2737542670e+00  2.9474191980e+06  2.9355083951e+06  -1.9420527058e+07
-1.7441860465e-02  2.2728670785e+00  2.9478571289e+06  2.9350885141e+06  -1.9414574692e+07
-1.7164291073e-02  2.2719359541e+00  2.9483165776e+06  2.9346476290e+06  -1.9408323885e+07
-1.6886721680e-02  2.2709452784e+00  2.9488051802e+06  2.9341782606e+06  -1.9401668316e+07
-1.6609152288e-02  2.2698649485e+00  2.9493376029e+06  2.9336659251e+06  -1.9394401889e+07
-1.6331582896e-02  2.2687170534e+00  2.9499029972e+06  2.9331211467e+06  -1.9386674019e+07
-1.6054013503e-02  2.2674926773e+00  2.9505056715e+06  2.9325395939e+06  -1.9378422933e+07
-1.5776444111e-02  2.2661843742e+00  2.9511491970e+06  2.9319176177e+06  -1.9369596487e+07
-1.5498874719e-02  2.2647858554e+00  2.9518365638e+06  2.9312521062e+06  -1.9360150115e+07
-1.5221305326e-02  2.2632917430e+00  2.9525703042e+06  2.9305403700e+06  -1.9350045204e+07
-1.4943735934e-02  2.2616974194e+00  2.9533525680e+06  2.9297800720e+06  -1.9339248114e+07
-1.4666166542e-02  2.2599979162e+00  2.9541856604e+06  2.9289686898e+06  -1.9327722508e+07
-1.4388597149e-02  2.2581698170e+00  2.9550807498e+06  2.9280946832e+06  -1.9315303243e+07
-1.4111027757e-02  2.2562281377e+00  2.9560304610e+06  2.9271652121e+06  -1.9302091983e+07
-1.3833458365e-02  2.2541524417e+00  2.9570444559e+06  2.9261701127e+06  -1.9287942963e+07
-1.3555888972e-02  2.2519445265e+00  2.9581217007e+06  2.9251100766e+06  -1.9272865427e+07
-1.3278319580e-02  2.2495804966e+00  2.9592733861e+06  2.9239731078e+06  -1.9256686948e+07
-1.3000750188e-02  2.2470641219e+00  2.9604974593e+06  2.9227607904e+06  -1.9239429254e+07
-1.2723180795e-02  2.2443835049e+00  2.9617992949e+06  2.9214669458e+06  -1.9221002823e+07
-1.2445611403e-02  2.2415287564e+00  2.9631832467e+06  2.9200863227e+06  -1.9201331179e+07
-1.2168042011e-02  2.2384916582e+00  2.9646528183e+06  2.9186144432e+06  -1.9180348717e+07
-1.1890472618e-02  2.2352518143e+00  2.9662171184e+06  2.9170406263e+06  -1.9157900331e+07
-1.1612903226e-02  2.2318131227e+00  2.9678738379e+06  2.9153663466e+06  -1.9134005484e+07
-1.1335333833e-02  2.2281502361e+00  2.9696341593e+06  2.9135782123e+06  -1.9108469244e+07
-1.1057764441e-02  2.2242602839e+00  2.9714987301e+06  2.9116741135e+06  -1.9081258808e+07
-1.0780195049e-02  2.2201299714e+00  2.9734728955e+06  2.9096465453e+06  -1.9052263184e+07
-1.0502625656e-02  2.2157451218e+00  2.9755622289e+06  2.9074874029e+06  -1.9021362113e+07
-1.0225056264e-02  2.2110922244e+00  2.9777718108e+06  2.9051887689e+06  -1.8988437402e+07
-9.9474868717e-03  2.2061601102e+00  2.9801054704e+06  2.9027437870e+06  -1.8953385578e+07
-9.6699174794e-03  2.2009352282e+00  2.9825678809e+06  2.9001441898e+06  -1.8916081945e+07
-9.3923480870e-03  2.1954041952e+00  2.9851633763e+06  2.8973816028e+06  -1.8876399373e+07
-9.1147786947e-03  2.1895522095e+00  2.9878965974e+06  2.8944466743e+06  -1.8834195444e+07
-8.8372093023e-03  2.1833668956e+00  2.9907708098e+06  2.8913311263e+06  -1.8789342369e+07
-8.5596399100e-03  2.1768321162e+00  2.9937904597e+06  2.8880243681e+06  -1.8741677101e+07
-8.2820705176e-03  2.1699355545e+00  2.9969579485e+06  2.8845176090e+06  -1.8691061605e+07
-8.0045011253e-03  2.1626639118e+00  3.0002756075e+06  2.8808012344e+06  -1.8637344176e+07
-7.7269317329e-03  2.1550027602e+00  3.0037456503e+06  2.8768646674e+06  -1.8580357045e+07
-7.4493623406e-03  2.1469396121e+00  3.0073688833e+06  2.8726980683e+06  -1.8519941320e+07
-7.1717929482e-03  2.1384593601e+00  3.0111463498e+06  2.8682896933e+06  -1.8455907301e+07
-6.8942235559e-03  2.1295515655e+00  3.0150765483e+06  2.8636300991e+06  -1.8388097096e+07
-6.6166541635e-03  2.1202014821e+00  3.0191585857e+06  2.8587068772e+06  -1.8316305261e+07
-6.3390847712e-03  2.1103991869e+00  3.0233888556e+06  2.8535100279e+06  -1.8240359320e+07
-6.0615153788e-03  2.1001330111e+00  3.0277631728e+06  2.8480280234e+06  -1.8160059856e+07
-5.7839459865e-03  2.0893916819e+00  3.0322758560e+06  2.8422490462e+06  -1.8075198521e+07
-5.5063765941e-03  2.0781651108e+00  3.0369193693e+06  2.8361614858e+06  -1.7985565132e+07
-5.2288072018e-03  2.0664446637e+00  3.0416841570e+06  2.8297541401e+06  -1.7890950284e+07
-4.9512378095e-03  2.0542216068e+00  3.0465588513e+06  2.8230152075e+06  -1.7791128876e+07
-4.6736684171e-03  2.0414871900e+00  3.0515299185e+06  2.8159322871e+06  -1.7685858737e+07
-4.3960990248e-03  2.0282347887e+00  3.0565810791e+06  2.8084938639e+06  -1.7574903156e+07
-4.1185296324e-03  2.0144577983e+00  3.0616935448e+06  2.8006879594e+06  -1.7458008463e+07
-3.8409602401e-03  2.0001494859e+00  3.0668456486e+06  2.7925020215e+06  -1.7334900337e+07
-3.5633908477e-03  1.9853039214e+00  3.0720123862e+06  2.7839236200e+06  -1.7205293009e+07
-3.2858214554e-03  1.9699162460e+00  3.0771651690e+06  2.7749407589e+06  -1.7068892363e+07
-3.0082520630e-03  1.9539804669e+00  3.0822714891e+06  2.7655403800e+06  -1.6925368368e+07
-2.7306826707e-03  1.9374907033e+00  3.0872945043e+06  2.7557094311e+06  -1.6774369581e+07
-2.4531132783e-03  1.9204402992e+00  3.0921924819e+06  2.7454343664e+06  -1.6615510569e+07
-2.1755438860e-03  1.9028213661e+00  3.0969179976e+06  2.7347009991e+06  -1.6448363185e+07
-1.8979744936e-03  1.8846247048e+00  3.1014172115e+06  2.7234947687e+06  -1.6272453834e+07
-1.6204051013e-03  1.8658388009e+00  3.1056289801e+06  2.7118003679e+06  -1.6087249045e+07
-1.3428357089e-03  1.8464485268e+00  3.1094833538e+06  2.6996012141e+06  -1.5892133752e+07
-1.0652663166e-03  1.8264342654e+00  3.1128999272e+06  2.6868793668e+06  -1.5686394957e+07
-7.8769692423e-04  1.8057703780e+00  3.1157852819e+06  2.6736152870e+06  -1.5469192593e+07
-5.1012753188e-04  1.7844235761e+00  3.1180301418e+06  2.6597879661e+06  -1.5239529576e+07
-2.3255813953e-04  1.7623493302e+00  3.1195046618e+06  2.6453736866e+06  -1.4996188914e+07
4.5011252813e-05  1.1382799662e+00  2.2502969290e+06  2.6293648063e+06  -4.2114246352e+06
3.2258064516e-04  1.1296518082e+00  2.2114587741e+06  2.5997459889e+06  -3.9788068588e+06
6.0015003751e-04  1.1212025044e+00  2.1720047958e+06  2.5687260199e+06  -3.7475406955e+06
8.7771942986e-04  1.1129326841e+00  2.1319785895e+06  2.5362134934e+06  -3.5177878121e+06
1.1552888222e-03  1.1048431403e+00  2.0914259763e+06  2.5021594581e+06  -3.2897149225e+06
1.4328582146e-03  1.0969355871e+00  2.0504019688e+06  2.4662615728e+06  -3.0635217909e+06
1.7104276069e-03  1.0892263544e+00  2.0090442201e+06  2.4285473008e+06  -2.8398396251e+06
1.9879969992e-03  1.0817311727e+00  1.9675016292e+06  2.3890118114e+06  -2.6193119432e+06
2.2655663916e-03  1.0744620664e+00  1.9259149310e+06  2.3474570624e+06  -2.4024970258e+06
2.5431357839e-03  1.0674427407e+00  1.8845057787e+06  2.3039370289e+06  -2.1903293471e+06
2.8207051763e-03  1.0606961649e+00  1.8435110236e+06  2.2584899848e+06  -1.9837597672e+06
3.0982745686e-03  1.0542464457e+00  1.8031919610e+06  2.2111534611e+06  -1.7838072522e+06
3.3758439610e-03  1.0481190870e+00  1.7638371770e+06  2.1621805926e+06  -1.5915692051e+06
3.6534133533e-03  1.0423409267e+00  1.7257613180e+06  2.1116175211e+06  -1.4082162484e+06
3.9309827457e-03  1.0369403180e+00  1.6893054775e+06  2.0597132627e+06  -1.2349964617e+06
4.2085521380e-03  1.0319435110e+00  1.6548100024e+06  2.0068568290e+06  -1.0731130269e+06
4.4861215304e-03  1.0273716093e+00  1.6225890007e+06  1.9535484104e+06  -9.2361610149e+05
4.7636909227e-03  1.0232390839e+00  1.5929115463e+06  1.9003864460e+06  -7.8733709952e+05
5.0412603151e-03  1.0195516846e+00  1.5659789168e+06  1.8480550607e+06  -6.6480431646e+05
5.3188297074e-03  1.0163050983e+00  1.5419071905e+06  1.7972851358e+06  -5.5618348486e+05
5.5963990998e-03  1.0134845643e+00  1.5207177062e+06  1.7488044053e+06  -4.6125212414e+05
5.8739684921e-03  1.0110655684e+00  1.5023374013e+06  1.7032787857e+06  -3.7941390059e+05
6.1515378845e-03  1.0090173782e+00  1.4866228497e+06  1.6612754083e+06  -3.0981338884e+05
6.4291072768e-03  1.0073023187e+00  1.4733564244e+06  1.6231915423e+06  -2.5131566495e+05
6.7066766692e-03  1.0058817536e+00  1.4622928232e+06  1.5892663770e+06  -2.0271139866e+05
6.9842460615e-03  1.0047151103e+00  1.4531557138e+06  1.5595341236e+06  -1.6269243300e+05
7.2618154539e-03  1.0037647226e+00  1.4456780209e+06  1.5338833564e+06  -1.3002290634e+05
7.5393848462e-03  1.0029972134e+00  1.4396164810e+06  1.5121042397e+06  -1.0359432242e+05
7.8169542386e-03  1.0023796291e+00  1.4347243490e+06  1.4938221289e+06  -8.2299013182e+04
8.0945236309e-03  1.0018855309e+00  1.4308009317e+06  1.4786629445e+06  -6.5242808552e+04
8.3720930233e-03  1.0014914548e+00  1.4276657109e+06  1.4662081465e+06  -5.1627317865e+04
8.6496624156e-03  1.0011786512e+00  1.4251732537e+06  1.4560766132e+06  -4.0812190343e+04
8.9272318080e-03  1.0009297238e+00  1.4231873723e+06  1.4478529852e+06  -3.2200793922e+04
9.2048012003e-03  1.0007322984e+00  1.4216108472e+06  1.4412249282e+06  -2.5368045444e+04
9.4823705926e-03  1.0005796692e+00  1.4203910327e+06  1.4360281555e+06  -2.0083656289e+04
9.7599399850e-03  1.0004609121e+00  1.4194413769e+06  1.4319439052e+06  -1.5970911688e+04
1.0037509377e-02  1.0003558722e+00  1.4186011530e+06  1.4283119744e+06  -1.2332700117e+04
1.0315078770e-02  1.0002937223e+00  1.4181036337e+06  1.4261340392e+06  -1.0179297301e+04
1.0592648162e-02  1.0002320798e+00  1.4176101690e+06  1.4239733065e+06  -8.0434616855e+03
1.0870217554e-02  1.0001766078e+00  1.4171660954e+06  1.4220284753e+06  -6.1214138158e+03
1.1147786947e-02  1.0001695960e+00  1.4171099211e+06  1.4217792565e+06  -5.8783788880e+03
1.1425356339e-02  1.0001625843e+00  1.4170537467e+06  1.4215300378e+06  -5.6353439602e+03
1.1702925731e-02  1.0001555725e+00  1.4169975724e+06  1.4212808191e+06  -5.3923090324e+03
1.1980495124e-02  1.0001485608e+00  1.4169413981e+06  1.4210316003e+06  -5.1492741046e+03
1.2258064516e-02  1.0001415490e+00  1.4168852238e+06  1.4207823816e+06  -4.9062391768e+03
1.2535633908e-02  1.0001345372e+00  1.4168290495e+06  1.4205331629e+06  -4.6632042489e+03
1.2813203301e-02  1.0001275255e+00  1.4167728751e+06  1.4202839441e+06  -4.4201693211e+03
1.3090772693e-02  1.0001205137e+00  1.4167167008e+06  1.4200347254e+06  -4.1771343933e+03
1.3368342086e-02  1.0001135020e+00  1.4166605265e+06  1.4197855067e+06  -3.9340994655e+03
1.3645911478e-02  1.0001064902e+00  1.4166043522e+06  1.4195362879e+06  -3.6910645377e+03
1.3923480870e-02  1.0000994784e+00  1.4165481779e+06  1.4192870692e+06  -3.4480296099e+03
1.4201050263e-02  1.0000924667e+00  1.4164920036e+06  1.4190378505e+06  -3.2049946820e+03
1.4478619655e-02  1.0000854549e+00  1.4164358292e+06  1.4187886317e+06  -2.9619597542e+03
1.4756189047e-02  1.0000784432e+00  1.4163796549e+06  1.4185394130e+06  -2.7189248264e+03
1.5033758440e-02  1.0000714314e+00  1.4163234806e+06  1.4182901942e+06  -2.4758898986e+03
1.5311327832e-02  1.0000644196e+00  1.4162673063e+06  1.4180409755e+06  -2.2328549708e+03
1.5588897224e-02  1.0000574079e+00  1.4162111320e+06  1.4177917568e+06  -1.9898200430e+03
1.5866466617e-02  1.0000503961e+00  1.4161549576e+06  1.4175425380e+06  -1.7467851152e+03
1.6144036009e-02  1.0000433844e+00  1.4160987833e+06  1.4172933193e+06  -1.5037501873e+03
1.6421605401e-02  1.0000363726e+00  1.4160426090e+06  1.4170441006e+06  -1.2607152595e+03
1.6699174794e-02  1.0000293609e+00  1.4159864347e+06  1.4167948818e+06  -1.0176803317e+03
1.6976744186e-02  1.0000223491e+00  1.4159302604e+06  1.4165456631e+06  -7.7464540389e+02
1.7254313578e-02  1.0000153373e+00  1.4158740861e+06  1.4162964444e+06  -5.3161047607e+02
1.7531882971e-02  1.0000083256e+00  1.4158179117e+06  1.4160472256e+06  -2.8857554826e+02
1.7809452363e-02  1.0000013138e+00  1.4157617374e+06  1.4157980069e+06  -4.5540620441e+01
1.8087021755e-02  1.0000003123e+00  1.4157537139e+06  1.4157623908e+06  -1.0828113501e+01
1.8364591148e-02  1.0000002166e+00  1.4157529468e+06  1.4157589647e+06  -7.5099167521e+00
1.8642160540e-02  1.0000001209e+00  1.4157521797e+06  1.4157555386e+06  -4.1917200033e+00
1.8919729932e-02  1.0000000252e+00  1.4157514126e+06  1.4157521126e+06  -8.7352325450e-01
1.9197299325e-02  1.0000000000e+00  1.4157512106e+06  1.4157512106e+06  0.0000000000e+00
1.9474868717e-02  1.0000000000e+00  1.4157512106e+06  1.4157512106e+06  0.0000000000e+00
1.9752438110e-02  1.0000000000e+00  1.4157512106e+06  1.4157512106e+06  0.0000000000e+00
2.0030007502e-02  1.0000000000e+00  1.4157512106e+06  1.4157512106e+06  0.0000000000e+00
2.0307576894e-02  1.0000000000e+00  1.4157512106e+06  1.4157512106e+06  0.0000000000e+00
2.0585146287e-02  1.0000000000e+00  1.4157512106e+06  1.4157512106e+06  0.0000000000e+00
2.0862715679e-02  1.0000000000e+00  1.4157512106e+06  1.4157512106e+06  0.0000000000e+00
2.1140285071e-02  1.0000000000e+00  1.4157512106e+06  1.4157512106e+06  0.0000000000e+00
2.1417854464e-02  1.0000000000e+00  1.4157512106e+06  1.4157512106e+06  0.0000000000e+00
2.1695423856e-02  1.0000000000e+00  1.4157512106e+06  1.4157512106e+06  0.0000000000e+00
2.1972993248e-02  1.0000000000e+00  1.4157512106e+06  1.4157512106e+06  0.0000000000e+00
2.2250562641e-02  1.0000000000e+00  1.4157512106e+06  1.4157512106e+06  0.0000000000e+00
2.2528132033e-02  1.0000000000e+00  1.4157512106e+06  1.4157512106e+06  0.0000000000e+00
2.2805701425e-02  1.0000000000e+00  1.4157512106e+06  1.4157512106e+06  0.0000000000e+00
2.3083270818e-02  1.0000000000e+00  1.4157512106e+06  1.4157512106e+06  0.0000000000e+00
2.3360840210e-02  1.0000000000e+00  1.4157512106e+06  1.4157512106e+06  0.0000000000e+00
2.3638409602e-02  1.0000000000e+00  1.4157512106e+06  1.4157512106e+06  0.0000000000e+00
2.3915978995e-02  1.0000000000e+00  1.4157512106e+06  1.4157512106e+06  0.0000000000e+00
2.4193548387e-02  1.0000000000e+00  1.4157512106e+06  1.4157512106e+06  0.0000000000e+00
2.4471117779e-02  1.0000000000e+00  1.4157512106e+06  1.4157512106e+06  0.0000000000e+00
2.4748687172e-02  1.0000000000e+00  1.4157512106e+06  1.4157512106e+06  0.0000000000e+00
2.5026256564e-02  1.0000000000e+00  1.4157512106e+06  1.4157512106e+06  0.0000000000e+00
2.5303825956e-02  1.0000000000e+00  1.4157512106e+06  1.4157512106e+06  0.0000000000e+00
2.5581395349e-02  1.0000000000e+00  1.4157512106e+06  1.4157512106e+06  0.0000000000e+00
2.5858964741e-02  1.0000000000e+00  1.4157512106e+06  1.4157512106e+06  0.0000000000e+00
2.6136534134e-02  1.0000000000e+00  1.4157512106e+06  1.4157512106e+06  0.0000000000e+00
2.6414103526e-02  1.0000000000e+00  1.4157512106e+06  1.4157512106e+06  0.0000000000e+00
2.6691672918e-02  1.0000000000e+00  1.4157512106e+06  1.4157512106e+06  0.0000000000e+00
2.6969242311e-02  1.0000000000e+00  1.4157512106e+06  1.4157512106e+06  0.0000000000e+00
2.7246811703e-02  1.0000000000e+00  1.4157512106e+06  1.4157512106e+06  0.0000000000e+00
2.7524381095e-02  1.0000000000e+00  1.4157512106e+06  1.4157512106e+06  0.0000000000e+00
2.7801950488e-02  1.0000000000e+00  1.4157512106e+06  1.4157512106e+06  0.0000000000e+00
2.8079519880e-02  1.0000000000e+00  1.4157512106e+06  1.4157512106e+06  0.0000000000e+00
2.8357089272e-02  1.0000000000e+00  1.4157512106e+06  1.4157512106e+06  0.0000000000e+00
2.8634658665e-02  1.0000000000e+00  1.4157512106e+06  1.4157512106e+06  0.0000000000e+00
2.8912228057e-02  1.0000000000e+00  1.4157512106e+06  1.4157512106e+06  0.0000000000e+00
2.9189797449e-02  1.0000000000e+00  1.4157512106e+06  1.4157512106e+06  0.0000000000e+00
2.9467366842e-02  1.0000000000e+00  1.4157512106e+06  1.4157512106e+06  0.0000000000e+00
2.9744936234e-02  1.0000000000e+00  1.4157512106e+06  1.4157512106e+06  0.0000000000e+00
3.0022505626e-02  1.0000000000e+00  1.4157512106e+06  1.4157512106e+06  0.0000000000e+00
3.0300075019e-02  1.0000000000e+00  1.4157512106e+06  1.4157512106e+06  0.0000000000e+00
3.0577644411e-02  1.0000000000e+00  1.4157512106e+06  1.4157512106e+06  0.0000000000e+00
3.0855213803e-02  1.0000000000e+00  1.4157512106e+06  1.4157512106e+06  0.0000000000e+00
3.1132783196e-02  1.0000000000e+00  1.4157512106e+06  1.4157512106e+06  0.0000000000e+00
3.1410352588e-02  1.0000000000e+00  1.4157512106e+06  1.4157512106e+06  0.0000000000e+00
3.1687921980e-02  1.0000000000e+00  1.4157512106e+06  1.4157512106e+06  0.0000000000e+00
3.1965491373e-02  1.0000000000e+00  1.4157512106e+06  1.4157512106e+06  0.0000000000e+00
3.2243060765e-02  1.0000000000e+00  1.4157512106e+06  1.4157512106e+06  0.0000000000e+00
3.2520630158e-02  1.0000000000e+00  1.4157512106e+06  1.4157512106e+06  0.0000000000e+00
3.2798199550e-02  1.0000000000e+00  1.4157512106e+06  1.4157512106e+06  0.0000000000e+00
3.3075768942e-02  1.0000000000e+00  1.4157512106e+06  1.4157512106e+06  0.0000000000e+00
3.3353338335e-02  1.0000000000e+00  1.4157512106e+06  1.4157512106e+06  0.0000000000e+00
3.3630907727e-02  1.0000000000e+00  1.4157512106e+06  1.4157512106e+06  0.0000000000e+00
3.3908477119e-02  1.0000000000e+00  1.4157512106e+06  1.4157512106e+06  0.0000000000e+00
3.4186046512e-02  1.0000000000e+00  1.4157512106e+06  1.4157512106e+06  0.0000000000e+00
3.4463615904e-02  1.0000000000e+00  1.4157512106e+06  1.4157512106e+06  0.0000000000e+00
3.4741185296e-02  1.0000000000e+00  1.4157512106e+06  1.4157512106e+06  0.0000000000e+00
3.5018754689e-02  1.0000000000e+00  1.4157512106e+06  1.4157512106e+06  0.0000000000e+00
3.5296324081e-02  1.0000000000e+00  1.4157512106e+06  1.4157512106e+06  0.0000000000e+00
3.5573893473e-02  1.0000000000e+00  1.4157512106e+06  1.4157512106e+06  0.0000000000e+00
3.5851462866e-02  1.0000000000e+00  1.4157512106e+06  1.4157512106e+06  0.0000000000e+00
3.6129032258e-02  1.0000000000e+00  1.4157512106e+06  1.4157512106e+06  0.0000000000e+00
3.6406601650e-02  1.0000000000e+00  1.4157512106e+06  1.4157512106e+06  0.0000000000e+00
3.6684171043e-02  1.0000000000e+00  1.4157512106e+06  1.4157512106e+06  0.0000000000e+00
3.6961740435e-02  1.0000000000e+00  1.4157512106e+06  1.4157512106e+06  0.0000000000e+00
3.7239309827e-02  1.0000000000e+00  1.4157512106e+06  1.4157512106e+06  0.0000000000e+00
3.7516879220e-02  1.0000000000e+00  1.4157512106e+06  1.4157512106e+06  0.0000000000e+00
3.7794448612e-02  1.0000000000e+00  1.4157512106e+06  1.4157512106e+06  0.0000000000e+00
3.8072018005e-02  1.0000000000e+00  1.4157512106e+06  1.4157512106e+06  0.0000000000e+00
3.8349587397e-02  1.0000000000e+00  1.4157512106e+06  1.4157512106e+06  0.0000000000e+00
3.8627156789e-02  1.0000000000e+00  1.4157512106e+06  1.4157512106e+06  0.0000000000e+00
3.8904726182e-02  1.0000000000e+00  1.4157512106e+06  1.4157512106e+06  0.0000000000e+00
3.9182295574e-02  1.0000000000e+00  1.4157512106e+06  1.4157512106e+06  0.0000000000e+00
3.9459864966e-02  1.0000000000e+00  1.4157512106e+06  1.4157512106e+06  0.0000000000e+00
3.9737434359e-02  1.0000000000e+00  1.4157512106e+06  1.4157512106e+06  0.0000000000e+00
4.0015003751e-02  1.0000000000e+00  1.4157512106e+06  1.4157512106e+06  0.0000000000e+00
4.0292573143e-02  1.0000000000e+00  1.4157512106e+06  1.4157512106e+06  0.0000000000e+00
4.0570142536e-02  1.0000000000e+00  1.4157512106e+06  1.4157512106e+06  0.0000000000e+00
4.0847711928e-02  1.0000000000e+00  1.4157512106e+06  1.4157512106e+06  0.0000000000e+00
4.1125281320e-02  1.0000000000e+00  1.4157512106e+06  1.4157512106e+06  0.0000000000e+00
4.1402850713e-02  1.0000000000e+00  1.4157512106e+06  1.4157512106e+06  0.0000000000e+00
4.1680420105e-02  1.0000000000e+00  1.4157512106e+06  1.4157512106e+06  0.0000000000e+00
4.1957989497e-02  1.0000000000e+00  1.4157512106e+06  1.4157512106e+06  0.0000000000e+00
4.2235558890e-02  1.0000000000e+00  1.4157512106e+06  1.4157512106e+06  0.0000000000e+00
4.2513128282e-02  1.0000000000e+00  1.4157512106e+06  1.4157512106e+06  0.0000000000e+00
4.2790697674e-02  1.0000000000e+00  1.4157512106e+06  1.4157512106e+06  0.0000000000e+00
4.3068267067e-02  1.0000000000e+00  1.4157512106e+06  1.4157512106e+06  0.0000000000e+00
4.3345836459e-02  1.0000000000e+00  1.4157512106e+06  1.4157512106e+06  0.0000000000e+00
4.3623405851e-02  1.0000000000e+00  1.4157512106e+06  1.4157512106e+06  0.0000000000e+00
4.3900975244e-02  1.0000000000e+00  1.4157512106e+06  1.4157512106e+06  0.0000000000e+00
4.4178544636e-02  1.0000000000e+00  1.4157512106e+06  1.4157512106e+06  0.0000000000e+00
4.4456114029e-02  1.0000000000e+00  1.4157512106e+06  1.4157512106e+06  0.0000000000e+00
4.4733683421e-02  1.0000000000e+00  1.4157512106e+06  1.4157512106e+06  0.0000000000e+00
4.5011252813e-02  1.0000000000e+00  1.4157512106e+06  1.4157512106e+06  0.0000000000e+00
4.5288822206e-02  1.0000000000e+00  1.4157512106e+06  1.4157512106e+06  0.0000000000e+00
4.5566391598e-02  1.0000000000e+00  1.4157512106e+06  1.4157512106e+06  0.0000000000e+00
4.5843960990e-02  1.0000000000e+00  1.4157512106e+06  1.4157512106e+06  0.0000000000e+00
4.6121530383e-02  1.0000000000e+00  1.4157512106e+06  1.4157512106e+06  0.0000000000e+00
4.6399099775e-02  1.0000000000e+00  1.4157512106e+06  1.4157512106e+06  0.0000000000e+00
4.6676669167e-02  1.0000000000e+00  1.4157512106e+06  1.4157512106e+06  0.0000000000e+00
4.6954238560e-02  1.0000000000e+00  1.4157512106e+06  1.4157512106e+06  0.0000000000e+00
4.7231807952e-02  1.0000000000e+00  1.4157512106e+06  1.4157512106e+06  0.0000000000e+00
4.7509377344e-02  1.0000000000e+00  1.4157512106e+06  1.4157512106e+06  0.0000000000e+00
4.7786946737e-02  1.0000000000e+00  1.4157512106e+06  1.4157512106e+06  0.0000000000e+00
4.8064516129e-02  1.0000000000e+00  1.4157512106e+06  1.4157512106e+06  0.0000000000e+00
4.8342085521e-02  1.0000000000e+00  1.4157512106e+06  1.4157512106e+06  0.0000000000e+00
4.8619654914e-02  1.0000000000e+00  1.4157512106e+06  1.4157512106e+06  0.0000000000e+00
4.8897224306e-02  1.0000000000e+00  1.4157512106e+06  1.4157512106e+06  0.0000000000e+00
4.9174793698e-02  1.0000000000e+00  1.4157512106e+06  1.4157512106e+06  0.0000000000e+00
4.9452363091e-02  1.0000000000e+00  1.4157512106e+06  1.4157512106e+06  0.0000000000e+00
4.9729932483e-02  1.0000000000e+00  1.4157512106e+06  1.4157512106e+06  0.0000000000e+00
5.0007501875e-02  1.0000000000e+00  1.4157512106e+06  1.4157512106e+06  0.0000000000e+00
5.0285071268e-02  1.0000000000e+00  1.4157512106e+06  1.4157512106e+06  0.0000000000e+00
5.0562640660e-02  1.0000000000e+00  1.4157512106e+06  1.4157512106e+06  0.0000000000e+00
5.0840210053e-02  1.0000000000e+00  1.4157512106e+06  1.4157512106e+06  0.0000000000e+00
5.1117779445e-02  1.0000000000e+00  1.4157512106e+06  1.4157512106e+06  0.0000000000e+00
5.1395348837e-02  1.0000000000e+00  1.4157512106e+06  1.4157512106e+06  0.0000000000e+00
5.1672918230e-02  1.0000000000e+00  1.4157512106e+06  1.4157512106e+06  0.0000000000e+00
5.1950487622e-02  1.0000000000e+00  1.4157512106e+06  1.4157512106e+06  0.0000000000e+00
5.2228057014e-02  1.0000000000e+00  1.4157512106e+06  1.4157512106e+06  0.0000000000e+00
5.2505626407e-02  1.0000000000e+00  1.4157512106e+06  1.4157512106e+06  0.0000000000e+00
5.2783195799e-02  1.0000000000e+00  1.4157512106e+06  1.4157512106e+06  0.0000000000e+00
5.3060765191e-02  1.0000000000e+00  1.4157512106e+06  1.4157512106e+06  0.0000000000e+00
5.3338334584e-02  1.0000000000e+00  1.4157512106e+06  1.4157512106e+06  0.0000000000e+00
5.3615903976e-02  1.0000000000e+00  1.4157512106e+06  1.4157512106e+06  0.0000000000e+00
5.3893473368e-02  1.0000000000e+00  1.4157512106e+06  1.4157512106e+06  0.0000000000e+00
5.4171042761e-02  1.0000000000e+00  1.4157512106e+06  1.4157512106e+06  0.0000000000e+00
5.4448612153e-02  1.0000000000e+00  1.4157512106e+06  1.4157512106e+06  0.0000000000e+00
5.4726181545e-02  1.0000000000e+00  1.4157512106e+06  1.4157512106e+06  0.0000000000e+00
5.5003750938e-02  1.0000000000e+00  1.4157512106e+06  1.4157512106e+06  0.0000000000e+00
5.5281320330e-02  1.0000000000e+00  1.4157512106e+06  1.4157512106e+06  0.0000000000e+00
5.5558889722e-02  1.0000000000e+00  1.4157512106e+06  1.4157512106e+06  0.0000000000e+00
5.5836459115e-02  1.0000000000e+00  1.4157512106e+06  1.4157512106e+06  0.0000000000e+00
5.6114028507e-02  1.0000000000e+00  1.4157512106e+06  1.4157512106e+06  0.0000000000e+00
5.6391597899e-02  1.0000000000e+00  1.4157512106e+06  1.4157512106e+06  0.0000000000e+00
5.6669167292e-02  1.0000000000e+00  1.4157512106e+06  1.4157512106e+06  0.0000000000e+00
5.6946736684e-02  1.0000000000e+00  1.4157512106e+06  1.4157512106e+06  0.0000000000e+00
5.7224306077e-02  1.0000000000e+00  1.4157512106e+06  1.4157512106e+06  0.0000000000e+00
5.7501875469e-02  1.0000000000e+00  1.4157512106e+06  1.4157512106e+06  0.0000000000e+00
5.7779444861e-02  1.0000000000e+00  1.4157512106e+06  1.4157512106e+06  0.0000000000e+00
5.8057014254e-02  1.0000000000e+00  1.4157512106e+06  1.4157512106e+06  0.0000000000e+00
5.8334583646e-02  1.0000000000e+00  1.4157512106e+06  1.4157512106e+06  0.0000000000e+00
5.8612153038e-02  1.0000000000e+00  1.4157512106e+06  1.4157512106e+06  0.0000000000e+00
5.8889722431e-02  1.0000000000e+00  1.4157512106e+06  1.4157512106e+06  0.0000000000e+00
5.9167291823e-02  1.0000000000e+00  1.4157512106e+06  1.4157512106e+06  0.0000000000e+00
5.9444861215e-02  1.0000000000e+00  1.4157512106e+06  1.4157512106e+06  0.0000000000e+00
5.9722430608e-02  1.0000000000e+00  1.4157512106e+06  1.4157512106e+06  0.0000000000e+00
6.0000000000e-02  1.0000000000e+00  1.4157512106e+06  1.4157512106e+06  0.0000000000e+00
6.0277569392e-02  1.0000000000e+00  1.4157512106e+06  1.4157512106e+06  0.0000000000e+00
6.0555138785e-02  1.0000000000e+00  1.4157512106e+06  1.4157512106e+06  0.0000000000e+00
6.0832708177e-02  1.0000000000e+00  1.4157512106e+06  1.4157512106e+06  0.0000000000e+00
6.1110277569e-02  1.0000000000e+00  1.4157512106e+06  1.4157512106e+06  0.0000000000e+00
6.1387846962e-02  1.0000000000e+00  1.4157512106e+06  1.4157512106e+06  0.0000000000e+00
6.1665416354e-02  1.0000000000e+00  1.4157512106e+06  1.4157512106e+06  0.0000000000e+00
6.1942985746e-02  1.0000000000e+00  1.4157512106e+06  1.4157512106e+06  0.0000000000e+00
6.2220555139e-02  1.0000000000e+00  1.4157512106e+06  1.4157512106e+06  0.0000000000e+00
6.2498124531e-02  1.0000000000e+00  1.4157512106e+06  1.4157512106e+06  0.0000000000e+00
6.2775693923e-02  1.0000000000e+00  1.4157512106e+06  1.4157512106e+06  0.0000000000e+00
6.3053263316e-02  1.0000000000e+00  1.4157512106e+06  1.4157512106e+06  0.0000000000e+00
6.3330832708e-02  1.0000000000e+00  1.4157512106e+06  1.4157512106e+06  0.0000000000e+00
6.3608402101e-02  1.0000000000e+00  1.4157512106e+06  1.4157512106e+06  0.0000000000e+00
6.3885971493e-02  1.0000000000e+00  1.4157512106e+06  1.4157512106e+06  0.0000000000e+00
6.4163540885e-02  1.0000000000e+00  1.4157512106e+06  1.4157512106e+06  0.0000000000e+00
6.4441110278e-02  1.0000000000e+00  1.4157512106e+06  1.4157512106e+06  0.0000000000e+00
6.4718679670e-02  1.0000000000e+00  1.4157512106e+06  1.4157512106e+06  0.0000000000e+00
6.4996249062e-02  1.0000000000e+00  1.4157512106e+06  1.4157512106e+06  0.0000000000e+00
6.5273818455e-02  1.0000000000e+00  1.4157512106e+06  1.4157512106e+06  0.0000000000e+00
6.5551387847e-02  1.0000000000e+00  1.4157512106e+06  1.4157512106e+06  0.0000000000e+00
6.5828957239e-02  1.0000000000e+00  1.4157512106e+06  1.4157512106e+06  0.0000000000e+00
6.6106526632e-02  1.0000000000e+00  1.4157512106e+06  1.4157512106e+06  0.0000000000e+00
6.6384096024e-02  1.0000000000e+00  1.4157512106e+06  1.4157512106e+06  0.0000000000e+00
6.6661665416e-02  1.0000000000e+00  1.4157512106e+06  1.4157512106e+06  0.0000000000e+00
6.6939234809e-02  1.0000000000e+00  1.4157512106e+06  1.4157512106e+06  0.0000000000e+00
6.7216804201e-02  1.0000000000e+00  1.4157512106e+06  1.4157512106e+06  0.0000000000e+00
6.7494373593e-02  1.0000000000e+00  1.4157512106e+06  1.4157512106e+06  0.0000000000e+00
6.7771942986e-02  1.0000000000e+00  1.4157512106e+06  1.4157512106e+06  0.0000000000e+00
6.8049512378e-02  1.0000000000e+00  1.4157512106e+06  1.4157512106e+06  0.0000000000e+00
6.8327081770e-02  1.0000000000e+00  1.4157512106e+06  1.4157512106e+06  0.0000000000e+00
6.8604651163e-02  1.0000000000e+00  1.4157512106e+06  1.4157512106e+06  0.0000000000e+00
6.8882220555e-02  1.0000000000e+00  1.4157512106e+06  1.4157512106e+06  0.0000000000e+00
6.9159789947e-02  1.0000000000e+00  1.4157512106e+06  1.4157512106e+06  0.0000000000e+00
6.9437359340e-02  1.0000000000e+00  1.4157512106e+06  1.4157512106e+06  0.0000000000e+00
6.9714928732e-02  1.0000000000e+00  1.4157512106e+06  1.4157512106e+06  0.0000000000e+00
6.9992498125e-02  1.0000000000e+00  1.4157512106e+06  1.4157512106e+06  0.0000000000e+00
7.0270067517e-02  1.0000000000e+00  1.4157512106e+06  1.4157512106e+06  0.0000000000e+00
7.0547636909e-02  1.0000000000e+00  1.4157512106e+06  1.4157512106e+06  0.0000000000e+00
7.0825206302e-02  1.0000000000e+00  1.4157512106e+06  1.4157512106e+06  0.0000000000e+00
7.1102775694e-02  1.0000000000e+00  1.4157512106e+06  1.4157512106e+06  0.0000000000e+00
7.1380345086e-02  1.0000000000e+00  1.4157512106e+06  1.4157512106e+06  0.0000000000e+00
7.1657914479e-02  1.0000000000e+00  1.4157512106e+06  1.4157512106e+06  0.0000000000e+00
7.1935483871e-02  1.0000000000e+00  1.4157512106e+06  1.4157512106e+06  0.0000000000e+00
7.2213053263e-02  1.0000000000e+00  1.4157512106e+06  1.4157512106e+06  0.0000000000e+00
7.2490622656e-02  1.0000000000e+00  1.4157512106e+06  1.4157512106e+06  0.0000000000e+00
7.2768192048e-02  1.0000000000e+00  1.4157512106e+06  1.4157512106e+06  0.0000000000e+00
7.3045761440e-02  1.0000000000e+00  1.4157512106e+06  1.4157512106e+06  0.0000000000e+00
7.3323330833e-02  1.0000000000e+00  1.4157512106e+06  1.4157512106e+06  0.0000000000e+00
7.3600900225e-02  1.0000000000e+00  1.4157512106e+06  1.4157512106e+06  0.0000000000e+00
7.3878469617e-02  1.0000000000e+00  1.4157512106e+06  1.4157512106e+06  0.0000000000e+00
7.4156039010e-02  1.0000000000e+00  1.4157512106e+06  1.4157512106e+06  0.0000000000e+00
7.4433608402e-02  1.0000000000e+00  1.4157512106e+06  1.4157512106e+06  0.0000000000e+00
7.4711177794e-02  1.0000000000e+00  1.4157512106e+06  1.4157512106e+06  0.0000000000e+00
7.4988747187e-02  1.0000000000e+00  1.4157512106e+06  1.4157512106e+06  0.0000000000e+00
7.5266316579e-02  1.0000000000e+00  1.4157512106e+06  1.4157512106e+06  0.0000000000e+00
7.5543885971e-02  1.0000000000e+00  1.4157512106e+06  1.4157512106e+06  0.0000000000e+00
7.5821455364e-02  1.0000000000e+00  1.4157512106e+06  1.4157512106e+06  0.0000000000e+00
7.6099024756e-02  1.0000000000e+00  1.4157512106e+06  1.4157512106e+06  0.0000000000e+00
7.6376594149e-02  1.0000000000e+00  1.4157512106e+06  1.4157512106e+06  0.0000000000e+00
7.6654163541e-02  1.0000000000e+00  1.4157512106e+06  1.4157512106e+06  0.0000000000e+00
7.6931732933e-02  1.0000000000e+00  1.4157512106e+06  1.4157512106e+06  0.0000000000e+00
7.7209302326e-02  1.0000000000e+00  1.4157512106e+06  1.4157512106e+06  0.0000000000e+00
7.7486871718e-02  1.0000000000e+00  1.4157512106e+06  1.4157512106e+06  0.0000000000e+00
7.7764441110e-02  1.0000000000e+00  1.4157512106e+06  1.4157512106e+06  0.0000000000e+00
7.8042010503e-02  1.0000000000e+00  1.4157512106e+06  1.4157512106e+06  0.0000000000e+00
7.8319579895e-02  1.0000000000e+00  1.4157512106e+06  1.4157512106e+06  0.0000000000e+00
7.8597149287e-02  1.0000000000e+00  1.4157512106e+06  1.4157512106e+06  0.0000000000e+00
7.8874718680e-02  1.0000000000e+00  1.4157512106e+06  1.4157512106e+06  0.0000000000e+00
7.9152288072e-02  1.0000000000e+00  1.4157512106e+06  1.4157512106e+06  0.0000000000e+00
7.9429857464e-02  1.0000000000e+00  1.4157512106e+06  1.4157512106e+06  0.0000000000e+00
7.9707426857e-02  1.0000000000e+00  1.4157512106e+06  1.4157512106e+06  0.0000000000e+00
7.9984996249e-02  1.0000000000e+00  1.4157512106e+06  1.4157512106e+06  0.0000000000e+00
8.0262565641e-02  1.0000000000e+00  1.4157512106e+06  1.4157512106e+06  0.0000000000e+00
8.0540135034e-02  1.0000000000e+00  1.4157512106e+06  1.4157512106e+06  0.0000000000e+00
8.0817704426e-02  1.0000000000e+00  1.4157512106e+06  1.4157512106e+06  0.0000000000e+00
8.1095273818e-02  1.0000000000e+00  1.4157512106e+06  1.4157512106e+06  0.0000000000e+00
8.1372843211e-02  1.0000000000e+00  1.4157512106e+06  1.4157512106e+06  0.0000000000e+00
8.1650412603e-02  1.0000000000e+00  1.4157512106e+06  1.4157512106e+06  0.0000000000e+00
8.1927981995e-02  1.0000000000e+00  1.4157512106e+06  1.4157512106e+06  0.0000000000e+00
8.2205551388e-02  1.0000000000e+00  1.4157512106e+06  1.4157512106e+06  0.0000000000e+00
8.2483120780e-02  1.0000000000e+00  1.4157512106e+06  1.4157512106e+06  0.0000000000e+00
8.2760690173e-02  1.0000000000e+00  1.4157512106e+06  1.4157512106e+06  0.0000000000e+00
8.3038259565e-02  1.0000000000e+00  1.4157512106e+06  1.4157512106e+06  0.0000000000e+00
8.3315828957e-02  1.0000000000e+00  1.4157512106e+06  1.4157512106e+06  0.0000000000e+00
8.3593398350e-02  1.0000000000e+00  1.4157512106e+06  1.4157512106e+06  0.0000000000e+00
8.3870967742e-02  1.0000000000e+00  1.4157512106e+06  1.4157512106e+06  0.0000000000e+00
8.4148537134e-02  1.0000000000e+00  1.4157512106e+06  1.4157512106e+06  0.0000000000e+00
8.4426106527e-02  1.0000000000e+00  1.4157512106e+06  1.4157512106e+06  0.0000000000e+00
8.4703675919e-02  1.0000000000e+00  1.4157512106e+06  1.4157512106e+06  0.0000000000e+00
8.4981245311e-02  1.0000000000e+00  1.4157512106e+06  1.4157512106e+06  0.0000000000e+00
8.5258814704e-02  1.0000000000e+00  1.4157512106e+06  1.4157512106e+06  0.0000000000e+00
8.5536384096e-02  1.0000000000e+00  1.4157512106e+06  1.4157512106e+06  0.0000000000e+00
8.5813953488e-02  1.0000000000e+00  1.4157512106e+06  1.4157512106e+06  0.0000000000e+00
8.6091522881e-02  1.0000000000e+00  1.4157512106e+06  1.4157512106e+06  0.0000000000e+00
8.6369092273e-02  1.0000000000e+00  1.4157512106e+06  1.4157512106e+06  0.0000000000e+00
8.6646661665e-02  1.0000000000e+00  1.4157512106e+06  1.4157512106e+06  0.0000000000e+00
8.6924231058e-02  1.0000000000e+00  1.4157512106e+06  1.4157512106e+06  0.0000000000e+00
8.7201800450e-02  1.0000000000e+00  1.4157512106e+06  1.4157512106e+06  0.0000000000e+00
8.7479369842e-02  1.0000000000e+00  1.4157512106e+06  1.4157512106e+06  0.0000000000e+00
8.7756939235e-02  1.0000000000e+00  1.4157512106e+06  1.4157512106e+06  0.0000000000e+00
8.8034508627e-02  1.0000000000e+00  1.4157512106e+06  1.4157512106e+06  0.0000000000e+00
8.8312078020e-02  1.0000000000e+00  1.4157512106e+06  1.4157512106e+06  0.0000000000e+00
8.8589647412e-02  1.0000000000e+00  1.4157512106e+06  1.4157512106e+06  0.0000000000e+00
8.8867216804e-02  1.0000000000e+00  1.4157512106e+06  1.4157512106e+06  0.0000000000e+00
8.9144786197e-02  1.0000000000e+00  1.4157512106e+06  1.4157512106e+06  0.0000000000e+00
8.9422355589e-02  1.0000000000e+00  1.4157512106e+06  1.4157512106e+06  0.0000000000e+00
8.9699924981e-02  1.0000000000e+00  1.4157512106e+06  1.4157512106e+06  0.0000000000e+00
8.9977494374e-02  1.0000000000e+00  1.4157512106e+06  1.4157512106e+06  0.0000000000e+00
9.0255063766e-02  1.0000000000e+00  1.4157512106e+06  1.4157512106e+06  0.0000000000e+00
9.0532633158e-02  1.0000000000e+00  1.4157512106e+06  1.4157512106e+06  0.0000000000e+00
9.0810202551e-02  1.0000000000e+00  1.4157512106e+06  1.4157512106e+06  0.0000000000e+00
9.1087771943e-02  1.0000000000e+00  1.4157512106e+06  1.4157512106e+06  0.0000000000e+00
9.1365341335e-02  1.0000000000e+00  1.4157512106e+06  1.4157512106e+06  0.0000000000e+00
9.1642910728e-02  1.0000000000e+00  1.4157512106e+06  1.4157512106e+06  0.0000000000e+00
9.1920480120e-02  1.0000000000e+00  1.4157512106e+06  1.4157512106e+06  0.0000000000e+00
9.2198049512e-02  1.0000000000e+00  1.4157512106e+06  1.4157512106e+06  0.0000000000e+00
9.2475618905e-02  1.0000000000e+00  1.4157512106e+06  1.4157512106e+06  0.0000000000e+00
9.2753188297e-02  1.0000000000e+00  1.4157512106e+06  1.4157512106e+06  0.0000000000e+00
9.3030757689e-02  1.0000000000e+00  1.4157512106e+06  1.4157512106e+06  0.0000000000e+00
9.3308327082e-02  1.0000000000e+00  1.4157512106e+06  1.4157512106e+06  0.0000000000e+00
9.3585896474e-02  1.0000000000e+00  1.4157512106e+06  1.4157512106e+06  0.0000000000e+00
9.3863465866e-02  1.0000000000e+00  1.4157512106e+06  1.4157512106e+06  0.0000000000e+00
9.4141035259e-02  1.0000000000e+00  1.4157512106e+06  1.4157512106e+06  0.0000000000e+00
9.4418604651e-02  1.0000000000e+00  1.4157512106e+06  1.4157512106e+06  0.0000000000e+00
9.4696174044e-02  1.0000000000e+00  1.4157512106e+06  1.4157512106e+06  0.0000000000e+00
9.4973743436e-02  1.0000000000e+00  1.4157512106e+06  1.4157512106e+06  0.0000000000e+00
9.5251312828e-02  1.0000000000e+00  1.4157512106e+06  1.4157512106e+06  0.0000000000e+00
9.5528882221e-02  1.0000000000e+00  1.4157512106e+06  1.4157512106e+06  0.0000000000e+00
9.5806451613e-02  1.0000000000e+00  1.4157512106e+06  1.4157512106e+06  0.0000000000e+00
9.6084021005e-02  1.0000000000e+00  1.4157512106e+06  1.4157512106e+06  0.0000000000e+00
9.6361590398e-02  1.0000000000e+00  1.4157512106e+06  1.4157512106e+06  0.0000000000e+00
9.6639159790e-02  1.0000000000e+00  1.4157512106e+06  1.4157512106e+06  0.0000000000e+00
9.6916729182e-02  1.0000000000e+00  1.4157512106e+06  1.4157512106e+06  0.0000000000e+00
9.7194298575e-02  1.0000000000e+00  1.4157512106e+06  1.4157512106e+06  0.0000000000e+00
9.7471867967e-02  1.0000000000e+00  1.4157512106e+06  1.4157512106e+06  0.0000000000e+00
9.7749437359e-02  1.0000000000e+00  1.4157512106e+06  1.4157512106e+06  0.0000000000e+00
9.8027006752e-02  1.0000000000e+00  1.4157512106e+06  1.4157512106e+06  0.0000000000e+00
9.8304576144e-02  1.0000000000e+00  1.4157512106e+06  1.4157512106e+06  0.0000000000e+00
9.8582145536e-02  1.0000000000e+00  1.4157512106e+06  1.4157512106e+06  0.0000000000e+00
9.8859714929e-02  1.0000000000e+00  1.4157512106e+06  1.4157512106e+06  0.0000000000e+00
9.9137284321e-02  1.0000000000e+00  1.4157512106e+06  1.4157512106e+06  0.0000000000e+00
9.9414853713e-02  1.0000000000e+00  1.4157512106e+06  1.4157512106e+06  0.0000000000e+00
9.9692423106e-02  1.0000000000e+00  1.4157512106e+06  1.4157512106e+06  0.0000000000e+00
9.9969992498e-02  1.0000000000e+00  1.4157512106e+06  1.4157512106e+06  0.0000000000e+00
1.0024756189e-01  1.0000000000e+00  1.4157512106e+06  1.4157512106e+06  0.0000000000e+00
1.0052513128e-01  1.0000000000e+00  1.4157512106e+06  1.4157512106e+06  0.0000000000e+00
1.0080270068e-01  1.0000000000e+00  1.4157512106e+06  1.4157512106e+06  0.0000000000e+00
1.0108027007e-01  1.0000000000e+00  1.4157512106e+06  1.4157512106e+06  0.0000000000e+00
1.0135783946e-01  1.0000000000e+00  1.4157512106e+06  1.4157512106e+06  0.0000000000e+00
1.0163540885e-01  1.0000000000e+00  1.4157512106e+06  1.4157512106e+06  0.0000000000e+00
1.0191297824e-01  1.0000000000e+00  1.4157512106e+06  1.4157512106e+06  0.0000000000e+00
1.0219054764e-01  1.0000000000e+00  1.4157512106e+06  1.4157512106e+06  0.0000000000e+00
1.0246811703e-01  1.0000000000e+00  1.4157512106e+06  1.4157512106e+06  0.0000000000e+00
1.0274568642e-01  1.0000000000e+00  1.4157512106e+06  1.4157512106e+06  0.0000000000e+00
1.0302325581e-01  1.0000000000e+00  1.4157512106e+06  1.4157512106e+06  0.0000000000e+00
1.0330082521e-01  1.0000000000e+00  1.4157512106e+06  1.4157512106e+06  0.0000000000e+00
1.0357839460e-01  1.0000000000e+00  1.4157512106e+06  1.4157512106e+06  0.0000000000e+00
1.0385596399e-01  1.0000000000e+00  1.4157512106e+06  1.4157512106e+06  0.0000000000e+00
1.0413353338e-01  1.0000000000e+00  1.4157512106e+06  1.4157512106e+06  0.0000000000e+00
1.0441110278e-01  1.0000000000e+00  1.4157512106e+06  1.4157512106e+06  0.0000000000e+00
1.0468867217e-01  1.0000000000e+00  1.4157512106e+06  1.4157512106e+06  0.0000000000e+00
1.0496624156e-01  1.0000000000e+00  1.4157512106e+06  1.4157512106e+06  0.0000000000e+00
1.0524381095e-01  1.0000000000e+00  1.4157512106e+06  1.4157512106e+06  0.0000000000e+00
1.0552138035e-01  1.0000000000e+00  1.4157512106e+06  1.4157512106e+06  0.0000000000e+00
1.0579894974e-01  1.0000000000e+00  1.4157512106e+06  1.4157512106e+06  0.0000000000e+00
1.0607651913e-01  1.0000000000e+00  1.4157512106e+06  1.4157512106e+06  0.0000000000e+00
1.0635408852e-01  1.0000000000e+00  1.4157512106e+06  1.4157512106e+06  0.0000000000e+00
1.0663165791e-01  1.0000000000e+00  1.4157512106e+06  1.4157512106e+06  0.0000000000e+00
1.0690922731e-01  1.0000000000e+00  1.4157512106e+06  1.4157512106e+06  0.0000000000e+00
1.0718679670e-01  1.0000000000e+00  1.4157512106e+06  1.4157512106e+06  0.0000000000e+00
1.0746436609e-01  1.0000000000e+00  1.4157512106e+06  1.4157512106e+06  0.0000000000e+00
1.0774193548e-01  1.0000000000e+00  1.4157512106e+06  1.4157512106e+06  0.0000000000e+00
1.0801950488e-01  1.0000000000e+00  1.4157512106e+06  1.4157512106e+06  0.0000000000e+00
1.0829707427e-01  1.0000000000e+00  1.4157512106e+06  1.4157512106e+06  0.0000000000e+00
1.0857464366e-01  1.0000000000e+00  1.4157512106e+06  1.4157512106e+06  0.0000000000e+00
1.0885221305e-01  1.0000000000e+00  1.4157512106e+06  1.4157512106e+06  0.0000000000e+00
1.0912978245e-01  1.0000000000e+00  1.4157512106e+06  1.4157512106e+06  0.0000000000e+00
1.0940735184e-01  1.0000000000e+00  1.4157512106e+06  1.4157512106e+06  0.0000000000e+00
1.0968492123e-01  1.0000000000e+00  1.4157512106e+06  1.4157512106e+06  0.0000000000e+00
1.0996249062e-01  1.0000000000e+00  1.4157512106e+06  1.4157512106e+06  0.0000000000e+00
1.1024006002e-01  1.0000000000e+00  1.4157512106e+06  1.4157512106e+06  0.0000000000e+00
1.1051762941e-01  1.0000000000e+00  1.4157512106e+06  1.4157512106e+06  0.0000000000e+00
1.1079519880e-01  1.0000000000e+00  1.4157512106e+06  1.4157512106e+06  0.0000000000e+00
1.1107276819e-01  1.0000000000e+00  1.4157512106e+06  1.4157512106e+06  0.0000000000e+00
1.1135033758e-01  1.0000000000e+00  1.4157512106e+06  1.4157512106e+06  0.0000000000e+00
1.1162790698e-01  1.0000000000e+00  1.4157512106e+06  1.4157512106e+06  0.0000000000e+00
1.1190547637e-01  1.0000000000e+00  1.4157512106e+06  1.4157512106e+06  0.0000000000e+00
1.1218304576e-01  1.0000000000e+00  1.4157512106e+06  1.4157512106e+06  0.0000000000e+00
1.1246061515e-01  1.0000000000e+00  1.4157512106e+06  1.4157512106e+06  0.0000000000e+00
1.1273818455e-01  1.0000000000e+00  1.4157512106e+06  1.4157512106e+06  0.0000000000e+00
1.1301575394e-01  1.0000000000e+00  1.4157512106e+06  1.4157512106e+06  0.0000000000e+00
1.1329332333e-01  1.0000000000e+00  1.4157512106e+06  1.4157512106e+06  0.0000000000e+00
1.1357089272e-01  1.0000000000e+00  1.4157512106e+06  1.4157512106e+06  0.0000000000e+00
1.1384846212e-01  1.0000000000e+00  1.4157512106e+06  1.4157512106e+06  0.0000000000e+00
1.1412603151e-01  1.0000000000e+00  1.4157512106e+06  1.4157512106e+06  0.0000000000e+00
1.1440360090e-01  1.0000000000e+00  1.4157512106e+06  1.4157512106e+06  0.0000000000e+00
1.1468117029e-01  1.0000000000e+00  1.4157512106e+06  1.4157512106e+06  0.0000000000e+00
1.1495873968e-01  1.0000000000e+00  1.4157512106e+06  1.4157512106e+06  0.0000000000e+00
1.1523630908e-01  1.0000000000e+00  1.4157512106e+06  1.4157512106e+06  0.0000000000e+00
1.1551387847e-01  1.0000000000e+00  1.4157512106e+06  1.4157512106e+06  0.0000000000e+00
1.1579144786e-01  1.0000000000e+00  1.4157512106e+06  1.4157512106e+06  0.0000000000e+00
1.1606901725e-01  1.0000000000e+00  1.4157512106e+06  1.4157512106e+06  0.0000000000e+00
1.1634658665e-01  1.0000000000e+00  1.4157512106e+06  1.4157512106e+06  0.0000000000e+00
1.1662415604e-01  1.0000000000e+00  1.4157512106e+06  1.4157512106e+06  0.0000000000e+00
1.1690172543e-01  1.0000000000e+00  1.4157512106e+06  1.4157512106e+06  0.0000000000e+00
1.1717929482e-01  1.0000000000e+00  1.4157512106e+06  1.4157512106e+06  0.0000000000e+00
1.1745686422e-01  1.0000000000e+00  1.4157512106e+06  1.4157512106e+06  0.0000000000e+00
1.1773443361e-01  1.0000000000e+00  1.4157512106e+06  1.4157512106e+06  0.0000000000e+00
1.1801200300e-01  1.0000000000e+00  1.4157512106e+06  1.4157512106e+06  0.0000000000e+00
1.1828957239e-01  1.0000000000e+00  1.4157512106e+06  1.4157512106e+06  0.0000000000e+00
1.1856714179e-01  1.0000000000e+00  1.4157512106e+06  1.4157512106e+06  0.0000000000e+00
1.1884471118e-01  1.0000000000e+00  1.4157512106e+06  1.4157512106e+06  0.0000000000e+00
1.1912228057e-01  1.0000000000e+00  1.4157512106e+06  1.4157512106e+06  0.0000000000e+00
1.1939984996e-01  1.0000000000e+00  1.4157512106e+06  1.4157512106e+06  0.0000000000e+00
1.1967741935e-01  1.0000000000e+00  1.4157512106e+06  1.4157512106e+06  0.0000000000e+00
1.1995498875e-01  1.0000000000e+00  1.4157512106e+06  1.4157512106e+06  0.0000000000e+00
1.2023255814e-01  1.0000000000e+00  1.4157512106e+06  1.4157512106e+06  0.0000000000e+00
1.2051012753e-01  1.0000000000e+00  1.4157512106e+06  1.4157512106e+06  0.0000000000e+00
1.2078769692e-01  1.0000000000e+00  1.4157512106e+06  1.4157512106e+06  0.0000000000e+00
1.2106526632e-01  1.0000000000e+00  1.4157512106e+06  1.4157512106e+06  0.0000000000e+00
1.2134283571e-01  1.0000000000e+00  1.4157512106e+06  1.4157512106e+06  0.0000000000e+00
1.2162040510e-01  1.0000000000e+00  1.4157512106e+06  1.4157512106e+06  0.0000000000e+00
1.2189797449e-01  1.0000000000e+00  1.4157512106e+06  1.4157512106e+06  0.0000000000e+00
1.2217554389e-01  1.0000000000e+00  1.4157512106e+06  1.4157512106e+06  0.0000000000e+00
1.2245311328e-01  1.0000000000e+00  1.4157512106e+06  1.4157512106e+06  0.0000000000e+00
1.2273068267e-01  1.0000000000e+00  1.4157512106e+06  1.4157512106e+06  0.0000000000e+00
1.2300825206e-01  1.0000000000e+00  1.4157512106e+06  1.4157512106e+06  0.0000000000e+00
1.2328582146e-01  1.0000000000e+00  1.4157512106e+06  1.4157512106e+06  0.0000000000e+00
1.2356339085e-01  1.0000000000e+00  1.4157512106e+06  1.4157512106e+06  0.0000000000e+00
1.2384096024e-01  1.0000000000e+00  1.4157512106e+06  1.4157512106e+06  0.0000000000e+00
1.2411852963e-01  1.0000000000e+00  1.4157512106e+06  1.4157512106e+06  0.0000000000e+00
1.2439609902e-01  1.0000000000e+00  1.4157512106e+06  1.4157512106e+06  0.0000000000e+00
1.2467366842e-01  1.0000000000e+00  1.4157512106e+06  1.4157512106e+06  0.0000000000e+00
1.2495123781e-01  1.0000000000e+00  1.4157512106e+06  1.4157512106e+06  0.0000000000e+00
1.2522880720e-01  1.0000000000e+00  1.4157512106e+06  1.4157512106e+06  0.0000000000e+00
1.2550637659e-01  1.0000000000e+00  1.4157512106e+06  1.4157512106e+06  0.0000000000e+00
1.2578394599e-01  1.0000000000e+00  1.4157512106e+06  1.4157512106e+06  0.0000000000e+00
1.2606151538e-01  1.0000000000e+00  1.4157512106e+06  1.4157512106e+06  0.0000000000e+00
1.2633908477e-01  1.0000000000e+00  1.4157512106e+06  1.4157512106e+06  0.0000000000e+00
1.2661665416e-01  1.0000000000e+00  1.4157512106e+06  1.4157512106e+06  0.0000000000e+00
1.2689422356e-01  1.0000000000e+00  1.4157512106e+06  1.4157512106e+06  0.0000000000e+00
1.2717179295e-01  1.0000000000e+00  1.4157512106e+06  1.4157512106e+06  0.0000000000e+00
1.2744936234e-01  1.0000000000e+00  1.4157512106e+06  1.4157512106e+06  0.0000000000e+00
1.2772693173e-01  1.0000000000e+00  1.4157512106e+06  1.4157512106e+06  0.0000000000e+00
1.2800450113e-01  1.0000000000e+00  1.4157512106e+06  1.4157512106e+06  0.0000000000e+00
1.2828207052e-01  1.0000000000e+00  1.4157512106e+06  1.4157512106e+06  0.0000000000e+00
1.2855963991e-01  1.0000000000e+00  1.4157512106e+06  1.4157512106e+06  0.0000000000e+00
1.2883720930e-01  1.0000000000e+00  1.4157512106e+06  1.4157512106e+06  0.0000000000e+00
1.2911477869e-01  1.0000000000e+00  1.4157512106e+06  1.4157512106e+06  0.0000000000e+00
1.2939234809e-01  1.0000000000e+00  1.4157512106e+06  1.4157512106e+06  0.0000000000e+00
1.2966991748e-01  1.0000000000e+00  1.4157512106e+06  1.4157512106e+06  0.0000000000e+00
1.2994748687e-01  1.0000000000e+00  1.4157512106e+06  1.4157512106e+06  0.0000000000e+00
1.3022505626e-01  1.0000000000e+00  1.4157512106e+06  1.4157512106e+06  0.0000000000e+00
1.3050262566e-01  1.0000000000e+00  1.4157512106e+06  1.4157512106e+06  0.0000000000e+00
1.3078019505e-01  1.0000000000e+00  1.4157512106e+06  1.4157512106e+06  0.0000000000e+00
1.3105776444e-01  1.0000000000e+00  1.4157512106e+06  1.4157512106e+06  0.0000000000e+00
1.3133533383e-01  1.0000000000e+00  1.4157512106e+06  1.4157512106e+06  0.0000000000e+00
1.3161290323e-01  1.0000000000e+00  1.4157512106e+06  1.4157512106e+06  0.0000000000e+00
1.3189047262e-01  1.0000000000e+00  1.4157512106e+06  1.4157512106e+06  0.0000000000e+00
1.3216804201e-01  1.0000000000e+00  1.4157512106e+06  1.4157512106e+06  0.0000000000e+00
1.3244561140e-01  1.0000000000e+00  1.4157512106e+06  1.4157512106e+06  0.0000000000e+00
1.3272318080e-01  1.0000000000e+00  1.4157512106e+06  1.4157512106e+06  0.0000000000e+00
1.3300075019e-01  1.0000000000e+00  1.4157512106e+06  1.4157512106e+06  0.0000000000e+00
1.3327831958e-01  1.0000000000e+00  1.4157512106e+06  1.4157512106e+06  0.0000000000e+00
1.3355588897e-01  1.0000000000e+00  1.4157512106e+06  1.4157512106e+06  0.0000000000e+00
1.3383345836e-01  1.0000000000e+00  1.4157512106e+06  1.4157512106e+06  0.0000000000e+00
1.3411102776e-01  1.0000000000e+00  1.4157512106e+06  1.4157512106e+06  0.0000000000e+00
1.3438859715e-01  1.0000000000e+00  1.4157512106e+06  1.4157512106e+06  0.0000000000e+00
1.3466616654e-01  1.0000000000e+00  1.4157512106e+06  1.4157512106e+06  0.0000000000e+00
1.3494373593e-01  1.0000000000e+00  1.4157512106e+06  1.4157512106e+06  0.0000000000e+00
1.3522130533e-01  1.0000000000e+00  1.4157512106e+06  1.4157512106e+06  0.0000000000e+00
1.3549887472e-01  1.0000000000e+00  1.4157512106e+06  1.4157512106e+06  0.0000000000e+00
1.3577644411e-01  1.0000000000e+00  1.4157512106e+06  1.4157512106e+06  0.0000000000e+00
1.3605401350e-01  1.0000000000e+00  1.4157512106e+06  1.4157512106e+06  0.0000000000e+00
1.3633158290e-01  1.0000000000e+00  1.4157512106e+06  1.4157512106e+06  0.0000000000e+00
1.3660915229e-01  1.0000000000e+00  1.4157512106e+06  1.4157512106e+06  0.0000000000e+00
1.3688672168e-01  1.0000000000e+00  1.4157512106e+06  1.4157512106e+06  0.0000000000e+00
1.3716429107e-01  1.0000000000e+00  1.4157512106e+06  1.4157512106e+06  0.0000000000e+00
1.3744186047e-01  1.0000000000e+00  1.4157512106e+06  1.4157512106e+06  0.0000000000e+00
1.3771942986e-01  1.0000000000e+00  1.4157512106e+06  1.4157512106e+06  0.0000000000e+00
1.3799699925e-01  1.0000000000e+00  1.4157512106e+06  1.4157512106e+06  0.0000000000e+00
1.3827456864e-01  1.0000000000e+00  1.4157512106e+06  1.4157512106e+06  0.0000000000e+00
1.3855213803e-01  1.0000000000e+00  1.4157512106e+06  1.4157512106e+06  0.0000000000e+00
1.3882970743e-01  1.0000000000e+00  1.4157512106e+06  1.4157512106e+06  0.0000000000e+00
1.3910727682e-01  1.0000000000e+00  1.4157512106e+06  1.4157512106e+06  0.0000000000e+00
1.3938484621e-01  1.0000000000e+00  1.4157512106e+06  1.4157512106e+06  0.0000000000e+00
1.3966241560e-01  1.0000000000e+00  1.4157512106e+06  1.4157512106e+06  0.0000000000e+00
1.3993998500e-01  1.0000000000e+00  1.4157512106e+06  1.4157512106e+06  0.0000000000e+00
1.4021755439e-01  1.0000000000e+00  1.4157512106e+06  1.4157512106e+06  0.0000000000e+00
1.4049512378e-01  1.0000000000e+00  1.4157512106e+06  1.4157512106e+06  0.0000000000e+00
1.4077269317e-01  1.0000000000e+00  1.4157512106e+06  1.4157512106e+06  0.0000000000e+00
1.4105026257e-01  1.0000000000e+00  1.4157512106e+06  1.4157512106e+06  0.0000000000e+00
1.4132783196e-01  1.0000000000e+00  1.4157512106e+06  1.4157512106e+06  0.0000000000e+00
1.4160540135e-01  1.0000000000e+00  1.4157512106e+06  1.4157512106e+06  0.0000000000e+00
1.4188297074e-01  1.0000000000e+00  1.4157512106e+06  1.4157512106e+06  0.0000000000e+00
1.4216054014e-01  1.0000000000e+00  1.4157512106e+06  1.4157512106e+06  0.0000000000e+00
1.4243810953e-01  1.0000000000e+00  1.4157512106e+06  1.4157512106e+06  0.0000000000e+00
1.4271567892e-01  1.0000000000e+00  1.4157512106e+06  1.4157512106e+06  0.0000000000e+00
1.4299324831e-01  1.0000000000e+00  1.4157512106e+06  1.4157512106e+06  0.0000000000e+00
1.4327081770e-01  1.0000000000e+00  1.4157512106e+06  1.4157512106e+06  0.0000000000e+00
1.4354838710e-01  1.0000000000e+00  1.4157512106e+06  1.4157512106e+06  0.0000000000e+00
1.4382595649e-01  1.0000000000e+00  1.4157512106e+06  1.4157512106e+06  0.0000000000e+00
1.4410352588e-01  1.0000000000e+00  1.4157512106e+06  1.4157512106e+06  0.0000000000e+00
1.4438109527e-01  1.0000000000e+00  1.4157512106e+06  1.4157512106e+06  0.0000000000e+00
1.4465866467e-01  1.0000000000e+00  1.4157512106e+06  1.4157512106e+06  0.0000000000e+00
1.4493623406e-01  1.0000000000e+00  1.4157512106e+06  1.4157512106e+06  0.0000000000e+00
1.4521380345e-01  1.0000000000e+00  1.4157512106e+06  1.4157512106e+06  0.0000000000e+00
1.4549137284e-01  1.0000000000e+00  1.4157512106e+06  1.4157512106e+06  0.0000000000e+00
1.4576894224e-01  1.0000000000e+00  1.4157512106e+06  1.4157512106e+06  0.0000000000e+00
1.4604651163e-01  1.0000000000e+00  1.4157512106e+06  1.4157512106e+06  0.0000000000e+00
1.4632408102e-01  1.0000000000e+00  1.4157512106e+06  1.4157512106e+06  0.0000000000e+00
1.4660165041e-01  1.0000000000e+00  1.4157512106e+06  1.4157512106e+06  0.0000000000e+00
1.4687921980e-01  1.0000000000e+00  1.4157512106e+06  1.4157512106e+06  0.0000000000e+00
1.4715678920e-01  1.0000000000e+00  1.4157512106e+06  1.4157512106e+06  0.0000000000e+00
1.4743435859e-01  1.0000000000e+00  1.4157512106e+06  1.4157512106e+06  0.0000000000e+00
1.4771192798e-01  1.0000000000e+00  1.4157512106e+06  1.4157512106e+06  0.0000000000e+00
1.4798949737e-01  1.0000000000e+00  1.4157512106e+06  1.4157512106e+06  0.0000000000e+00
1.4826706677e-01  1.0000000000e+00  1.4157512106e+06  1.4157512106e+06  0.0000000000e+00
1.4854463616e-01  1.0000000000e+00  1.4157512106e+06  1.4157512106e+06  0.0000000000e+00
1.4882220555e-01  1.0000000000e+00  1.4157512106e+06  1.4157512106e+06  0.0000000000e+00
1.4909977494e-01  1.0000000000e+00  1.4157512106e+06  1.4157512106e+06  0.0000000000e+00
1.4937734434e-01  1.0000000000e+00  1.4157512106e+06  1.4157512106e+06  0.0000000000e+00
1.4965491373e-01  1.0000000000e+00  1.4157512106e+06  1.4157512106e+06  0.0000000000e+00
1.4993248312e-01  1.0000000000e+00  1.4157512106e+06  1.4157512106e+06  0.0000000000e+00
1.5021005251e-01  1.0000000000e+00  1.4157512106e+06  1.4157512106e+06  0.0000000000e+00
1.5048762191e-01  1.0000000000e+00  1.4157512106e+06  1.4157512106e+06  0.0000000000e+00
1.5076519130e-01  1.0000000000e+00  1.4157512106e+06  1.4157512106e+06  0.0000000000e+00
1.5104276069e-01  1.0000000000e+00  1.4157512106e+06  1.4157512106e+06  0.0000000000e+00
1.5132033008e-01  1.0000000000e+00  1.4157512106e+06  1.4157512106e+06  0.0000000000e+00
1.5159789947e-01  1.0000000000e+00  1.4157512106e+06  1.4157512106e+06  0.0000000000e+00
1.5187546887e-01  1.0000000000e+00  1.4157512106e+06  1.4157512106e+06  0.0000000000e+00
1.5215303826e-01  1.0000000000e+00  1.4157512106e+06  1.4157512106e+06  0.0000000000e+00
1.5243060765e-01  1.0000000000e+00  1.4157512106e+06  1.4157512106e+06  0.0000000000e+00
1.5270817704e-01  1.0000000000e+00  1.4157512106e+06  1.4157512106e+06  0.0000000000e+00
1.5298574644e-01  1.0000000000e+00  1.4157512106e+06  1.4157512106e+06  0.0000000000e+00
1.5326331583e-01  1.0000000000e+00  1.4157512106e+06  1.4157512106e+06  0.0000000000e+00
1.5354088522e-01  1.0000000000e+00  1.4157512106e+06  1.4157512106e+06  0.0000000000e+00
1.5381845461e-01  1.0000000000e+00  1.4157512106e+06  1.4157512106e+06  0.0000000000e+00
1.5409602401e-01  1.0000000000e+00  1.4157512106e+06  1.4157512106e+06  0.0000000000e+00
1.5437359340e-01  1.0000000000e+00  1.4157512106e+06  1.4157512106e+06  0.0000000000e+00
1.5465116279e-01  1.0000000000e+00  1.4157512106e+06  1.4157512106e+06  0.0000000000e+00
1.5492873218e-01  1.0000000000e+00  1.4157512106e+06  1.4157512106e+06  0.0000000000e+00
1.5520630158e-01  1.0000000000e+00  1.4157512106e+06  1.4157512106e+06  0.0000000000e+00
1.5548387097e-01  1.0000000000e+00  1.4157512106e+06  1.4157512106e+06  0.0000000000e+00
1.5576144036e-01  1.0000000000e+00  1.4157512106e+06  1.4157512106e+06  0.0000000000e+00
1.5603900975e-01  1.0000000000e+00  1.4157512106e+06  1.4157512106e+06  0.0000000000e+00
1.5631657914e-01  1.0000000000e+00  1.4157512106e+06  1.4157512106e+06  0.0000000000e+00
1.5659414854e-01  1.0000000000e+00  1.4157512106e+06  1.4157512106e+06  0.0000000000e+00
1.5687171793e-01  1.0000000000e+00  1.4157512106e+06  1.4157512106e+06  0.0000000000e+00
1.5714928732e-01  1.0000000000e+00  1.4157512106e+06  1.4157512106e+06  0.0000000000e+00
1.5742685671e-01  1.0000000000e+00  1.4157512106e+06  1.4157512106e+06  0.0000000000e+00
1.5770442611e-01  1.0000000000e+00  1.4157512106e+06  1.4157512106e+06  0.0000000000e+00
1.5798199550e-01  1.0000000000e+00  1.4157512106e+06  1.4157512106e+06  0.0000000000e+00
1.5825956489e-01  1.0000000000e+00  1.4157512106e+06  1.4157512106e+06  0.0000000000e+00
1.5853713428e-01  1.0000000000e+00  1.4157512106e+06  1.4157512106e+06  0.0000000000e+00
1.5881470368e-01  1.0000000000e+00  1.4157512106e+06  1.4157512106e+06  0.0000000000e+00
1.5909227307e-01  1.0000000000e+00  1.4157512106e+06  1.4157512106e+06  0.0000000000e+00
1.5936984246e-01  1.0000000000e+00  1.4157512106e+06  1.4157512106e+06  0.0000000000e+00
1.5964741185e-01  1.0000000000e+00  1.4157512106e+06  1.4157512106e+06  0.0000000000e+00
1.5992498125e-01  1.0000000000e+00  1.4157512106e+06  1.4157512106e+06  0.0000000000e+00
1.6020255064e-01  1.0000000000e+00  1.4157512106e+06  1.4157512106e+06  0.0000000000e+00
1.6048012003e-01  1.0000000000e+00  1.4157512106e+06  1.4157512106e+06  0.0000000000e+00
1.6075768942e-01  1.0000000000e+00  1.4157512106e+06  1.4157512106e+06  0.0000000000e+00
1.6103525881e-01  1.0000000000e+00  1.4157512106e+06  1.4157512106e+06  0.0000000000e+00
1.6131282821e-01  1.0000000000e+00  1.4157512106e+06  1.4157512106e+06  0.0000000000e+00
1.6159039760e-01  1.0000000000e+00  1.4157512106e+06  1.4157512106e+06  0.0000000000e+00
1.6186796699e-01  1.0000000000e+00  1.4157512106e+06  1.4157512106e+06  0.0000000000e+00
1.6214553638e-01  1.0000000000e+00  1.4157512106e+06  1.4157512106e+06  0.0000000000e+00
1.6242310578e-01  1.0000000000e+00  1.4157512106e+06  1.4157512106e+06  0.0000000000e+00
1.6270067517e-01  1.0000000000e+00  1.4157512106e+06  1.4157512106e+06  0.0000000000e+00
1.6297824456e-01  1.0000000000e+00  1.4157512106e+06  1.4157512106e+06  0.0000000000e+00
1.6325581395e-01  1.0000000000e+00  1.4157512106e+06  1.4157512106e+06  0.0000000000e+00
1.6353338335e-01  1.0000000000e+00  1.4157512106e+06  1.4157512106e+06  0.0000000000e+00
1.6381095274e-01  1.0000000000e+00  1.4157512106e+06  1.4157512106e+06  0.0000000000e+00
1.6408852213e-01  1.0000000000e+00  1.4157512106e+06  1.4157512106e+06  0.0000000000e+00
1.6436609152e-01  1.0000000000e+00  1.4157512106e+06  1.4157512106e+06  0.0000000000e+00
1.6464366092e-01  1.0000000000e+00  1.4157512106e+06  1.4157512106e+06  0.0000000000e+00
1.6492123031e-01  1.0000000000e+00  1.4157512106e+06  1.4157512106e+06  0.0000000000e+00
1.6519879970e-01  1.0000000000e+00  1.4157512106e+06  1.4157512106e+06  0.0000000000e+00
1.6547636909e-01  1.0000000000e+00  1.4157512106e+06  1.4157512106e+06  0.0000000000e+00
1.6575393848e-01  1.0000000000e+00  1.4157512106e+06  1.4157512106e+06  0.0000000000e+00
1.6603150788e-01  1.0000000000e+00  1.4157512106e+06  1.4157512106e+06  0.0000000000e+00
1.6630907727e-01  1.0000000000e+00  1.4157512106e+06  1.4157512106e+06  0.0000000000e+00
1.6658664666e-01  1.0000000000e+00  1.4157512106e+06  1.4157512106e+06  0.0000000000e+00
1.6686421605e-01  1.0000000000e+00  1.4157512106e+06  1.4157512106e+06  0.0000000000e+00
1.6714178545e-01  1.0000000000e+00  1.4157512106e+06  1.4157512106e+06  0.0000000000e+00
1.6741935484e-01  1.0000000000e+00  1.4157512106e+06  1.4157512106e+06  0.0000000000e+00
1.6769692423e-01  1.0000000000e+00  1.4157512106e+06  1.4157512106e+06  0.0000000000e+00
1.6797449362e-01  1.0000000000e+00  1.4157512106e+06  1.4157512106e+06  0.0000000000e+00
1.6825206302e-01  1.0000000000e+00  1.4157512106e+06  1.4157512106e+06  0.0000000000e+00
1.6852963241e-01  1.0000000000e+00  1.4157512106e+06  1.4157512106e+06  0.0000000000e+00
1.6880720180e-01  1.0000000000e+00  1.4157512106e+06  1.4157512106e+06  0.0000000000e+00
1.6908477119e-01  1.0000000000e+00  1.4157512106e+06  1.4157512106e+06  0.0000000000e+00
1.6936234059e-01  1.0000000000e+00  1.4157512106e+06  1.4157512106e+06  0.0000000000e+00
1.6963990998e-01  1.0000000000e+00  1.4157512106e+06  1.4157512106e+06  0.0000000000e+00
1.6991747937e-01  1.0000000000e+00  1.4157512106e+06  1.4157512106e+06  0.0000000000e+00
1.7019504876e-01  1.0000000000e+00  1.4157512106e+06  1.4157512106e+06  0.0000000000e+00
1.7047261815e-01  1.0000000000e+00  1.4157512106e+06  1.4157512106e+06  0.0000000000e+00
1.7075018755e-01  1.0000000000e+00  1.4157512106e+06  1.4157512106e+06  0.0000000000e+00
1.7102775694e-01  1.0000000000e+00  1.4157512106e+06  1.4157512106e+06  0.0000000000e+00
1.7130532633e-01  1.0000000000e+00  1.4157512106e+06  1.4157512106e+06  0.0000000000e+00
1.7158289572e-01  1.0000000000e+00  1.4157512106e+06  1.4157512106e+06  0.0000000000e+00
1.7186046512e-01  1.0000000000e+00  1.4157512106e+06  1.4157512106e+06  0.0000000000e+00
1.7213803451e-01  1.0000000000e+00  1.4157512106e+06  1.4157512106e+06  0.0000000000e+00
1.7241560390e-01  1.0000000000e+00  1.4157512106e+06  1.4157512106e+06  0.0000000000e+00
1.7269317329e-01  1.0000000000e+00  1.4157512106e+06  1.4157512106e+06  0.0000000000e+00
1.7297074269e-01  1.0000000000e+00  1.4157512106e+06  1.4157512106e+06  0.0000000000e+00
1.7324831208e-01  1.0000000000e+00  1.4157512106e+06  1.4157512106e+06  0.0000000000e+00
1.7352588147e-01  1.0000000000e+00  1.4157512106e+06  1.4157512106e+06  0.0000000000e+00
1.7380345086e-01  1.0000000000e+00  1.4157512106e+06  1.4157512106e+06  0.0000000000e+00
1.7408102026e-01  1.0000000000e+00  1.4157512106e+06  1.4157512106e+06  0.0000000000e+00
1.7435858965e-01  1.0000000000e+00  1.4157512106e+06  1.4157512106e+06  0.0000000000e+00
1.7463615904e-01  1.0000000000e+00  1.4157512106e+06  1.4157512106e+06  0.0000000000e+00
1.7491372843e-01  1.0000000000e+00  1.4157512106e+06  1.4157512106e+06  0.0000000000e+00
1.7519129782e-01  1.0000000000e+00  1.4157512106e+06  1.4157512106e+06  0.0000000000e+00
1.7546886722e-01  1.0000000000e+00  1.4157512106e+06  1.4157512106e+06  0.0000000000e+00
1.7574643661e-01  1.0000000000e+00  1.4157512106e+06  1.4157512106e+06  0.0000000000e+00
1.7602400600e-01  1.0000000000e+00  1.4157512106e+06  1.4157512106e+06  0.0000000000e+00
1.7630157539e-01  1.0000000000e+00  1.4157512106e+06  1.4157512106e+06  0.0000000000e+00
1.7657914479e-01  1.0000000000e+00  1.4157512106e+06  1.4157512106e+06  0.0000000000e+00
1.7685671418e-01  1.0000000000e+00  1.4157512106e+06  1.4157512106e+06  0.0000000000e+00
1.7713428357e-01  1.0000000000e+00  1.4157512106e+06  1.4157512106e+06  0.0000000000e+00
1.7741185296e-01  1.0000000000e+00  1.4157512106e+06  1.4157512106e+06  0.0000000000e+00
1.7768942236e-01  1.0000000000e+00  1.4157512106e+06  1.4157512106e+06  0.0000000000e+00
1.7796699175e-01  1.0000000000e+00  1.4157512106e+06  1.4157512106e+06  0.0000000000e+00
1.7824456114e-01  1.0000000000e+00  1.4157512106e+06  1.4157512106e+06  0.0000000000e+00
1.7852213053e-01  1.0000000000e+00  1.4157512106e+06  1.4157512106e+06  0.0000000000e+00
1.7879969992e-01  1.0000000000e+00  1.4157512106e+06  1.4157512106e+06  0.0000000000e+00
1.7907726932e-01  1.0000000000e+00  1.4157512106e+06  1.4157512106e+06  0.0000000000e+00
1.7935483871e-01  1.0000000000e+00  1.4157512106e+06  1.4157512106e+06  0.0000000000e+00
1.7963240810e-01  1.0000000000e+00  1.4157512106e+06  1.4157512106e+06  0.0000000000e+00
1.7990997749e-01  1.0000000000e+00  1.4157512106e+06  1.4157512106e+06  0.0000000000e+00
1.8018754689e-01  1.0000000000e+00  1.4157512106e+06  1.4157512106e+06  0.0000000000e+00
1.8046511628e-01  1.0000000000e+00  1.4157512106e+06  1.4157512106e+06  0.0000000000e+00
1.8074268567e-01  1.0000000000e+00  1.4157512106e+06  1.4157512106e+06  0.0000000000e+00
1.8102025506e-01  1.0000000000e+00  1.4157512106e+06  1.4157512106e+06  0.0000000000e+00
1.8129782446e-01  1.0000000000e+00  1.4157512106e+06  1.4157512106e+06  0.0000000000e+00
1.8157539385e-01  1.0000000000e+00  1.4157512106e+06  1.4157512106e+06  0.0000000000e+00
1.8185296324e-01  1.0000000000e+00  1.4157512106e+06  1.4157512106e+06  0.0000000000e+00
1.8213053263e-01  1.0000000000e+00  1.4157512106e+06  1.4157512106e+06  0.0000000000e+00
1.8240810203e-01  1.0000000000e+00  1.4157512106e+06  1.4157512106e+06  0.0000000000e+00
1.8268567142e-01  1.0000000000e+00  1.4157512106e+06  1.4157512106e+06  0.0000000000e+00
1.8296324081e-01  1.0000000000e+00  1.4157512106e+06  1.4157512106e+06  0.0000000000e+00
1.8324081020e-01  1.0000000000e+00  1.4157512106e+06  1.4157512106e+06  0.0000000000e+00
1.8351837959e-01  1.0000000000e+00  1.4157512106e+06  1.4157512106e+06  0.0000000000e+00
1.8379594899e-01  1.0000000000e+00  1.4157512106e+06  1.4157512106e+06  0.0000000000e+00
1.8407351838e-01  1.0000000000e+00  1.4157512106e+06  1.4157512106e+06  0.0000000000e+00
1.8435108777e-01  1.0000000000e+00  1.4157512106e+06  1.4157512106e+06  0.0000000000e+00
1.8462865716e-01  1.0000000000e+00  1.4157512106e+06  1.4157512106e+06  0.0000000000e+00
1.8490622656e-01  1.0000000000e+00  1.4157512106e+06  1.4157512106e+06  0.0000000000e+00
1.8518379595e-01  1.0000000000e+00  1.4157512106e+06  1.4157512106e+06  0.0000000000e+00
1.8546136534e-01  1.0000000000e+00  1.4157512106e+06  1.4157512106e+06  0.0000000000e+00
1.8573893473e-01  1.0000000000e+00  1.4157512106e+06  1.4157512106e+06  0.0000000000e+00
1.8601650413e-01  1.0000000000e+00  1.4157512106e+06  1.4157512106e+06  0.0000000000e+00
1.8629407352e-01  1.0000000000e+00  1.4157512106e+06  1.4157512106e+06  0.0000000000e+00
1.8657164291e-01  1.0000000000e+00  1.4157512106e+06  1.4157512106e+06  0.0000000000e+00
1.8684921230e-01  1.0000000000e+00  1.4157512106e+06  1.4157512106e+06  0.0000000000e+00
1.8712678170e-01  1.0000000000e+00  1.4157512106e+06  1.4157512106e+06  0.0000000000e+00
1.8740435109e-01  1.0000000000e+00  1.4157512106e+06  1.4157512106e+06  0.0000000000e+00
1.8768192048e-01  1.0000000000e+00  1.4157512106e+06  1.4157512106e+06  0.0000000000e+00
1.8795948987e-01  1.0000000000e+00  1.4157512106e+06  1.4157512106e+06  0.0000000000e+00
1.8823705926e-01  1.0000000000e+00  1.4157512106e+06  1.4157512106e+06  0.0000000000e+00
1.8851462866e-01  1.0000000000e+00  1.4157512106e+06  1.4157512106e+06  0.0000000000e+00
1.8879219805e-01  1.0000000000e+00  1.4157512106e+06  1.4157512106e+06  0.0000000000e+00
1.8906976744e-01  1.0000000000e+00  1.4157512106e+06  1.4157512106e+06  0.0000000000e+00
1.8934733683e-01  1.0000000000e+00  1.4157512106e+06  1.4157512106e+06  0.0000000000e+00
1.8962490623e-01  1.0000000000e+00  1.4157512106e+06  1.4157512106e+06  0.0000000000e+00
1.8990247562e-01  1.0000000000e+00  1.4157512106e+06  1.4157512106e+06  0.0000000000e+00
1.9018004501e-01  1.0000000000e+00  1.4157512106e+06  1.4157512106e+06  0.0000000000e+00
1.9045761440e-01  1.0000000000e+00  1.4157512106e+06  1.4157512106e+06  0.0000000000e+00
1.9073518380e-01  1.0000000000e+00  1.4157512106e+06  1.4157512106e+06  0.0000000000e+00
1.9101275319e-01  1.0000000000e+00  1.4157512106e+06  1.4157512106e+06  0.0000000000e+00
1.9129032258e-01  1.0000000000e+00  1.4157512106e+06  1.4157512106e+06  0.0000000000e+00
1.9156789197e-01  1.0000000000e+00  1.4157512106e+06  1.4157512106e+06  0.0000000000e+00
1.9184546137e-01  1.0000000000e+00  1.4157512106e+06  1.4157512106e+06  0.0000000000e+00
1.9212303076e-01  1.0000000000e+00  1.4157512106e+06  1.4157512106e+06  0.0000000000e+00
1.9240060015e-01  1.0000000000e+00  1.4157512106e+06  1.4157512106e+06  0.0000000000e+00
1.9267816954e-01  1.0000000000e+00  1.4157512106e+06  1.4157512106e+06  0.0000000000e+00
1.9295573893e-01  1.0000000000e+00  1.4157512106e+06  1.4157512106e+06  0.0000000000e+00
1.9323330833e-01  1.0000000000e+00  1.4157512106e+06  1.4157512106e+06  0.0000000000e+00
1.9351087772e-01  1.0000000000e+00  1.4157512106e+06  1.4157512106e+06  0.0000000000e+00
1.9378844711e-01  1.0000000000e+00  1.4157512106e+06  1.4157512106e+06  0.0000000000e+00
1.9406601650e-01  1.0000000000e+00  1.4157512106e+06  1.4157512106e+06  0.0000000000e+00
1.9434358590e-01  1.0000000000e+00  1.4157512106e+06  1.4157512106e+06  0.0000000000e+00
1.9462115529e-01  1.0000000000e+00  1.4157512106e+06  1.4157512106e+06  0.0000000000e+00
1.9489872468e-01  1.0000000000e+00  1.4157512106e+06  1.4157512106e+06  0.0000000000e+00
1.9517629407e-01  1.0000000000e+00  1.4157512106e+06  1.4157512106e+06  0.0000000000e+00
1.9545386347e-01  1.0000000000e+00  1.4157512106e+06  1.4157512106e+06  0.0000000000e+00
1.9573143286e-01  1.0000000000e+00  1.4157512106e+06  1.4157512106e+06  0.0000000000e+00
1.9600900225e-01  1.0000000000e+00  1.4157512106e+06  1.4157512106e+06  0.0000000000e+00
1.9628657164e-01  1.0000000000e+00  1.4157512106e+06  1.4157512106e+06  0.0000000000e+00
1.9656414104e-01  1.0000000000e+00  1.4157512106e+06  1.4157512106e+06  0.0000000000e+00
1.9684171043e-01  1.0000000000e+00  1.4157512106e+06  1.4157512106e+06  0.0000000000e+00
1.9711927982e-01  1.0000000000e+00  1.4157512106e+06  1.4157512106e+06  0.0000000000e+00
1.9739684921e-01  1.0000000000e+00  1.4157512106e+06  1.4157512106e+06  0.0000000000e+00
1.9767441860e-01  1.0000000000e+00  1.4157512106e+06  1.4157512106e+06  0.0000000000e+00
1.9795198800e-01  1.0000000000e+00  1.4157512106e+06  1.4157512106e+06  0.0000000000e+00
1.9822955739e-01  1.0000000000e+00  1.4157512106e+06  1.4157512106e+06  0.0000000000e+00
1.9850712678e-01  1.0000000000e+00  1.4157512106e+06  1.4157512106e+06  0.0000000000e+00
1.9878469617e-01  1.0000000000e+00  1.4157512106e+06  1.4157512106e+06  0.0000000000e+00
1.9906226557e-01  1.0000000000e+00  1.4157512106e+06  1.4157512106e+06  0.0000000000e+00
1.9933983496e-01  1.0000000000e+00  1.4157512106e+06  1.4157512106e+06  0.0000000000e+00
1.9961740435e-01  1.0000000000e+00  1.4157512106e+06  1.4157512106e+06  0.0000000000e+00
1.9989497374e-01  1.0000000000e+00  1.4157512106e+06  1.4157512106e+06  0.0000000000e+00
2.0017254314e-01  1.0000000000e+00  1.4157512106e+06  1.4157512106e+06  0.0000000000e+00
2.0045011253e-01  1.0000000000e+00  1.4157512106e+06  1.4157512106e+06  0.0000000000e+00
2.0072768192e-01  1.0000000000e+00  1.4157512106e+06  1.4157512106e+06  0.0000000000e+00
2.0100525131e-01  1.0000000000e+00  1.4157512106e+06  1.4157512106e+06  0.0000000000e+00
2.0128282071e-01  1.0000000000e+00  1.4157512106e+06  1.4157512106e+06  0.0000000000e+00
2.0156039010e-01  1.0000000000e+00  1.4157512106e+06  1.4157512106e+06  0.0000000000e+00
2.0183795949e-01  1.0000000000e+00  1.4157512106e+06  1.4157512106e+06  0.0000000000e+00
2.0211552888e-01  1.0000000000e+00  1.4157512106e+06  1.4157512106e+06  0.0000000000e+00
2.0239309827e-01  1.0000000000e+00  1.4157512106e+06  1.4157512106e+06  0.0000000000e+00
2.0267066767e-01  1.0000000000e+00  1.4157512106e+06  1.4157512106e+06  0.0000000000e+00
2.0294823706e-01  1.0000000000e+00  1.4157512106e+06  1.4157512106e+06  0.0000000000e+00
2.0322580645e-01  1.0000000000e+00  1.4157512106e+06  1.4157512106e+06  0.0000000000e+00
2.0350337584e-01  1.0000000000e+00  1.4157512106e+06  1.4157512106e+06  0.0000000000e+00
2.0378094524e-01  1.0000000000e+00  1.4157512106e+06  1.4157512106e+06  0.0000000000e+00
2.0405851463e-01  1.0000000000e+00  1.4157512106e+06  1.4157512106e+06  0.0000000000e+00
2.0433608402e-01  1.0000000000e+00  1.4157512106e+06  1.4157512106e+06  0.0000000000e+00
2.0461365341e-01  1.0000000000e+00  1.4157512106e+06  1.4157512106e+06  0.0000000000e+00
2.0489122281e-01  1.0000000000e+00  1.4157512106e+06  1.4157512106e+06  0.0000000000e+00
2.0516879220e-01  1.0000000000e+00  1.4157512106e+06  1.4157512106e+06  0.0000000000e+00
2.0544636159e-01  1.0000000000e+00  1.4157512106e+06  1.4157512106e+06  0.0000000000e+00
2.0572393098e-01  1.0000000000e+00  1.4157512106e+06  1.4157512106e+06  0.0000000000e+00
2.0600150038e-01  1.0000000000e+00  1.4157512106e+06  1.4157512106e+06  0.0000000000e+00
2.0627906977e-01  1.0000000000e+00  1.4157512106e+06  1.4157512106e+06  0.0000000000e+00
2.0655663916e-01  1.0000000000e+00  1.4157512106e+06  1.4157512106e+06  0.0000000000e+00
2.0683420855e-01  1.0000000000e+00  1.4157512106e+06  1.4157512106e+06  0.0000000000e+00
2.0711177794e-01  1.0000000000e+00  1.4157512106e+06  1.4157512106e+06  0.0000000000e+00
2.0738934734e-01  1.0000000000e+00  1.4157512106e+06  1.4157512106e+06  0.0000000000e+00
2.0766691673e-01  1.0000000000e+00  1.4157512106e+06  1.4157512106e+06  0.0000000000e+00
2.0794448612e-01  1.0000000000e+00  1.4157512106e+06  1.4157512106e+06  0.0000000000e+00
2.0822205551e-01  1.0000000000e+00  1.4157512106e+06  1.4157512106e+06  0.0000000000e+00
2.0849962491e-01  1.0000000000e+00  1.4157512106e+06  1.4157512106e+06  0.0000000000e+00
2.0877719430e-01  1.0000000000e+00  1.4157512106e+06  1.4157512106e+06  0.0000000000e+00
2.0905476369e-01  1.0000000000e+00  1.4157512106e+06  1.4157512106e+06  0.0000000000e+00
2.0933233308e-01  1.0000000000e+00  1.4157512106e+06  1.4157512106e+06  0.0000000000e+00
2.0960990248e-01  1.0000000000e+00  1.4157512106e+06  1.4157512106e+06  0.0000000000e+00
2.0988747187e-01  1.0000000000e+00  1.4157512106e+06  1.4157512106e+06  0.0000000000e+00
2.1016504126e-01  1.0000000000e+00  1.4157512106e+06  1.4157512106e+06  0.0000000000e+00
2.1044261065e-01  1.0000000000e+00  1.4157512106e+06  1.4157512106e+06  0.0000000000e+00
2.1072018005e-01  1.0000000000e+00  1.4157512106e+06  1.4157512106e+06  0.0000000000e+00
2.1099774944e-01  1.0000000000e+00  1.4157512106e+06  1.4157512106e+06  0.0000000000e+00
2.1127531883e-01  1.0000000000e+00  1.4157512106e+06  1.4157512106e+06  0.0000000000e+00
2.1155288822e-01  1.0000000000e+00  1.4157512106e+06  1.4157512106e+06  0.0000000000e+00
2.1183045761e-01  1.0000000000e+00  1.4157512106e+06  1.4157512106e+06  0.0000000000e+00
2.1210802701e-01  1.0000000000e+00  1.4157512106e+06  1.4157512106e+06  0.0000000000e+00
2.1238559640e-01  1.0000000000e+00  1.4157512106e+06  1.4157512106e+06  0.0000000000e+00
2.1266316579e-01  1.0000000000e+00  1.4157512106e+06  1.4157512106e+06  0.0000000000e+00
2.1294073518e-01  1.0000000000e+00  1.4157512106e+06  1.4157512106e+06  0.0000000000e+00
2.1321830458e-01  1.0000000000e+00  1.4157512106e+06  1.4157512106e+06  0.0000000000e+00
2.1349587397e-01  1.0000000000e+00  1.4157512106e+06  1.4157512106e+06  0.0000000000e+00
2.1377344336e-01  1.0000000000e+00  1.4157512106e+06  1.4157512106e+06  0.0000000000e+00
2.1405101275e-01  1.0000000000e+00  1.4157512106e+06  1.4157512106e+06  0.0000000000e+00
2.1432858215e-01  1.0000000000e+00  1.4157512106e+06  1.4157512106e+06  0.0000000000e+00
2.1460615154e-01  1.0000000000e+00  1.4157512106e+06  1.4157512106e+06  0.0000000000e+00
2.1488372093e-01  1.0000000000e+00  1.4157512106e+06  1.4157512106e+06  0.0000000000e+00
2.1516129032e-01  1.0000000000e+00  1.4157512106e+06  1.4157512106e+06  0.0000000000e+00
2.1543885971e-01  1.0000000000e+00  1.4157512106e+06  1.4157512106e+06  0.0000000000e+00
2.1571642911e-01  1.0000000000e+00  1.4157512106e+06  1.4157512106e+06  0.0000000000e+00
2.1599399850e-01  1.0000000000e+00  1.4157512106e+06  1.4157512106e+06  0.0000000000e+00
2.1627156789e-01  1.0000000000e+00  1.4157512106e+06  1.4157512106e+06  0.0000000000e+00
2.1654913728e-01  1.0000000000e+00  1.4157512106e+06  1.4157512106e+06  0.0000000000e+00
2.1682670668e-01  1.0000000000e+00  1.4157512106e+06  1.4157512106e+06  0.0000000000e+00
2.1710427607e-01  1.0000000000e+00  1.4157512106e+06  1.4157512106e+06  0.0000000000e+00
2.1738184546e-01  1.0000000000e+00  1.4157512106e+06  1.4157512106e+06  0.0000000000e+00
2.1765941485e-01  1.0000000000e+00  1.4157512106e+06  1.4157512106e+06  0.0000000000e+00
2.1793698425e-01  1.0000000000e+00  1.4157512106e+06  1.4157512106e+06  0.0000000000e+00
2.1821455364e-01  1.0000000000e+00  1.4157512106e+06  1.4157512106e+06  0.0000000000e+00
2.1849212303e-01  1.0000000000e+00  1.4157512106e+06  1.4157512106e+06  0.0000000000e+00
2.1876969242e-01  1.0000000000e+00  1.4157512106e+06  1.4157512106e+06  0.0000000000e+00
2.1904726182e-01  1.0000000000e+00  1.4157512106e+06  1.4157512106e+06  0.0000000000e+00
2.1932483121e-01  1.0000000000e+00  1.4157512106e+06  1.4157512106e+06  0.0000000000e+00
2.1960240060e-01  1.0000000000e+00  1.4157512106e+06  1.4157512106e+06  0.0000000000e+00
2.1987996999e-01  1.0000000000e+00  1.4157512106e+06  1.4157512106e+06  0.0000000000e+00
2.2015753938e-01  1.0000000000e+00  1.4157512106e+06  1.4157512106e+06  0.0000000000e+00
2.2043510878e-01  1.0000000000e+00  1.4157512106e+06  1.4157512106e+06  0.0000000000e+00
2.2071267817e-01  1.0000000000e+00  1.4157512106e+06  1.4157512106e+06  0.0000000000e+00
2.2099024756e-01  1.0000000000e+00  1.4157512106e+06  1.4157512106e+06  0.0000000000e+00
2.2126781695e-01  1.0000000000e+00  1.4157512106e+06  1.4157512106e+06  0.0000000000e+00
2.2154538635e-01  1.0000000000e+00  1.4157512106e+06  1.4157512106e+06  0.0000000000e+00
2.2182295574e-01  1.0000000000e+00  1.4157512106e+06  1.4157512106e+06  0.0000000000e+00
2.2210052513e-01  1.0000000000e+00  1.4157512106e+06  1.4157512106e+06  0.0000000000e+00
2.2237809452e-01  1.0000000000e+00  1.4157512106e+06  1.4157512106e+06  0.0000000000e+00
2.2265566392e-01  1.0000000000e+00  1.4157512106e+06  1.4157512106e+06  0.0000000000e+00
2.2293323331e-01  1.0000000000e+00  1.4157512106e+06  1.4157512106e+06  0.0000000000e+00
2.2321080270e-01  1.0000000000e+00  1.4157512106e+06  1.4157512106e+06  0.0000000000e+00
2.2348837209e-01  1.0000000000e+00  1.4157512106e+06  1.4157512106e+06  0.0000000000e+00
2.2376594149e-01  1.0000000000e+00  1.4157512106e+06  1.4157512106e+06  0.0000000000e+00
2.2404351088e-01  1.0000000000e+00  1.4157512106e+06  1.4157512106e+06  0.0000000000e+00
2.2432108027e-01  1.0000000000e+00  1.4157512106e+06  1.4157512106e+06  0.0000000000e+00
2.2459864966e-01  1.0000000000e+00  1.4157512106e+06  1.4157512106e+06  0.0000000000e+00
2.2487621905e-01  1.0000000000e+00  1.4157512106e+06  1.4157512106e+06  0.0000000000e+00
2.2515378845e-01  1.0000000000e+00  1.4157512106e+06  1.4157512106e+06  0.0000000000e+00
2.2543135784e-01  1.0000000000e+00  1.4157512106e+06  1.4157512106e+06  0.0000000000e+00
2.2570892723e-01  1.0000000000e+00  1.4157512106e+06  1.4157512106e+06  0.0000000000e+00
2.2598649662e-01  1.0000000000e+00  1.4157512106e+06  1.4157512106e+06  0.0000000000e+00
2.2626406602e-01  1.0000000000e+00  1.4157512106e+06  1.4157512106e+06  0.0000000000e+00
2.2654163541e-01  1.0000000000e+00  1.4157512106e+06  1.4157512106e+06  0.0000000000e+00
2.2681920480e-01  1.0000000000e+00  1.4157512106e+06  1.4157512106e+06  0.0000000000e+00
2.2709677419e-01  1.0000000000e+00  1.4157512106e+06  1.4157512106e+06  0.0000000000e+00
2.2737434359e-01  1.0000000000e+00  1.4157512106e+06  1.4157512106e+06  0.0000000000e+00
2.2765191298e-01  1.0000000000e+00  1.4157512106e+06  1.4157512106e+06  0.0000000000e+00
2.2792948237e-01  1.0000000000e+00  1.4157512106e+06  1.4157512106e+06  0.0000000000e+00
2.2820705176e-01  1.0000000000e+00  1.4157512106e+06  1.4157512106e+06  0.0000000000e+00
2.2848462116e-01  1.0000000000e+00  1.4157512106e+06  1.4157512106e+06  0.0000000000e+00
2.2876219055e-01  1.0000000000e+00  1.4157512106e+06  1.4157512106e+06  0.0000000000e+00
2.2903975994e-01  1.0000000000e+00  1.4157512106e+06  1.4157512106e+06  0.0000000000e+00
2.2931732933e-01  1.0000000000e+00  1.4157512106e+06  1.4157512106e+06  0.0000000000e+00
2.2959489872e-01  1.0000000000e+00  1.4157512106e+06  1.4157512106e+06  0.0000000000e+00
2.2987246812e-01  1.0000000000e+00  1.4157512106e+06  1.4157512106e+06  0.0000000000e+00
2.3015003751e-01  1.0000000000e+00  1.4157512106e+06  1.4157512106e+06  0.0000000000e+00
2.3042760690e-01  1.0000000000e+00  1.4157512106e+06  1.4157512106e+06  0.0000000000e+00
2.3070517629e-01  1.0000000000e+00  1.4157512106e+06  1.4157512106e+06  0.0000000000e+00
2.3098274569e-01  1.0000000000e+00  1.4157512106e+06  1.4157512106e+06  0.0000000000e+00
2.3126031508e-01  1.0000000000e+00  1.4157512106e+06  1.4157512106e+06  0.0000000000e+00
2.3153788447e-01  1.0000000000e+00  1.4157512106e+06  1.4157512106e+06  0.0000000000e+00
2.3181545386e-01  1.0000000000e+00  1.4157512106e+06  1.4157512106e+06  0.0000000000e+00
2.3209302326e-01  1.0000000000e+00  1.4157512106e+06  1.4157512106e+06  0.0000000000e+00
2.3237059265e-01  1.0000000000e+00  1.4157512106e+06  1.4157512106e+06  0.0000000000e+00
2.3264816204e-01  1.0000000000e+00  1.4157512106e+06  1.4157512106e+06  0.0000000000e+00
2.3292573143e-01  1.0000000000e+00  1.4157512106e+06  1.4157512106e+06  0.0000000000e+00
2.3320330083e-01  1.0000000000e+00  1.4157512106e+06  1.4157512106e+06  0.0000000000e+00
2.3348087022e-01  1.0000000000e+00  1.4157512106e+06  1.4157512106e+06  0.0000000000e+00
2.3375843961e-01  1.0000000000e+00  1.4157512106e+06  1.4157512106e+06  0.0000000000e+00
2.3403600900e-01  1.0000000000e+00  1.4157512106e+06  1.4157512106e+06  0.0000000000e+00
2.3431357839e-01  1.0000000000e+00  1.4157512106e+06  1.4157512106e+06  0.0000000000e+00
2.3459114779e-01  1.0000000000e+00  1.4157512106e+06  1.4157512106e+06  0.0000000000e+00
2.3486871718e-01  1.0000000000e+00  1.4157512106e+06  1.4157512106e+06  0.0000000000e+00
2.3514628657e-01  1.0000000000e+00  1.4157512106e+06  1.4157512106e+06  0.0000000000e+00
2.3542385596e-01  1.0000000000e+00  1.4157512106e+06  1.4157512106e+06  0.0000000000e+00
2.3570142536e-01  1.0000000000e+00  1.4157512106e+06  1.4157512106e+06  0.0000000000e+00
2.3597899475e-01  1.0000000000e+00  1.4157512106e+06  1.4157512106e+06  0.0000000000e+00
2.3625656414e-01  1.0000000000e+00  1.4157512106e+06  1.4157512106e+06  0.0000000000e+00
2.3653413353e-01  1.0000000000e+00  1.4157512106e+06  1.4157512106e+06  0.0000000000e+00
2.3681170293e-01  1.0000000000e+00  1.4157512106e+06  1.4157512106e+06  0.0000000000e+00
2.3708927232e-01  1.0000000000e+00  1.4157512106e+06  1.4157512106e+06  0.0000000000e+00
2.3736684171e-01  1.0000000000e+00  1.4157512106e+06  1.4157512106e+06  0.0000000000e+00
2.3764441110e-01  1.0000000000e+00  1.4157512106e+06  1.4157512106e+06  0.0000000000e+00
2.3792198050e-01  1.0000000000e+00  1.4157512106e+06  1.4157512106e+06  0.0000000000e+00
2.3819954989e-01  1.0000000000e+00  1.4157512106e+06  1.4157512106e+06  0.0000000000e+00
2.3847711928e-01  1.0000000000e+00  1.4157512106e+06  1.4157512106e+06  0.0000000000e+00
2.3875468867e-01  1.0000000000e+00  1.4157512106e+06  1.4157512106e+06  0.0000000000e+00
2.3903225806e-01  1.0000000000e+00  1.4157512106e+06  1.4157512106e+06  0.0000000000e+00
2.3930982746e-01  1.0000000000e+00  1.4157512106e+06  1.4157512106e+06  0.0000000000e+00
2.3958739685e-01  1.0000000000e+00  1.4157512106e+06  1.4157512106e+06  0.0000000000e+00
2.3986496624e-01  1.0000000000e+00  1.4157512106e+06  1.4157512106e+06  0.0000000000e+00
2.4014253563e-01  1.0000000000e+00  1.4157512106e+06  1.4157512106e+06  0.0000000000e+00
2.4042010503e-01  1.0000000000e+00  1.4157512106e+06  1.4157512106e+06  0.0000000000e+00
2.4069767442e-01  1.0000000000e+00  1.4157512106e+06  1.4157512106e+06  0.0000000000e+00
2.4097524381e-01  1.0000000000e+00  1.4157512106e+06  1.4157512106e+06  0.0000000000e+00
2.4125281320e-01  1.0000000000e+00  1.4157512106e+06  1.4157512106e+06  0.0000000000e+00
2.4153038260e-01  1.0000000000e+00  1.4157512106e+06  1.4157512106e+06  0.0000000000e+00
2.4180795199e-01  1.0000000000e+00  1.4157512106e+06  1.4157512106e+06  0.0000000000e+00
2.4208552138e-01  1.0000000000e+00  1.4157512106e+06  1.4157512106e+06  0.0000000000e+00
2.4236309077e-01  1.0000000000e+00  1.4157512106e+06  1.4157512106e+06  0.0000000000e+00
2.4264066017e-01  1.0000000000e+00  1.4157512106e+06  1.4157512106e+06  0.0000000000e+00
2.4291822956e-01  1.0000000000e+00  1.4157512106e+06  1.4157512106e+06  0.0000000000e+00
2.4319579895e-01  1.0000000000e+00  1.4157512106e+06  1.4157512106e+06  0.0000000000e+00
2.4347336834e-01  1.0000000000e+00  1.4157512106e+06  1.4157512106e+06  0.0000000000e+00
2.4375093773e-01  1.0000000000e+00  1.4157512106e+06  1.4157512106e+06  0.0000000000e+00
2.4402850713e-01  1.0000000000e+00  1.4157512106e+06  1.4157512106e+06  0.0000000000e+00
2.4430607652e-01  1.0000000000e+00  1.4157512106e+06  1.4157512106e+06  0.0000000000e+00
2.4458364591e-01  1.0000000000e+00  1.4157512106e+06  1.4157512106e+06  0.0000000000e+00
2.4486121530e-01  1.0000000000e+00  1.4157512106e+06  1.4157512106e+06  0.0000000000e+00
2.4513878470e-01  1.0000000000e+00  1.4157512106e+06  1.4157512106e+06  0.0000000000e+00
2.4541635409e-01  1.0000000000e+00  1.4157512106e+06  1.4157512106e+06  0.0000000000e+00
2.4569392348e-01  1.0000000000e+00  1.4157512106e+06  1.4157512106e+06  0.0000000000e+00
2.4597149287e-01  1.0000000000e+00  1.4157512106e+06  1.4157512106e+06  0.0000000000e+00
2.4624906227e-01  1.0000000000e+00  1.4157512106e+06  1.4157512106e+06  0.0000000000e+00
2.4652663166e-01  1.0000000000e+00  1.4157512106e+06  1.4157512106e+06  0.0000000000e+00
2.4680420105e-01  1.0000000000e+00  1.4157512106e+06  1.4157512106e+06  0.0000000000e+00
2.4708177044e-01  1.0000000000e+00  1.4157512106e+06  1.4157512106e+06  0.0000000000e+00
2.4735933983e-01  1.0000000000e+00  1.4157512106e+06  1.4157512106e+06  0.0000000000e+00
2.4763690923e-01  1.0000000000e+00  1.4157512106e+06  1.4157512106e+06  0.0000000000e+00
2.4791447862e-01  1.0000000000e+00  1.4157512106e+06  1.4157512106e+06  0.0000000000e+00
2.4819204801e-01  1.0000000000e+00  1.4157512106e+06  1.4157512106e+06  0.0000000000e+00
2.4846961740e-01  1.0000000000e+00  1.4157512106e+06  1.4157512106e+06  0.0000000000e+00
2.4874718680e-01  1.0000000000e+00  1.4157512106e+06  1.4157512106e+06  0.0000000000e+00
2.4902475619e-01  1.0000000000e+00  1.4157512106e+06  1.4157512106e+06  0.0000000000e+00
2.4930232558e-01  1.0000000000e+00  1.4157512106e+06  1.4157512106e+06  0.0000000000e+00
2.4957989497e-01  1.0000000000e+00  1.4157512106e+06  1.4157512106e+06  0.0000000000e+00
2.4985746437e-01  1.0000000000e+00  1.4157512106e+06  1.4157512106e+06  0.0000000000e+00
2.5013503376e-01  1.0000000000e+00  1.4157512106e+06  1.4157512106e+06  0.0000000000e+00
2.5041260315e-01  1.0000000000e+00  1.4157512106e+06  1.4157512106e+06  0.0000000000e+00
2.5069017254e-01  1.0000000000e+00  1.4157512106e+06  1.4157512106e+06  0.0000000000e+00
2.5096774194e-01  1.0000000000e+00  1.4157512106e+06  1.4157512106e+06  0.0000000000e+00
2.5124531133e-01  1.0000000000e+00  1.4157512106e+06  1.4157512106e+06  0.0000000000e+00
2.5152288072e-01  1.0000000000e+00  1.4157512106e+06  1.4157512106e+06  0.0000000000e+00
2.5180045011e-01  1.0000000000e+00  1.4157512106e+06  1.4157512106e+06  0.0000000000e+00
2.5207801950e-01  1.0000000000e+00  1.4157512106e+06  1.4157512106e+06  0.0000000000e+00
2.5235558890e-01  1.0000000000e+00  1.4157512106e+06  1.4157512106e+06  0.0000000000e+00
2.5263315829e-01  1.0000000000e+00  1.4157512106e+06  1.4157512106e+06  0.0000000000e+00
2.5291072768e-01  1.0000000000e+00  1.4157512106e+06  1.4157512106e+06  0.0000000000e+00
2.5318829707e-01  1.0000000000e+00  1.4157512106e+06  1.4157512106e+06  0.0000000000e+00
2.5346586647e-01  1.0000000000e+00  1.4157512106e+06  1.4157512106e+06  0.0000000000e+00
2.5374343586e-01  1.0000000000e+00  1.4157512106e+06  1.4157512106e+06  0.0000000000e+00
2.5402100525e-01  1.0000000000e+00  1.4157512106e+06  1.4157512106e+06  0.0000000000e+00
2.5429857464e-01  1.0000000000e+00  1.4157512106e+06  1.4157512106e+06  0.0000000000e+00
2.5457614404e-01  1.0000000000e+00  1.4157512106e+06  1.4157512106e+06  0.0000000000e+00
2.5485371343e-01  1.0000000000e+00  1.4157512106e+06  1.4157512106e+06  0.0000000000e+00
2.5513128282e-01  1.0000000000e+00  1.4157512106e+06  1.4157512106e+06  0.0000000000e+00
2.5540885221e-01  1.0000000000e+00  1.4157512106e+06  1.4157512106e+06  0.0000000000e+00
2.5568642161e-01  1.0000000000e+00  1.4157512106e+06  1.4157512106e+06  0.0000000000e+00
2.5596399100e-01  1.0000000000e+00  1.4157512106e+06  1.4157512106e+06  0.0000000000e+00
2.5624156039e-01  1.0000000000e+00  1.4157512106e+06  1.4157512106e+06  0.0000000000e+00
2.5651912978e-01  1.0000000000e+00  1.4157512106e+06  1.4157512106e+06  0.0000000000e+00
2.5679669917e-01  1.0000000000e+00  1.4157512106e+06  1.4157512106e+06  0.0000000000e+00
2.5707426857e-01  1.0000000000e+00  1.4157512106e+06  1.4157512106e+06  0.0000000000e+00
2.5735183796e-01  1.0000000000e+00  1.4157512106e+06  1.4157512106e+06  0.0000000000e+00
2.5762940735e-01  1.0000000000e+00  1.4157512106e+06  1.4157512106e+06  0.0000000000e+00
2.5790697674e-01  1.0000000000e+00  1.4157512106e+06  1.4157512106e+06  0.0000000000e+00
2.5818454614e-01  1.0000000000e+00  1.4157512106e+06  1.4157512106e+06  0.0000000000e+00
2.5846211553e-01  1.0000000000e+00  1.4157512106e+06  1.4157512106e+06  0.0000000000e+00
2.5873968492e-01  1.0000000000e+00  1.4157512106e+06  1.4157512106e+06  0.0000000000e+00
2.5901725431e-01  1.0000000000e+00  1.4157512106e+06  1.4157512106e+06  0.0000000000e+00
2.5929482371e-01  1.0000000000e+00  1.4157512106e+06  1.4157512106e+06  0.0000000000e+00
2.5957239310e-01  1.0000000000e+00  1.4157512106e+06  1.4157512106e+06  0.0000000000e+00
2.5984996249e-01  1.0000000000e+00  1.4157512106e+06  1.4157512106e+06  0.0000000000e+00
2.6012753188e-01  1.0000000000e+00  1.4157512106e+06  1.4157512106e+06  0.0000000000e+00
2.6040510128e-01  1.0000000000e+00  1.4157512106e+06  1.4157512106e+06  0.0000000000e+00
2.6068267067e-01  1.0000000000e+00  1.4157512106e+06  1.4157512106e+06  0.0000000000e+00
2.6096024006e-01  1.0000000000e+00  1.4157512106e+06  1.4157512106e+06  0.0000000000e+00
2.6123780945e-01  1.0000000000e+00  1.4157512106e+06  1.4157512106e+06  0.0000000000e+00
2.6151537884e-01  1.0000000000e+00  1.4157512106e+06  1.4157512106e+06  0.0000000000e+00
2.6179294824e-01  1.0000000000e+00  1.4157512106e+06  1.4157512106e+06  0.0000000000e+00
2.6207051763e-01  1.0000000000e+00  1.4157512106e+06  1.4157512106e+06  0.0000000000e+00
2.6234808702e-01  1.0000000000e+00  1.4157512106e+06  1.4157512106e+06  0.0000000000e+00
2.6262565641e-01  1.0000000000e+00  1.4157512106e+06  1.4157512106e+06  0.0000000000e+00
2.6290322581e-01  1.0000000000e+00  1.4157512106e+06  1.4157512106e+06  0.0000000000e+00
2.6318079520e-01  1.0000000000e+00  1.4157512106e+06  1.4157512106e+06  0.0000000000e+00
2.6345836459e-01  1.0000000000e+00  1.4157512106e+06  1.4157512106e+06  0.0000000000e+00
2.6373593398e-01  1.0000000000e+00  1.4157512106e+06  1.4157512106e+06  0.0000000000e+00
2.6401350338e-01  1.0000000000e+00  1.4157512106e+06  1.4157512106e+06  0.0000000000e+00
2.6429107277e-01  1.0000000000e+00  1.4157512106e+06  1.4157512106e+06  0.0000000000e+00
2.6456864216e-01  1.0000000000e+00  1.4157512106e+06  1.4157512106e+06  0.0000000000e+00
2.6484621155e-01  1.0000000000e+00  1.4157512106e+06  1.4157512106e+06  0.0000000000e+00
2.6512378095e-01  1.0000000000e+00  1.4157512106e+06  1.4157512106e+06  0.0000000000e+00
2.6540135034e-01  1.0000000000e+00  1.4157512106e+06  1.4157512106e+06  0.0000000000e+00
2.6567891973e-01  1.0000000000e+00  1.4157512106e+06  1.4157512106e+06  0.0000000000e+00
2.6595648912e-01  1.0000000000e+00  1.4157512106e+06  1.4157512106e+06  0.0000000000e+00
2.6623405851e-01  1.0000000000e+00  1.4157512106e+06  1.4157512106e+06  0.0000000000e+00
2.6651162791e-01  1.0000000000e+00  1.4157512106e+06  1.4157512106e+06  0.0000000000e+00
2.6678919730e-01  1.0000000000e+00  1.4157512106e+06  1.4157512106e+06  0.0000000000e+00
2.6706676669e-01  1.0000000000e+00  1.4157512106e+06  1.4157512106e+06  0.0000000000e+00
2.6734433608e-01  1.0000000000e+00  1.4157512106e+06  1.4157512106e+06  0.0000000000e+00
2.6762190548e-01  1.0000000000e+00  1.4157512106e+06  1.4157512106e+06  0.0000000000e+00
2.6789947487e-01  1.0000000000e+00  1.4157512106e+06  1.4157512106e+06  0.0000000000e+00
2.6817704426e-01  1.0000000000e+00  1.4157512106e+06  1.4157512106e+06  0.0000000000e+00
2.6845461365e-01  1.0000000000e+00  1.4157512106e+06  1.4157512106e+06  0.0000000000e+00
2.6873218305e-01  1.0000000000e+00  1.4157512106e+06  1.4157512106e+06  0.0000000000e+00
2.6900975244e-01  1.0000000000e+00  1.4157512106e+06  1.4157512106e+06  0.0000000000e+00
2.6928732183e-01  1.0000000000e+00  1.4157512106e+06  1.4157512106e+06  0.0000000000e+00
2.6956489122e-01  1.0000000000e+00  1.4157512106e+06  1.4157512106e+06  0.0000000000e+00
2.6984246062e-01  1.0000000000e+00  1.4157512106e+06  1.4157512106e+06  0.0000000000e+00
2.7012003001e-01  1.0000000000e+00  1.4157512106e+06  1.4157512106e+06  0.0000000000e+00
2.7039759940e-01  1.0000000000e+00  1.4157512106e+06  1.4157512106e+06  0.0000000000e+00
2.7067516879e-01  1.0000000000e+00  1.4157512106e+06  1.4157512106e+06  0.0000000000e+00
2.7095273818e-01  1.0000000000e+00  1.4157512106e+06  1.4157512106e+06  0.0000000000e+00
2.7123030758e-01  1.0000000000e+00  1.4157512106e+06  1.4157512106e+06  0.0000000000e+00
2.7150787697e-01  1.0000000000e+00  1.4157512106e+06  1.4157512106e+06  0.0000000000e+00
2.7178544636e-01  1.0000000000e+00  1.4157512106e+06  1.4157512106e+06  0.0000000000e+00
2.7206301575e-01  1.0000000000e+00  1.4157512106e+06  1.4157512106e+06  0.0000000000e+00
2.7234058515e-01  1.0000000000e+00  1.4157512106e+06  1.4157512106e+06  0.0000000000e+00
2.7261815454e-01  1.0000000000e+00  1.4157512106e+06  1.4157512106e+06  0.0000000000e+00
2.7289572393e-01  1.0000000000e+00  1.4157512106e+06  1.4157512106e+06  0.0000000000e+00
2.7317329332e-01  1.0000000000e+00  1.4157512106e+06  1.4157512106e+06  0.0000000000e+00
2.7345086272e-01  1.0000000000e+00  1.4157512106e+06  1.4157512106e+06  0.0000000000e+00
2.7372843211e-01  1.0000000000e+00  1.4157512106e+06  1.4157512106e+06  0.0000000000e+00
2.7400600150e-01  1.0000000000e+00  1.4157512106e+06  1.4157512106e+06  0.0000000000e+00
2.7428357089e-01  1.0000000000e+00  1.4157512106e+06  1.4157512106e+06  0.0000000000e+00
2.7456114029e-01  1.0000000000e+00  1.4157512106e+06  1.4157512106e+06  0.0000000000e+00
2.7483870968e-01  1.0000000000e+00  1.4157512106e+06  1.4157512106e+06  0.0000000000e+00
2.7511627907e-01  1.0000000000e+00  1.4157512106e+06  1.4157512106e+06  0.0000000000e+00
2.7539384846e-01  1.0000000000e+00  1.4157512106e+06  1.4157512106e+06  0.0000000000e+00
2.7567141785e-01  1.0000000000e+00  1.4157512106e+06  1.4157512106e+06  0.0000000000e+00
2.7594898725e-01  1.0000000000e+00  1.4157512106e+06  1.4157512106e+06  0.0000000000e+00
2.7622655664e-01  1.0000000000e+00  1.4157512106e+06  1.4157512106e+06  0.0000000000e+00
2.7650412603e-01  1.0000000000e+00  1.4157512106e+06  1.4157512106e+06  0.0000000000e+00
2.7678169542e-01  1.0000000000e+00  1.4157512106e+06  1.4157512106e+06  0.0000000000e+00
2.7705926482e-01  1.0000000000e+00  1.4157512106e+06  1.4157512106e+06  0.0000000000e+00
2.7733683421e-01  1.0000000000e+00  1.4157512106e+06  1.4157512106e+06  0.0000000000e+00
2.7761440360e-01  1.0000000000e+00  1.4157512106e+06  1.4157512106e+06  0.0000000000e+00
2.7789197299e-01  1.0000000000e+00  1.4157512106e+06  1.4157512106e+06  0.0000000000e+00
2.7816954239e-01  1.0000000000e+00  1.4157512106e+06  1.4157512106e+06  0.0000000000e+00
2.7844711178e-01  1.0000000000e+00  1.4157512106e+06  1.4157512106e+06  0.0000000000e+00
2.7872468117e-01  1.0000000000e+00  1.4157512106e+06  1.4157512106e+06  0.0000000000e+00
2.7900225056e-01  1.0000000000e+00  1.4157512106e+06  1.4157512106e+06  0.0000000000e+00
2.7927981995e-01  1.0000000000e+00  1.4157512106e+06  1.4157512106e+06  0.0000000000e+00
2.7955738935e-01  1.0000000000e+00  1.4157512106e+06  1.4157512106e+06  0.0000000000e+00
2.7983495874e-01  1.0000000000e+00  1.4157512106e+06  1.4157512106e+06  0.0000000000e+00
2.8011252813e-01  1.0000000000e+00  1.4157512106e+06  1.4157512106e+06  0.0000000000e+00
2.8039009752e-01  1.0000000000e+00  1.4157512106e+06  1.4157512106e+06  0.0000000000e+00
2.8066766692e-01  1.0000000000e+00  1.4157512106e+06  1.4157512106e+06  0.0000000000e+00
2.8094523631e-01  1.0000000000e+00  1.4157512106e+06  1.4157512106e+06  0.0000000000e+00
2.8122280570e-01  1.0000000000e+00  1.4157512106e+06  1.4157512106e+06  0.0000000000e+00
2.8150037509e-01  1.0000000000e+00  1.4157512106e+06  1.4157512106e+06  0.0000000000e+00
2.8177794449e-01  1.0000000000e+00  1.4157512106e+06  1.4157512106e+06  0.0000000000e+00
2.8205551388e-01  1.0000000000e+00  1.4157512106e+06  1.4157512106e+06  0.0000000000e+00
2.8233308327e-01  1.0000000000e+00  1.4157512106e+06  1.4157512106e+06  0.0000000000e+00
2.8261065266e-01  1.0000000000e+00  1.4157512106e+06  1.4157512106e+06  0.0000000000e+00
2.8288822206e-01  1.0000000000e+00  1.4157512106e+06  1.4157512106e+06  0.0000000000e+00
2.8316579145e-01  1.0000000000e+00  1.4157512106e+06  1.4157512106e+06  0.0000000000e+00
2.8344336084e-01  1.0000000000e+00  1.4157512106e+06  1.4157512106e+06  0.0000000000e+00
2.8372093023e-01  1.0000000000e+00  1.4157512106e+06  1.4157512106e+06  0.0000000000e+00
2.8399849962e-01  1.0000000000e+00  1.4157512106e+06  1.4157512106e+06  0.0000000000e+00
2.8427606902e-01  1.0000000000e+00  1.4157512106e+06  1.4157512106e+06  0.0000000000e+00
2.8455363841e-01  1.0000000000e+00  1.4157512106e+06  1.4157512106e+06  0.0000000000e+00
2.8483120780e-01  1.0000000000e+00  1.4157512106e+06  1.4157512106e+06  0.0000000000e+00
2.8510877719e-01  1.0000000000e+00  1.4157512106e+06  1.4157512106e+06  0.0000000000e+00
2.8538634659e-01  1.0000000000e+00  1.4157512106e+06  1.4157512106e+06  0.0000000000e+00
2.8566391598e-01  1.0000000000e+00  1.4157512106e+06  1.4157512106e+06  0.0000000000e+00
2.8594148537e-01  1.0000000000e+00  1.4157512106e+06  1.4157512106e+06  0.0000000000e+00
2.8621905476e-01  1.0000000000e+00  1.4157512106e+06  1.4157512106e+06  0.0000000000e+00
2.8649662416e-01  1.0000000000e+00  1.4157512106e+06  1.4157512106e+06  0.0000000000e+00
2.8677419355e-01  1.0000000000e+00  1.4157512106e+06  1.4157512106e+06  0.0000000000e+00
2.8705176294e-01  1.0000000000e+00  1.4157512106e+06  1.4157512106e+06  0.0000000000e+00
2.8732933233e-01  1.0000000000e+00  1.4157512106e+06  1.4157512106e+06  0.0000000000e+00
2.8760690173e-01  1.0000000000e+00  1.4157512106e+06  1.4157512106e+06  0.0000000000e+00
2.8788447112e-01  1.0000000000e+00  1.4157512106e+06  1.4157512106e+06  0.0000000000e+00
2.8816204051e-01  1.0000000000e+00  1.4157512106e+06  1.4157512106e+06  0.0000000000e+00
2.8843960990e-01  1.0000000000e+00  1.4157512106e+06  1.4157512106e+06  0.0000000000e+00
2.8871717929e-01  1.0000000000e+00  1.4157512106e+06  1.4157512106e+06  0.0000000000e+00
2.8899474869e-01  1.0000000000e+00  1.4157512106e+06  1.4157512106e+06  0.0000000000e+00
2.8927231808e-01  1.0000000000e+00  1.4157512106e+06  1.4157512106e+06  0.0000000000e+00
2.8954988747e-01  1.0000000000e+00  1.4157512106e+06  1.4157512106e+06  0.0000000000e+00
2.8982745686e-01  1.0000000000e+00  1.4157512106e+06  1.4157512106e+06  0.0000000000e+00
2.9010502626e-01  1.0000000000e+00  1.4157512106e+06  1.4157512106e+06  0.0000000000e+00
2.9038259565e-01  1.0000000000e+00  1.4157512106e+06  1.4157512106e+06  0.0000000000e+00
2.9066016504e-01  1.0000000000e+00  1.4157512106e+06  1.4157512106e+06  0.0000000000e+00
2.9093773443e-01  1.0000000000e+00  1.4157512106e+06  1.4157512106e+06  0.0000000000e+00
2.9121530383e-01  1.0000000000e+00  1.4157512106e+06  1.4157512106e+06  0.0000000000e+00
2.9149287322e-01  1.0000000000e+00  1.4157512106e+06  1.4157512106e+06  0.0000000000e+00
2.9177044261e-01  1.0000000000e+00  1.4157512106e+06  1.4157512106e+06  0.0000000000e+00
2.9204801200e-01  1.0000000000e+00  1.4157512106e+06  1.4157512106e+06  0.0000000000e+00
2.9232558140e-01  1.0000000000e+00  1.4157512106e+06  1.4157512106e+06  0.0000000000e+00
2.9260315079e-01  1.0000000000e+00  1.4157512106e+06  1.4157512106e+06  0.0000000000e+00
2.9288072018e-01  1.0000000000e+00  1.4157512106e+06  1.4157512106e+06  0.0000000000e+00
2.9315828957e-01  1.0000000000e+00  1.4157512106e+06  1.4157512106e+06  0.0000000000e+00
2.9343585896e-01  1.0000000000e+00  1.4157512106e+06  1.4157512106e+06  0.0000000000e+00
2.9371342836e-01  1.0000000000e+00  1.4157512106e+06  1.4157512106e+06  0.0000000000e+00
2.9399099775e-01  1.0000000000e+00  1.4157512106e+06  1.4157512106e+06  0.0000000000e+00
2.9426856714e-01  1.0000000000e+00  1.4157512106e+06  1.4157512106e+06  0.0000000000e+00
2.9454613653e-01  1.0000000000e+00  1.4157512106e+06  1.4157512106e+06  0.0000000000e+00
2.9482370593e-01  1.0000000000e+00  1.4157512106e+06  1.4157512106e+06  0.0000000000e+00
2.9510127532e-01  1.0000000000e+00  1.4157512106e+06  1.4157512106e+06  0.0000000000e+00
2.9537884471e-01  1.0000000000e+00  1.4157512106e+06  1.4157512106e+06  0.0000000000e+00
2.9565641410e-01  1.0000000000e+00  1.4157512106e+06  1.4157512106e+06  0.0000000000e+00
2.9593398350e-01  1.0000000000e+00  1.4157512106e+06  1.4157512106e+06  0.0000000000e+00
2.9621155289e-01  1.0000000000e+00  1.4157512106e+06  1.4157512106e+06  0.0000000000e+00
2.9648912228e-01  1.0000000000e+00  1.4157512106e+06  1.4157512106e+06  0.0000000000e+00
2.9676669167e-01  1.0000000000e+00  1.4157512106e+06  1.4157512106e+06  0.0000000000e+00
2.9704426107e-01  1.0000000000e+00  1.4157512106e+06  1.4157512106e+06  0.0000000000e+00
2.9732183046e-01  1.0000000000e+00  1.4157512106e+06  1.4157512106e+06  0.0000000000e+00
2.9759939985e-01  1.0000000000e+00  1.4157512106e+06  1.4157512106e+06  0.0000000000e+00
2.9787696924e-01  1.0000000000e+00  1.4157512106e+06  1.4157512106e+06  0.0000000000e+00
2.9815453863e-01  1.0000000000e+00  1.4157512106e+06  1.4157512106e+06  0.0000000000e+00
2.9843210803e-01  1.0000000000e+00  1.4157512106e+06  1.4157512106e+06  0.0000000000e+00
2.9870967742e-01  1.0000000000e+00  1.4157512106e+06  1.4157512106e+06  0.0000000000e+00
2.9898724681e-01  1.0000000000e+00  1.4157512106e+06  1.4157512106e+06  0.0000000000e+00
2.9926481620e-01  1.0000000000e+00  1.4157512106e+06  1.4157512106e+06  0.0000000000e+00
2.9954238560e-01  1.0000000000e+00  1.4157512106e+06  1.4157512106e+06  0.0000000000e+00
2.9981995499e-01  1.0000000000e+00  1.4157512106e+06  1.4157512106e+06  0.0000000000e+00
3.0009752438e-01  1.0000000000e+00  1.4157512106e+06  1.4157512106e+06  0.0000000000e+00
3.0037509377e-01  1.0000000000e+00  1.4157512106e+06  1.4157512106e+06  0.0000000000e+00
3.0065266317e-01  1.0000000000e+00  1.4157512106e+06  1.4157512106e+06  0.0000000000e+00
3.0093023256e-01  1.0000000000e+00  1.4157512106e+06  1.4157512106e+06  0.0000000000e+00
3.0120780195e-01  1.0000000000e+00  1.4157512106e+06  1.4157512106e+06  0.0000000000e+00
3.0148537134e-01  1.0000000000e+00  1.4157512106e+06  1.4157512106e+06  0.0000000000e+00
3.0176294074e-01  1.0000000000e+00  1.4157512106e+06  1.4157512106e+06  0.0000000000e+00
3.0204051013e-01  1.0000000000e+00  1.4157512106e+06  1.4157512106e+06  0.0000000000e+00
3.0231807952e-01  1.0000000000e+00  1.4157512106e+06  1.4157512106e+06  0.0000000000e+00
3.0259564891e-01  1.0000000000e+00  1.4157512106e+06  1.4157512106e+06  0.0000000000e+00
3.0287321830e-01  1.0000000000e+00  1.4157512106e+06  1.4157512106e+06  0.0000000000e+00
3.0315078770e-01  1.0000000000e+00  1.4157512106e+06  1.4157512106e+06  0.0000000000e+00
3.0342835709e-01  1.0000000000e+00  1.4157512106e+06  1.4157512106e+06  0.0000000000e+00
3.0370592648e-01  1.0000000000e+00  1.4157512106e+06  1.4157512106e+06  0.0000000000e+00
3.0398349587e-01  1.0000000000e+00  1.4157512106e+06  1.4157512106e+06  0.0000000000e+00
3.0426106527e-01  1.0000000000e+00  1.4157512106e+06  1.4157512106e+06  0.0000000000e+00
3.0453863466e-01  1.0000000000e+00  1.4157512106e+06  1.4157512106e+06  0.0000000000e+00
3.0481620405e-01  1.0000000000e+00  1.4157512106e+06  1.4157512106e+06  0.0000000000e+00
3.0509377344e-01  1.0000000000e+00  1.4157512106e+06  1.4157512106e+06  0.0000000000e+00
3.0537134284e-01  1.0000000000e+00  1.4157512106e+06  1.4157512106e+06  0.0000000000e+00
3.0564891223e-01  1.0000000000e+00  1.4157512106e+06  1.4157512106e+06  0.0000000000e+00
3.0592648162e-01  1.0000000000e+00  1.4157512106e+06  1.4157512106e+06  0.0000000000e+00
3.0620405101e-01  1.0000000000e+00  1.4157512106e+06  1.4157512106e+06  0.0000000000e+00
3.0648162041e-01  1.0000000000e+00  1.4157512106e+06  1.4157512106e+06  0.0000000000e+00
3.0675918980e-01  1.0000000000e+00  1.4157512106e+06  1.4157512106e+06  0.0000000000e+00
3.0703675919e-01  1.0000000000e+00  1.4157512106e+06  1.4157512106e+06  0.0000000000e+00
3.0731432858e-01  1.0000000000e+00  1.4157512106e+06  1.4157512106e+06  0.0000000000e+00
3.0759189797e-01  1.0000000000e+00  1.4157512106e+06  1.4157512106e+06  0.0000000000e+00
3.0786946737e-01  1.0000000000e+00  1.4157512106e+06  1.4157512106e+06  0.0000000000e+00
3.0814703676e-01  1.0000000000e+00  1.4157512106e+06  1.4157512106e+06  0.0000000000e+00
3.0842460615e-01  1.0000000000e+00  1.4157512106e+06  1.4157512106e+06  0.0000000000e+00
3.0870217554e-01  1.0000000000e+00  1.4157512106e+06  1.4157512106e+06  0.0000000000e+00
3.0897974494e-01  1.0000000000e+00  1.4157512106e+06  1.4157512106e+06  0.0000000000e+00
3.0925731433e-01  1.0000000000e+00  1.4157512106e+06  1.4157512106e+06  0.0000000000e+00
3.0953488372e-01  1.0000000000e+00  1.4157512106e+06  1.4157512106e+06  0.0000000000e+00
3.0981245311e-01  1.0000000000e+00  1.4157512106e+06  1.4157512106e+06  0.0000000000e+00
3.1009002251e-01  1.0000000000e+00  1.4157512106e+06  1.4157512106e+06  0.0000000000e+00
3.1036759190e-01  1.0000000000e+00  1.4157512106e+06  1.4157512106e+06  0.0000000000e+00
3.1064516129e-01  1.0000000000e+00  1.4157512106e+06  1.4157512106e+06  0.0000000000e+00
3.1092273068e-01  1.0000000000e+00  1.4157512106e+06  1.4157512106e+06  0.0000000000e+00
3.1120030008e-01  1.0000000000e+00  1.4157512106e+06  1.4157512106e+06  0.0000000000e+00
3.1147786947e-01  1.0000000000e+00  1.4157512106e+06  1.4157512106e+06  0.0000000000e+00
3.1175543886e-01  1.0000000000e+00  1.4157512106e+06  1.4157512106e+06  0.0000000000e+00
3.1203300825e-01  1.0000000000e+00  1.4157512106e+06  1.4157512106e+06  0.0000000000e+00
3.1231057764e-01  1.0000000000e+00  1.4157512106e+06  1.4157512106e+06  0.0000000000e+00
3.1258814704e-01  1.0000000000e+00  1.4157512106e+06  1.4157512106e+06  0.0000000000e+00
3.1286571643e-01  1.0000000000e+00  1.4157512106e+06  1.4157512106e+06  0.0000000000e+00
3.1314328582e-01  1.0000000000e+00  1.4157512106e+06  1.4157512106e+06  0.0000000000e+00
3.1342085521e-01  1.0000000000e+00  1.4157512106e+06  1.4157512106e+06  0.0000000000e+00
3.1369842461e-01  1.0000000000e+00  1.4157512106e+06  1.4157512106e+06  0.0000000000e+00
3.1397599400e-01  1.0000000000e+00  1.4157512106e+06  1.4157512106e+06  0.0000000000e+00
3.1425356339e-01  1.0000000000e+00  1.4157512106e+06  1.4157512106e+06  0.0000000000e+00
3.1453113278e-01  1.0000000000e+00  1.4157512106e+06  1.4157512106e+06  0.0000000000e+00
3.1480870218e-01  1.0000000000e+00  1.4157512106e+06  1.4157512106e+06  0.0000000000e+00
3.1508627157e-01  1.0000000000e+00  1.4157512106e+06  1.4157512106e+06  0.0000000000e+00
3.1536384096e-01  1.0000000000e+00  1.4157512106e+06  1.4157512106e+06  0.0000000000e+00
3.1564141035e-01  1.0000000000e+00  1.4157512106e+06  1.4157512106e+06  0.0000000000e+00
3.1591897974e-01  1.0000000000e+00  1.4157512106e+06  1.4157512106e+06  0.0000000000e+00
3.1619654914e-01  1.0000000000e+00  1.4157512106e+06  1.4157512106e+06  0.0000000000e+00
3.1647411853e-01  1.0000000000e+00  1.4157512106e+06  1.4157512106e+06  0.0000000000e+00
3.1675168792e-01  1.0000000000e+00  1.4157512106e+06  1.4157512106e+06  0.0000000000e+00
3.1702925731e-01  1.0000000000e+00  1.4157512106e+06  1.4157512106e+06  0.0000000000e+00
3.1730682671e-01  1.0000000000e+00  1.4157512106e+06  1.4157512106e+06  0.0000000000e+00
3.1758439610e-01  1.0000000000e+00  1.4157512106e+06  1.4157512106e+06  0.0000000000e+00
3.1786196549e-01  1.0000000000e+00  1.4157512106e+06  1.4157512106e+06  0.0000000000e+00
3.1813953488e-01  1.0000000000e+00  1.4157512106e+06  1.4157512106e+06  0.0000000000e+00
3.1841710428e-01  1.0000000000e+00  1.4157512106e+06  1.4157512106e+06  0.0000000000e+00
3.1869467367e-01  1.0000000000e+00  1.4157512106e+06  1.4157512106e+06  0.0000000000e+00
3.1897224306e-01  1.0000000000e+00  1.4157512106e+06  1.4157512106e+06  0.0000000000e+00
3.1924981245e-01  1.0000000000e+00  1.4157512106e+06  1.4157512106e+06  0.0000000000e+00
3.1952738185e-01  1.0000000000e+00  1.4157512106e+06  1.4157512106e+06  0.0000000000e+00
3.1980495124e-01  1.0000000000e+00  1.4157512106e+06  1.4157512106e+06  0.0000000000e+00
3.2008252063e-01  1.0000000000e+00  1.4157512106e+06  1.4157512106e+06  0.0000000000e+00
3.2036009002e-01  1.0000000000e+00  1.4157512106e+06  1.4157512106e+06  0.0000000000e+00
3.2063765941e-01  1.0000000000e+00  1.4157512106e+06  1.4157512106e+06  0.0000000000e+00
3.2091522881e-01  1.0000000000e+00  1.4157512106e+06  1.4157512106e+06  0.0000000000e+00
3.2119279820e-01  1.0000000000e+00  1.4157512106e+06  1.4157512106e+06  0.0000000000e+00
3.2147036759e-01  1.0000000000e+00  1.4157512106e+06  1.4157512106e+06  0.0000000000e+00
3.2174793698e-01  1.0000000000e+00  1.4157512106e+06  1.4157512106e+06  0.0000000000e+00
3.2202550638e-01  1.0000000000e+00  1.4157512106e+06  1.4157512106e+06  0.0000000000e+00
3.2230307577e-01  1.0000000000e+00  1.4157512106e+06  1.4157512106e+06  0.0000000000e+00
3.2258064516e-01  1.0000000000e+00  1.4157512106e+06  1.4157512106e+06  0.0000000000e+00
3.2285821455e-01  1.0000000000e+00  1.4157512106e+06  1.4157512106e+06  0.0000000000e+00
3.2313578395e-01  1.0000000000e+00  1.4157512106e+06  1.4157512106e+06  0.0000000000e+00
3.2341335334e-01  1.0000000000e+00  1.4157512106e+06  1.4157512106e+06  0.0000000000e+00
3.2369092273e-01  1.0000000000e+00  1.4157512106e+06  1.4157512106e+06  0.0000000000e+00
3.2396849212e-01  1.0000000000e+00  1.4157512106e+06  1.4157512106e+06  0.0000000000e+00
3.2424606152e-01  1.0000000000e+00  1.4157512106e+06  1.4157512106e+06  0.0000000000e+00
3.2452363091e-01  1.0000000000e+00  1.4157512106e+06  1.4157512106e+06  0.0000000000e+00
3.2480120030e-01  1.0000000000e+00  1.4157512106e+06  1.4157512106e+06  0.0000000000e+00
3.2507876969e-01  1.0000000000e+00  1.4157512106e+06  1.4157512106e+06  0.0000000000e+00
3.2535633908e-01  1.0000000000e+00  1.4157512106e+06  1.4157512106e+06  0.0000000000e+00
3.2563390848e-01  1.0000000000e+00  1.4157512106e+06  1.4157512106e+06  0.0000000000e+00
3.2591147787e-01  1.0000000000e+00  1.4157512106e+06  1.4157512106e+06  0.0000000000e+00
3.2618904726e-01  1.0000000000e+00  1.4157512106e+06  1.4157512106e+06  0.0000000000e+00
3.2646661665e-01  1.0000000000e+00  1.4157512106e+06  1.4157512106e+06  0.0000000000e+00
3.2674418605e-01  1.0000000000e+00  1.4157512106e+06  1.4157512106e+06  0.0000000000e+00
3.2702175544e-01  1.0000000000e+00  1.4157512106e+06  1.4157512106e+06  0.0000000000e+00
3.2729932483e-01  1.0000000000e+00  1.4157512106e+06  1.4157512106e+06  0.0000000000e+00
3.2757689422e-01  1.0000000000e+00  1.4157512106e+06  1.4157512106e+06  0.0000000000e+00
3.2785446362e-01  1.0000000000e+00  1.4157512106e+06  1.4157512106e+06  0.0000000000e+00
3.2813203301e-01  1.0000000000e+00  1.4157512106e+06  1.4157512106e+06  0.0000000000e+00
3.2840960240e-01  1.0000000000e+00  1.4157512106e+06  1.4157512106e+06  0.0000000000e+00
3.2868717179e-01  1.0000000000e+00  1.4157512106e+06  1.4157512106e+06  0.0000000000e+00
3.2896474119e-01  1.0000000000e+00  1.4157512106e+06  1.4157512106e+06  0.0000000000e+00
3.2924231058e-01  1.0000000000e+00  1.4157512106e+06  1.4157512106e+06  0.0000000000e+00
3.2951987997e-01  1.0000000000e+00  1.4157512106e+06  1.4157512106e+06  0.0000000000e+00
3.2979744936e-01  1.0000000000e+00  1.4157512106e+06  1.4157512106e+06  0.0000000000e+00
3.3007501875e-01  1.0000000000e+00  1.4157512106e+06  1.4157512106e+06  0.0000000000e+00
3.3035258815e-01  1.0000000000e+00  1.4157512106e+06  1.4157512106e+06  0.0000000000e+00
3.3063015754e-01  1.0000000000e+00  1.4157512106e+06  1.4157512106e+06  0.0000000000e+00
3.3090772693e-01  1.0000000000e+00  1.4157512106e+06  1.4157512106e+06  0.0000000000e+00
3.3118529632e-01  1.0000000000e+00  1.4157512106e+06  1.4157512106e+06  0.0000000000e+00
3.3146286572e-01  1.0000000000e+00  1.4157512106e+06  1.4157512106e+06  0.0000000000e+00
3.3174043511e-01  1.0000000000e+00  1.4157512106e+06  1.4157512106e+06  0.0000000000e+00
3.3201800450e-01  1.0000000000e+00  1.4157512106e+06  1.4157512106e+06  0.0000000000e+00
3.3229557389e-01  1.0000000000e+00  1.4157512106e+06  1.4157512106e+06  0.0000000000e+00
3.3257314329e-01  1.0000000000e+00  1.4157512106e+06  1.4157512106e+06  0.0000000000e+00
3.3285071268e-01  1.0000000000e+00  1.4157512106e+06  1.4157512106e+06  0.0000000000e+00
3.3312828207e-01  1.0000000000e+00  1.4157512106e+06  1.4157512106e+06  0.0000000000e+00
3.3340585146e-01  1.0000000000e+00  1.4157512106e+06  1.4157512106e+06  0.0000000000e+00
3.3368342086e-01  1.0000000000e+00  1.4157512106e+06  1.4157512106e+06  0.0000000000e+00
3.3396099025e-01  1.0000000000e+00  1.4157512106e+06  1.4157512106e+06  0.0000000000e+00
3.3423855964e-01  1.0000000000e+00  1.4157512106e+06  1.4157512106e+06  0.0000000000e+00
3.3451612903e-01  1.0000000000e+00  1.4157512106e+06  1.4157512106e+06  0.0000000000e+00
3.3479369842e-01  1.0000000000e+00  1.4157512106e+06  1.4157512106e+06  0.0000000000e+00
3.3507126782e-01  1.0000000000e+00  1.4157512106e+06  1.4157512106e+06  0.0000000000e+00
3.3534883721e-01  1.0000000000e+00  1.4157512106e+06  1.4157512106e+06  0.0000000000e+00
3.3562640660e-01  1.0000000000e+00  1.4157512106e+06  1.4157512106e+06  0.0000000000e+00
3.3590397599e-01  1.0000000000e+00  1.4157512106e+06  1.4157512106e+06  0.0000000000e+00
3.3618154539e-01  1.0000000000e+00  1.4157512106e+06  1.4157512106e+06  0.0000000000e+00
3.3645911478e-01  1.0000000000e+00  1.4157512106e+06  1.4157512106e+06  0.0000000000e+00
3.3673668417e-01  1.0000000000e+00  1.4157512106e+06  1.4157512106e+06  0.0000000000e+00
3.3701425356e-01  1.0000000000e+00  1.4157512106e+06  1.4157512106e+06  0.0000000000e+00
3.3729182296e-01  1.0000000000e+00  1.4157512106e+06  1.4157512106e+06  0.0000000000e+00
3.3756939235e-01  1.0000000000e+00  1.4157512106e+06  1.4157512106e+06  0.0000000000e+00
3.3784696174e-01  1.0000000000e+00  1.4157512106e+06  1.4157512106e+06  0.0000000000e+00
3.3812453113e-01  1.0000000000e+00  1.4157512106e+06  1.4157512106e+06  0.0000000000e+00
3.3840210053e-01  1.0000000000e+00  1.4157512106e+06  1.4157512106e+06  0.0000000000e+00
3.3867966992e-01  1.0000000000e+00  1.4157512106e+06  1.4157512106e+06  0.0000000000e+00
3.3895723931e-01  1.0000000000e+00  1.4157512106e+06  1.4157512106e+06  0.0000000000e+00
3.3923480870e-01  1.0000000000e+00  1.4157512106e+06  1.4157512106e+06  0.0000000000e+00
3.3951237809e-01  1.0000000000e+00  1.4157512106e+06  1.4157512106e+06  0.0000000000e+00
3.3978994749e-01  1.0000000000e+00  1.4157512106e+06  1.4157512106e+06  0.0000000000e+00
3.4006751688e-01  1.0000000000e+00  1.4157512106e+06  1.4157512106e+06  0.0000000000e+00
3.4034508627e-01  1.0000000000e+00  1.4157512106e+06  1.4157512106e+06  0.0000000000e+00
3.4062265566e-01  1.0000000000e+00  1.4157512106e+06  1.4157512106e+06  0.0000000000e+00
3.4090022506e-01  1.0000000000e+00  1.4157512106e+06  1.4157512106e+06  0.0000000000e+00
3.4117779445e-01  1.0000000000e+00  1.4157512106e+06  1.4157512106e+06  0.0000000000e+00
3.4145536384e-01  1.0000000000e+00  1.4157512106e+06  1.4157512106e+06  0.0000000000e+00
3.4173293323e-01  1.0000000000e+00  1.4157512106e+06  1.4157512106e+06  0.0000000000e+00
3.4201050263e-01  1.0000000000e+00  1.4157512106e+06  1.4157512106e+06  0.0000000000e+00
3.4228807202e-01  1.0000000000e+00  1.4157512106e+06  1.4157512106e+06  0.0000000000e+00
3.4256564141e-01  1.0000000000e+00  1.4157512106e+06  1.4157512106e+06  0.0000000000e+00
3.4284321080e-01  1.0000000000e+00  1.4157512106e+06  1.4157512106e+06  0.0000000000e+00
3.4312078020e-01  1.0000000000e+00  1.4157512106e+06  1.4157512106e+06  0.0000000000e+00
3.4339834959e-01  1.0000000000e+00  1.4157512106e+06  1.4157512106e+06  0.0000000000e+00
3.4367591898e-01  1.0000000000e+00  1.4157512106e+06  1.4157512106e+06  0.0000000000e+00
3.4395348837e-01  1.0000000000e+00  1.4157512106e+06  1.4157512106e+06  0.0000000000e+00
3.4423105776e-01  1.0000000000e+00  1.4157512106e+06  1.4157512106e+06  0.0000000000e+00
3.4450862716e-01  1.0000000000e+00  1.4157512106e+06  1.4157512106e+06  0.0000000000e+00
3.4478619655e-01  1.0000000000e+00  1.4157512106e+06  1.4157512106e+06  0.0000000000e+00
3.4506376594e-01  1.0000000000e+00  1.4157512106e+06  1.4157512106e+06  0.0000000000e+00
3.4534133533e-01  1.0000000000e+00  1.4157512106e+06  1.4157512106e+06  0.0000000000e+00
3.4561890473e-01  1.0000000000e+00  1.4157512106e+06  1.4157512106e+06  0.0000000000e+00
3.4589647412e-01  1.0000000000e+00  1.4157512106e+06  1.4157512106e+06  0.0000000000e+00
3.4617404351e-01  1.0000000000e+00  1.4157512106e+06  1.4157512106e+06  0.0000000000e+00
3.4645161290e-01  1.0000000000e+00  1.4157512106e+06  1.4157512106e+06  0.0000000000e+00
3.4672918230e-01  1.0000000000e+00  1.4157512106e+06  1.4157512106e+06  0.0000000000e+00
3.4700675169e-01  1.0000000000e+00  1.4157512106e+06  1.4157512106e+06  0.0000000000e+00
3.4728432108e-01  1.0000000000e+00  1.4157512106e+06  1.4157512106e+06  0.0000000000e+00
3.4756189047e-01  1.0000000000e+00  1.4157512106e+06  1.4157512106e+06  0.0000000000e+00
3.4783945986e-01  1.0000000000e+00  1.4157512106e+06  1.4157512106e+06  0.0000000000e+00
3.4811702926e-01  1.0000000000e+00  1.4157512106e+06  1.4157512106e+06  0.0000000000e+00
3.4839459865e-01  1.0000000000e+00  1.4157512106e+06  1.4157512106e+06  0.0000000000e+00
3.4867216804e-01  1.0000000000e+00  1.4157512106e+06  1.4157512106e+06  0.0000000000e+00
3.4894973743e-01  1.0000000000e+00  1.4157512106e+06  1.4157512106e+06  0.0000000000e+00
3.4922730683e-01  1.0000000000e+00  1.4157512106e+06  1.4157512106e+06  0.0000000000e+00
3.4950487622e-01  1.0000000000e+00  1.4157512106e+06  1.4157512106e+06  0.0000000000e+00
3.4978244561e-01  1.0000000000e+00  1.4157512106e+06  1.4157512106e+06  0.0000000000e+00
3.5006001500e-01  1.0000000000e+00  1.4157512106e+06  1.4157512106e+06  0.0000000000e+00
3.5033758440e-01  1.0000000000e+00  1.4157512106e+06  1.4157512106e+06  0.0000000000e+00
3.5061515379e-01  1.0000000000e+00  1.4157512106e+06  1.4157512106e+06  0.0000000000e+00
3.5089272318e-01  1.0000000000e+00  1.4157512106e+06  1.4157512106e+06  0.0000000000e+00
3.5117029257e-01  1.0000000000e+00  1.4157512106e+06  1.4157512106e+06  0.0000000000e+00
3.5144786197e-01  1.0000000000e+00  1.4157512106e+06  1.4157512106e+06  0.0000000000e+00
3.5172543136e-01  1.0000000000e+00  1.4157512106e+06  1.4157512106e+06  0.0000000000e+00
3.5200300075e-01  1.0000000000e+00  1.4157512106e+06  1.4157512106e+06  0.0000000000e+00
3.5228057014e-01  1.0000000000e+00  1.4157512106e+06  1.4157512106e+06  0.0000000000e+00
3.5255813953e-01  1.0000000000e+00  1.4157512106e+06  1.4157512106e+06  0.0000000000e+00
3.5283570893e-01  1.0000000000e+00  1.4157512106e+06  1.4157512106e+06  0.0000000000e+00
3.5311327832e-01  1.0000000000e+00  1.4157512106e+06  1.4157512106e+06  0.0000000000e+00
3.5339084771e-01  1.0000000000e+00  1.4157512106e+06  1.4157512106e+06  0.0000000000e+00
3.5366841710e-01  1.0000000000e+00  1.4157512106e+06  1.4157512106e+06  0.0000000000e+00
3.5394598650e-01  1.0000000000e+00  1.4157512106e+06  1.4157512106e+06  0.0000000000e+00
3.5422355589e-01  1.0000000000e+00  1.4157512106e+06  1.4157512106e+06  0.0000000000e+00
3.5450112528e-01  1.0000000000e+00  1.4157512106e+06  1.4157512106e+06  0.0000000000e+00
3.5477869467e-01  1.0000000000e+00  1.4157512106e+06  1.4157512106e+06  0.0000000000e+00
3.5505626407e-01  1.0000000000e+00  1.4157512106e+06  1.4157512106e+06  0.0000000000e+00
3.5533383346e-01  1.0000000000e+00  1.4157512106e+06  1.4157512106e+06  0.0000000000e+00
3.5561140285e-01  1.0000000000e+00  1.4157512106e+06  1.4157512106e+06  0.0000000000e+00
3.5588897224e-01  1.0000000000e+00  1.4157512106e+06  1.4157512106e+06  0.0000000000e+00
3.5616654164e-01  1.0000000000e+00  1.4157512106e+06  1.4157512106e+06  0.0000000000e+00
3.5644411103e-01  1.0000000000e+00  1.4157512106e+06  1.4157512106e+06  0.0000000000e+00
3.5672168042e-01  1.0000000000e+00  1.4157512106e+06  1.4157512106e+06  0.0000000000e+00
3.5699924981e-01  1.0000000000e+00  1.4157512106e+06  1.4157512106e+06  0.0000000000e+00
3.5727681920e-01  1.0000000000e+00  1.4157512106e+06  1.4157512106e+06  0.0000000000e+00
3.5755438860e-01  1.0000000000e+00  1.4157512106e+06  1.4157512106e+06  0.0000000000e+00
3.5783195799e-01  1.0000000000e+00  1.4157512106e+06  1.4157512106e+06  0.0000000000e+00
3.5810952738e-01  1.0000000000e+00  1.4157512106e+06  1.4157512106e+06  0.0000000000e+00
3.5838709677e-01  1.0000000000e+00  1.4157512106e+06  1.4157512106e+06  0.0000000000e+00
3.5866466617e-01  1.0000000000e+00  1.4157512106e+06  1.4157512106e+06  0.0000000000e+00
3.5894223556e-01  1.0000000000e+00  1.4157512106e+06  1.4157512106e+06  0.0000000000e+00
3.5921980495e-01  1.0000000000e+00  1.4157512106e+06  1.4157512106e+06  0.0000000000e+00
3.5949737434e-01  1.0000000000e+00  1.4157512106e+06  1.4157512106e+06  0.0000000000e+00
3.5977494374e-01  1.0000000000e+00  1.4157512106e+06  1.4157512106e+06  0.0000000000e+00
3.6005251313e-01  1.0000000000e+00  1.4157512106e+06  1.4157512106e+06  0.0000000000e+00
3.6033008252e-01  1.0000000000e+00  1.4157512106e+06  1.4157512106e+06  0.0000000000e+00
3.6060765191e-01  1.0000000000e+00  1.4157512106e+06  1.4157512106e+06  0.0000000000e+00
3.6088522131e-01  1.0000000000e+00  1.4157512106e+06  1.4157512106e+06  0.0000000000e+00
3.6116279070e-01  1.0000000000e+00  1.4157512106e+06  1.4157512106e+06  0.0000000000e+00
3.6144036009e-01  1.0000000000e+00  1.4157512106e+06  1.4157512106e+06  0.0000000000e+00
3.6171792948e-01  1.0000000000e+00  1.4157512106e+06  1.4157512106e+06  0.0000000000e+00
3.6199549887e-01  1.0000000000e+00  1.4157512106e+06  1.4157512106e+06  0.0000000000e+00
3.6227306827e-01  1.0000000000e+00  1.4157512106e+06  1.4157512106e+06  0.0000000000e+00
3.6255063766e-01  1.0000000000e+00  1.4157512106e+06  1.4157512106e+06  0.0000000000e+00
3.6282820705e-01  1.0000000000e+00  1.4157512106e+06  1.4157512106e+06  0.0000000000e+00
3.6310577644e-01  1.0000000000e+00  1.4157512106e+06  1.4157512106e+06  0.0000000000e+00
3.6338334584e-01  1.0000000000e+00  1.4157512106e+06  1.4157512106e+06  0.0000000000e+00
3.6366091523e-01  1.0000000000e+00  1.4157512106e+06  1.4157512106e+06  0.0000000000e+00
3.6393848462e-01  1.0000000000e+00  1.4157512106e+06  1.4157512106e+06  0.0000000000e+00
3.6421605401e-01  1.0000000000e+00  1.4157512106e+06  1.4157512106e+06  0.0000000000e+00
3.6449362341e-01  1.0000000000e+00  1.4157512106e+06  1.4157512106e+06  0.0000000000e+00
3.6477119280e-01  1.0000000000e+00  1.4157512106e+06  1.4157512106e+06  0.0000000000e+00
3.6504876219e-01  1.0000000000e+00  1.4157512106e+06  1.4157512106e+06  0.0000000000e+00
3.6532633158e-01  1.0000000000e+00  1.4157512106e+06  1.4157512106e+06  0.0000000000e+00
3.6560390098e-01  1.0000000000e+00  1.4157512106e+06  1.4157512106e+06  0.0000000000e+00
3.6588147037e-01  1.0000000000e+00  1.4157512106e+06  1.4157512106e+06  0.0000000000e+00
3.6615903976e-01  1.0000000000e+00  1.4157512106e+06  1.4157512106e+06  0.0000000000e+00
3.6643660915e-01  1.0000000000e+00  1.4157512106e+06  1.4157512106e+06  0.0000000000e+00
3.6671417854e-01  1.0000000000e+00  1.4157512106e+06  1.4157512106e+06  0.0000000000e+00
3.6699174794e-01  1.0000000000e+00  1.4157512106e+06  1.4157512106e+06  0.0000000000e+00
3.6726931733e-01  1.0000000000e+00  1.4157512106e+06  1.4157512106e+06  0.0000000000e+00
3.6754688672e-01  1.0000000000e+00  1.4157512106e+06  1.4157512106e+06  0.0000000000e+00
3.6782445611e-01  1.0000000000e+00  1.4157512106e+06  1.4157512106e+06  0.0000000000e+00
3.6810202551e-01  1.0000000000e+00  1.4157512106e+06  1.4157512106e+06  0.0000000000e+00
3.6837959490e-01  1.0000000000e+00  1.4157512106e+06  1.4157512106e+06  0.0000000000e+00
3.6865716429e-01  1.0000000000e+00  1.4157512106e+06  1.4157512106e+06  0.0000000000e+00
3.6893473368e-01  1.0000000000e+00  1.4157512106e+06  1.4157512106e+06  0.0000000000e+00
3.6921230308e-01  1.0000000000e+00  1.4157512106e+06  1.4157512106e+06  0.0000000000e+00
3.6948987247e-01  1.0000000000e+00  1.4157512106e+06  1.4157512106e+06  0.0000000000e+00
3.6976744186e-01  1.0000000000e+00  1.4157512106e+06  1.4157512106e+06  0.0000000000e+00
3.7004501125e-01  1.0000000000e+00  1.4157512106e+06  1.4157512106e+06  0.0000000000e+00
3.7032258065e-01  1.0000000000e+00  1.4157512106e+06  1.4157512106e+06  0.0000000000e+00
3.7060015004e-01  1.0000000000e+00  1.4157512106e+06  1.4157512106e+06  0.0000000000e+00
3.7087771943e-01  1.0000000000e+00  1.4157512106e+06  1.4157512106e+06  0.0000000000e+00
3.7115528882e-01  1.0000000000e+00  1.4157512106e+06  1.4157512106e+06  0.0000000000e+00
3.7143285821e-01  1.0000000000e+00  1.4157512106e+06  1.4157512106e+06  0.0000000000e+00
3.7171042761e-01  1.0000000000e+00  1.4157512106e+06  1.4157512106e+06  0.0000000000e+00
3.7198799700e-01  1.0000000000e+00  1.4157512106e+06  1.4157512106e+06  0.0000000000e+00
3.7226556639e-01  1.0000000000e+00  1.4157512106e+06  1.4157512106e+06  0.0000000000e+00
3.7254313578e-01  1.0000000000e+00  1.4157512106e+06  1.4157512106e+06  0.0000000000e+00
3.7282070518e-01  1.0000000000e+00  1.4157512106e+06  1.4157512106e+06  0.0000000000e+00
3.7309827457e-01  1.0000000000e+00  1.4157512106e+06  1.4157512106e+06  0.0000000000e+00
3.7337584396e-01  1.0000000000e+00  1.4157512106e+06  1.4157512106e+06  0.0000000000e+00
3.7365341335e-01  1.0000000000e+00  1.4157512106e+06  1.4157512106e+06  0.0000000000e+00
3.7393098275e-01  1.0000000000e+00  1.4157512106e+06  1.4157512106e+06  0.0000000000e+00
3.7420855214e-01  1.0000000000e+00  1.4157512106e+06  1.4157512106e+06  0.0000000000e+00
3.7448612153e-01  1.0000000000e+00  1.4157512106e+06  1.4157512106e+06  0.0000000000e+00
3.7476369092e-01  1.0000000000e+00  1.4157512106e+06  1.4157512106e+06  0.0000000000e+00
3.7504126032e-01  1.0000000000e+00  1.4157512106e+06  1.4157512106e+06  0.0000000000e+00
3.7531882971e-01  1.0000000000e+00  1.4157512106e+06  1.4157512106e+06  0.0000000000e+00
3.7559639910e-01  1.0000000000e+00  1.4157512106e+06  1.4157512106e+06  0.0000000000e+00
3.7587396849e-01  1.0000000000e+00  1.4157512106e+06  1.4157512106e+06  0.0000000000e+00
3.7615153788e-01  1.0000000000e+00  1.4157512106e+06  1.4157512106e+06  0.0000000000e+00
3.7642910728e-01  1.0000000000e+00  1.4157512106e+06  1.4157512106e+06  0.0000000000e+00
3.7670667667e-01  1.0000000000e+00  1.4157512106e+06  1.4157512106e+06  0.0000000000e+00
3.7698424606e-01  1.0000000000e+00  1.4157512106e+06  1.4157512106e+06  0.0000000000e+00
3.7726181545e-01  1.0000000000e+00  1.4157512106e+06  1.4157512106e+06  0.0000000000e+00
3.7753938485e-01  1.0000000000e+00  1.4157512106e+06  1.4157512106e+06  0.0000000000e+00
3.7781695424e-01  1.0000000000e+00  1.4157512106e+06  1.4157512106e+06  0.0000000000e+00
3.7809452363e-01  1.0000000000e+00  1.4157512106e+06  1.4157512106e+06  0.0000000000e+00
3.7837209302e-01  1.0000000000e+00  1.4157512106e+06  1.4157512106e+06  0.0000000000e+00
3.7864966242e-01  1.0000000000e+00  1.4157512106e+06  1.4157512106e+06  0.0000000000e+00
3.7892723181e-01  1.0000000000e+00  1.4157512106e+06  1.4157512106e+06  0.0000000000e+00
3.7920480120e-01  1.0000000000e+00  1.4157512106e+06  1.4157512106e+06  0.0000000000e+00
3.7948237059e-01  1.0000000000e+00  1.4157512106e+06  1.4157512106e+06  0.0000000000e+00
3.7975993998e-01  1.0000000000e+00  1.4157512106e+06  1.4157512106e+06  0.0000000000e+00
3.8003750938e-01  1.0000000000e+00  1.4157512106e+06  1.4157512106e+06  0.0000000000e+00
3.8031507877e-01  1.0000000000e+00  1.4157512106e+06  1.4157512106e+06  0.0000000000e+00
3.8059264816e-01  1.0000000000e+00  1.4157512106e+06  1.4157512106e+06  0.0000000000e+00
3.8087021755e-01  1.0000000000e+00  1.4157512106e+06  1.4157512106e+06  0.0000000000e+00
3.8114778695e-01  1.0000000000e+00  1.4157512106e+06  1.4157512106e+06  0.0000000000e+00
3.8142535634e-01  1.0000000000e+00  1.4157512106e+06  1.4157512106e+06  0.0000000000e+00
3.8170292573e-01  1.0000000000e+00  1.4157512106e+06  1.4157512106e+06  0.0000000000e+00
3.8198049512e-01  1.0000000000e+00  1.4157512106e+06  1.4157512106e+06  0.0000000000e+00
3.8225806452e-01  1.0000000000e+00  1.4157512106e+06  1.4157512106e+06  0.0000000000e+00
3.8253563391e-01  1.0000000000e+00  1.4157512106e+06  1.4157512106e+06  0.0000000000e+00
3.8281320330e-01  1.0000000000e+00  1.4157512106e+06  1.4157512106e+06  0.0000000000e+00
3.8309077269e-01  1.0000000000e+00  1.4157512106e+06  1.4157512106e+06  0.0000000000e+00
3.8336834209e-01  1.0000000000e+00  1.4157512106e+06  1.4157512106e+06  0.0000000000e+00
3.8364591148e-01  1.0000000000e+00  1.4157512106e+06  1.4157512106e+06  0.0000000000e+00
3.8392348087e-01  1.0000000000e+00  1.4157512106e+06  1.4157512106e+06  0.0000000000e+00
3.8420105026e-01  1.0000000000e+00  1.4157512106e+06  1.4157512106e+06  0.0000000000e+00
3.8447861965e-01  1.0000000000e+00  1.4157512106e+06  1.4157512106e+06  0.0000000000e+00
3.8475618905e-01  1.0000000000e+00  1.4157512106e+06  1.4157512106e+06  0.0000000000e+00
3.8503375844e-01  1.0000000000e+00  1.4157512106e+06  1.4157512106e+06  0.0000000000e+00
3.8531132783e-01  1.0000000000e+00  1.4157512106e+06  1.4157512106e+06  0.0000000000e+00
3.8558889722e-01  1.0000000000e+00  1.4157512106e+06  1.4157512106e+06  0.0000000000e+00
3.8586646662e-01  1.0000000000e+00  1.4157512106e+06  1.4157512106e+06  0.0000000000e+00
3.8614403601e-01  1.0000000000e+00  1.4157512106e+06  1.4157512106e+06  0.0000000000e+00
3.8642160540e-01  1.0000000000e+00  1.4157512106e+06  1.4157512106e+06  0.0000000000e+00
3.8669917479e-01  1.0000000000e+00  1.4157512106e+06  1.4157512106e+06  0.0000000000e+00
3.8697674419e-01  1.0000000000e+00  1.4157512106e+06  1.4157512106e+06  0.0000000000e+00
3.8725431358e-01  1.0000000000e+00  1.4157512106e+06  1.4157512106e+06  0.0000000000e+00
3.8753188297e-01  1.0000000000e+00  1.4157512106e+06  1.4157512106e+06  0.0000000000e+00
3.8780945236e-01  1.0000000000e+00  1.4157512106e+06  1.4157512106e+06  0.0000000000e+00
3.8808702176e-01  1.0000000000e+00  1.4157512106e+06  1.4157512106e+06  0.0000000000e+00
3.8836459115e-01  1.0000000000e+00  1.4157512106e+06  1.4157512106e+06  0.0000000000e+00
3.8864216054e-01  1.0000000000e+00  1.4157512106e+06  1.4157512106e+06  0.0000000000e+00
3.8891972993e-01  1.0000000000e+00  1.4157512106e+06  1.4157512106e+06  0.0000000000e+00
3.8919729932e-01  1.0000000000e+00  1.4157512106e+06  1.4157512106e+06  0.0000000000e+00
3.8947486872e-01  1.0000000000e+00  1.4157512106e+06  1.4157512106e+06  0.0000000000e+00
3.8975243811e-01  1.0000000000e+00  1.4157512106e+06  1.4157512106e+06  0.0000000000e+00
3.9003000750e-01  1.0000000000e+00  1.4157512106e+06  1.4157512106e+06  0.0000000000e+00
3.9030757689e-01  1.0000000000e+00  1.4157512106e+06  1.4157512106e+06  0.0000000000e+00
3.9058514629e-01  1.0000000000e+00  1.4157512106e+06  1.4157512106e+06  0.0000000000e+00
3.9086271568e-01  1.0000000000e+00  1.4157512106e+06  1.4157512106e+06  0.0000000000e+00
3.9114028507e-01  1.0000000000e+00  1.4157512106e+06  1.4157512106e+06  0.0000000000e+00
3.9141785446e-01  1.0000000000e+00  1.4157512106e+06  1.4157512106e+06  0.0000000000e+00
3.9169542386e-01  1.0000000000e+00  1.4157512106e+06  1.4157512106e+06  0.0000000000e+00
3.9197299325e-01  1.0000000000e+00  1.4157512106e+06  1.4157512106e+06  0.0000000000e+00
3.9225056264e-01  1.0000000000e+00  1.4157512106e+06  1.4157512106e+06  0.0000000000e+00
3.9252813203e-01  1.0000000000e+00  1.4157512106e+06  1.4157512106e+06  0.0000000000e+00
3.9280570143e-01  1.0000000000e+00  1.4157512106e+06  1.4157512106e+06  0.0000000000e+00
3.9308327082e-01  1.0000000000e+00  1.4157512106e+06  1.4157512106e+06  0.0000000000e+00
3.9336084021e-01  1.0000000000e+00  1.4157512106e+06  1.4157512106e+06  0.0000000000e+00
3.9363840960e-01  1.0000000000e+00  1.4157512106e+06  1.4157512106e+06  0.0000000000e+00
3.9391597899e-01  1.0000000000e+00  1.4157512106e+06  1.4157512106e+06  0.0000000000e+00
3.9419354839e-01  1.0000000000e+00  1.4157512106e+06  1.4157512106e+06  0.0000000000e+00
3.9447111778e-01  1.0000000000e+00  1.4157512106e+06  1.4157512106e+06  0.0000000000e+00
3.9474868717e-01  1.0000000000e+00  1.4157512106e+06  1.4157512106e+06  0.0000000000e+00
3.9502625656e-01  1.0000000000e+00  1.4157512106e+06  1.4157512106e+06  0.0000000000e+00
3.9530382596e-01  1.0000000000e+00  1.4157512106e+06  1.4157512106e+06  0.0000000000e+00
3.9558139535e-01  1.0000000000e+00  1.4157512106e+06  1.4157512106e+06  0.0000000000e+00
3.9585896474e-01  1.0000000000e+00  1.4157512106e+06  1.4157512106e+06  0.0000000000e+00
3.9613653413e-01  1.0000000000e+00  1.4157512106e+06  1.4157512106e+06  0.0000000000e+00
3.9641410353e-01  1.0000000000e+00  1.4157512106e+06  1.4157512106e+06  0.0000000000e+00
3.9669167292e-01  1.0000000000e+00  1.4157512106e+06  1.4157512106e+06  0.0000000000e+00
3.9696924231e-01  1.0000000000e+00  1.4157512106e+06  1.4157512106e+06  0.0000000000e+00
3.9724681170e-01  1.0000000000e+00  1.4157512106e+06  1.4157512106e+06  0.0000000000e+00
3.9752438110e-01  1.0000000000e+00  1.4157512106e+06  1.4157512106e+06  0.0000000000e+00
3.9780195049e-01  1.0000000000e+00  1.4157512106e+06  1.4157512106e+06  0.0000000000e+00
3.9807951988e-01  1.0000000000e+00  1.4157512106e+06  1.4157512106e+06  0.0000000000e+00
3.9835708927e-01  1.0000000000e+00  1.4157512106e+06  1.4157512106e+06  0.0000000000e+00
3.9863465866e-01  1.0000000000e+00  1.4157512106e+06  1.4157512106e+06  0.0000000000e+00
3.9891222806e-01  1.0000000000e+00  1.4157512106e+06  1.4157512106e+06  0.0000000000e+00
3.9918979745e-01  1.0000000000e+00  1.4157512106e+06  1.4157512106e+06  0.0000000000e+00
3.9946736684e-01  1.0000000000e+00  1.4157512106e+06  1.4157512106e+06  0.0000000000e+00
3.9974493623e-01  1.0000000000e+00  1.4157512106e+06  1.4157512106e+06  0.0000000000e+00
4.0002250563e-01  1.0000000000e+00  1.4157512106e+06  1.4157512106e+06  0.0000000000e+00
4.0030007502e-01  1.0000000000e+00  1.4157512106e+06  1.4157512106e+06  0.0000000000e+00
4.0057764441e-01  1.0000000000e+00  1.4157512106e+06  1.4157512106e+06  0.0000000000e+00
4.0085521380e-01  1.0000000000e+00  1.4157512106e+06  1.4157512106e+06  0.0000000000e+00
4.0113278320e-01  1.0000000000e+00  1.4157512106e+06  1.4157512106e+06  0.0000000000e+00
4.0141035259e-01  1.0000000000e+00  1.4157512106e+06  1.4157512106e+06  0.0000000000e+00
4.0168792198e-01  1.0000000000e+00  1.4157512106e+06  1.4157512106e+06  0.0000000000e+00
4.0196549137e-01  1.0000000000e+00  1.4157512106e+06  1.4157512106e+06  0.0000000000e+00
4.0224306077e-01  1.0000000000e+00  1.4157512106e+06  1.4157512106e+06  0.0000000000e+00
4.0252063016e-01  1.0000000000e+00  1.4157512106e+06  1.4157512106e+06  0.0000000000e+00
4.0279819955e-01  1.0000000000e+00  1.4157512106e+06  1.4157512106e+06  0.0000000000e+00
4.0307576894e-01  1.0000000000e+00  1.4157512106e+06  1.4157512106e+06  0.0000000000e+00
4.0335333833e-01  1.0000000000e+00  1.4157512106e+06  1.4157512106e+06  0.0000000000e+00
4.0363090773e-01  1.0000000000e+00  1.4157512106e+06  1.4157512106e+06  0.0000000000e+00
4.0390847712e-01  1.0000000000e+00  1.4157512106e+06  1.4157512106e+06  0.0000000000e+00
4.0418604651e-01  1.0000000000e+00  1.4157512106e+06  1.4157512106e+06  0.0000000000e+00
4.0446361590e-01  1.0000000000e+00  1.4157512106e+06  1.4157512106e+06  0.0000000000e+00
4.0474118530e-01  1.0000000000e+00  1.4157512106e+06  1.4157512106e+06  0.0000000000e+00
4.0501875469e-01  1.0000000000e+00  1.4157512106e+06  1.4157512106e+06  0.0000000000e+00
4.0529632408e-01  1.0000000000e+00  1.4157512106e+06  1.4157512106e+06  0.0000000000e+00
4.0557389347e-01  1.0000000000e+00  1.4157512106e+06  1.4157512106e+06  0.0000000000e+00
4.0585146287e-01  1.0000000000e+00  1.4157512106e+06  1.4157512106e+06  0.0000000000e+00
4.0612903226e-01  1.0000000000e+00  1.4157512106e+06  1.4157512106e+06  0.0000000000e+00
4.0640660165e-01  1.0000000000e+00  1.4157512106e+06  1.4157512106e+06  0.0000000000e+00
4.0668417104e-01  1.0000000000e+00  1.4157512106e+06  1.4157512106e+06  0.0000000000e+00
4.0696174044e-01  1.0000000000e+00  1.4157512106e+06  1.4157512106e+06  0.0000000000e+00
4.0723930983e-01  1.0000000000e+00  1.4157512106e+06  1.4157512106e+06  0.0000000000e+00
4.0751687922e-01  1.0000000000e+00  1.4157512106e+06  1.4157512106e+06  0.0000000000e+00
4.0779444861e-01  1.0000000000e+00  1.4157512106e+06  1.4157512106e+06  0.0000000000e+00
4.0807201800e-01  1.0000000000e+00  1.4157512106e+06  1.4157512106e+06  0.0000000000e+00
4.0834958740e-01  1.0000000000e+00  1.4157512106e+06  1.4157512106e+06  0.0000000000e+00
4.0862715679e-01  1.0000000000e+00  1.4157512106e+06  1.4157512106e+06  0.0000000000e+00
4.0890472618e-01  1.0000000000e+00  1.4157512106e+06  1.4157512106e+06  0.0000000000e+00
4.0918229557e-01  1.0000000000e+00  1.4157512106e+06  1.4157512106e+06  0.0000000000e+00
4.0945986497e-01  1.0000000000e+00  1.4157512106e+06  1.4157512106e+06  0.0000000000e+00
4.0973743436e-01  1.0000000000e+00  1.4157512106e+06  1.4157512106e+06  0.0000000000e+00
4.1001500375e-01  1.0000000000e+00  1.4157512106e+06  1.4157512106e+06  0.0000000000e+00
4.1029257314e-01  1.0000000000e+00  1.4157512106e+06  1.4157512106e+06  0.0000000000e+00
4.1057014254e-01  1.0000000000e+00  1.4157512106e+06  1.4157512106e+06  0.0000000000e+00
4.1084771193e-01  1.0000000000e+00  1.4157512106e+06  1.4157512106e+06  0.0000000000e+00
4.1112528132e-01  1.0000000000e+00  1.4157512106e+06  1.4157512106e+06  0.0000000000e+00
4.1140285071e-01  1.0000000000e+00  1.4157512106e+06  1.4157512106e+06  0.0000000000e+00
4.1168042011e-01  1.0000000000e+00  1.4157512106e+06  1.4157512106e+06  0.0000000000e+00
4.1195798950e-01  1.0000000000e+00  1.4157512106e+06  1.4157512106e+06  0.0000000000e+00
4.1223555889e-01  1.0000000000e+00  1.4157512106e+06  1.4157512106e+06  0.0000000000e+00
4.1251312828e-01  1.0000000000e+00  1.4157512106e+06  1.4157512106e+06  0.0000000000e+00
4.1279069767e-01  1.0000000000e+00  1.4157512106e+06  1.4157512106e+06  0.0000000000e+00
4.1306826707e-01  1.0000000000e+00  1.4157512106e+06  1.4157512106e+06  0.0000000000e+00
4.1334583646e-01  1.0000000000e+00  1.4157512106e+06  1.4157512106e+06  0.0000000000e+00
4.1362340585e-01  1.0000000000e+00  1.4157512106e+06  1.4157512106e+06  0.0000000000e+00
4.1390097524e-01  1.0000000000e+00  1.4157512106e+06  1.4157512106e+06  0.0000000000e+00
4.1417854464e-01  1.0000000000e+00  1.4157512106e+06  1.4157512106e+06  0.0000000000e+00
4.1445611403e-01  1.0000000000e+00  1.4157512106e+06  1.4157512106e+06  0.0000000000e+00
4.1473368342e-01  1.0000000000e+00  1.4157512106e+06  1.4157512106e+06  0.0000000000e+00
4.1501125281e-01  1.0000000000e+00  1.4157512106e+06  1.4157512106e+06  0.0000000000e+00
4.1528882221e-01  1.0000000000e+00  1.4157512106e+06  1.4157512106e+06  0.0000000000e+00
4.1556639160e-01  1.0000000000e+00  1.4157512106e+06  1.4157512106e+06  0.0000000000e+00
4.1584396099e-01  1.0000000000e+00  1.4157512106e+06  1.4157512106e+06  0.0000000000e+00
4.1612153038e-01  1.0000000000e+00  1.4157512106e+06  1.4157512106e+06  0.0000000000e+00
4.1639909977e-01  1.0000000000e+00  1.4157512106e+06  1.4157512106e+06  0.0000000000e+00
4.1667666917e-01  1.0000000000e+00  1.4157512106e+06  1.4157512106e+06  0.0000000000e+00
4.1695423856e-01  1.0000000000e+00  1.4157512106e+06  1.4157512106e+06  0.0000000000e+00
4.1723180795e-01  1.0000000000e+00  1.4157512106e+06  1.4157512106e+06  0.0000000000e+00
4.1750937734e-01  1.0000000000e+00  1.4157512106e+06  1.4157512106e+06  0.0000000000e+00
4.1778694674e-01  1.0000000000e+00  1.4157512106e+06  1.4157512106e+06  0.0000000000e+00
4.1806451613e-01  1.0000000000e+00  1.4157512106e+06  1.4157512106e+06  0.0000000000e+00
4.1834208552e-01  1.0000000000e+00  1.4157512106e+06  1.4157512106e+06  0.0000000000e+00
4.1861965491e-01  1.0000000000e+00  1.4157512106e+06  1.4157512106e+06  0.0000000000e+00
4.1889722431e-01  1.0000000000e+00  1.4157512106e+06  1.4157512106e+06  0.0000000000e+00
4.1917479370e-01  1.0000000000e+00  1.4157512106e+06  1.4157512106e+06  0.0000000000e+00
4.1945236309e-01  1.0000000000e+00  1.4157512106e+06  1.4157512106e+06  0.0000000000e+00
4.1972993248e-01  1.0000000000e+00  1.4157512106e+06  1.4157512106e+06  0.0000000000e+00
4.2000750188e-01  1.0000000000e+00  1.4157512106e+06  1.4157512106e+06  0.0000000000e+00
4.2028507127e-01  1.0000000000e+00  1.4157512106e+06  1.4157512106e+06  0.0000000000e+00
4.2056264066e-01  1.0000000000e+00  1.4157512106e+06  1.4157512106e+06  0.0000000000e+00
4.2084021005e-01  1.0000000000e+00  1.4157512106e+06  1.4157512106e+06  0.0000000000e+00
4.2111777944e-01  1.0000000000e+00  1.4157512106e+06  1.4157512106e+06  0.0000000000e+00
4.2139534884e-01  1.0000000000e+00  1.4157512106e+06  1.4157512106e+06  0.0000000000e+00
4.2167291823e-01  1.0000000000e+00  1.4157512106e+06  1.4157512106e+06  0.0000000000e+00
4.2195048762e-01  1.0000000000e+00  1.4157512106e+06  1.4157512106e+06  0.0000000000e+00
4.2222805701e-01  1.0000000000e+00  1.4157512106e+06  1.4157512106e+06  0.0000000000e+00
4.2250562641e-01  1.0000000000e+00  1.4157512106e+06  1.4157512106e+06  0.0000000000e+00
4.2278319580e-01  1.0000000000e+00  1.4157512106e+06  1.4157512106e+06  0.0000000000e+00
4.2306076519e-01  1.0000000000e+00  1.4157512106e+06  1.4157512106e+06  0.0000000000e+00
4.2333833458e-01  1.0000000000e+00  1.4157512106e+06  1.4157512106e+06  0.0000000000e+00
4.2361590398e-01  1.0000000000e+00  1.4157512106e+06  1.4157512106e+06  0.0000000000e+00
4.2389347337e-01  1.0000000000e+00  1.4157512106e+06  1.4157512106e+06  0.0000000000e+00
4.2417104276e-01  1.0000000000e+00  1.4157512106e+06  1.4157512106e+06  0.0000000000e+00
4.2444861215e-01  1.0000000000e+00  1.4157512106e+06  1.4157512106e+06  0.0000000000e+00
4.2472618155e-01  1.0000000000e+00  1.4157512106e+06  1.4157512106e+06  0.0000000000e+00
4.2500375094e-01  1.0000000000e+00  1.4157512106e+06  1.4157512106e+06  0.0000000000e+00
4.2528132033e-01  1.0000000000e+00  1.4157512106e+06  1.4157512106e+06  0.0000000000e+00
4.2555888972e-01  1.0000000000e+00  1.4157512106e+06  1.4157512106e+06  0.0000000000e+00
4.2583645911e-01  1.0000000000e+00  1.4157512106e+06  1.4157512106e+06  0.0000000000e+00
4.2611402851e-01  1.0000000000e+00  1.4157512106e+06  1.4157512106e+06  0.0000000000e+00
4.2639159790e-01  1.0000000000e+00  1.4157512106e+06  1.4157512106e+06  0.0000000000e+00
4.2666916729e-01  1.0000000000e+00  1.4157512106e+06  1.4157512106e+06  0.0000000000e+00
4.2694673668e-01  1.0000000000e+00  1.4157512106e+06  1.4157512106e+06  0.0000000000e+00
4.2722430608e-01  1.0000000000e+00  1.4157512106e+06  1.4157512106e+06  0.0000000000e+00
4.2750187547e-01  1.0000000000e+00  1.4157512106e+06  1.4157512106e+06  0.0000000000e+00
4.2777944486e-01  1.0000000000e+00  1.4157512106e+06  1.4157512106e+06  0.0000000000e+00
4.2805701425e-01  1.0000000000e+00  1.4157512106e+06  1.4157512106e+06  0.0000000000e+00
4.2833458365e-01  1.0000000000e+00  1.4157512106e+06  1.4157512106e+06  0.0000000000e+00
4.2861215304e-01  1.0000000000e+00  1.4157512106e+06  1.4157512106e+06  0.0000000000e+00
4.2888972243e-01  1.0000000000e+00  1.4157512106e+06  1.4157512106e+06  0.0000000000e+00
4.2916729182e-01  1.0000000000e+00  1.4157512106e+06  1.4157512106e+06  0.0000000000e+00
4.2944486122e-01  1.0000000000e+00  1.4157512106e+06  1.4157512106e+06  0.0000000000e+00
4.2972243061e-01  1.0000000000e+00  1.4157512106e+06  1.4157512106e+06  0.0000000000e+00
4.3000000000e-01  1.0000000000e+00  1.4157512106e+06  1.4157512106e+06  0.0000000000e+00
4.3027756939e-01  1.0000000000e+00  1.4157512106e+06  1.4157512106e+06  0.0000000000e+00
4.3055513878e-01  1.0000000000e+00  1.4157512106e+06  1.4157512106e+06  0.0000000000e+00
4.3083270818e-01  1.0000000000e+00  1.4157512106e+06  1.4157512106e+06  0.0000000000e+00
4.3111027757e-01  1.0000000000e+00  1.4157512106e+06  1.4157512106e+06  0.0000000000e+00
4.3138784696e-01  1.0000000000e+00  1.4157512106e+06  1.4157512106e+06  0.0000000000e+00
4.3166541635e-01  1.0000000000e+00  1.4157512106e+06  1.4157512106e+06  0.0000000000e+00
4.3194298575e-01  1.0000000000e+00  1.4157512106e+06  1.4157512106e+06  0.0000000000e+00
4.3222055514e-01  1.0000000000e+00  1.4157512106e+06  1.4157512106e+06  0.0000000000e+00
4.3249812453e-01  1.0000000000e+00  1.4157512106e+06  1.4157512106e+06  0.0000000000e+00
4.3277569392e-01  1.0000000000e+00  1.4157512106e+06  1.4157512106e+06  0.0000000000e+00
4.3305326332e-01  1.0000000000e+00  1.4157512106e+06  1.4157512106e+06  0.0000000000e+00
4.3333083271e-01  1.0000000000e+00  1.4157512106e+06  1.4157512106e+06  0.0000000000e+00
4.3360840210e-01  1.0000000000e+00  1.4157512106e+06  1.4157512106e+06  0.0000000000e+00
4.3388597149e-01  1.0000000000e+00  1.4157512106e+06  1.4157512106e+06  0.0000000000e+00
4.3416354089e-01  1.0000000000e+00  1.4157512106e+06  1.4157512106e+06  0.0000000000e+00
4.3444111028e-01  1.0000000000e+00  1.4157512106e+06  1.4157512106e+06  0.0000000000e+00
4.3471867967e-01  1.0000000000e+00  1.4157512106e+06  1.4157512106e+06  0.0000000000e+00
4.3499624906e-01  1.0000000000e+00  1.4157512106e+06  1.4157512106e+06  0.0000000000e+00
4.3527381845e-01  1.0000000000e+00  1.4157512106e+06  1.4157512106e+06  0.0000000000e+00
4.3555138785e-01  1.0000000000e+00  1.4157512106e+06  1.4157512106e+06  0.0000000000e+00
4.3582895724e-01  1.0000000000e+00  1.4157512106e+06  1.4157512106e+06  0.0000000000e+00
4.3610652663e-01  1.0000000000e+00  1.4157512106e+06  1.4157512106e+06  0.0000000000e+00
4.3638409602e-01  1.0000000000e+00  1.4157512106e+06  1.4157512106e+06  0.0000000000e+00
4.3666166542e-01  1.0000000000e+00  1.4157512106e+06  1.4157512106e+06  0.0000000000e+00
4.3693923481e-01  1.0000000000e+00  1.4157512106e+06  1.4157512106e+06  0.0000000000e+00
4.3721680420e-01  1.0000000000e+00  1.4157512106e+06  1.4157512106e+06  0.0000000000e+00
4.3749437359e-01  1.0000000000e+00  1.4157512106e+06  1.4157512106e+06  0.0000000000e+00
4.3777194299e-01  1.0000000000e+00  1.4157512106e+06  1.4157512106e+06  0.0000000000e+00
4.3804951238e-01  1.0000000000e+00  1.4157512106e+06  1.4157512106e+06  0.0000000000e+00
4.3832708177e-01  1.0000000000e+00  1.4157512106e+06  1.4157512106e+06  0.0000000000e+00
4.3860465116e-01  1.0000000000e+00  1.4157512106e+06  1.4157512106e+06  0.0000000000e+00
4.3888222056e-01  1.0000000000e+00  1.4157512106e+06  1.4157512106e+06  0.0000000000e+00
4.3915978995e-01  1.0000000000e+00  1.4157512106e+06  1.4157512106e+06  0.0000000000e+00
4.3943735934e-01  1.0000000000e+00  1.4157512106e+06  1.4157512106e+06  0.0000000000e+00
4.3971492873e-01  1.0000000000e+00  1.4157512106e+06  1.4157512106e+06  0.0000000000e+00
4.3999249812e-01  1.0000000000e+00  1.4157512106e+06  1.4157512106e+06  0.0000000000e+00
4.4027006752e-01  1.0000000000e+00  1.4157512106e+06  1.4157512106e+06  0.0000000000e+00
4.4054763691e-01  1.0000000000e+00  1.4157512106e+06  1.4157512106e+06  0.0000000000e+00
4.4082520630e-01  1.0000000000e+00  1.4157512106e+06  1.4157512106e+06  0.0000000000e+00
4.4110277569e-01  1.0000000000e+00  1.4157512106e+06  1.4157512106e+06  0.0000000000e+00
4.4138034509e-01  1.0000000000e+00  1.4157512106e+06  1.4157512106e+06  0.0000000000e+00
4.4165791448e-01  1.0000000000e+00  1.4157512106e+06  1.4157512106e+06  0.0000000000e+00
4.4193548387e-01  1.0000000000e+00  1.4157512106e+06  1.4157512106e+06  0.0000000000e+00
4.4221305326e-01  1.0000000000e+00  1.4157512106e+06  1.4157512106e+06  0.0000000000e+00
4.4249062266e-01  1.0000000000e+00  1.4157512106e+06  1.4157512106e+06  0.0000000000e+00
4.4276819205e-01  1.0000000000e+00  1.4157512106e+06  1.4157512106e+06  0.0000000000e+00
4.4304576144e-01  1.0000000000e+00  1.4157512106e+06  1.4157512106e+06  0.0000000000e+00
4.4332333083e-01  1.0000000000e+00  1.4157512106e+06  1.4157512106e+06  0.0000000000e+00
4.4360090023e-01  1.0000000000e+00  1.4157512106e+06  1.4157512106e+06  0.0000000000e+00
4.4387846962e-01  1.0000000000e+00  1.4157512106e+06  1.4157512106e+06  0.0000000000e+00
4.4415603901e-01  1.0000000000e+00  1.4157512106e+06  1.4157512106e+06  0.0000000000e+00
4.4443360840e-01  1.0000000000e+00  1.4157512106e+06  1.4157512106e+06  0.0000000000e+00
4.4471117779e-01  1.0000000000e+00  1.4157512106e+06  1.4157512106e+06  0.0000000000e+00
4.4498874719e-01  1.0000000000e+00  1.4157512106e+06  1.4157512106e+06  0.0000000000e+00
4.4526631658e-01  1.0000000000e+00  1.4157512106e+06  1.4157512106e+06  0.0000000000e+00
4.4554388597e-01  1.0000000000e+00  1.4157512106e+06  1.4157512106e+06  0.0000000000e+00
4.4582145536e-01  1.0000000000e+00  1.4157512106e+06  1.4157512106e+06  0.0000000000e+00
4.4609902476e-01  1.0000000000e+00  1.4157512106e+06  1.4157512106e+06  0.0000000000e+00
4.4637659415e-01  1.0000000000e+00  1.4157512106e+06  1.4157512106e+06  0.0000000000e+00
4.4665416354e-01  1.0000000000e+00  1.4157512106e+06  1.4157512106e+06  0.0000000000e+00
4.4693173293e-01  1.0000000000e+00  1.4157512106e+06  1.4157512106e+06  0.0000000000e+00
4.4720930233e-01  1.0000000000e+00  1.4157512106e+06  1.4157512106e+06  0.0000000000e+00
4.4748687172e-01  1.0000000000e+00  1.4157512106e+06  1.4157512106e+06  0.0000000000e+00
4.4776444111e-01  1.0000000000e+00  1.4157512106e+06  1.4157512106e+06  0.0000000000e+00
4.4804201050e-01  1.0000000000e+00  1.4157512106e+06  1.4157512106e+06  0.0000000000e+00
4.4831957989e-01  1.0000000000e+00  1.4157512106e+06  1.4157512106e+06  0.0000000000e+00
4.4859714929e-01  1.0000000000e+00  1.4157512106e+06  1.4157512106e+06  0.0000000000e+00
4.4887471868e-01  1.0000000000e+00  1.4157512106e+06  1.4157512106e+06  0.0000000000e+00
4.4915228807e-01  1.0000000000e+00  1.4157512106e+06  1.4157512106e+06  0.0000000000e+00
4.4942985746e-01  1.0000000000e+00  1.4157512106e+06  1.4157512106e+06  0.0000000000e+00
4.4970742686e-01  1.0000000000e+00  1.4157512106e+06  1.4157512106e+06  0.0000000000e+00
4.4998499625e-01  1.0000000000e+00  1.4157512106e+06  1.4157512106e+06  0.0000000000e+00
4.5026256564e-01  1.0000000000e+00  1.4157512106e+06  1.4157512106e+06  0.0000000000e+00
4.5054013503e-01  1.0000000000e+00  1.4157512106e+06  1.4157512106e+06  0.0000000000e+00
4.5081770443e-01  1.0000000000e+00  1.4157512106e+06  1.4157512106e+06  0.0000000000e+00
4.5109527382e-01  1.0000000000e+00  1.4157512106e+06  1.4157512106e+06  0.0000000000e+00
4.5137284321e-01  1.0000000000e+00  1.4157512106e+06  1.4157512106e+06  0.0000000000e+00
4.5165041260e-01  1.0000000000e+00  1.4157512106e+06  1.4157512106e+06  0.0000000000e+00
4.5192798200e-01  1.0000000000e+00  1.4157512106e+06  1.4157512106e+06  0.0000000000e+00
4.5220555139e-01  1.0000000000e+00  1.4157512106e+06  1.4157512106e+06  0.0000000000e+00
4.5248312078e-01  1.0000000000e+00  1.4157512106e+06  1.4157512106e+06  0.0000000000e+00
4.5276069017e-01  1.0000000000e+00  1.4157512106e+06  1.4157512106e+06  0.0000000000e+00
4.5303825956e-01  1.0000000000e+00  1.4157512106e+06  1.4157512106e+06  0.0000000000e+00
4.5331582896e-01  1.0000000000e+00  1.4157512106e+06  1.4157512106e+06  0.0000000000e+00
4.5359339835e-01  1.0000000000e+00  1.4157512106e+06  1.4157512106e+06  0.0000000000e+00
4.5387096774e-01  1.0000000000e+00  1.4157512106e+06  1.4157512106e+06  0.0000000000e+00
4.5414853713e-01  1.0000000000e+00  1.4157512106e+06  1.4157512106e+06  0.0000000000e+00
4.5442610653e-01  1.0000000000e+00  1.4157512106e+06  1.4157512106e+06  0.0000000000e+00
4.5470367592e-01  1.0000000000e+00  1.4157512106e+06  1.4157512106e+06  0.0000000000e+00
4.5498124531e-01  1.0000000000e+00  1.4157512106e+06  1.4157512106e+06  0.0000000000e+00
4.5525881470e-01  1.0000000000e+00  1.4157512106e+06  1.4157512106e+06  0.0000000000e+00
4.5553638410e-01  1.0000000000e+00  1.4157512106e+06  1.4157512106e+06  0.0000000000e+00
4.5581395349e-01  1.0000000000e+00  1.4157512106e+06  1.4157512106e+06  0.0000000000e+00
4.5609152288e-01  1.0000000000e+00  1.4157512106e+06  1.4157512106e+06  0.0000000000e+00
4.5636909227e-01  1.0000000000e+00  1.4157512106e+06  1.4157512106e+06  0.0000000000e+00
4.5664666167e-01  1.0000000000e+00  1.4157512106e+06  1.4157512106e+06  0.0000000000e+00
4.5692423106e-01  1.0000000000e+00  1.4157512106e+06  1.4157512106e+06  0.0000000000e+00
4.5720180045e-01  1.0000000000e+00  1.4157512106e+06  1.4157512106e+06  0.0000000000e+00
4.5747936984e-01  1.0000000000e+00  1.4157512106e+06  1.4157512106e+06  0.0000000000e+00
4.5775693923e-01  1.0000000000e+00  1.4157512106e+06  1.4157512106e+06  0.0000000000e+00
4.5803450863e-01  1.0000000000e+00  1.4157512106e+06  1.4157512106e+06  0.0000000000e+00
4.5831207802e-01  1.0000000000e+00  1.4157512106e+06  1.4157512106e+06  0.0000000000e+00
4.5858964741e-01  1.0000000000e+00  1.4157512106e+06  1.4157512106e+06  0.0000000000e+00
4.5886721680e-01  1.0000000000e+00  1.4157512106e+06  1.4157512106e+06  0.0000000000e+00
4.5914478620e-01  1.0000000000e+00  1.4157512106e+06  1.4157512106e+06  0.0000000000e+00
4.5942235559e-01  1.0000000000e+00  1.4157512106e+06  1.4157512106e+06  0.0000000000e+00
4.5969992498e-01  1.0000000000e+00  1.4157512106e+06  1.4157512106e+06  0.0000000000e+00
4.5997749437e-01  1.0000000000e+00  1.4157512106e+06  1.4157512106e+06  0.0000000000e+00
4.6025506377e-01  1.0000000000e+00  1.4157512106e+06  1.4157512106e+06  0.0000000000e+00
4.6053263316e-01  1.0000000000e+00  1.4157512106e+06  1.4157512106e+06  0.0000000000e+00
4.6081020255e-01  1.0000000000e+00  1.4157512106e+06  1.4157512106e+06  0.0000000000e+00
4.6108777194e-01  1.0000000000e+00  1.4157512106e+06  1.4157512106e+06  0.0000000000e+00
4.6136534134e-01  1.0000000000e+00  1.4157512106e+06  1.4157512106e+06  0.0000000000e+00
4.6164291073e-01  1.0000000000e+00  1.4157512106e+06  1.4157512106e+06  0.0000000000e+00
4.6192048012e-01  1.0000000000e+00  1.4157512106e+06  1.4157512106e+06  0.0000000000e+00
4.6219804951e-01  1.0000000000e+00  1.4157512106e+06  1.4157512106e+06  0.0000000000e+00
4.6247561890e-01  1.0000000000e+00  1.4157512106e+06  1.4157512106e+06  0.0000000000e+00
4.6275318830e-01  1.0000000000e+00  1.4157512106e+06  1.4157512106e+06  0.0000000000e+00
4.6303075769e-01  1.0000000000e+00  1.4157512106e+06  1.4157512106e+06  0.0000000000e+00
4.6330832708e-01  1.0000000000e+00  1.4157512106e+06  1.4157512106e+06  0.0000000000e+00
4.6358589647e-01  1.0000000000e+00  1.4157512106e+06  1.4157512106e+06  0.0000000000e+00
4.6386346587e-01  1.0000000000e+00  1.4157512106e+06  1.4157512106e+06  0.0000000000e+00
4.6414103526e-01  1.0000000000e+00  1.4157512106e+06  1.4157512106e+06  0.0000000000e+00
4.6441860465e-01  1.0000000000e+00  1.4157512106e+06  1.4157512106e+06  0.0000000000e+00
4.6469617404e-01  1.0000000000e+00  1.4157512106e+06  1.4157512106e+06  0.0000000000e+00
4.6497374344e-01  1.0000000000e+00  1.4157512106e+06  1.4157512106e+06  0.0000000000e+00
4.6525131283e-01  1.0000000000e+00  1.4157512106e+06  1.4157512106e+06  0.0000000000e+00
4.6552888222e-01  1.0000000000e+00  1.4157512106e+06  1.4157512106e+06  0.0000000000e+00
4.6580645161e-01  1.0000000000e+00  1.4157512106e+06  1.4157512106e+06  0.0000000000e+00
4.6608402101e-01  1.0000000000e+00  1.4157512106e+06  1.4157512106e+06  0.0000000000e+00
4.6636159040e-01  1.0000000000e+00  1.4157512106e+06  1.4157512106e+06  0.0000000000e+00
4.6663915979e-01  1.0000000000e+00  1.4157512106e+06  1.4157512106e+06  0.0000000000e+00
4.6691672918e-01  1.0000000000e+00  1.4157512106e+06  1.4157512106e+06  0.0000000000e+00
4.6719429857e-01  1.0000000000e+00  1.4157512106e+06  1.4157512106e+06  0.0000000000e+00
4.6747186797e-01  1.0000000000e+00  1.4157512106e+06  1.4157512106e+06  0.0000000000e+00
4.6774943736e-01  1.0000000000e+00  1.4157512106e+06  1.4157512106e+06  0.0000000000e+00
4.6802700675e-01  1.0000000000e+00  1.4157512106e+06  1.4157512106e+06  0.0000000000e+00
4.6830457614e-01  1.0000000000e+00  1.4157512106e+06  1.4157512106e+06  0.0000000000e+00
4.6858214554e-01  1.0000000000e+00  1.4157512106e+06  1.4157512106e+06  0.0000000000e+00
4.6885971493e-01  1.0000000000e+00  1.4157512106e+06  1.4157512106e+06  0.0000000000e+00
4.6913728432e-01  1.0000000000e+00  1.4157512106e+06  1.4157512106e+06  0.0000000000e+00
4.6941485371e-01  1.0000000000e+00  1.4157512106e+06  1.4157512106e+06  0.0000000000e+00
4.6969242311e-01  1.0000000000e+00  1.4157512106e+06  1.4157512106e+06  0.0000000000e+00
4.6996999250e-01  1.0000000000e+00  1.4157512106e+06  1.4157512106e+06  0.0000000000e+00
4.7024756189e-01  1.0000000000e+00  1.4157512106e+06  1.4157512106e+06  0.0000000000e+00
4.7052513128e-01  1.0000000000e+00  1.4157512106e+06  1.4157512106e+06  0.0000000000e+00
4.7080270068e-01  1.0000000000e+00  1.4157512106e+06  1.4157512106e+06  0.0000000000e+00
4.7108027007e-01  1.0000000000e+00  1.4157512106e+06  1.4157512106e+06  0.0000000000e+00
4.7135783946e-01  1.0000000000e+00  1.4157512106e+06  1.4157512106e+06  0.0000000000e+00
4.7163540885e-01  1.0000000000e+00  1.4157512106e+06  1.4157512106e+06  0.0000000000e+00
4.7191297824e-01  1.0000000000e+00  1.4157512106e+06  1.4157512106e+06  0.0000000000e+00
4.7219054764e-01  1.0000000000e+00  1.4157512106e+06  1.4157512106e+06  0.0000000000e+00
4.7246811703e-01  1.0000000000e+00  1.4157512106e+06  1.4157512106e+06  0.0000000000e+00
4.7274568642e-01  1.0000000000e+00  1.4157512106e+06  1.4157512106e+06  0.0000000000e+00
4.7302325581e-01  1.0000000000e+00  1.4157512106e+06  1.4157512106e+06  0.0000000000e+00
4.7330082521e-01  1.0000000000e+00  1.4157512106e+06  1.4157512106e+06  0.0000000000e+00
4.7357839460e-01  1.0000000000e+00  1.4157512106e+06  1.4157512106e+06  0.0000000000e+00
4.7385596399e-01  1.0000000000e+00  1.4157512106e+06  1.4157512106e+06  0.0000000000e+00
4.7413353338e-01  1.0000000000e+00  1.4157512106e+06  1.4157512106e+06  0.0000000000e+00
4.7441110278e-01  1.0000000000e+00  1.4157512106e+06  1.4157512106e+06  0.0000000000e+00
4.7468867217e-01  1.0000000000e+00  1.4157512106e+06  1.4157512106e+06  0.0000000000e+00
4.7496624156e-01  1.0000000000e+00  1.4157512106e+06  1.4157512106e+06  0.0000000000e+00
4.7524381095e-01  1.0000000000e+00  1.4157512106e+06  1.4157512106e+06  0.0000000000e+00
4.7552138035e-01  1.0000000000e+00  1.4157512106e+06  1.4157512106e+06  0.0000000000e+00
4.7579894974e-01  1.0000000000e+00  1.4157512106e+06  1.4157512106e+06  0.0000000000e+00
4.7607651913e-01  1.0000000000e+00  1.4157512106e+06  1.4157512106e+06  0.0000000000e+00
4.7635408852e-01  1.0000000000e+00  1.4157512106e+06  1.4157512106e+06  0.0000000000e+00
4.7663165791e-01  1.0000000000e+00  1.4157512106e+06  1.4157512106e+06  0.0000000000e+00
4.7690922731e-01  1.0000000000e+00  1.4157512106e+06  1.4157512106e+06  0.0000000000e+00
4.7718679670e-01  1.0000000000e+00  1.4157512106e+06  1.4157512106e+06  0.0000000000e+00
4.7746436609e-01  1.0000000000e+00  1.4157512106e+06  1.4157512106e+06  0.0000000000e+00
4.7774193548e-01  1.0000000000e+00  1.4157512106e+06  1.4157512106e+06  0.0000000000e+00
4.7801950488e-01  1.0000000000e+00  1.4157512106e+06  1.4157512106e+06  0.0000000000e+00
4.7829707427e-01  1.0000000000e+00  1.4157512106e+06  1.4157512106e+06  0.0000000000e+00
4.7857464366e-01  1.0000000000e+00  1.4157512106e+06  1.4157512106e+06  0.0000000000e+00
4.7885221305e-01  1.0000000000e+00  1.4157512106e+06  1.4157512106e+06  0.0000000000e+00
4.7912978245e-01  1.0000000000e+00  1.4157512106e+06  1.4157512106e+06  0.0000000000e+00
4.7940735184e-01  1.0000000000e+00  1.4157512106e+06  1.4157512106e+06  0.0000000000e+00
4.7968492123e-01  1.0000000000e+00  1.4157512106e+06  1.4157512106e+06  0.0000000000e+00
4.7996249062e-01  1.0000000000e+00  1.4157512106e+06  1.4157512106e+06  0.0000000000e+00
4.8024006002e-01  1.0000000000e+00  1.4157512106e+06  1.4157512106e+06  0.0000000000e+00
4.8051762941e-01  1.0000000000e+00  1.4157512106e+06  1.4157512106e+06  0.0000000000e+00
4.8079519880e-01  1.0000000000e+00  1.4157512106e+06  1.4157512106e+06  0.0000000000e+00
4.8107276819e-01  1.0000000000e+00  1.4157512106e+06  1.4157512106e+06  0.0000000000e+00
4.8135033758e-01  1.0000000000e+00  1.4157512106e+06  1.4157512106e+06  0.0000000000e+00
4.8162790698e-01  1.0000000000e+00  1.4157512106e+06  1.4157512106e+06  0.0000000000e+00
4.8190547637e-01  1.0000000000e+00  1.4157512106e+06  1.4157512106e+06  0.0000000000e+00
4.8218304576e-01  1.0000000000e+00  1.4157512106e+06  1.4157512106e+06  0.0000000000e+00
4.8246061515e-01  1.0000000000e+00  1.4157512106e+06  1.4157512106e+06  0.0000000000e+00
4.8273818455e-01  1.0000000000e+00  1.4157512106e+06  1.4157512106e+06  0.0000000000e+00
4.8301575394e-01  1.0000000000e+00  1.4157512106e+06  1.4157512106e+06  0.0000000000e+00
4.8329332333e-01  1.0000000000e+00  1.4157512106e+06  1.4157512106e+06  0.0000000000e+00
4.8357089272e-01  1.0000000000e+00  1.4157512106e+06  1.4157512106e+06  0.0000000000e+00
4.8384846212e-01  1.0000000000e+00  1.4157512106e+06  1.4157512106e+06  0.0000000000e+00
4.8412603151e-01  1.0000000000e+00  1.4157512106e+06  1.4157512106e+06  0.0000000000e+00
4.8440360090e-01  1.0000000000e+00  1.4157512106e+06  1.4157512106e+06  0.0000000000e+00
4.8468117029e-01  1.0000000000e+00  1.4157512106e+06  1.4157512106e+06  0.0000000000e+00
4.8495873968e-01  1.0000000000e+00  1.4157512106e+06  1.4157512106e+06  0.0000000000e+00
4.8523630908e-01  1.0000000000e+00  1.4157512106e+06  1.4157512106e+06  0.0000000000e+00
4.8551387847e-01  1.0000000000e+00  1.4157512106e+06  1.4157512106e+06  0.0000000000e+00
4.8579144786e-01  1.0000000000e+00  1.4157512106e+06  1.4157512106e+06  0.0000000000e+00
4.8606901725e-01  1.0000000000e+00  1.4157512106e+06  1.4157512106e+06  0.0000000000e+00
4.8634658665e-01  1.0000000000e+00  1.4157512106e+06  1.4157512106e+06  0.0000000000e+00
4.8662415604e-01  1.0000000000e+00  1.4157512106e+06  1.4157512106e+06  0.0000000000e+00
4.8690172543e-01  1.0000000000e+00  1.4157512106e+06  1.4157512106e+06  0.0000000000e+00
4.8717929482e-01  1.0000000000e+00  1.4157512106e+06  1.4157512106e+06  0.0000000000e+00
4.8745686422e-01  1.0000000000e+00  1.4157512106e+06  1.4157512106e+06  0.0000000000e+00
4.8773443361e-01  1.0000000000e+00  1.4157512106e+06  1.4157512106e+06  0.0000000000e+00
4.8801200300e-01  1.0000000000e+00  1.4157512106e+06  1.4157512106e+06  0.0000000000e+00
4.8828957239e-01  1.0000000000e+00  1.4157512106e+06  1.4157512106e+06  0.0000000000e+00
4.8856714179e-01  1.0000000000e+00  1.4157512106e+06  1.4157512106e+06  0.0000000000e+00
4.8884471118e-01  1.0000000000e+00  1.4157512106e+06  1.4157512106e+06  0.0000000000e+00
4.8912228057e-01  1.0000000000e+00  1.4157512106e+06  1.4157512106e+06  0.0000000000e+00
4.8939984996e-01  1.0000000000e+00  1.4157512106e+06  1.4157512106e+06  0.0000000000e+00
4.8967741935e-01  1.0000000000e+00  1.4157512106e+06  1.4157512106e+06  0.0000000000e+00
4.8995498875e-01  1.0000000000e+00  1.4157512106e+06  1.4157512106e+06  0.0000000000e+00
4.9023255814e-01  1.0000000000e+00  1.4157512106e+06  1.4157512106e+06  0.0000000000e+00
4.9051012753e-01  1.0000000000e+00  1.4157512106e+06  1.4157512106e+06  0.0000000000e+00
4.9078769692e-01  1.0000000000e+00  1.4157512106e+06  1.4157512106e+06  0.0000000000e+00
4.9106526632e-01  1.0000000000e+00  1.4157512106e+06  1.4157512106e+06  0.0000000000e+00
4.9134283571e-01  1.0000000000e+00  1.4157512106e+06  1.4157512106e+06  0.0000000000e+00
4.9162040510e-01  1.0000000000e+00  1.4157512106e+06  1.4157512106e+06  0.0000000000e+00
4.9189797449e-01  1.0000000000e+00  1.4157512106e+06  1.4157512106e+06  0.0000000000e+00
4.9217554389e-01  1.0000000000e+00  1.4157512106e+06  1.4157512106e+06  0.0000000000e+00
4.9245311328e-01  1.0000000000e+00  1.4157512106e+06  1.4157512106e+06  0.0000000000e+00
4.9273068267e-01  1.0000000000e+00  1.4157512106e+06  1.4157512106e+06  0.0000000000e+00
4.9300825206e-01  1.0000000000e+00  1.4157512106e+06  1.4157512106e+06  0.0000000000e+00
4.9328582146e-01  1.0000000000e+00  1.4157512106e+06  1.4157512106e+06  0.0000000000e+00
4.9356339085e-01  1.0000000000e+00  1.4157512106e+06  1.4157512106e+06  0.0000000000e+00
4.9384096024e-01  1.0000000000e+00  1.4157512106e+06  1.4157512106e+06  0.0000000000e+00
4.9411852963e-01  1.0000000000e+00  1.4157512106e+06  1.4157512106e+06  0.0000000000e+00
4.9439609902e-01  1.0000000000e+00  1.4157512106e+06  1.4157512106e+06  0.0000000000e+00
4.9467366842e-01  1.0000000000e+00  1.4157512106e+06  1.4157512106e+06  0.0000000000e+00
4.9495123781e-01  1.0000000000e+00  1.4157512106e+06  1.4157512106e+06  0.0000000000e+00
4.9522880720e-01  1.0000000000e+00  1.4157512106e+06  1.4157512106e+06  0.0000000000e+00
4.9550637659e-01  1.0000000000e+00  1.4157512106e+06  1.4157512106e+06  0.0000000000e+00
4.9578394599e-01  1.0000000000e+00  1.4157512106e+06  1.4157512106e+06  0.0000000000e+00
4.9606151538e-01  1.0000000000e+00  1.4157512106e+06  1.4157512106e+06  0.0000000000e+00
4.9633908477e-01  1.0000000000e+00  1.4157512106e+06  1.4157512106e+06  0.0000000000e+00
4.9661665416e-01  1.0000000000e+00  1.4157512106e+06  1.4157512106e+06  0.0000000000e+00
4.9689422356e-01  1.0000000000e+00  1.4157512106e+06  1.4157512106e+06  0.0000000000e+00
4.9717179295e-01  1.0000000000e+00  1.4157512106e+06  1.4157512106e+06  0.0000000000e+00
4.9744936234e-01  1.0000000000e+00  1.4157512106e+06  1.4157512106e+06  0.0000000000e+00
4.9772693173e-01  1.0000000000e+00  1.4157512106e+06  1.4157512106e+06  0.0000000000e+00
4.9800450113e-01  1.0000000000e+00  1.4157512106e+06  1.4157512106e+06  0.0000000000e+00
4.9828207052e-01  1.0000000000e+00  1.4157512106e+06  1.4157512106e+06  0.0000000000e+00
4.9855963991e-01  1.0000000000e+00  1.4157512106e+06  1.4157512106e+06  0.0000000000e+00
4.9883720930e-01  1.0000000000e+00  1.4157512106e+06  1.4157512106e+06  0.0000000000e+00
4.9911477869e-01  1.0000000000e+00  1.4157512106e+06  1.4157512106e+06  0.0000000000e+00
4.9939234809e-01  1.0000000000e+00  1.4157512106e+06  1.4157512106e+06  0.0000000000e+00
4.9966991748e-01  1.0000000000e+00  1.4157512106e+06  1.4157512106e+06  0.0000000000e+00
4.9994748687e-01  1.0000000000e+00  1.4157512106e+06  1.4157512106e+06  0.0000000000e+00
5.0022505626e-01  1.0000000000e+00  1.4157512106e+06  1.4157512106e+06  0.0000000000e+00
5.0050262566e-01  1.0000000000e+00  1.4157512106e+06  1.4157512106e+06  0.0000000000e+00
5.0078019505e-01  1.0000000000e+00  1.4157512106e+06  1.4157512106e+06  0.0000000000e+00
5.0105776444e-01  1.0000000000e+00  1.4157512106e+06  1.4157512106e+06  0.0000000000e+00
5.0133533383e-01  1.0000000000e+00  1.4157512106e+06  1.4157512106e+06  0.0000000000e+00
5.0161290323e-01  1.0000000000e+00  1.4157512106e+06  1.4157512106e+06  0.0000000000e+00
5.0189047262e-01  1.0000000000e+00  1.4157512106e+06  1.4157512106e+06  0.0000000000e+00
5.0216804201e-01  1.0000000000e+00  1.4157512106e+06  1.4157512106e+06  0.0000000000e+00
5.0244561140e-01  1.0000000000e+00  1.4157512106e+06  1.4157512106e+06  0.0000000000e+00
5.0272318080e-01  1.0000000000e+00  1.4157512106e+06  1.4157512106e+06  0.0000000000e+00
5.0300075019e-01  1.0000000000e+00  1.4157512106e+06  1.4157512106e+06  0.0000000000e+00
5.0327831958e-01  1.0000000000e+00  1.4157512106e+06  1.4157512106e+06  0.0000000000e+00
5.0355588897e-01  1.0000000000e+00  1.4157512106e+06  1.4157512106e+06  0.0000000000e+00
5.0383345836e-01  1.0000000000e+00  1.4157512106e+06  1.4157512106e+06  0.0000000000e+00
5.0411102776e-01  1.0000000000e+00  1.4157512106e+06  1.4157512106e+06  0.0000000000e+00
5.0438859715e-01  1.0000000000e+00  1.4157512106e+06  1.4157512106e+06  0.0000000000e+00
5.0466616654e-01  1.0000000000e+00  1.4157512106e+06  1.4157512106e+06  0.0000000000e+00
5.0494373593e-01  1.0000000000e+00  1.4157512106e+06  1.4157512106e+06  0.0000000000e+00
5.0522130533e-01  1.0000000000e+00  1.4157512106e+06  1.4157512106e+06  0.0000000000e+00
5.0549887472e-01  1.0000000000e+00  1.4157512106e+06  1.4157512106e+06  0.0000000000e+00
5.0577644411e-01  1.0000000000e+00  1.4157512106e+06  1.4157512106e+06  0.0000000000e+00
5.0605401350e-01  1.0000000000e+00  1.4157512106e+06  1.4157512106e+06  0.0000000000e+00
5.0633158290e-01  1.0000000000e+00  1.4157512106e+06  1.4157512106e+06  0.0000000000e+00
5.0660915229e-01  1.0000000000e+00  1.4157512106e+06  1.4157512106e+06  0.0000000000e+00
5.0688672168e-01  1.0000000000e+00  1.4157512106e+06  1.4157512106e+06  0.0000000000e+00
5.0716429107e-01  1.0000000000e+00  1.4157512106e+06  1.4157512106e+06  0.0000000000e+00
5.0744186047e-01  1.0000000000e+00  1.4157512106e+06  1.4157512106e+06  0.0000000000e+00
5.0771942986e-01  1.0000000000e+00  1.4157512106e+06  1.4157512106e+06  0.0000000000e+00
5.0799699925e-01  1.0000000000e+00  1.4157512106e+06  1.4157512106e+06  0.0000000000e+00
5.0827456864e-01  1.0000000000e+00  1.4157512106e+06  1.4157512106e+06  0.0000000000e+00
5.0855213803e-01  1.0000000000e+00  1.4157512106e+06  1.4157512106e+06  0.0000000000e+00
5.0882970743e-01  1.0000000000e+00  1.4157512106e+06  1.4157512106e+06  0.0000000000e+00
5.0910727682e-01  1.0000000000e+00  1.4157512106e+06  1.4157512106e+06  0.0000000000e+00
5.0938484621e-01  1.0000000000e+00  1.4157512106e+06  1.4157512106e+06  0.0000000000e+00
5.0966241560e-01  1.0000000000e+00  1.4157512106e+06  1.4157512106e+06  0.0000000000e+00
5.0993998500e-01  1.0000000000e+00  1.4157512106e+06  1.4157512106e+06  0.0000000000e+00
5.1021755439e-01  1.0000000000e+00  1.4157512106e+06  1.4157512106e+06  0.0000000000e+00
5.1049512378e-01  1.0000000000e+00  1.4157512106e+06  1.4157512106e+06  0.0000000000e+00
5.1077269317e-01  1.0000000000e+00  1.4157512106e+06  1.4157512106e+06  0.0000000000e+00
5.1105026257e-01  1.0000000000e+00  1.4157512106e+06  1.4157512106e+06  0.0000000000e+00
5.1132783196e-01  1.0000000000e+00  1.4157512106e+06  1.4157512106e+06  0.0000000000e+00
5.1160540135e-01  1.0000000000e+00  1.4157512106e+06  1.4157512106e+06  0.0000000000e+00
5.1188297074e-01  1.0000000000e+00  1.4157512106e+06  1.4157512106e+06  0.0000000000e+00
5.1216054014e-01  1.0000000000e+00  1.4157512106e+06  1.4157512106e+06  0.0000000000e+00
5.1243810953e-01  1.0000000000e+00  1.4157512106e+06  1.4157512106e+06  0.0000000000e+00
5.1271567892e-01  1.0000000000e+00  1.4157512106e+06  1.4157512106e+06  0.0000000000e+00
5.1299324831e-01  1.0000000000e+00  1.4157512106e+06  1.4157512106e+06  0.0000000000e+00
5.1327081770e-01  1.0000000000e+00  1.4157512106e+06  1.4157512106e+06  0.0000000000e+00
5.1354838710e-01  1.0000000000e+00  1.4157512106e+06  1.4157512106e+06  0.0000000000e+00
5.1382595649e-01  1.0000000000e+00  1.4157512106e+06  1.4157512106e+06  0.0000000000e+00
5.1410352588e-01  1.0000000000e+00  1.4157512106e+06  1.4157512106e+06  0.0000000000e+00
5.1438109527e-01  1.0000000000e+00  1.4157512106e+06  1.4157512106e+06  0.0000000000e+00
5.1465866467e-01  1.0000000000e+00  1.4157512106e+06  1.4157512106e+06  0.0000000000e+00
5.1493623406e-01  1.0000000000e+00  1.4157512106e+06  1.4157512106e+06  0.0000000000e+00
5.1521380345e-01  1.0000000000e+00  1.4157512106e+06  1.4157512106e+06  0.0000000000e+00
5.1549137284e-01  1.0000000000e+00  1.4157512106e+06  1.4157512106e+06  0.0000000000e+00
5.1576894224e-01  1.0000000000e+00  1.4157512106e+06  1.4157512106e+06  0.0000000000e+00
5.1604651163e-01  1.0000000000e+00  1.4157512106e+06  1.4157512106e+06  0.0000000000e+00
5.1632408102e-01  1.0000000000e+00  1.4157512106e+06  1.4157512106e+06  0.0000000000e+00
5.1660165041e-01  1.0000000000e+00  1.4157512106e+06  1.4157512106e+06  0.0000000000e+00
5.1687921980e-01  1.0000000000e+00  1.4157512106e+06  1.4157512106e+06  0.0000000000e+00
5.1715678920e-01  1.0000000000e+00  1.4157512106e+06  1.4157512106e+06  0.0000000000e+00
5.1743435859e-01  1.0000000000e+00  1.4157512106e+06  1.4157512106e+06  0.0000000000e+00
5.1771192798e-01  1.0000000000e+00  1.4157512106e+06  1.4157512106e+06  0.0000000000e+00
5.1798949737e-01  1.0000000000e+00  1.4157512106e+06  1.4157512106e+06  0.0000000000e+00
5.1826706677e-01  1.0000000000e+00  1.4157512106e+06  1.4157512106e+06  0.0000000000e+00
5.1854463616e-01  1.0000000000e+00  1.4157512106e+06  1.4157512106e+06  0.0000000000e+00
5.1882220555e-01  1.0000000000e+00  1.4157512106e+06  1.4157512106e+06  0.0000000000e+00
5.1909977494e-01  1.0000000000e+00  1.4157512106e+06  1.4157512106e+06  0.0000000000e+00
5.1937734434e-01  1.0000000000e+00  1.4157512106e+06  1.4157512106e+06  0.0000000000e+00
5.1965491373e-01  1.0000000000e+00  1.4157512106e+06  1.4157512106e+06  0.0000000000e+00
5.1993248312e-01  1.0000000000e+00  1.4157512106e+06  1.4157512106e+06  0.0000000000e+00
5.2021005251e-01  1.0000000000e+00  1.4157512106e+06  1.4157512106e+06  0.0000000000e+00
5.2048762191e-01  1.0000000000e+00  1.4157512106e+06  1.4157512106e+06  0.0000000000e+00
5.2076519130e-01  1.0000000000e+00  1.4157512106e+06  1.4157512106e+06  0.0000000000e+00
5.2104276069e-01  1.0000000000e+00  1.4157512106e+06  1.4157512106e+06  0.0000000000e+00
5.2132033008e-01  1.0000000000e+00  1.4157512106e+06  1.4157512106e+06  0.0000000000e+00
5.2159789947e-01  1.0000000000e+00  1.4157512106e+06  1.4157512106e+06  0.0000000000e+00
5.2187546887e-01  1.0000000000e+00  1.4157512106e+06  1.4157512106e+06  0.0000000000e+00
5.2215303826e-01  1.0000000000e+00  1.4157512106e+06  1.4157512106e+06  0.0000000000e+00
5.2243060765e-01  1.0000000000e+00  1.4157512106e+06  1.4157512106e+06  0.0000000000e+00
5.2270817704e-01  1.0000000000e+00  1.4157512106e+06  1.4157512106e+06  0.0000000000e+00
5.2298574644e-01  1.0000000000e+00  1.4157512106e+06  1.4157512106e+06  0.0000000000e+00
5.2326331583e-01  1.0000000000e+00  1.4157512106e+06  1.4157512106e+06  0.0000000000e+00
5.2354088522e-01  1.0000000000e+00  1.4157512106e+06  1.4157512106e+06  0.0000000000e+00
5.2381845461e-01  1.0000000000e+00  1.4157512106e+06  1.4157512106e+06  0.0000000000e+00
5.2409602401e-01  1.0000000000e+00  1.4157512106e+06  1.4157512106e+06  0.0000000000e+00
5.2437359340e-01  1.0000000000e+00  1.4157512106e+06  1.4157512106e+06  0.0000000000e+00
5.2465116279e-01  1.0000000000e+00  1.4157512106e+06  1.4157512106e+06  0.0000000000e+00
5.2492873218e-01  1.0000000000e+00  1.4157512106e+06  1.4157512106e+06  0.0000000000e+00
5.2520630158e-01  1.0000000000e+00  1.4157512106e+06  1.4157512106e+06  0.0000000000e+00
5.2548387097e-01  1.0000000000e+00  1.4157512106e+06  1.4157512106e+06  0.0000000000e+00
5.2576144036e-01  1.0000000000e+00  1.4157512106e+06  1.4157512106e+06  0.0000000000e+00
5.2603900975e-01  1.0000000000e+00  1.4157512106e+06  1.4157512106e+06  0.0000000000e+00
5.2631657914e-01  1.0000000000e+00  1.4157512106e+06  1.4157512106e+06  0.0000000000e+00
5.2659414854e-01  1.0000000000e+00  1.4157512106e+06  1.4157512106e+06  0.0000000000e+00
5.2687171793e-01  1.0000000000e+00  1.4157512106e+06  1.4157512106e+06  0.0000000000e+00
5.2714928732e-01  1.0000000000e+00  1.4157512106e+06  1.4157512106e+06  0.0000000000e+00
5.2742685671e-01  1.0000000000e+00  1.4157512106e+06  1.4157512106e+06  0.0000000000e+00
5.2770442611e-01  1.0000000000e+00  1.4157512106e+06  1.4157512106e+06  0.0000000000e+00
5.2798199550e-01  1.0000000000e+00  1.4157512106e+06  1.4157512106e+06  0.0000000000e+00
5.2825956489e-01  1.0000000000e+00  1.4157512106e+06  1.4157512106e+06  0.0000000000e+00
5.2853713428e-01  1.0000000000e+00  1.4157512106e+06  1.4157512106e+06  0.0000000000e+00
5.2881470368e-01  1.0000000000e+00  1.4157512106e+06  1.4157512106e+06  0.0000000000e+00
5.2909227307e-01  1.0000000000e+00  1.4157512106e+06  1.4157512106e+06  0.0000000000e+00
5.2936984246e-01  1.0000000000e+00  1.4157512106e+06  1.4157512106e+06  0.0000000000e+00
5.2964741185e-01  1.0000000000e+00  1.4157512106e+06  1.4157512106e+06  0.0000000000e+00
5.2992498125e-01  1.0000000000e+00  1.4157512106e+06  1.4157512106e+06  0.0000000000e+00
5.3020255064e-01  1.0000000000e+00  1.4157512106e+06  1.4157512106e+06  0.0000000000e+00
5.3048012003e-01  1.0000000000e+00  1.4157512106e+06  1.4157512106e+06  0.0000000000e+00
5.3075768942e-01  1.0000000000e+00  1.4157512106e+06  1.4157512106e+06  0.0000000000e+00
5.3103525881e-01  1.0000000000e+00  1.4157512106e+06  1.4157512106e+06  0.0000000000e+00
5.3131282821e-01  1.0000000000e+00  1.4157512106e+06  1.4157512106e+06  0.0000000000e+00
5.3159039760e-01  1.0000000000e+00  1.4157512106e+06  1.4157512106e+06  0.0000000000e+00
5.3186796699e-01  1.0000000000e+00  1.4157512106e+06  1.4157512106e+06  0.0000000000e+00
5.3214553638e-01  1.0000000000e+00  1.4157512106e+06  1.4157512106e+06  0.0000000000e+00
5.3242310578e-01  1.0000000000e+00  1.4157512106e+06  1.4157512106e+06  0.0000000000e+00
5.3270067517e-01  1.0000000000e+00  1.4157512106e+06  1.4157512106e+06  0.0000000000e+00
5.3297824456e-01  1.0000000000e+00  1.4157512106e+06  1.4157512106e+06  0.0000000000e+00
5.3325581395e-01  1.0000000000e+00  1.4157512106e+06  1.4157512106e+06  0.0000000000e+00
5.3353338335e-01  1.0000000000e+00  1.4157512106e+06  1.4157512106e+06  0.0000000000e+00
5.3381095274e-01  1.0000000000e+00  1.4157512106e+06  1.4157512106e+06  0.0000000000e+00
5.3408852213e-01  1.0000000000e+00  1.4157512106e+06  1.4157512106e+06  0.0000000000e+00
5.3436609152e-01  1.0000000000e+00  1.4157512106e+06  1.4157512106e+06  0.0000000000e+00
5.3464366092e-01  1.0000000000e+00  1.4157512106e+06  1.4157512106e+06  0.0000000000e+00
5.3492123031e-01  1.0000000000e+00  1.4157512106e+06  1.4157512106e+06  0.0000000000e+00
5.3519879970e-01  1.0000000000e+00  1.4157512106e+06  1.4157512106e+06  0.0000000000e+00
5.3547636909e-01  1.0000000000e+00  1.4157512106e+06  1.4157512106e+06  0.0000000000e+00
5.3575393848e-01  1.0000000000e+00  1.4157512106e+06  1.4157512106e+06  0.0000000000e+00
5.3603150788e-01  1.0000000000e+00  1.4157512106e+06  1.4157512106e+06  0.0000000000e+00
5.3630907727e-01  1.0000000000e+00  1.4157512106e+06  1.4157512106e+06  0.0000000000e+00
5.3658664666e-01  1.0000000000e+00  1.4157512106e+06  1.4157512106e+06  0.0000000000e+00
5.3686421605e-01  1.0000000000e+00  1.4157512106e+06  1.4157512106e+06  0.0000000000e+00
5.3714178545e-01  1.0000000000e+00  1.4157512106e+06  1.4157512106e+06  0.0000000000e+00
5.3741935484e-01  1.0000000000e+00  1.4157512106e+06  1.4157512106e+06  0.0000000000e+00
5.3769692423e-01  1.0000000000e+00  1.4157512106e+06  1.4157512106e+06  0.0000000000e+00
5.3797449362e-01  1.0000000000e+00  1.4157512106e+06  1.4157512106e+06  0.0000000000e+00
5.3825206302e-01  1.0000000000e+00  1.4157512106e+06  1.4157512106e+06  0.0000000000e+00
5.3852963241e-01  1.0000000000e+00  1.4157512106e+06  1.4157512106e+06  0.0000000000e+00
5.3880720180e-01  1.0000000000e+00  1.4157512106e+06  1.4157512106e+06  0.0000000000e+00
5.3908477119e-01  1.0000000000e+00  1.4157512106e+06  1.4157512106e+06  0.0000000000e+00
5.3936234059e-01  1.0000000000e+00  1.4157512106e+06  1.4157512106e+06  0.0000000000e+00
5.3963990998e-01  1.0000000000e+00  1.4157512106e+06  1.4157512106e+06  0.0000000000e+00
5.3991747937e-01  1.0000000000e+00  1.4157512106e+06  1.4157512106e+06  0.0000000000e+00
5.4019504876e-01  1.0000000000e+00  1.4157512106e+06  1.4157512106e+06  0.0000000000e+00
5.4047261815e-01  1.0000000000e+00  1.4157512106e+06  1.4157512106e+06  0.0000000000e+00
5.4075018755e-01  1.0000000000e+00  1.4157512106e+06  1.4157512106e+06  0.0000000000e+00
5.4102775694e-01  1.0000000000e+00  1.4157512106e+06  1.4157512106e+06  0.0000000000e+00
5.4130532633e-01  1.0000000000e+00  1.4157512106e+06  1.4157512106e+06  0.0000000000e+00
5.4158289572e-01  1.0000000000e+00  1.4157512106e+06  1.4157512106e+06  0.0000000000e+00
5.4186046512e-01  1.0000000000e+00  1.4157512106e+06  1.4157512106e+06  0.0000000000e+00
5.4213803451e-01  1.0000000000e+00  1.4157512106e+06  1.4157512106e+06  0.0000000000e+00
5.4241560390e-01  1.0000000000e+00  1.4157512106e+06  1.4157512106e+06  0.0000000000e+00
5.4269317329e-01  1.0000000000e+00  1.4157512106e+06  1.4157512106e+06  0.0000000000e+00
5.4297074269e-01  1.0000000000e+00  1.4157512106e+06  1.4157512106e+06  0.0000000000e+00
5.4324831208e-01  1.0000000000e+00  1.4157512106e+06  1.4157512106e+06  0.0000000000e+00
5.4352588147e-01  1.0000000000e+00  1.4157512106e+06  1.4157512106e+06  0.0000000000e+00
5.4380345086e-01  1.0000000000e+00  1.4157512106e+06  1.4157512106e+06  0.0000000000e+00
5.4408102026e-01  1.0000000000e+00  1.4157512106e+06  1.4157512106e+06  0.0000000000e+00
5.4435858965e-01  1.0000000000e+00  1.4157512106e+06  1.4157512106e+06  0.0000000000e+00
5.4463615904e-01  1.0000000000e+00  1.4157512106e+06  1.4157512106e+06  0.0000000000e+00
5.4491372843e-01  1.0000000000e+00  1.4157512106e+06  1.4157512106e+06  0.0000000000e+00
5.4519129782e-01  1.0000000000e+00  1.4157512106e+06  1.4157512106e+06  0.0000000000e+00
5.4546886722e-01  1.0000000000e+00  1.4157512106e+06  1.4157512106e+06  0.0000000000e+00
5.4574643661e-01  1.0000000000e+00  1.4157512106e+06  1.4157512106e+06  0.0000000000e+00
5.4602400600e-01  1.0000000000e+00  1.4157512106e+06  1.4157512106e+06  0.0000000000e+00
5.4630157539e-01  1.0000000000e+00  1.4157512106e+06  1.4157512106e+06  0.0000000000e+00
5.4657914479e-01  1.0000000000e+00  1.4157512106e+06  1.4157512106e+06  0.0000000000e+00
5.4685671418e-01  1.0000000000e+00  1.4157512106e+06  1.4157512106e+06  0.0000000000e+00
5.4713428357e-01  1.0000000000e+00  1.4157512106e+06  1.4157512106e+06  0.0000000000e+00
5.4741185296e-01  1.0000000000e+00  1.4157512106e+06  1.4157512106e+06  0.0000000000e+00
5.4768942236e-01  1.0000000000e+00  1.4157512106e+06  1.4157512106e+06  0.0000000000e+00
5.4796699175e-01  1.0000000000e+00  1.4157512106e+06  1.4157512106e+06  0.0000000000e+00
5.4824456114e-01  1.0000000000e+00  1.4157512106e+06  1.4157512106e+06  0.0000000000e+00
5.4852213053e-01  1.0000000000e+00  1.4157512106e+06  1.4157512106e+06  0.0000000000e+00
5.4879969992e-01  1.0000000000e+00  1.4157512106e+06  1.4157512106e+06  0.0000000000e+00
5.4907726932e-01  1.0000000000e+00  1.4157512106e+06  1.4157512106e+06  0.0000000000e+00
5.4935483871e-01  1.0000000000e+00  1.4157512106e+06  1.4157512106e+06  0.0000000000e+00
5.4963240810e-01  1.0000000000e+00  1.4157512106e+06  1.4157512106e+06  0.0000000000e+00
5.4990997749e-01  1.0000000000e+00  1.4157512106e+06  1.4157512106e+06  0.0000000000e+00
5.5018754689e-01  1.0000000000e+00  1.4157512106e+06  1.4157512106e+06  0.0000000000e+00
5.5046511628e-01  1.0000000000e+00  1.4157512106e+06  1.4157512106e+06  0.0000000000e+00
5.5074268567e-01  1.0000000000e+00  1.4157512106e+06  1.4157512106e+06  0.0000000000e+00
5.5102025506e-01  1.0000000000e+00  1.4157512106e+06  1.4157512106e+06  0.0000000000e+00
5.5129782446e-01  1.0000000000e+00  1.4157512106e+06  1.4157512106e+06  0.0000000000e+00
5.5157539385e-01  1.0000000000e+00  1.4157512106e+06  1.4157512106e+06  0.0000000000e+00
5.5185296324e-01  1.0000000000e+00  1.4157512106e+06  1.4157512106e+06  0.0000000000e+00
5.5213053263e-01  1.0000000000e+00  1.4157512106e+06  1.4157512106e+06  0.0000000000e+00
5.5240810203e-01  1.0000000000e+00  1.4157512106e+06  1.4157512106e+06  0.0000000000e+00
5.5268567142e-01  1.0000000000e+00  1.4157512106e+06  1.4157512106e+06  0.0000000000e+00
5.5296324081e-01  1.0000000000e+00  1.4157512106e+06  1.4157512106e+06  0.0000000000e+00
5.5324081020e-01  1.0000000000e+00  1.4157512106e+06  1.4157512106e+06  0.0000000000e+00
5.5351837959e-01  1.0000000000e+00  1.4157512106e+06  1.4157512106e+06  0.0000000000e+00
5.5379594899e-01  1.0000000000e+00  1.4157512106e+06  1.4157512106e+06  0.0000000000e+00
5.5407351838e-01  1.0000000000e+00  1.4157512106e+06  1.4157512106e+06  0.0000000000e+00
5.5435108777e-01  1.0000000000e+00  1.4157512106e+06  1.4157512106e+06  0.0000000000e+00
5.5462865716e-01  1.0000000000e+00  1.4157512106e+06  1.4157512106e+06  0.0000000000e+00
5.5490622656e-01  1.0000000000e+00  1.4157512106e+06  1.4157512106e+06  0.0000000000e+00
5.5518379595e-01  1.0000000000e+00  1.4157512106e+06  1.4157512106e+06  0.0000000000e+00
5.5546136534e-01  1.0000000000e+00  1.4157512106e+06  1.4157512106e+06  0.0000000000e+00
5.5573893473e-01  1.0000000000e+00  1.4157512106e+06  1.4157512106e+06  0.0000000000e+00
5.5601650413e-01  1.0000000000e+00  1.4157512106e+06  1.4157512106e+06  0.0000000000e+00
5.5629407352e-01  1.0000000000e+00  1.4157512106e+06  1.4157512106e+06  0.0000000000e+00
5.5657164291e-01  1.0000000000e+00  1.4157512106e+06  1.4157512106e+06  0.0000000000e+00
5.5684921230e-01  1.0000000000e+00  1.4157512106e+06  1.4157512106e+06  0.0000000000e+00
5.5712678170e-01  1.0000000000e+00  1.4157512106e+06  1.4157512106e+06  0.0000000000e+00
5.5740435109e-01  1.0000000000e+00  1.4157512106e+06  1.4157512106e+06  0.0000000000e+00
5.5768192048e-01  1.0000000000e+00  1.4157512106e+06  1.4157512106e+06  0.0000000000e+00
5.5795948987e-01  1.0000000000e+00  1.4157512106e+06  1.4157512106e+06  0.0000000000e+00
5.5823705926e-01  1.0000000000e+00  1.4157512106e+06  1.4157512106e+06  0.0000000000e+00
5.5851462866e-01  1.0000000000e+00  1.4157512106e+06  1.4157512106e+06  0.0000000000e+00
5.5879219805e-01  1.0000000000e+00  1.4157512106e+06  1.4157512106e+06  0.0000000000e+00
5.5906976744e-01  1.0000000000e+00  1.4157512106e+06  1.4157512106e+06  0.0000000000e+00
5.5934733683e-01  1.0000000000e+00  1.4157512106e+06  1.4157512106e+06  0.0000000000e+00
5.5962490623e-01  1.0000000000e+00  1.4157512106e+06  1.4157512106e+06  0.0000000000e+00
5.5990247562e-01  1.0000000000e+00  1.4157512106e+06  1.4157512106e+06  0.0000000000e+00
5.6018004501e-01  1.0000000000e+00  1.4157512106e+06  1.4157512106e+06  0.0000000000e+00
5.6045761440e-01  1.0000000000e+00  1.4157512106e+06  1.4157512106e+06  0.0000000000e+00
5.6073518380e-01  1.0000000000e+00  1.4157512106e+06  1.4157512106e+06  0.0000000000e+00
5.6101275319e-01  1.0000000000e+00  1.4157512106e+06  1.4157512106e+06  0.0000000000e+00
5.6129032258e-01  1.0000000000e+00  1.4157512106e+06  1.4157512106e+06  0.0000000000e+00
5.6156789197e-01  1.0000000000e+00  1.4157512106e+06  1.4157512106e+06  0.0000000000e+00
5.6184546137e-01  1.0000000000e+00  1.4157512106e+06  1.4157512106e+06  0.0000000000e+00
5.6212303076e-01  1.0000000000e+00  1.4157512106e+06  1.4157512106e+06  0.0000000000e+00
5.6240060015e-01  1.0000000000e+00  1.4157512106e+06  1.4157512106e+06  0.0000000000e+00
5.6267816954e-01  1.0000000000e+00  1.4157512106e+06  1.4157512106e+06  0.0000000000e+00
5.6295573893e-01  1.0000000000e+00  1.4157512106e+06  1.4157512106e+06  0.0000000000e+00
5.6323330833e-01  1.0000000000e+00  1.4157512106e+06  1.4157512106e+06  0.0000000000e+00
5.6351087772e-01  1.0000000000e+00  1.4157512106e+06  1.4157512106e+06  0.0000000000e+00
5.6378844711e-01  1.0000000000e+00  1.4157512106e+06  1.4157512106e+06  0.0000000000e+00
5.6406601650e-01  1.0000000000e+00  1.4157512106e+06  1.4157512106e+06  0.0000000000e+00
5.6434358590e-01  1.0000000000e+00  1.4157512106e+06  1.4157512106e+06  0.0000000000e+00
5.6462115529e-01  1.0000000000e+00  1.4157512106e+06  1.4157512106e+06  0.0000000000e+00
5.6489872468e-01  1.0000000000e+00  1.4157512106e+06  1.4157512106e+06  0.0000000000e+00
5.6517629407e-01  1.0000000000e+00  1.4157512106e+06  1.4157512106e+06  0.0000000000e+00
5.6545386347e-01  1.0000000000e+00  1.4157512106e+06  1.4157512106e+06  0.0000000000e+00
5.6573143286e-01  1.0000000000e+00  1.4157512106e+06  1.4157512106e+06  0.0000000000e+00
5.6600900225e-01  1.0000000000e+00  1.4157512106e+06  1.4157512106e+06  0.0000000000e+00
5.6628657164e-01  1.0000000000e+00  1.4157512106e+06  1.4157512106e+06  0.0000000000e+00
5.6656414104e-01  1.0000000000e+00  1.4157512106e+06  1.4157512106e+06  0.0000000000e+00
5.6684171043e-01  1.0000000000e+00  1.4157512106e+06  1.4157512106e+06  0.0000000000e+00
5.6711927982e-01  1.0000000000e+00  1.4157512106e+06  1.4157512106e+06  0.0000000000e+00
5.6739684921e-01  1.0000000000e+00  1.4157512106e+06  1.4157512106e+06  0.0000000000e+00
5.6767441860e-01  1.0000000000e+00  1.4157512106e+06  1.4157512106e+06  0.0000000000e+00
5.6795198800e-01  1.0000000000e+00  1.4157512106e+06  1.4157512106e+06  0.0000000000e+00
5.6822955739e-01  1.0000000000e+00  1.4157512106e+06  1.4157512106e+06  0.0000000000e+00
5.6850712678e-01  1.0000000000e+00  1.4157512106e+06  1.4157512106e+06  0.0000000000e+00
5.6878469617e-01  1.0000000000e+00  1.4157512106e+06  1.4157512106e+06  0.0000000000e+00
5.6906226557e-01  1.0000000000e+00  1.4157512106e+06  1.4157512106e+06  0.0000000000e+00
5.6933983496e-01  1.0000000000e+00  1.4157512106e+06  1.4157512106e+06  0.0000000000e+00
5.6961740435e-01  1.0000000000e+00  1.4157512106e+06  1.4157512106e+06  0.0000000000e+00
5.6989497374e-01  1.0000000000e+00  1.4157512106e+06  1.4157512106e+06  0.0000000000e+00
5.7017254314e-01  1.0000000000e+00  1.4157512106e+06  1.4157512106e+06  0.0000000000e+00
5.7045011253e-01  1.0000000000e+00  1.4157512106e+06  1.4157512106e+06  0.0000000000e+00
5.7072768192e-01  1.0000000000e+00  1.4157512106e+06  1.4157512106e+06  0.0000000000e+00
5.7100525131e-01  1.0000000000e+00  1.4157512106e+06  1.4157512106e+06  0.0000000000e+00
5.7128282071e-01  1.0000000000e+00  1.4157512106e+06  1.4157512106e+06  0.0000000000e+00
5.7156039010e-01  1.0000000000e+00  1.4157512106e+06  1.4157512106e+06  0.0000000000e+00
5.7183795949e-01  1.0000000000e+00  1.4157512106e+06  1.4157512106e+06  0.0000000000e+00
5.7211552888e-01  1.0000000000e+00  1.4157512106e+06  1.4157512106e+06  0.0000000000e+00
5.7239309827e-01  1.0000000000e+00  1.4157512106e+06  1.4157512106e+06  0.0000000000e+00
5.7267066767e-01  1.0000000000e+00  1.4157512106e+06  1.4157512106e+06  0.0000000000e+00
5.7294823706e-01  1.0000000000e+00  1.4157512106e+06  1.4157512106e+06  0.0000000000e+00
5.7322580645e-01  1.0000000000e+00  1.4157512106e+06  1.4157512106e+06  0.0000000000e+00
5.7350337584e-01  1.0000000000e+00  1.4157512106e+06  1.4157512106e+06  0.0000000000e+00
5.7378094524e-01  1.0000000000e+00  1.4157512106e+06  1.4157512106e+06  0.0000000000e+00
5.7405851463e-01  1.0000000000e+00  1.4157512106e+06  1.4157512106e+06  0.0000000000e+00
5.7433608402e-01  1.0000000000e+00  1.4157512106e+06  1.4157512106e+06  0.0000000000e+00
5.7461365341e-01  1.0000000000e+00  1.4157512106e+06  1.4157512106e+06  0.0000000000e+00
5.7489122281e-01  1.0000000000e+00  1.4157512106e+06  1.4157512106e+06  0.0000000000e+00
5.7516879220e-01  1.0000000000e+00  1.4157512106e+06  1.4157512106e+06  0.0000000000e+00
5.7544636159e-01  1.0000000000e+00  1.4157512106e+06  1.4157512106e+06  0.0000000000e+00
5.7572393098e-01  1.0000000000e+00  1.4157512106e+06  1.4157512106e+06  0.0000000000e+00
5.7600150038e-01  1.0000000000e+00  1.4157512106e+06  1.4157512106e+06  0.0000000000e+00
5.7627906977e-01  1.0000000000e+00  1.4157512106e+06  1.4157512106e+06  0.0000000000e+00
5.7655663916e-01  1.0000000000e+00  1.4157512106e+06  1.4157512106e+06  0.0000000000e+00
5.7683420855e-01  1.0000000000e+00  1.4157512106e+06  1.4157512106e+06  0.0000000000e+00
5.7711177794e-01  1.0000000000e+00  1.4157512106e+06  1.4157512106e+06  0.0000000000e+00
5.7738934734e-01  1.0000000000e+00  1.4157512106e+06  1.4157512106e+06  0.0000000000e+00
5.7766691673e-01  1.0000000000e+00  1.4157512106e+06  1.4157512106e+06  0.0000000000e+00
5.7794448612e-01  1.0000000000e+00  1.4157512106e+06  1.4157512106e+06  0.0000000000e+00
5.7822205551e-01  1.0000000000e+00  1.4157512106e+06  1.4157512106e+06  0.0000000000e+00
5.7849962491e-01  1.0000000000e+00  1.4157512106e+06  1.4157512106e+06  0.0000000000e+00
5.7877719430e-01  1.0000000000e+00  1.4157512106e+06  1.4157512106e+06  0.0000000000e+00
5.7905476369e-01  1.0000000000e+00  1.4157512106e+06  1.4157512106e+06  0.0000000000e+00
5.7933233308e-01  1.0000000000e+00  1.4157512106e+06  1.4157512106e+06  0.0000000000e+00
5.7960990248e-01  1.0000000000e+00  1.4157512106e+06  1.4157512106e+06  0.0000000000e+00
5.7988747187e-01  1.0000000000e+00  1.4157512106e+06  1.4157512106e+06  0.0000000000e+00
5.8016504126e-01  1.0000000000e+00  1.4157512106e+06  1.4157512106e+06  0.0000000000e+00
5.8044261065e-01  1.0000000000e+00  1.4157512106e+06  1.4157512106e+06  0.0000000000e+00
5.8072018005e-01  1.0000000000e+00  1.4157512106e+06  1.4157512106e+06  0.0000000000e+00
5.8099774944e-01  1.0000000000e+00  1.4157512106e+06  1.4157512106e+06  0.0000000000e+00
5.8127531883e-01  1.0000000000e+00  1.4157512106e+06  1.4157512106e+06  0.0000000000e+00
5.8155288822e-01  1.0000000000e+00  1.4157512106e+06  1.4157512106e+06  0.0000000000e+00
5.8183045761e-01  1.0000000000e+00  1.4157512106e+06  1.4157512106e+06  0.0000000000e+00
5.8210802701e-01  1.0000000000e+00  1.4157512106e+06  1.4157512106e+06  0.0000000000e+00
5.8238559640e-01  1.0000000000e+00  1.4157512106e+06  1.4157512106e+06  0.0000000000e+00
5.8266316579e-01  1.0000000000e+00  1.4157512106e+06  1.4157512106e+06  0.0000000000e+00
5.8294073518e-01  1.0000000000e+00  1.4157512106e+06  1.4157512106e+06  0.0000000000e+00
5.8321830458e-01  1.0000000000e+00  1.4157512106e+06  1.4157512106e+06  0.0000000000e+00
5.8349587397e-01  1.0000000000e+00  1.4157512106e+06  1.4157512106e+06  0.0000000000e+00
5.8377344336e-01  1.0000000000e+00  1.4157512106e+06  1.4157512106e+06  0.0000000000e+00
5.8405101275e-01  1.0000000000e+00  1.4157512106e+06  1.4157512106e+06  0.0000000000e+00
5.8432858215e-01  1.0000000000e+00  1.4157512106e+06  1.4157512106e+06  0.0000000000e+00
5.8460615154e-01  1.0000000000e+00  1.4157512106e+06  1.4157512106e+06  0.0000000000e+00
5.8488372093e-01  1.0000000000e+00  1.4157512106e+06  1.4157512106e+06  0.0000000000e+00
5.8516129032e-01  1.0000000000e+00  1.4157512106e+06  1.4157512106e+06  0.0000000000e+00
5.8543885971e-01  1.0000000000e+00  1.4157512106e+06  1.4157512106e+06  0.0000000000e+00
5.8571642911e-01  1.0000000000e+00  1.4157512106e+06  1.4157512106e+06  0.0000000000e+00
5.8599399850e-01  1.0000000000e+00  1.4157512106e+06  1.4157512106e+06  0.0000000000e+00
5.8627156789e-01  1.0000000000e+00  1.4157512106e+06  1.4157512106e+06  0.0000000000e+00
5.8654913728e-01  1.0000000000e+00  1.4157512106e+06  1.4157512106e+06  0.0000000000e+00
5.8682670668e-01  1.0000000000e+00  1.4157512106e+06  1.4157512106e+06  0.0000000000e+00
5.8710427607e-01  1.0000000000e+00  1.4157512106e+06  1.4157512106e+06  0.0000000000e+00
5.8738184546e-01  1.0000000000e+00  1.4157512106e+06  1.4157512106e+06  0.0000000000e+00
5.8765941485e-01  1.0000000000e+00  1.4157512106e+06  1.4157512106e+06  0.0000000000e+00
5.8793698425e-01  1.0000000000e+00  1.4157512106e+06  1.4157512106e+06  0.0000000000e+00
5.8821455364e-01  1.0000000000e+00  1.4157512106e+06  1.4157512106e+06  0.0000000000e+00
5.8849212303e-01  1.0000000000e+00  1.4157512106e+06  1.4157512106e+06  0.0000000000e+00
5.8876969242e-01  1.0000000000e+00  1.4157512106e+06  1.4157512106e+06  0.0000000000e+00
5.8904726182e-01  1.0000000000e+00  1.4157512106e+06  1.4157512106e+06  0.0000000000e+00
5.8932483121e-01  1.0000000000e+00  1.4157512106e+06  1.4157512106e+06  0.0000000000e+00
5.8960240060e-01  1.0000000000e+00  1.4157512106e+06  1.4157512106e+06  0.0000000000e+00
5.8987996999e-01  1.0000000000e+00  1.4157512106e+06  1.4157512106e+06  0.0000000000e+00
5.9015753938e-01  1.0000000000e+00  1.4157512106e+06  1.4157512106e+06  0.0000000000e+00
5.9043510878e-01  1.0000000000e+00  1.4157512106e+06  1.4157512106e+06  0.0000000000e+00
5.9071267817e-01  1.0000000000e+00  1.4157512106e+06  1.4157512106e+06  0.0000000000e+00
5.9099024756e-01  1.0000000000e+00  1.4157512106e+06  1.4157512106e+06  0.0000000000e+00
5.9126781695e-01  1.0000000000e+00  1.4157512106e+06  1.4157512106e+06  0.0000000000e+00
5.9154538635e-01  1.0000000000e+00  1.4157512106e+06  1.4157512106e+06  0.0000000000e+00
5.9182295574e-01  1.0000000000e+00  1.4157512106e+06  1.4157512106e+06  0.0000000000e+00
5.9210052513e-01  1.0000000000e+00  1.4157512106e+06  1.4157512106e+06  0.0000000000e+00
5.9237809452e-01  1.0000000000e+00  1.4157512106e+06  1.4157512106e+06  0.0000000000e+00
5.9265566392e-01  1.0000000000e+00  1.4157512106e+06  1.4157512106e+06  0.0000000000e+00
5.9293323331e-01  1.0000000000e+00  1.4157512106e+06  1.4157512106e+06  0.0000000000e+00
5.9321080270e-01  1.0000000000e+00  1.4157512106e+06  1.4157512106e+06  0.0000000000e+00
5.9348837209e-01  1.0000000000e+00  1.4157512106e+06  1.4157512106e+06  0.0000000000e+00
5.9376594149e-01  1.0000000000e+00  1.4157512106e+06  1.4157512106e+06  0.0000000000e+00
5.9404351088e-01  1.0000000000e+00  1.4157512106e+06  1.4157512106e+06  0.0000000000e+00
5.9432108027e-01  1.0000000000e+00  1.4157512106e+06  1.4157512106e+06  0.0000000000e+00
5.9459864966e-01  1.0000000000e+00  1.4157512106e+06  1.4157512106e+06  0.0000000000e+00
5.9487621905e-01  1.0000000000e+00  1.4157512106e+06  1.4157512106e+06  0.0000000000e+00
5.9515378845e-01  1.0000000000e+00  1.4157512106e+06  1.4157512106e+06  0.0000000000e+00
5.9543135784e-01  1.0000000000e+00  1.4157512106e+06  1.4157512106e+06  0.0000000000e+00
5.9570892723e-01  1.0000000000e+00  1.4157512106e+06  1.4157512106e+06  0.0000000000e+00
5.9598649662e-01  1.0000000000e+00  1.4157512106e+06  1.4157512106e+06  0.0000000000e+00
5.9626406602e-01  1.0000000000e+00  1.4157512106e+06  1.4157512106e+06  0.0000000000e+00
5.9654163541e-01  1.0000000000e+00  1.4157512106e+06  1.4157512106e+06  0.0000000000e+00
5.9681920480e-01  1.0000000000e+00  1.4157512106e+06  1.4157512106e+06  0.0000000000e+00
5.9709677419e-01  1.0000000000e+00  1.4157512106e+06  1.4157512106e+06  0.0000000000e+00
5.9737434359e-01  1.0000000000e+00  1.4157512106e+06  1.4157512106e+06  0.0000000000e+00
5.9765191298e-01  1.0000000000e+00  1.4157512106e+06  1.4157512106e+06  0.0000000000e+00
5.9792948237e-01  1.0000000000e+00  1.4157512106e+06  1.4157512106e+06  0.0000000000e+00
5.9820705176e-01  1.0000000000e+00  1.4157512106e+06  1.4157512106e+06  0.0000000000e+00
5.9848462116e-01  1.0000000000e+00  1.4157512106e+06  1.4157512106e+06  0.0000000000e+00
5.9876219055e-01  1.0000000000e+00  1.4157512106e+06  1.4157512106e+06  0.0000000000e+00
5.9903975994e-01  1.0000000000e+00  1.4157512106e+06  1.4157512106e+06  0.0000000000e+00
5.9931732933e-01  1.0000000000e+00  1.4157512106e+06  1.4157512106e+06  0.0000000000e+00
5.9959489872e-01  1.0000000000e+00  1.4157512106e+06  1.4157512106e+06  0.0000000000e+00
5.9987246812e-01  1.0000000000e+00  1.4157512106e+06  1.4157512106e+06  0.0000000000e+00
6.0015003751e-01  1.0000000000e+00  1.4157512106e+06  1.4157512106e+06  0.0000000000e+00
6.0042760690e-01  1.0000000000e+00  1.4157512106e+06  1.4157512106e+06  0.0000000000e+00
6.0070517629e-01  1.0000000000e+00  1.4157512106e+06  1.4157512106e+06  0.0000000000e+00
6.0098274569e-01  1.0000000000e+00  1.4157512106e+06  1.4157512106e+06  0.0000000000e+00
6.0126031508e-01  1.0000000000e+00  1.4157512106e+06  1.4157512106e+06  0.0000000000e+00
6.0153788447e-01  1.0000000000e+00  1.4157512106e+06  1.4157512106e+06  0.0000000000e+00
6.0181545386e-01  1.0000000000e+00  1.4157512106e+06  1.4157512106e+06  0.0000000000e+00
6.0209302326e-01  1.0000000000e+00  1.4157512106e+06  1.4157512106e+06  0.0000000000e+00
6.0237059265e-01  1.0000000000e+00  1.4157512106e+06  1.4157512106e+06  0.0000000000e+00
6.0264816204e-01  1.0000000000e+00  1.4157512106e+06  1.4157512106e+06  0.0000000000e+00
6.0292573143e-01  1.0000000000e+00  1.4157512106e+06  1.4157512106e+06  0.0000000000e+00
6.0320330083e-01  1.0000000000e+00  1.4157512106e+06  1.4157512106e+06  0.0000000000e+00
6.0348087022e-01  1.0000000000e+00  1.4157512106e+06  1.4157512106e+06  0.0000000000e+00
6.0375843961e-01  1.0000000000e+00  1.4157512106e+06  1.4157512106e+06  0.0000000000e+00
6.0403600900e-01  1.0000000000e+00  1.4157512106e+06  1.4157512106e+06  0.0000000000e+00
6.0431357839e-01  1.0000000000e+00  1.4157512106e+06  1.4157512106e+06  0.0000000000e+00
6.0459114779e-01  1.0000000000e+00  1.4157512106e+06  1.4157512106e+06  0.0000000000e+00
6.0486871718e-01  1.0000000000e+00  1.4157512106e+06  1.4157512106e+06  0.0000000000e+00
6.0514628657e-01  1.0000000000e+00  1.4157512106e+06  1.4157512106e+06  0.0000000000e+00
6.0542385596e-01  1.0000000000e+00  1.4157512106e+06  1.4157512106e+06  0.0000000000e+00
6.0570142536e-01  1.0000000000e+00  1.4157512106e+06  1.4157512106e+06  0.0000000000e+00
6.0597899475e-01  1.0000000000e+00  1.4157512106e+06  1.4157512106e+06  0.0000000000e+00
6.0625656414e-01  1.0000000000e+00  1.4157512106e+06  1.4157512106e+06  0.0000000000e+00
6.0653413353e-01  1.0000000000e+00  1.4157512106e+06  1.4157512106e+06  0.0000000000e+00
6.0681170293e-01  1.0000000000e+00  1.4157512106e+06  1.4157512106e+06  0.0000000000e+00
6.0708927232e-01  1.0000000000e+00  1.4157512106e+06  1.4157512106e+06  0.0000000000e+00
6.0736684171e-01  1.0000000000e+00  1.4157512106e+06  1.4157512106e+06  0.0000000000e+00
6.0764441110e-01  1.0000000000e+00  1.4157512106e+06  1.4157512106e+06  0.0000000000e+00
6.0792198050e-01  1.0000000000e+00  1.4157512106e+06  1.4157512106e+06  0.0000000000e+00
6.0819954989e-01  1.0000000000e+00  1.4157512106e+06  1.4157512106e+06  0.0000000000e+00
6.0847711928e-01  1.0000000000e+00  1.4157512106e+06  1.4157512106e+06  0.0000000000e+00
6.0875468867e-01  1.0000000000e+00  1.4157512106e+06  1.4157512106e+06  0.0000000000e+00
6.0903225806e-01  1.0000000000e+00  1.4157512106e+06  1.4157512106e+06  0.0000000000e+00
6.0930982746e-01  1.0000000000e+00  1.4157512106e+06  1.4157512106e+06  0.0000000000e+00
6.0958739685e-01  1.0000000000e+00  1.4157512106e+06  1.4157512106e+06  0.0000000000e+00
6.0986496624e-01  1.0000000000e+00  1.4157512106e+06  1.4157512106e+06  0.0000000000e+00
6.1014253563e-01  1.0000000000e+00  1.4157512106e+06  1.4157512106e+06  0.0000000000e+00
6.1042010503e-01  1.0000000000e+00  1.4157512106e+06  1.4157512106e+06  0.0000000000e+00
6.1069767442e-01  1.0000000000e+00  1.4157512106e+06  1.4157512106e+06  0.0000000000e+00
6.1097524381e-01  1.0000000000e+00  1.4157512106e+06  1.4157512106e+06  0.0000000000e+00
6.1125281320e-01  1.0000000000e+00  1.4157512106e+06  1.4157512106e+06  0.0000000000e+00
6.1153038260e-01  1.0000000000e+00  1.4157512106e+06  1.4157512106e+06  0.0000000000e+00
6.1180795199e-01  1.0000000000e+00  1.4157512106e+06  1.4157512106e+06  0.0000000000e+00
6.1208552138e-01  1.0000000000e+00  1.4157512106e+06  1.4157512106e+06  0.0000000000e+00
6.1236309077e-01  1.0000000000e+00  1.4157512106e+06  1.4157512106e+06  0.0000000000e+00
6.1264066017e-01  1.0000000000e+00  1.4157512106e+06  1.4157512106e+06  0.0000000000e+00
6.1291822956e-01  1.0000000000e+00  1.4157512106e+06  1.4157512106e+06  0.0000000000e+00
6.1319579895e-01  1.0000000000e+00  1.4157512106e+06  1.4157512106e+06  0.0000000000e+00
6.1347336834e-01  1.0000000000e+00  1.4157512106e+06  1.4157512106e+06  0.0000000000e+00
6.1375093773e-01  1.0000000000e+00  1.4157512106e+06  1.4157512106e+06  0.0000000000e+00
6.1402850713e-01  1.0000000000e+00  1.4157512106e+06  1.4157512106e+06  0.0000000000e+00
6.1430607652e-01  1.0000000000e+00  1.4157512106e+06  1.4157512106e+06  0.0000000000e+00
6.1458364591e-01  1.0000000000e+00  1.4157512106e+06  1.4157512106e+06  0.0000000000e+00
6.1486121530e-01  1.0000000000e+00  1.4157512106e+06  1.4157512106e+06  0.0000000000e+00
6.1513878470e-01  1.0000000000e+00  1.4157512106e+06  1.4157512106e+06  0.0000000000e+00
6.1541635409e-01  1.0000000000e+00  1.4157512106e+06  1.4157512106e+06  0.0000000000e+00
6.1569392348e-01  1.0000000000e+00  1.4157512106e+06  1.4157512106e+06  0.0000000000e+00
6.1597149287e-01  1.0000000000e+00  1.4157512106e+06  1.4157512106e+06  0.0000000000e+00
6.1624906227e-01  1.0000000000e+00  1.4157512106e+06  1.4157512106e+06  0.0000000000e+00
6.1652663166e-01  1.0000000000e+00  1.4157512106e+06  1.4157512106e+06  0.0000000000e+00
6.1680420105e-01  1.0000000000e+00  1.4157512106e+06  1.4157512106e+06  0.0000000000e+00
6.1708177044e-01  1.0000000000e+00  1.4157512106e+06  1.4157512106e+06  0.0000000000e+00
6.1735933983e-01  1.0000000000e+00  1.4157512106e+06  1.4157512106e+06  0.0000000000e+00
6.1763690923e-01  1.0000000000e+00  1.4157512106e+06  1.4157512106e+06  0.0000000000e+00
6.1791447862e-01  1.0000000000e+00  1.4157512106e+06  1.4157512106e+06  0.0000000000e+00
6.1819204801e-01  1.0000000000e+00  1.4157512106e+06  1.4157512106e+06  0.0000000000e+00
6.1846961740e-01  1.0000000000e+00  1.4157512106e+06  1.4157512106e+06  0.0000000000e+00
6.1874718680e-01  1.0000000000e+00  1.4157512106e+06  1.4157512106e+06  0.0000000000e+00
6.1902475619e-01  1.0000000000e+00  1.4157512106e+06  1.4157512106e+06  0.0000000000e+00
6.1930232558e-01  1.0000000000e+00  1.4157512106e+06  1.4157512106e+06  0.0000000000e+00
6.1957989497e-01  1.0000000000e+00  1.4157512106e+06  1.4157512106e+06  0.0000000000e+00
6.1985746437e-01  1.0000000000e+00  1.4157512106e+06  1.4157512106e+06  0.0000000000e+00
6.2013503376e-01  1.0000000000e+00  1.4157512106e+06  1.4157512106e+06  0.0000000000e+00
6.2041260315e-01  1.0000000000e+00  1.4157512106e+06  1.4157512106e+06  0.0000000000e+00
6.2069017254e-01  1.0000000000e+00  1.4157512106e+06  1.4157512106e+06  0.0000000000e+00
6.2096774194e-01  1.0000000000e+00  1.4157512106e+06  1.4157512106e+06  0.0000000000e+00
6.2124531133e-01  1.0000000000e+00  1.4157512106e+06  1.4157512106e+06  0.0000000000e+00
6.2152288072e-01  1.0000000000e+00  1.4157512106e+06  1.4157512106e+06  0.0000000000e+00
6.2180045011e-01  1.0000000000e+00  1.4157512106e+06  1.4157512106e+06  0.0000000000e+00
6.2207801950e-01  1.0000000000e+00  1.4157512106e+06  1.4157512106e+06  0.0000000000e+00
6.2235558890e-01  1.0000000000e+00  1.4157512106e+06  1.4157512106e+06  0.0000000000e+00
6.2263315829e-01  1.0000000000e+00  1.4157512106e+06  1.4157512106e+06  0.0000000000e+00
6.2291072768e-01  1.0000000000e+00  1.4157512106e+06  1.4157512106e+06  0.0000000000e+00
6.2318829707e-01  1.0000000000e+00  1.4157512106e+06  1.4157512106e+06  0.0000000000e+00
6.2346586647e-01  1.0000000000e+00  1.4157512106e+06  1.4157512106e+06  0.0000000000e+00
6.2374343586e-01  1.0000000000e+00  1.4157512106e+06  1.4157512106e+06  0.0000000000e+00
6.2402100525e-01  1.0000000000e+00  1.4157512106e+06  1.4157512106e+06  0.0000000000e+00
6.2429857464e-01  1.0000000000e+00  1.4157512106e+06  1.4157512106e+06  0.0000000000e+00
6.2457614404e-01  1.0000000000e+00  1.4157512106e+06  1.4157512106e+06  0.0000000000e+00
6.2485371343e-01  1.0000000000e+00  1.4157512106e+06  1.4157512106e+06  0.0000000000e+00
6.2513128282e-01  1.0000000000e+00  1.4157512106e+06  1.4157512106e+06  0.0000000000e+00
6.2540885221e-01  1.0000000000e+00  1.4157512106e+06  1.4157512106e+06  0.0000000000e+00
6.2568642161e-01  1.0000000000e+00  1.4157512106e+06  1.4157512106e+06  0.0000000000e+00
6.2596399100e-01  1.0000000000e+00  1.4157512106e+06  1.4157512106e+06  0.0000000000e+00
6.2624156039e-01  1.0000000000e+00  1.4157512106e+06  1.4157512106e+06  0.0000000000e+00
6.2651912978e-01  1.0000000000e+00  1.4157512106e+06  1.4157512106e+06  0.0000000000e+00
6.2679669917e-01  1.0000000000e+00  1.4157512106e+06  1.4157512106e+06  0.0000000000e+00
6.2707426857e-01  1.0000000000e+00  1.4157512106e+06  1.4157512106e+06  0.0000000000e+00
6.2735183796e-01  1.0000000000e+00  1.4157512106e+06  1.4157512106e+06  0.0000000000e+00
6.2762940735e-01  1.0000000000e+00  1.4157512106e+06  1.4157512106e+06  0.0000000000e+00
6.2790697674e-01  1.0000000000e+00  1.4157512106e+06  1.4157512106e+06  0.0000000000e+00
6.2818454614e-01  1.0000000000e+00  1.4157512106e+06  1.4157512106e+06  0.0000000000e+00
6.2846211553e-01  1.0000000000e+00  1.4157512106e+06  1.4157512106e+06  0.0000000000e+00
6.2873968492e-01  1.0000000000e+00  1.4157512106e+06  1.4157512106e+06  0.0000000000e+00
6.2901725431e-01  1.0000000000e+00  1.4157512106e+06  1.4157512106e+06  0.0000000000e+00
6.2929482371e-01  1.0000000000e+00  1.4157512106e+06  1.4157512106e+06  0.0000000000e+00
6.2957239310e-01  1.0000000000e+00  1.4157512106e+06  1.4157512106e+06  0.0000000000e+00
6.2984996249e-01  1.0000000000e+00  1.4157512106e+06  1.4157512106e+06  0.0000000000e+00
6.3012753188e-01  1.0000000000e+00  1.4157512106e+06  1.4157512106e+06  0.0000000000e+00
6.3040510128e-01  1.0000000000e+00  1.4157512106e+06  1.4157512106e+06  0.0000000000e+00
6.3068267067e-01  1.0000000000e+00  1.4157512106e+06  1.4157512106e+06  0.0000000000e+00
6.3096024006e-01  1.0000000000e+00  1.4157512106e+06  1.4157512106e+06  0.0000000000e+00
6.3123780945e-01  1.0000000000e+00  1.4157512106e+06  1.4157512106e+06  0.0000000000e+00
6.3151537884e-01  1.0000000000e+00  1.4157512106e+06  1.4157512106e+06  0.0000000000e+00
6.3179294824e-01  1.0000000000e+00  1.4157512106e+06  1.4157512106e+06  0.0000000000e+00
6.3207051763e-01  1.0000000000e+00  1.4157512106e+06  1.4157512106e+06  0.0000000000e+00
6.3234808702e-01  1.0000000000e+00  1.4157512106e+06  1.4157512106e+06  0.0000000000e+00
6.3262565641e-01  1.0000000000e+00  1.4157512106e+06  1.4157512106e+06  0.0000000000e+00
6.3290322581e-01  1.0000000000e+00  1.4157512106e+06  1.4157512106e+06  0.0000000000e+00
6.3318079520e-01  1.0000000000e+00  1.4157512106e+06  1.4157512106e+06  0.0000000000e+00
6.3345836459e-01  1.0000000000e+00  1.4157512106e+06  1.4157512106e+06  0.0000000000e+00
6.3373593398e-01  1.0000000000e+00  1.4157512106e+06  1.4157512106e+06  0.0000000000e+00
6.3401350338e-01  1.0000000000e+00  1.4157512106e+06  1.4157512106e+06  0.0000000000e+00
6.3429107277e-01  1.0000000000e+00  1.4157512106e+06  1.4157512106e+06  0.0000000000e+00
6.3456864216e-01  1.0000000000e+00  1.4157512106e+06  1.4157512106e+06  0.0000000000e+00
6.3484621155e-01  1.0000000000e+00  1.4157512106e+06  1.4157512106e+06  0.0000000000e+00
6.3512378095e-01  1.0000000000e+00  1.4157512106e+06  1.4157512106e+06  0.0000000000e+00
6.3540135034e-01  1.0000000000e+00  1.4157512106e+06  1.4157512106e+06  0.0000000000e+00
6.3567891973e-01  1.0000000000e+00  1.4157512106e+06  1.4157512106e+06  0.0000000000e+00
6.3595648912e-01  1.0000000000e+00  1.4157512106e+06  1.4157512106e+06  0.0000000000e+00
6.3623405851e-01  1.0000000000e+00  1.4157512106e+06  1.4157512106e+06  0.0000000000e+00
6.3651162791e-01  1.0000000000e+00  1.4157512106e+06  1.4157512106e+06  0.0000000000e+00
6.3678919730e-01  1.0000000000e+00  1.4157512106e+06  1.4157512106e+06  0.0000000000e+00
6.3706676669e-01  1.0000000000e+00  1.4157512106e+06  1.4157512106e+06  0.0000000000e+00
6.3734433608e-01  1.0000000000e+00  1.4157512106e+06  1.4157512106e+06  0.0000000000e+00
6.3762190548e-01  1.0000000000e+00  1.4157512106e+06  1.4157512106e+06  0.0000000000e+00
6.3789947487e-01  1.0000000000e+00  1.4157512106e+06  1.4157512106e+06  0.0000000000e+00
6.3817704426e-01  1.0000000000e+00  1.4157512106e+06  1.4157512106e+06  0.0000000000e+00
6.3845461365e-01  1.0000000000e+00  1.4157512106e+06  1.4157512106e+06  0.0000000000e+00
6.3873218305e-01  1.0000000000e+00  1.4157512106e+06  1.4157512106e+06  0.0000000000e+00
6.3900975244e-01  1.0000000000e+00  1.4157512106e+06  1.4157512106e+06  0.0000000000e+00
6.3928732183e-01  1.0000000000e+00  1.4157512106e+06  1.4157512106e+06  0.0000000000e+00
6.3956489122e-01  1.0000000000e+00  1.4157512106e+06  1.4157512106e+06  0.0000000000e+00
6.3984246062e-01  1.0000000000e+00  1.4157512106e+06  1.4157512106e+06  0.0000000000e+00
6.4012003001e-01  1.0000000000e+00  1.4157512106e+06  1.4157512106e+06  0.0000000000e+00
6.4039759940e-01  1.0000000000e+00  1.4157512106e+06  1.4157512106e+06  0.0000000000e+00
6.4067516879e-01  1.0000000000e+00  1.4157512106e+06  1.4157512106e+06  0.0000000000e+00
6.4095273818e-01  1.0000000000e+00  1.4157512106e+06  1.4157512106e+06  0.0000000000e+00
6.4123030758e-01  1.0000000000e+00  1.4157512106e+06  1.4157512106e+06  0.0000000000e+00
6.4150787697e-01  1.0000000000e+00  1.4157512106e+06  1.4157512106e+06  0.0000000000e+00
6.4178544636e-01  1.0000000000e+00  1.4157512106e+06  1.4157512106e+06  0.0000000000e+00
6.4206301575e-01  1.0000000000e+00  1.4157512106e+06  1.4157512106e+06  0.0000000000e+00
6.4234058515e-01  1.0000000000e+00  1.4157512106e+06  1.4157512106e+06  0.0000000000e+00
6.4261815454e-01  1.0000000000e+00  1.4157512106e+06  1.4157512106e+06  0.0000000000e+00
6.4289572393e-01  1.0000000000e+00  1.4157512106e+06  1.4157512106e+06  0.0000000000e+00
6.4317329332e-01  1.0000000000e+00  1.4157512106e+06  1.4157512106e+06  0.0000000000e+00
6.4345086272e-01  1.0000000000e+00  1.4157512106e+06  1.4157512106e+06  0.0000000000e+00
6.4372843211e-01  1.0000000000e+00  1.4157512106e+06  1.4157512106e+06  0.0000000000e+00
6.4400600150e-01  1.0000000000e+00  1.4157512106e+06  1.4157512106e+06  0.0000000000e+00
6.4428357089e-01  1.0000000000e+00  1.4157512106e+06  1.4157512106e+06  0.0000000000e+00
6.4456114029e-01  1.0000000000e+00  1.4157512106e+06  1.4157512106e+06  0.0000000000e+00
6.4483870968e-01  1.0000000000e+00  1.4157512106e+06  1.4157512106e+06  0.0000000000e+00
6.4511627907e-01  1.0000000000e+00  1.4157512106e+06  1.4157512106e+06  0.0000000000e+00
6.4539384846e-01  1.0000000000e+00  1.4157512106e+06  1.4157512106e+06  0.0000000000e+00
6.4567141785e-01  1.0000000000e+00  1.4157512106e+06  1.4157512106e+06  0.0000000000e+00
6.4594898725e-01  1.0000000000e+00  1.4157512106e+06  1.4157512106e+06  0.0000000000e+00
6.4622655664e-01  1.0000000000e+00  1.4157512106e+06  1.4157512106e+06  0.0000000000e+00
6.4650412603e-01  1.0000000000e+00  1.4157512106e+06  1.4157512106e+06  0.0000000000e+00
6.4678169542e-01  1.0000000000e+00  1.4157512106e+06  1.4157512106e+06  0.0000000000e+00
6.4705926482e-01  1.0000000000e+00  1.4157512106e+06  1.4157512106e+06  0.0000000000e+00
6.4733683421e-01  1.0000000000e+00  1.4157512106e+06  1.4157512106e+06  0.0000000000e+00
6.4761440360e-01  1.0000000000e+00  1.4157512106e+06  1.4157512106e+06  0.0000000000e+00
6.4789197299e-01  1.0000000000e+00  1.4157512106e+06  1.4157512106e+06  0.0000000000e+00
6.4816954239e-01  1.0000000000e+00  1.4157512106e+06  1.4157512106e+06  0.0000000000e+00
6.4844711178e-01  1.0000000000e+00  1.4157512106e+06  1.4157512106e+06  0.0000000000e+00
6.4872468117e-01  1.0000000000e+00  1.4157512106e+06  1.4157512106e+06  0.0000000000e+00
6.4900225056e-01  1.0000000000e+00  1.4157512106e+06  1.4157512106e+06  0.0000000000e+00
6.4927981995e-01  1.0000000000e+00  1.4157512106e+06  1.4157512106e+06  0.0000000000e+00
6.4955738935e-01  1.0000000000e+00  1.4157512106e+06  1.4157512106e+06  0.0000000000e+00
6.4983495874e-01  1.0000000000e+00  1.4157512106e+06  1.4157512106e+06  0.0000000000e+00
6.5011252813e-01  1.0000000000e+00  1.4157512106e+06  1.4157512106e+06  0.0000000000e+00
6.5039009752e-01  1.0000000000e+00  1.4157512106e+06  1.4157512106e+06  0.0000000000e+00
6.5066766692e-01  1.0000000000e+00  1.4157512106e+06  1.4157512106e+06  0.0000000000e+00
6.5094523631e-01  1.0000000000e+00  1.4157512106e+06  1.4157512106e+06  0.0000000000e+00
6.5122280570e-01  1.0000000000e+00  1.4157512106e+06  1.4157512106e+06  0.0000000000e+00
6.5150037509e-01  1.0000000000e+00  1.4157512106e+06  1.4157512106e+06  0.0000000000e+00
6.5177794449e-01  1.0000000000e+00  1.4157512106e+06  1.4157512106e+06  0.0000000000e+00
6.5205551388e-01  1.0000000000e+00  1.4157512106e+06  1.4157512106e+06  0.0000000000e+00
6.5233308327e-01  1.0000000000e+00  1.4157512106e+06  1.4157512106e+06  0.0000000000e+00
6.5261065266e-01  1.0000000000e+00  1.4157512106e+06  1.4157512106e+06  0.0000000000e+00
6.5288822206e-01  1.0000000000e+00  1.4157512106e+06  1.4157512106e+06  0.0000000000e+00
6.5316579145e-01  1.0000000000e+00  1.4157512106e+06  1.4157512106e+06  0.0000000000e+00
6.5344336084e-01  1.0000000000e+00  1.4157512106e+06  1.4157512106e+06  0.0000000000e+00
6.5372093023e-01  1.0000000000e+00  1.4157512106e+06  1.4157512106e+06  0.0000000000e+00
6.5399849962e-01  1.0000000000e+00  1.4157512106e+06  1.4157512106e+06  0.0000000000e+00
6.5427606902e-01  1.0000000000e+00  1.4157512106e+06  1.4157512106e+06  0.0000000000e+00
6.5455363841e-01  1.0000000000e+00  1.4157512106e+06  1.4157512106e+06  0.0000000000e+00
6.5483120780e-01  1.0000000000e+00  1.4157512106e+06  1.4157512106e+06  0.0000000000e+00
6.5510877719e-01  1.0000000000e+00  1.4157512106e+06  1.4157512106e+06  0.0000000000e+00
6.5538634659e-01  1.0000000000e+00  1.4157512106e+06  1.4157512106e+06  0.0000000000e+00
6.5566391598e-01  1.0000000000e+00  1.4157512106e+06  1.4157512106e+06  0.0000000000e+00
6.5594148537e-01  1.0000000000e+00  1.4157512106e+06  1.4157512106e+06  0.0000000000e+00
6.5621905476e-01  1.0000000000e+00  1.4157512106e+06  1.4157512106e+06  0.0000000000e+00
6.5649662416e-01  1.0000000000e+00  1.4157512106e+06  1.4157512106e+06  0.0000000000e+00
6.5677419355e-01  1.0000000000e+00  1.4157512106e+06  1.4157512106e+06  0.0000000000e+00
6.5705176294e-01  1.0000000000e+00  1.4157512106e+06  1.4157512106e+06  0.0000000000e+00
6.5732933233e-01  1.0000000000e+00  1.4157512106e+06  1.4157512106e+06  0.0000000000e+00
6.5760690173e-01  1.0000000000e+00  1.4157512106e+06  1.4157512106e+06  0.0000000000e+00
6.5788447112e-01  1.0000000000e+00  1.4157512106e+06  1.4157512106e+06  0.0000000000e+00
6.5816204051e-01  1.0000000000e+00  1.4157512106e+06  1.4157512106e+06  0.0000000000e+00
6.5843960990e-01  1.0000000000e+00  1.4157512106e+06  1.4157512106e+06  0.0000000000e+00
6.5871717929e-01  1.0000000000e+00  1.4157512106e+06  1.4157512106e+06  0.0000000000e+00
6.5899474869e-01  1.0000000000e+00  1.4157512106e+06  1.4157512106e+06  0.0000000000e+00
6.5927231808e-01  1.0000000000e+00  1.4157512106e+06  1.4157512106e+06  0.0000000000e+00
6.5954988747e-01  1.0000000000e+00  1.4157512106e+06  1.4157512106e+06  0.0000000000e+00
6.5982745686e-01  1.0000000000e+00  1.4157512106e+06  1.4157512106e+06  0.0000000000e+00
6.6010502626e-01  1.0000000000e+00  1.4157512106e+06  1.4157512106e+06  0.0000000000e+00
6.6038259565e-01  1.0000000000e+00  1.4157512106e+06  1.4157512106e+06  0.0000000000e+00
6.6066016504e-01  1.0000000000e+00  1.4157512106e+06  1.4157512106e+06  0.0000000000e+00
6.6093773443e-01  1.0000000000e+00  1.4157512106e+06  1.4157512106e+06  0.0000000000e+00
6.6121530383e-01  1.0000000000e+00  1.4157512106e+06  1.4157512106e+06  0.0000000000e+00
6.6149287322e-01  1.0000000000e+00  1.4157512106e+06  1.4157512106e+06  0.0000000000e+00
6.6177044261e-01  1.0000000000e+00  1.4157512106e+06  1.4157512106e+06  0.0000000000e+00
6.6204801200e-01  1.0000000000e+00  1.4157512106e+06  1.4157512106e+06  0.0000000000e+00
6.6232558140e-01  1.0000000000e+00  1.4157512106e+06  1.4157512106e+06  0.0000000000e+00
6.6260315079e-01  1.0000000000e+00  1.4157512106e+06  1.4157512106e+06  0.0000000000e+00
6.6288072018e-01  1.0000000000e+00  1.4157512106e+06  1.4157512106e+06  0.0000000000e+00
6.6315828957e-01  1.0000000000e+00  1.4157512106e+06  1.4157512106e+06  0.0000000000e+00
6.6343585896e-01  1.0000000000e+00  1.4157512106e+06  1.4157512106e+06  0.0000000000e+00
6.6371342836e-01  1.0000000000e+00  1.4157512106e+06  1.4157512106e+06  0.0000000000e+00
6.6399099775e-01  1.0000000000e+00  1.4157512106e+06  1.4157512106e+06  0.0000000000e+00
6.6426856714e-01  1.0000000000e+00  1.4157512106e+06  1.4157512106e+06  0.0000000000e+00
6.6454613653e-01  1.0000000000e+00  1.4157512106e+06  1.4157512106e+06  0.0000000000e+00
6.6482370593e-01  1.0000000000e+00  1.4157512106e+06  1.4157512106e+06  0.0000000000e+00
6.6510127532e-01  1.0000000000e+00  1.4157512106e+06  1.4157512106e+06  0.0000000000e+00
6.6537884471e-01  1.0000000000e+00  1.4157512106e+06  1.4157512106e+06  0.0000000000e+00
6.6565641410e-01  1.0000000000e+00  1.4157512106e+06  1.4157512106e+06  0.0000000000e+00
6.6593398350e-01  1.0000000000e+00  1.4157512106e+06  1.4157512106e+06  0.0000000000e+00
6.6621155289e-01  1.0000000000e+00  1.4157512106e+06  1.4157512106e+06  0.0000000000e+00
6.6648912228e-01  1.0000000000e+00  1.4157512106e+06  1.4157512106e+06  0.0000000000e+00
6.6676669167e-01  1.0000000000e+00  1.4157512106e+06  1.4157512106e+06  0.0000000000e+00
6.6704426107e-01  1.0000000000e+00  1.4157512106e+06  1.4157512106e+06  0.0000000000e+00
6.6732183046e-01  1.0000000000e+00  1.4157512106e+06  1.4157512106e+06  0.0000000000e+00
6.6759939985e-01  1.0000000000e+00  1.4157512106e+06  1.4157512106e+06  0.0000000000e+00
6.6787696924e-01  1.0000000000e+00  1.4157512106e+06  1.4157512106e+06  0.0000000000e+00
6.6815453863e-01  1.0000000000e+00  1.4157512106e+06  1.4157512106e+06  0.0000000000e+00
6.6843210803e-01  1.0000000000e+00  1.4157512106e+06  1.4157512106e+06  0.0000000000e+00
6.6870967742e-01  1.0000000000e+00  1.4157512106e+06  1.4157512106e+06  0.0000000000e+00
6.6898724681e-01  1.0000000000e+00  1.4157512106e+06  1.4157512106e+06  0.0000000000e+00
6.6926481620e-01  1.0000000000e+00  1.4157512106e+06  1.4157512106e+06  0.0000000000e+00
6.6954238560e-01  1.0000000000e+00  1.4157512106e+06  1.4157512106e+06  0.0000000000e+00
6.6981995499e-01  1.0000000000e+00  1.4157512106e+06  1.4157512106e+06  0.0000000000e+00
6.7009752438e-01  1.0000000000e+00  1.4157512106e+06  1.4157512106e+06  0.0000000000e+00
6.7037509377e-01  1.0000000000e+00  1.4157512106e+06  1.4157512106e+06  0.0000000000e+00
6.7065266317e-01  1.0000000000e+00  1.4157512106e+06  1.4157512106e+06  0.0000000000e+00
6.7093023256e-01  1.0000000000e+00  1.4157512106e+06  1.4157512106e+06  0.0000000000e+00
6.7120780195e-01  1.0000000000e+00  1.4157512106e+06  1.4157512106e+06  0.0000000000e+00
6.7148537134e-01  1.0000000000e+00  1.4157512106e+06  1.4157512106e+06  0.0000000000e+00
6.7176294074e-01  1.0000000000e+00  1.4157512106e+06  1.4157512106e+06  0.0000000000e+00
6.7204051013e-01  1.0000000000e+00  1.4157512106e+06  1.4157512106e+06  0.0000000000e+00
6.7231807952e-01  1.0000000000e+00  1.4157512106e+06  1.4157512106e+06  0.0000000000e+00
6.7259564891e-01  1.0000000000e+00  1.4157512106e+06  1.4157512106e+06  0.0000000000e+00
6.7287321830e-01  1.0000000000e+00  1.4157512106e+06  1.4157512106e+06  0.0000000000e+00
6.7315078770e-01  1.0000000000e+00  1.4157512106e+06  1.4157512106e+06  0.0000000000e+00
6.7342835709e-01  1.0000000000e+00  1.4157512106e+06  1.4157512106e+06  0.0000000000e+00
6.7370592648e-01  1.0000000000e+00  1.4157512106e+06  1.4157512106e+06  0.0000000000e+00
6.7398349587e-01  1.0000000000e+00  1.4157512106e+06  1.4157512106e+06  0.0000000000e+00
6.7426106527e-01  1.0000000000e+00  1.4157512106e+06  1.4157512106e+06  0.0000000000e+00
6.7453863466e-01  1.0000000000e+00  1.4157512106e+06  1.4157512106e+06  0.0000000000e+00
6.7481620405e-01  1.0000000000e+00  1.4157512106e+06  1.4157512106e+06  0.0000000000e+00
6.7509377344e-01  1.0000000000e+00  1.4157512106e+06  1.4157512106e+06  0.0000000000e+00
6.7537134284e-01  1.0000000000e+00  1.4157512106e+06  1.4157512106e+06  0.0000000000e+00
6.7564891223e-01  1.0000000000e+00  1.4157512106e+06  1.4157512106e+06  0.0000000000e+00
6.7592648162e-01  1.0000000000e+00  1.4157512106e+06  1.4157512106e+06  0.0000000000e+00
6.7620405101e-01  1.0000000000e+00  1.4157512106e+06  1.4157512106e+06  0.0000000000e+00
6.7648162041e-01  1.0000000000e+00  1.4157512106e+06  1.4157512106e+06  0.0000000000e+00
6.7675918980e-01  1.0000000000e+00  1.4157512106e+06  1.4157512106e+06  0.0000000000e+00
6.7703675919e-01  1.0000000000e+00  1.4157512106e+06  1.4157512106e+06  0.0000000000e+00
6.7731432858e-01  1.0000000000e+00  1.4157512106e+06  1.4157512106e+06  0.0000000000e+00
6.7759189797e-01  1.0000000000e+00  1.4157512106e+06  1.4157512106e+06  0.0000000000e+00
6.7786946737e-01  1.0000000000e+00  1.4157512106e+06  1.4157512106e+06  0.0000000000e+00
6.7814703676e-01  1.0000000000e+00  1.4157512106e+06  1.4157512106e+06  0.0000000000e+00
6.7842460615e-01  1.0000000000e+00  1.4157512106e+06  1.4157512106e+06  0.0000000000e+00
6.7870217554e-01  1.0000000000e+00  1.4157512106e+06  1.4157512106e+06  0.0000000000e+00
6.7897974494e-01  1.0000000000e+00  1.4157512106e+06  1.4157512106e+06  0.0000000000e+00
6.7925731433e-01  1.0000000000e+00  1.4157512106e+06  1.4157512106e+06  0.0000000000e+00
6.7953488372e-01  1.0000000000e+00  1.4157512106e+06  1.4157512106e+06  0.0000000000e+00
6.7981245311e-01  1.0000000000e+00  1.4157512106e+06  1.4157512106e+06  0.0000000000e+00
6.8009002251e-01  1.0000000000e+00  1.4157512106e+06  1.4157512106e+06  0.0000000000e+00
6.8036759190e-01  1.0000000000e+00  1.4157512106e+06  1.4157512106e+06  0.0000000000e+00
6.8064516129e-01  1.0000000000e+00  1.4157512106e+06  1.4157512106e+06  0.0000000000e+00
6.8092273068e-01  1.0000000000e+00  1.4157512106e+06  1.4157512106e+06  0.0000000000e+00
6.8120030008e-01  1.0000000000e+00  1.4157512106e+06  1.4157512106e+06  0.0000000000e+00
6.8147786947e-01  1.0000000000e+00  1.4157512106e+06  1.4157512106e+06  0.0000000000e+00
6.8175543886e-01  1.0000000000e+00  1.4157512106e+06  1.4157512106e+06  0.0000000000e+00
6.8203300825e-01  1.0000000000e+00  1.4157512106e+06  1.4157512106e+06  0.0000000000e+00
6.8231057764e-01  1.0000000000e+00  1.4157512106e+06  1.4157512106e+06  0.0000000000e+00
6.8258814704e-01  1.0000000000e+00  1.4157512106e+06  1.4157512106e+06  0.0000000000e+00
6.8286571643e-01  1.0000000000e+00  1.4157512106e+06  1.4157512106e+06  0.0000000000e+00
6.8314328582e-01  1.0000000000e+00  1.4157512106e+06  1.4157512106e+06  0.0000000000e+00
6.8342085521e-01  1.0000000000e+00  1.4157512106e+06  1.4157512106e+06  0.0000000000e+00
6.8369842461e-01  1.0000000000e+00  1.4157512106e+06  1.4157512106e+06  0.0000000000e+00
6.8397599400e-01  1.0000000000e+00  1.4157512106e+06  1.4157512106e+06  0.0000000000e+00
6.8425356339e-01  1.0000000000e+00  1.4157512106e+06  1.4157512106e+06  0.0000000000e+00
6.8453113278e-01  1.0000000000e+00  1.4157512106e+06  1.4157512106e+06  0.0000000000e+00
6.8480870218e-01  1.0000000000e+00  1.4157512106e+06  1.4157512106e+06  0.0000000000e+00
6.8508627157e-01  1.0000000000e+00  1.4157512106e+06  1.4157512106e+06  0.0000000000e+00
6.8536384096e-01  1.0000000000e+00  1.4157512106e+06  1.4157512106e+06  0.0000000000e+00
6.8564141035e-01  1.0000000000e+00  1.4157512106e+06  1.4157512106e+06  0.0000000000e+00
6.8591897974e-01  1.0000000000e+00  1.4157512106e+06  1.4157512106e+06  0.0000000000e+00
6.8619654914e-01  1.0000000000e+00  1.4157512106e+06  1.4157512106e+06  0.0000000000e+00
6.8647411853e-01  1.0000000000e+00  1.4157512106e+06  1.4157512106e+06  0.0000000000e+00
6.8675168792e-01  1.0000000000e+00  1.4157512106e+06  1.4157512106e+06  0.0000000000e+00
6.8702925731e-01  1.0000000000e+00  1.4157512106e+06  1.4157512106e+06  0.0000000000e+00
6.8730682671e-01  1.0000000000e+00  1.4157512106e+06  1.4157512106e+06  0.0000000000e+00
6.8758439610e-01  1.0000000000e+00  1.4157512106e+06  1.4157512106e+06  0.0000000000e+00
6.8786196549e-01  1.0000000000e+00  1.4157512106e+06  1.4157512106e+06  0.0000000000e+00
6.8813953488e-01  1.0000000000e+00  1.4157512106e+06  1.4157512106e+06  0.0000000000e+00
6.8841710428e-01  1.0000000000e+00  1.4157512106e+06  1.4157512106e+06  0.0000000000e+00
6.8869467367e-01  1.0000000000e+00  1.4157512106e+06  1.4157512106e+06  0.0000000000e+00
6.8897224306e-01  1.0000000000e+00  1.4157512106e+06  1.4157512106e+06  0.0000000000e+00
6.8924981245e-01  1.0000000000e+00  1.4157512106e+06  1.4157512106e+06  0.0000000000e+00
6.8952738185e-01  1.0000000000e+00  1.4157512106e+06  1.4157512106e+06  0.0000000000e+00
6.8980495124e-01  1.0000000000e+00  1.4157512106e+06  1.4157512106e+06  0.0000000000e+00
6.9008252063e-01  1.0000000000e+00  1.4157512106e+06  1.4157512106e+06  0.0000000000e+00
6.9036009002e-01  1.0000000000e+00  1.4157512106e+06  1.4157512106e+06  0.0000000000e+00
6.9063765941e-01  1.0000000000e+00  1.4157512106e+06  1.4157512106e+06  0.0000000000e+00
6.9091522881e-01  1.0000000000e+00  1.4157512106e+06  1.4157512106e+06  0.0000000000e+00
6.9119279820e-01  1.0000000000e+00  1.4157512106e+06  1.4157512106e+06  0.0000000000e+00
6.9147036759e-01  1.0000000000e+00  1.4157512106e+06  1.4157512106e+06  0.0000000000e+00
6.9174793698e-01  1.0000000000e+00  1.4157512106e+06  1.4157512106e+06  0.0000000000e+00
6.9202550638e-01  1.0000000000e+00  1.4157512106e+06  1.4157512106e+06  0.0000000000e+00
6.9230307577e-01  1.0000000000e+00  1.4157512106e+06  1.4157512106e+06  0.0000000000e+00
6.9258064516e-01  1.0000000000e+00  1.4157512106e+06  1.4157512106e+06  0.0000000000e+00
6.9285821455e-01  1.0000000000e+00  1.4157512106e+06  1.4157512106e+06  0.0000000000e+00
6.9313578395e-01  1.0000000000e+00  1.4157512106e+06  1.4157512106e+06  0.0000000000e+00
6.9341335334e-01  1.0000000000e+00  1.4157512106e+06  1.4157512106e+06  0.0000000000e+00
6.9369092273e-01  1.0000000000e+00  1.4157512106e+06  1.4157512106e+06  0.0000000000e+00
6.9396849212e-01  1.0000000000e+00  1.4157512106e+06  1.4157512106e+06  0.0000000000e+00
6.9424606152e-01  1.0000000000e+00  1.4157512106e+06  1.4157512106e+06  0.0000000000e+00
6.9452363091e-01  1.0000000000e+00  1.4157512106e+06  1.4157512106e+06  0.0000000000e+00
6.9480120030e-01  1.0000000000e+00  1.4157512106e+06  1.4157512106e+06  0.0000000000e+00
6.9507876969e-01  1.0000000000e+00  1.4157512106e+06  1.4157512106e+06  0.0000000000e+00
6.9535633908e-01  1.0000000000e+00  1.4157512106e+06  1.4157512106e+06  0.0000000000e+00
6.9563390848e-01  1.0000000000e+00  1.4157512106e+06  1.4157512106e+06  0.0000000000e+00
6.9591147787e-01  1.0000000000e+00  1.4157512106e+06  1.4157512106e+06  0.0000000000e+00
6.9618904726e-01  1.0000000000e+00  1.4157512106e+06  1.4157512106e+06  0.0000000000e+00
6.9646661665e-01  1.0000000000e+00  1.4157512106e+06  1.4157512106e+06  0.0000000000e+00
6.9674418605e-01  1.0000000000e+00  1.4157512106e+06  1.4157512106e+06  0.0000000000e+00
6.9702175544e-01  1.0000000000e+00  1.4157512106e+06  1.4157512106e+06  0.0000000000e+00
6.9729932483e-01  1.0000000000e+00  1.4157512106e+06  1.4157512106e+06  0.0000000000e+00
6.9757689422e-01  1.0000000000e+00  1.4157512106e+06  1.4157512106e+06  0.0000000000e+00
6.9785446362e-01  1.0000000000e+00  1.4157512106e+06  1.4157512106e+06  0.0000000000e+00
6.9813203301e-01  1.0000000000e+00  1.4157512106e+06  1.4157512106e+06  0.0000000000e+00
6.9840960240e-01  1.0000000000e+00  1.4157512106e+06  1.4157512106e+06  0.0000000000e+00
6.9868717179e-01  1.0000000000e+00  1.4157512106e+06  1.4157512106e+06  0.0000000000e+00
6.9896474119e-01  1.0000000000e+00  1.4157512106e+06  1.4157512106e+06  0.0000000000e+00
6.9924231058e-01  1.0000000000e+00  1.4157512106e+06  1.4157512106e+06  0.0000000000e+00
6.9951987997e-01  1.0000000000e+00  1.4157512106e+06  1.4157512106e+06  0.0000000000e+00
6.9979744936e-01  1.0000000000e+00  1.4157512106e+06  1.4157512106e+06  0.0000000000e+00
7.0007501875e-01  1.0000000000e+00  1.4157512106e+06  1.4157512106e+06  0.0000000000e+00
7.0035258815e-01  1.0000000000e+00  1.4157512106e+06  1.4157512106e+06  0.0000000000e+00
7.0063015754e-01  1.0000000000e+00  1.4157512106e+06  1.4157512106e+06  0.0000000000e+00
7.0090772693e-01  1.0000000000e+00  1.4157512106e+06  1.4157512106e+06  0.0000000000e+00
7.0118529632e-01  1.0000000000e+00  1.4157512106e+06  1.4157512106e+06  0.0000000000e+00
7.0146286572e-01  1.0000000000e+00  1.4157512106e+06  1.4157512106e+06  0.0000000000e+00
7.0174043511e-01  1.0000000000e+00  1.4157512106e+06  1.4157512106e+06  0.0000000000e+00
7.0201800450e-01  1.0000000000e+00  1.4157512106e+06  1.4157512106e+06  0.0000000000e+00
7.0229557389e-01  1.0000000000e+00  1.4157512106e+06  1.4157512106e+06  0.0000000000e+00
7.0257314329e-01  1.0000000000e+00  1.4157512106e+06  1.4157512106e+06  0.0000000000e+00
7.0285071268e-01  1.0000000000e+00  1.4157512106e+06  1.4157512106e+06  0.0000000000e+00
7.0312828207e-01  1.0000000000e+00  1.4157512106e+06  1.4157512106e+06  0.0000000000e+00
7.0340585146e-01  1.0000000000e+00  1.4157512106e+06  1.4157512106e+06  0.0000000000e+00
7.0368342086e-01  1.0000000000e+00  1.4157512106e+06  1.4157512106e+06  0.0000000000e+00
7.0396099025e-01  1.0000000000e+00  1.4157512106e+06  1.4157512106e+06  0.0000000000e+00
7.0423855964e-01  1.0000000000e+00  1.4157512106e+06  1.4157512106e+06  0.0000000000e+00
7.0451612903e-01  1.0000000000e+00  1.4157512106e+06  1.4157512106e+06  0.0000000000e+00
7.0479369842e-01  1.0000000000e+00  1.4157512106e+06  1.4157512106e+06  0.0000000000e+00
7.0507126782e-01  1.0000000000e+00  1.4157512106e+06  1.4157512106e+06  0.0000000000e+00
7.0534883721e-01  1.0000000000e+00  1.4157512106e+06  1.4157512106e+06  0.0000000000e+00
7.0562640660e-01  1.0000000000e+00  1.4157512106e+06  1.4157512106e+06  0.0000000000e+00
7.0590397599e-01  1.0000000000e+00  1.4157512106e+06  1.4157512106e+06  0.0000000000e+00
7.0618154539e-01  1.0000000000e+00  1.4157512106e+06  1.4157512106e+06  0.0000000000e+00
7.0645911478e-01  1.0000000000e+00  1.4157512106e+06  1.4157512106e+06  0.0000000000e+00
7.0673668417e-01  1.0000000000e+00  1.4157512106e+06  1.4157512106e+06  0.0000000000e+00
7.0701425356e-01  1.0000000000e+00  1.4157512106e+06  1.4157512106e+06  0.0000000000e+00
7.0729182296e-01  1.0000000000e+00  1.4157512106e+06  1.4157512106e+06  0.0000000000e+00
7.0756939235e-01  1.0000000000e+00  1.4157512106e+06  1.4157512106e+06  0.0000000000e+00
7.0784696174e-01  1.0000000000e+00  1.4157512106e+06  1.4157512106e+06  0.0000000000e+00
7.0812453113e-01  1.0000000000e+00  1.4157512106e+06  1.4157512106e+06  0.0000000000e+00
7.0840210053e-01  1.0000000000e+00  1.4157512106e+06  1.4157512106e+06  0.0000000000e+00
7.0867966992e-01  1.0000000000e+00  1.4157512106e+06  1.4157512106e+06  0.0000000000e+00
7.0895723931e-01  1.0000000000e+00  1.4157512106e+06  1.4157512106e+06  0.0000000000e+00
7.0923480870e-01  1.0000000000e+00  1.4157512106e+06  1.4157512106e+06  0.0000000000e+00
7.0951237809e-01  1.0000000000e+00  1.4157512106e+06  1.4157512106e+06  0.0000000000e+00
7.0978994749e-01  1.0000000000e+00  1.4157512106e+06  1.4157512106e+06  0.0000000000e+00
7.1006751688e-01  1.0000000000e+00  1.4157512106e+06  1.4157512106e+06  0.0000000000e+00
7.1034508627e-01  1.0000000000e+00  1.4157512106e+06  1.4157512106e+06  0.0000000000e+00
7.1062265566e-01  1.0000000000e+00  1.4157512106e+06  1.4157512106e+06  0.0000000000e+00
7.1090022506e-01  1.0000000000e+00  1.4157512106e+06  1.4157512106e+06  0.0000000000e+00
7.1117779445e-01  1.0000000000e+00  1.4157512106e+06  1.4157512106e+06  0.0000000000e+00
7.1145536384e-01  1.0000000000e+00  1.4157512106e+06  1.4157512106e+06  0.0000000000e+00
7.1173293323e-01  1.0000000000e+00  1.4157512106e+06  1.4157512106e+06  0.0000000000e+00
7.1201050263e-01  1.0000000000e+00  1.4157512106e+06  1.4157512106e+06  0.0000000000e+00
7.1228807202e-01  1.0000000000e+00  1.4157512106e+06  1.4157512106e+06  0.0000000000e+00
7.1256564141e-01  1.0000000000e+00  1.4157512106e+06  1.4157512106e+06  0.0000000000e+00
7.1284321080e-01  1.0000000000e+00  1.4157512106e+06  1.4157512106e+06  0.0000000000e+00
7.1312078020e-01  1.0000000000e+00  1.4157512106e+06  1.4157512106e+06  0.0000000000e+00
7.1339834959e-01  1.0000000000e+00  1.4157512106e+06  1.4157512106e+06  0.0000000000e+00
7.1367591898e-01  1.0000000000e+00  1.4157512106e+06  1.4157512106e+06  0.0000000000e+00
7.1395348837e-01  1.0000000000e+00  1.4157512106e+06  1.4157512106e+06  0.0000000000e+00
7.1423105776e-01  1.0000000000e+00  1.4157512106e+06  1.4157512106e+06  0.0000000000e+00
7.1450862716e-01  1.0000000000e+00  1.4157512106e+06  1.4157512106e+06  0.0000000000e+00
7.1478619655e-01  1.0000000000e+00  1.4157512106e+06  1.4157512106e+06  0.0000000000e+00
7.1506376594e-01  1.0000000000e+00  1.4157512106e+06  1.4157512106e+06  0.0000000000e+00
7.1534133533e-01  1.0000000000e+00  1.4157512106e+06  1.4157512106e+06  0.0000000000e+00
7.1561890473e-01  1.0000000000e+00  1.4157512106e+06  1.4157512106e+06  0.0000000000e+00
7.1589647412e-01  1.0000000000e+00  1.4157512106e+06  1.4157512106e+06  0.0000000000e+00
7.1617404351e-01  1.0000000000e+00  1.4157512106e+06  1.4157512106e+06  0.0000000000e+00
7.1645161290e-01  1.0000000000e+00  1.4157512106e+06  1.4157512106e+06  0.0000000000e+00
7.1672918230e-01  1.0000000000e+00  1.4157512106e+06  1.4157512106e+06  0.0000000000e+00
7.1700675169e-01  1.0000000000e+00  1.4157512106e+06  1.4157512106e+06  0.0000000000e+00
7.1728432108e-01  1.0000000000e+00  1.4157512106e+06  1.4157512106e+06  0.0000000000e+00
7.1756189047e-01  1.0000000000e+00  1.4157512106e+06  1.4157512106e+06  0.0000000000e+00
7.1783945986e-01  1.0000000000e+00  1.4157512106e+06  1.4157512106e+06  0.0000000000e+00
7.1811702926e-01  1.0000000000e+00  1.4157512106e+06  1.4157512106e+06  0.0000000000e+00
7.1839459865e-01  1.0000000000e+00  1.4157512106e+06  1.4157512106e+06  0.0000000000e+00
7.1867216804e-01  1.0000000000e+00  1.4157512106e+06  1.4157512106e+06  0.0000000000e+00
7.1894973743e-01  1.0000000000e+00  1.4157512106e+06  1.4157512106e+06  0.0000000000e+00
7.1922730683e-01  1.0000000000e+00  1.4157512106e+06  1.4157512106e+06  0.0000000000e+00
7.1950487622e-01  1.0000000000e+00  1.4157512106e+06  1.4157512106e+06  0.0000000000e+00
7.1978244561e-01  1.0000000000e+00  1.4157512106e+06  1.4157512106e+06  0.0000000000e+00
7.2006001500e-01  1.0000000000e+00  1.4157512106e+06  1.4157512106e+06  0.0000000000e+00
7.2033758440e-01  1.0000000000e+00  1.4157512106e+06  1.4157512106e+06  0.0000000000e+00
7.2061515379e-01  1.0000000000e+00  1.4157512106e+06  1.4157512106e+06  0.0000000000e+00
7.2089272318e-01  1.0000000000e+00  1.4157512106e+06  1.4157512106e+06  0.0000000000e+00
7.2117029257e-01  1.0000000000e+00  1.4157512106e+06  1.4157512106e+06  0.0000000000e+00
7.2144786197e-01  1.0000000000e+00  1.4157512106e+06  1.4157512106e+06  0.0000000000e+00
7.2172543136e-01  1.0000000000e+00  1.4157512106e+06  1.4157512106e+06  0.0000000000e+00
7.2200300075e-01  1.0000000000e+00  1.4157512106e+06  1.4157512106e+06  0.0000000000e+00
7.2228057014e-01  1.0000000000e+00  1.4157512106e+06  1.4157512106e+06  0.0000000000e+00
7.2255813953e-01  1.0000000000e+00  1.4157512106e+06  1.4157512106e+06  0.0000000000e+00
7.2283570893e-01  1.0000000000e+00  1.4157512106e+06  1.4157512106e+06  0.0000000000e+00
7.2311327832e-01  1.0000000000e+00  1.4157512106e+06  1.4157512106e+06  0.0000000000e+00
7.2339084771e-01  1.0000000000e+00  1.4157512106e+06  1.4157512106e+06  0.0000000000e+00
7.2366841710e-01  1.0000000000e+00  1.4157512106e+06  1.4157512106e+06  0.0000000000e+00
7.2394598650e-01  1.0000000000e+00  1.4157512106e+06  1.4157512106e+06  0.0000000000e+00
7.2422355589e-01  1.0000000000e+00  1.4157512106e+06  1.4157512106e+06  0.0000000000e+00
7.2450112528e-01  1.0000000000e+00  1.4157512106e+06  1.4157512106e+06  0.0000000000e+00
7.2477869467e-01  1.0000000000e+00  1.4157512106e+06  1.4157512106e+06  0.0000000000e+00
7.2505626407e-01  1.0000000000e+00  1.4157512106e+06  1.4157512106e+06  0.0000000000e+00
7.2533383346e-01  1.0000000000e+00  1.4157512106e+06  1.4157512106e+06  0.0000000000e+00
7.2561140285e-01  1.0000000000e+00  1.4157512106e+06  1.4157512106e+06  0.0000000000e+00
7.2588897224e-01  1.0000000000e+00  1.4157512106e+06  1.4157512106e+06  0.0000000000e+00
7.2616654164e-01  1.0000000000e+00  1.4157512106e+06  1.4157512106e+06  0.0000000000e+00
7.2644411103e-01  1.0000000000e+00  1.4157512106e+06  1.4157512106e+06  0.0000000000e+00
7.2672168042e-01  1.0000000000e+00  1.4157512106e+06  1.4157512106e+06  0.0000000000e+00
7.2699924981e-01  1.0000000000e+00  1.4157512106e+06  1.4157512106e+06  0.0000000000e+00
7.2727681920e-01  1.0000000000e+00  1.4157512106e+06  1.4157512106e+06  0.0000000000e+00
7.2755438860e-01  1.0000000000e+00  1.4157512106e+06  1.4157512106e+06  0.0000000000e+00
7.2783195799e-01  1.0000000000e+00  1.4157512106e+06  1.4157512106e+06  0.0000000000e+00
7.2810952738e-01  1.0000000000e+00  1.4157512106e+06  1.4157512106e+06  0.0000000000e+00
7.2838709677e-01  1.0000000000e+00  1.4157512106e+06  1.4157512106e+06  0.0000000000e+00
7.2866466617e-01  1.0000000000e+00  1.4157512106e+06  1.4157512106e+06  0.0000000000e+00
7.2894223556e-01  1.0000000000e+00  1.4157512106e+06  1.4157512106e+06  0.0000000000e+00
7.2921980495e-01  1.0000000000e+00  1.4157512106e+06  1.4157512106e+06  0.0000000000e+00
7.2949737434e-01  1.0000000000e+00  1.4157512106e+06  1.4157512106e+06  0.0000000000e+00
7.2977494374e-01  1.0000000000e+00  1.4157512106e+06  1.4157512106e+06  0.0000000000e+00
7.3005251313e-01  1.0000000000e+00  1.4157512106e+06  1.4157512106e+06  0.0000000000e+00
7.3033008252e-01  1.0000000000e+00  1.4157512106e+06  1.4157512106e+06  0.0000000000e+00
7.3060765191e-01  1.0000000000e+00  1.4157512106e+06  1.4157512106e+06  0.0000000000e+00
7.3088522131e-01  1.0000000000e+00  1.4157512106e+06  1.4157512106e+06  0.0000000000e+00
7.3116279070e-01  1.0000000000e+00  1.4157512106e+06  1.4157512106e+06  0.0000000000e+00
7.3144036009e-01  1.0000000000e+00  1.4157512106e+06  1.4157512106e+06  0.0000000000e+00
7.3171792948e-01  1.0000000000e+00  1.4157512106e+06  1.4157512106e+06  0.0000000000e+00
7.3199549887e-01  1.0000000000e+00  1.4157512106e+06  1.4157512106e+06  0.0000000000e+00
7.3227306827e-01  1.0000000000e+00  1.4157512106e+06  1.4157512106e+06  0.0000000000e+00
7.3255063766e-01  1.0000000000e+00  1.4157512106e+06  1.4157512106e+06  0.0000000000e+00
7.3282820705e-01  1.0000000000e+00  1.4157512106e+06  1.4157512106e+06  0.0000000000e+00
7.3310577644e-01  1.0000000000e+00  1.4157512106e+06  1.4157512106e+06  0.0000000000e+00
7.3338334584e-01  1.0000000000e+00  1.4157512106e+06  1.4157512106e+06  0.0000000000e+00
7.3366091523e-01  1.0000000000e+00  1.4157512106e+06  1.4157512106e+06  0.0000000000e+00
7.3393848462e-01  1.0000000000e+00  1.4157512106e+06  1.4157512106e+06  0.0000000000e+00
7.3421605401e-01  1.0000000000e+00  1.4157512106e+06  1.4157512106e+06  0.0000000000e+00
7.3449362341e-01  1.0000000000e+00  1.4157512106e+06  1.4157512106e+06  0.0000000000e+00
7.3477119280e-01  1.0000000000e+00  1.4157512106e+06  1.4157512106e+06  0.0000000000e+00
7.3504876219e-01  1.0000000000e+00  1.4157512106e+06  1.4157512106e+06  0.0000000000e+00
7.3532633158e-01  1.0000000000e+00  1.4157512106e+06  1.4157512106e+06  0.0000000000e+00
7.3560390098e-01  1.0000000000e+00  1.4157512106e+06  1.4157512106e+06  0.0000000000e+00
7.3588147037e-01  1.0000000000e+00  1.4157512106e+06  1.4157512106e+06  0.0000000000e+00
7.3615903976e-01  1.0000000000e+00  1.4157512106e+06  1.4157512106e+06  0.0000000000e+00
7.3643660915e-01  1.0000000000e+00  1.4157512106e+06  1.4157512106e+06  0.0000000000e+00
7.3671417854e-01  1.0000000000e+00  1.4157512106e+06  1.4157512106e+06  0.0000000000e+00
7.3699174794e-01  1.0000000000e+00  1.4157512106e+06  1.4157512106e+06  0.0000000000e+00
7.3726931733e-01  1.0000000000e+00  1.4157512106e+06  1.4157512106e+06  0.0000000000e+00
7.3754688672e-01  1.0000000000e+00  1.4157512106e+06  1.4157512106e+06  0.0000000000e+00
7.3782445611e-01  1.0000000000e+00  1.4157512106e+06  1.4157512106e+06  0.0000000000e+00
7.3810202551e-01  1.0000000000e+00  1.4157512106e+06  1.4157512106e+06  0.0000000000e+00
7.3837959490e-01  1.0000000000e+00  1.4157512106e+06  1.4157512106e+06  0.0000000000e+00
7.3865716429e-01  1.0000000000e+00  1.4157512106e+06  1.4157512106e+06  0.0000000000e+00
7.3893473368e-01  1.0000000000e+00  1.4157512106e+06  1.4157512106e+06  0.0000000000e+00
7.3921230308e-01  1.0000000000e+00  1.4157512106e+06  1.4157512106e+06  0.0000000000e+00
7.3948987247e-01  1.0000000000e+00  1.4157512106e+06  1.4157512106e+06  0.0000000000e+00
7.3976744186e-01  1.0000000000e+00  1.4157512106e+06  1.4157512106e+06  0.0000000000e+00
7.4004501125e-01  1.0000000000e+00  1.4157512106e+06  1.4157512106e+06  0.0000000000e+00
7.4032258065e-01  1.0000000000e+00  1.4157512106e+06  1.4157512106e+06  0.0000000000e+00
7.4060015004e-01  1.0000000000e+00  1.4157512106e+06  1.4157512106e+06  0.0000000000e+00
7.4087771943e-01  1.0000000000e+00  1.4157512106e+06  1.4157512106e+06  0.0000000000e+00
7.4115528882e-01  1.0000000000e+00  1.4157512106e+06  1.4157512106e+06  0.0000000000e+00
7.4143285821e-01  1.0000000000e+00  1.4157512106e+06  1.4157512106e+06  0.0000000000e+00
7.4171042761e-01  1.0000000000e+00  1.4157512106e+06  1.4157512106e+06  0.0000000000e+00
7.4198799700e-01  1.0000000000e+00  1.4157512106e+06  1.4157512106e+06  0.0000000000e+00
7.4226556639e-01  1.0000000000e+00  1.4157512106e+06  1.4157512106e+06  0.0000000000e+00
7.4254313578e-01  1.0000000000e+00  1.4157512106e+06  1.4157512106e+06  0.0000000000e+00
7.4282070518e-01  1.0000000000e+00  1.4157512106e+06  1.4157512106e+06  0.0000000000e+00
7.4309827457e-01  1.0000000000e+00  1.4157512106e+06  1.4157512106e+06  0.0000000000e+00
7.4337584396e-01  1.0000000000e+00  1.4157512106e+06  1.4157512106e+06  0.0000000000e+00
7.4365341335e-01  1.0000000000e+00  1.4157512106e+06  1.4157512106e+06  0.0000000000e+00
7.4393098275e-01  1.0000000000e+00  1.4157512106e+06  1.4157512106e+06  0.0000000000e+00
7.4420855214e-01  1.0000000000e+00  1.4157512106e+06  1.4157512106e+06  0.0000000000e+00
7.4448612153e-01  1.0000000000e+00  1.4157512106e+06  1.4157512106e+06  0.0000000000e+00
7.4476369092e-01  1.0000000000e+00  1.4157512106e+06  1.4157512106e+06  0.0000000000e+00
7.4504126032e-01  1.0000000000e+00  1.4157512106e+06  1.4157512106e+06  0.0000000000e+00
7.4531882971e-01  1.0000000000e+00  1.4157512106e+06  1.4157512106e+06  0.0000000000e+00
7.4559639910e-01  1.0000000000e+00  1.4157512106e+06  1.4157512106e+06  0.0000000000e+00
7.4587396849e-01  1.0000000000e+00  1.4157512106e+06  1.4157512106e+06  0.0000000000e+00
7.4615153788e-01  1.0000000000e+00  1.4157512106e+06  1.4157512106e+06  0.0000000000e+00
7.4642910728e-01  1.0000000000e+00  1.4157512106e+06  1.4157512106e+06  0.0000000000e+00
7.4670667667e-01  1.0000000000e+00  1.4157512106e+06  1.4157512106e+06  0.0000000000e+00
7.4698424606e-01  1.0000000000e+00  1.4157512106e+06  1.4157512106e+06  0.0000000000e+00
7.4726181545e-01  1.0000000000e+00  1.4157512106e+06  1.4157512106e+06  0.0000000000e+00
7.4753938485e-01  1.0000000000e+00  1.4157512106e+06  1.4157512106e+06  0.0000000000e+00
7.4781695424e-01  1.0000000000e+00  1.4157512106e+06  1.4157512106e+06  0.0000000000e+00
7.4809452363e-01  1.0000000000e+00  1.4157512106e+06  1.4157512106e+06  0.0000000000e+00
7.4837209302e-01  1.0000000000e+00  1.4157512106e+06  1.4157512106e+06  0.0000000000e+00
7.4864966242e-01  1.0000000000e+00  1.4157512106e+06  1.4157512106e+06  0.0000000000e+00
7.4892723181e-01  1.0000000000e+00  1.4157512106e+06  1.4157512106e+06  0.0000000000e+00
7.4920480120e-01  1.0000000000e+00  1.4157512106e+06  1.4157512106e+06  0.0000000000e+00
7.4948237059e-01  1.0000000000e+00  1.4157512106e+06  1.4157512106e+06  0.0000000000e+00
7.4975993998e-01  1.0000000000e+00  1.4157512106e+06  1.4157512106e+06  0.0000000000e+00
7.5003750938e-01  1.0000000000e+00  1.4157512106e+06  1.4157512106e+06  0.0000000000e+00
7.5031507877e-01  1.0000000000e+00  1.4157512106e+06  1.4157512106e+06  0.0000000000e+00
7.5059264816e-01  1.0000000000e+00  1.4157512106e+06  1.4157512106e+06  0.0000000000e+00
7.5087021755e-01  1.0000000000e+00  1.4157512106e+06  1.4157512106e+06  0.0000000000e+00
7.5114778695e-01  1.0000000000e+00  1.4157512106e+06  1.4157512106e+06  0.0000000000e+00
7.5142535634e-01  1.0000000000e+00  1.4157512106e+06  1.4157512106e+06  0.0000000000e+00
7.5170292573e-01  1.0000000000e+00  1.4157512106e+06  1.4157512106e+06  0.0000000000e+00
7.5198049512e-01  1.0000000000e+00  1.4157512106e+06  1.4157512106e+06  0.0000000000e+00
7.5225806452e-01  1.0000000000e+00  1.4157512106e+06  1.4157512106e+06  0.0000000000e+00
7.5253563391e-01  1.0000000000e+00  1.4157512106e+06  1.4157512106e+06  0.0000000000e+00
7.5281320330e-01  1.0000000000e+00  1.4157512106e+06  1.4157512106e+06  0.0000000000e+00
7.5309077269e-01  1.0000000000e+00  1.4157512106e+06  1.4157512106e+06  0.0000000000e+00
7.5336834209e-01  1.0000000000e+00  1.4157512106e+06  1.4157512106e+06  0.0000000000e+00
7.5364591148e-01  1.0000000000e+00  1.4157512106e+06  1.4157512106e+06  0.0000000000e+00
7.5392348087e-01  1.0000000000e+00  1.4157512106e+06  1.4157512106e+06  0.0000000000e+00
7.5420105026e-01  1.0000000000e+00  1.4157512106e+06  1.4157512106e+06  0.0000000000e+00
7.5447861965e-01  1.0000000000e+00  1.4157512106e+06  1.4157512106e+06  0.0000000000e+00
7.5475618905e-01  1.0000000000e+00  1.4157512106e+06  1.4157512106e+06  0.0000000000e+00
7.5503375844e-01  1.0000000000e+00  1.4157512106e+06  1.4157512106e+06  0.0000000000e+00
7.5531132783e-01  1.0000000000e+00  1.4157512106e+06  1.4157512106e+06  0.0000000000e+00
7.5558889722e-01  1.0000000000e+00  1.4157512106e+06  1.4157512106e+06  0.0000000000e+00
7.5586646662e-01  1.0000000000e+00  1.4157512106e+06  1.4157512106e+06  0.0000000000e+00
7.5614403601e-01  1.0000000000e+00  1.4157512106e+06  1.4157512106e+06  0.0000000000e+00
7.5642160540e-01  1.0000000000e+00  1.4157512106e+06  1.4157512106e+06  0.0000000000e+00
7.5669917479e-01  1.0000000000e+00  1.4157512106e+06  1.4157512106e+06  0.0000000000e+00
7.5697674419e-01  1.0000000000e+00  1.4157512106e+06  1.4157512106e+06  0.0000000000e+00
7.5725431358e-01  1.0000000000e+00  1.4157512106e+06  1.4157512106e+06  0.0000000000e+00
7.5753188297e-01  1.0000000000e+00  1.4157512106e+06  1.4157512106e+06  0.0000000000e+00
7.5780945236e-01  1.0000000000e+00  1.4157512106e+06  1.4157512106e+06  0.0000000000e+00
7.5808702176e-01  1.0000000000e+00  1.4157512106e+06  1.4157512106e+06  0.0000000000e+00
7.5836459115e-01  1.0000000000e+00  1.4157512106e+06  1.4157512106e+06  0.0000000000e+00
7.5864216054e-01  1.0000000000e+00  1.4157512106e+06  1.4157512106e+06  0.0000000000e+00
7.5891972993e-01  1.0000000000e+00  1.4157512106e+06  1.4157512106e+06  0.0000000000e+00
7.5919729932e-01  1.0000000000e+00  1.4157512106e+06  1.4157512106e+06  0.0000000000e+00
7.5947486872e-01  1.0000000000e+00  1.4157512106e+06  1.4157512106e+06  0.0000000000e+00
7.5975243811e-01  1.0000000000e+00  1.4157512106e+06  1.4157512106e+06  0.0000000000e+00
7.6003000750e-01  1.0000000000e+00  1.4157512106e+06  1.4157512106e+06  0.0000000000e+00
7.6030757689e-01  1.0000000000e+00  1.4157512106e+06  1.4157512106e+06  0.0000000000e+00
7.6058514629e-01  1.0000000000e+00  1.4157512106e+06  1.4157512106e+06  0.0000000000e+00
7.6086271568e-01  1.0000000000e+00  1.4157512106e+06  1.4157512106e+06  0.0000000000e+00
7.6114028507e-01  1.0000000000e+00  1.4157512106e+06  1.4157512106e+06  0.0000000000e+00
7.6141785446e-01  1.0000000000e+00  1.4157512106e+06  1.4157512106e+06  0.0000000000e+00
7.6169542386e-01  1.0000000000e+00  1.4157512106e+06  1.4157512106e+06  0.0000000000e+00
7.6197299325e-01  1.0000000000e+00  1.4157512106e+06  1.4157512106e+06  0.0000000000e+00
7.6225056264e-01  1.0000000000e+00  1.4157512106e+06  1.4157512106e+06  0.0000000000e+00
7.6252813203e-01  1.0000000000e+00  1.4157512106e+06  1.4157512106e+06  0.0000000000e+00
7.6280570143e-01  1.0000000000e+00  1.4157512106e+06  1.4157512106e+06  0.0000000000e+00
7.6308327082e-01  1.0000000000e+00  1.4157512106e+06  1.4157512106e+06  0.0000000000e+00
7.6336084021e-01  1.0000000000e+00  1.4157512106e+06  1.4157512106e+06  0.0000000000e+00
7.6363840960e-01  1.0000000000e+00  1.4157512106e+06  1.4157512106e+06  0.0000000000e+00
7.6391597899e-01  1.0000000000e+00  1.4157512106e+06  1.4157512106e+06  0.0000000000e+00
7.6419354839e-01  1.0000000000e+00  1.4157512106e+06  1.4157512106e+06  0.0000000000e+00
7.6447111778e-01  1.0000000000e+00  1.4157512106e+06  1.4157512106e+06  0.0000000000e+00
7.6474868717e-01  1.0000000000e+00  1.4157512106e+06  1.4157512106e+06  0.0000000000e+00
7.6502625656e-01  1.0000000000e+00  1.4157512106e+06  1.4157512106e+06  0.0000000000e+00
7.6530382596e-01  1.0000000000e+00  1.4157512106e+06  1.4157512106e+06  0.0000000000e+00
7.6558139535e-01  1.0000000000e+00  1.4157512106e+06  1.4157512106e+06  0.0000000000e+00
7.6585896474e-01  1.0000000000e+00  1.4157512106e+06  1.4157512106e+06  0.0000000000e+00
7.6613653413e-01  1.0000000000e+00  1.4157512106e+06  1.4157512106e+06  0.0000000000e+00
7.6641410353e-01  1.0000000000e+00  1.4157512106e+06  1.4157512106e+06  0.0000000000e+00
7.6669167292e-01  1.0000000000e+00  1.4157512106e+06  1.4157512106e+06  0.0000000000e+00
7.6696924231e-01  1.0000000000e+00  1.4157512106e+06  1.4157512106e+06  0.0000000000e+00
7.6724681170e-01  1.0000000000e+00  1.4157512106e+06  1.4157512106e+06  0.0000000000e+00
7.6752438110e-01  1.0000000000e+00  1.4157512106e+06  1.4157512106e+06  0.0000000000e+00
7.6780195049e-01  1.0000000000e+00  1.4157512106e+06  1.4157512106e+06  0.0000000000e+00
7.6807951988e-01  1.0000000000e+00  1.4157512106e+06  1.4157512106e+06  0.0000000000e+00
7.6835708927e-01  1.0000000000e+00  1.4157512106e+06  1.4157512106e+06  0.0000000000e+00
7.6863465866e-01  1.0000000000e+00  1.4157512106e+06  1.4157512106e+06  0.0000000000e+00
7.6891222806e-01  1.0000000000e+00  1.4157512106e+06  1.4157512106e+06  0.0000000000e+00
7.6918979745e-01  1.0000000000e+00  1.4157512106e+06  1.4157512106e+06  0.0000000000e+00
7.6946736684e-01  1.0000000000e+00  1.4157512106e+06  1.4157512106e+06  0.0000000000e+00
7.6974493623e-01  1.0000000000e+00  1.4157512106e+06  1.4157512106e+06  0.0000000000e+00
7.7002250563e-01  1.0000000000e+00  1.4157512106e+06  1.4157512106e+06  0.0000000000e+00
7.7030007502e-01  1.0000000000e+00  1.4157512106e+06  1.4157512106e+06  0.0000000000e+00
7.7057764441e-01  1.0000000000e+00  1.4157512106e+06  1.4157512106e+06  0.0000000000e+00
7.7085521380e-01  1.0000000000e+00  1.4157512106e+06  1.4157512106e+06  0.0000000000e+00
7.7113278320e-01  1.0000000000e+00  1.4157512106e+06  1.4157512106e+06  0.0000000000e+00
7.7141035259e-01  1.0000000000e+00  1.4157512106e+06  1.4157512106e+06  0.0000000000e+00
7.7168792198e-01  1.0000000000e+00  1.4157512106e+06  1.4157512106e+06  0.0000000000e+00
7.7196549137e-01  1.0000000000e+00  1.4157512106e+06  1.4157512106e+06  0.0000000000e+00
7.7224306077e-01  1.0000000000e+00  1.4157512106e+06  1.4157512106e+06  0.0000000000e+00
7.7252063016e-01  1.0000000000e+00  1.4157512106e+06  1.4157512106e+06  0.0000000000e+00
7.7279819955e-01  1.0000000000e+00  1.4157512106e+06  1.4157512106e+06  0.0000000000e+00
7.7307576894e-01  1.0000000000e+00  1.4157512106e+06  1.4157512106e+06  0.0000000000e+00
7.7335333833e-01  1.0000000000e+00  1.4157512106e+06  1.4157512106e+06  0.0000000000e+00
7.7363090773e-01  1.0000000000e+00  1.4157512106e+06  1.4157512106e+06  0.0000000000e+00
7.7390847712e-01  1.0000000000e+00  1.4157512106e+06  1.4157512106e+06  0.0000000000e+00
7.7418604651e-01  1.0000000000e+00  1.4157512106e+06  1.4157512106e+06  0.0000000000e+00
7.7446361590e-01  1.0000000000e+00  1.4157512106e+06  1.4157512106e+06  0.0000000000e+00
7.7474118530e-01  1.0000000000e+00  1.4157512106e+06  1.4157512106e+06  0.0000000000e+00
7.7501875469e-01  1.0000000000e+00  1.4157512106e+06  1.4157512106e+06  0.0000000000e+00
7.7529632408e-01  1.0000000000e+00  1.4157512106e+06  1.4157512106e+06  0.0000000000e+00
7.7557389347e-01  1.0000000000e+00  1.4157512106e+06  1.4157512106e+06  0.0000000000e+00
7.7585146287e-01  1.0000000000e+00  1.4157512106e+06  1.4157512106e+06  0.0000000000e+00
7.7612903226e-01  1.0000000000e+00  1.4157512106e+06  1.4157512106e+06  0.0000000000e+00
7.7640660165e-01  1.0000000000e+00  1.4157512106e+06  1.4157512106e+06  0.0000000000e+00
7.7668417104e-01  1.0000000000e+00  1.4157512106e+06  1.4157512106e+06  0.0000000000e+00
7.7696174044e-01  1.0000000000e+00  1.4157512106e+06  1.4157512106e+06  0.0000000000e+00
7.7723930983e-01  1.0000000000e+00  1.4157512106e+06  1.4157512106e+06  0.0000000000e+00
7.7751687922e-01  1.0000000000e+00  1.4157512106e+06  1.4157512106e+06  0.0000000000e+00
7.7779444861e-01  1.0000000000e+00  1.4157512106e+06  1.4157512106e+06  0.0000000000e+00
7.7807201800e-01  1.0000000000e+00  1.4157512106e+06  1.4157512106e+06  0.0000000000e+00
7.7834958740e-01  1.0000000000e+00  1.4157512106e+06  1.4157512106e+06  0.0000000000e+00
7.7862715679e-01  1.0000000000e+00  1.4157512106e+06  1.4157512106e+06  0.0000000000e+00
7.7890472618e-01  1.0000000000e+00  1.4157512106e+06  1.4157512106e+06  0.0000000000e+00
7.7918229557e-01  1.0000000000e+00  1.4157512106e+06  1.4157512106e+06  0.0000000000e+00
7.7945986497e-01  1.0000000000e+00  1.4157512106e+06  1.4157512106e+06  0.0000000000e+00
7.7973743436e-01  1.0000000000e+00  1.4157512106e+06  1.4157512106e+06  0.0000000000e+00
7.8001500375e-01  1.0000000000e+00  1.4157512106e+06  1.4157512106e+06  0.0000000000e+00
7.8029257314e-01  1.0000000000e+00  1.4157512106e+06  1.4157512106e+06  0.0000000000e+00
7.8057014254e-01  1.0000000000e+00  1.4157512106e+06  1.4157512106e+06  0.0000000000e+00
7.8084771193e-01  1.0000000000e+00  1.4157512106e+06  1.4157512106e+06  0.0000000000e+00
7.8112528132e-01  1.0000000000e+00  1.4157512106e+06  1.4157512106e+06  0.0000000000e+00
7.8140285071e-01  1.0000000000e+00  1.4157512106e+06  1.4157512106e+06  0.0000000000e+00
7.8168042011e-01  1.0000000000e+00  1.4157512106e+06  1.4157512106e+06  0.0000000000e+00
7.8195798950e-01  1.0000000000e+00  1.4157512106e+06  1.4157512106e+06  0.0000000000e+00
7.8223555889e-01  1.0000000000e+00  1.4157512106e+06  1.4157512106e+06  0.0000000000e+00
7.8251312828e-01  1.0000000000e+00  1.4157512106e+06  1.4157512106e+06  0.0000000000e+00
7.8279069767e-01  1.0000000000e+00  1.4157512106e+06  1.4157512106e+06  0.0000000000e+00
7.8306826707e-01  1.0000000000e+00  1.4157512106e+06  1.4157512106e+06  0.0000000000e+00
7.8334583646e-01  1.0000000000e+00  1.4157512106e+06  1.4157512106e+06  0.0000000000e+00
7.8362340585e-01  1.0000000000e+00  1.4157512106e+06  1.4157512106e+06  0.0000000000e+00
7.8390097524e-01  1.0000000000e+00  1.4157512106e+06  1.4157512106e+06  0.0000000000e+00
7.8417854464e-01  1.0000000000e+00  1.4157512106e+06  1.4157512106e+06  0.0000000000e+00
7.8445611403e-01  1.0000000000e+00  1.4157512106e+06  1.4157512106e+06  0.0000000000e+00
7.8473368342e-01  1.0000000000e+00  1.4157512106e+06  1.4157512106e+06  0.0000000000e+00
7.8501125281e-01  1.0000000000e+00  1.4157512106e+06  1.4157512106e+06  0.0000000000e+00
7.8528882221e-01  1.0000000000e+00  1.4157512106e+06  1.4157512106e+06  0.0000000000e+00
7.8556639160e-01  1.0000000000e+00  1.4157512106e+06  1.4157512106e+06  0.0000000000e+00
7.8584396099e-01  1.0000000000e+00  1.4157512106e+06  1.4157512106e+06  0.0000000000e+00
7.8612153038e-01  1.0000000000e+00  1.4157512106e+06  1.4157512106e+06  0.0000000000e+00
7.8639909977e-01  1.0000000000e+00  1.4157512106e+06  1.4157512106e+06  0.0000000000e+00
7.8667666917e-01  1.0000000000e+00  1.4157512106e+06  1.4157512106e+06  0.0000000000e+00
7.8695423856e-01  1.0000000000e+00  1.4157512106e+06  1.4157512106e+06  0.0000000000e+00
7.8723180795e-01  1.0000000000e+00  1.4157512106e+06  1.4157512106e+06  0.0000000000e+00
7.8750937734e-01  1.0000000000e+00  1.4157512106e+06  1.4157512106e+06  0.0000000000e+00
7.8778694674e-01  1.0000000000e+00  1.4157512106e+06  1.4157512106e+06  0.0000000000e+00
7.8806451613e-01  1.0000000000e+00  1.4157512106e+06  1.4157512106e+06  0.0000000000e+00
7.8834208552e-01  1.0000000000e+00  1.4157512106e+06  1.4157512106e+06  0.0000000000e+00
7.8861965491e-01  1.0000000000e+00  1.4157512106e+06  1.4157512106e+06  0.0000000000e+00
7.8889722431e-01  1.0000000000e+00  1.4157512106e+06  1.4157512106e+06  0.0000000000e+00
7.8917479370e-01  1.0000000000e+00  1.4157512106e+06  1.4157512106e+06  0.0000000000e+00
7.8945236309e-01  1.0000000000e+00  1.4157512106e+06  1.4157512106e+06  0.0000000000e+00
7.8972993248e-01  1.0000000000e+00  1.4157512106e+06  1.4157512106e+06  0.0000000000e+00
7.9000750188e-01  1.0000000000e+00  1.4157512106e+06  1.4157512106e+06  0.0000000000e+00
7.9028507127e-01  1.0000000000e+00  1.4157512106e+06  1.4157512106e+06  0.0000000000e+00
7.9056264066e-01  1.0000000000e+00  1.4157512106e+06  1.4157512106e+06  0.0000000000e+00
7.9084021005e-01  1.0000000000e+00  1.4157512106e+06  1.4157512106e+06  0.0000000000e+00
7.9111777944e-01  1.0000000000e+00  1.4157512106e+06  1.4157512106e+06  0.0000000000e+00
7.9139534884e-01  1.0000000000e+00  1.4157512106e+06  1.4157512106e+06  0.0000000000e+00
7.9167291823e-01  1.0000000000e+00  1.4157512106e+06  1.4157512106e+06  0.0000000000e+00
7.9195048762e-01  1.0000000000e+00  1.4157512106e+06  1.4157512106e+06  0.0000000000e+00
7.9222805701e-01  1.0000000000e+00  1.4157512106e+06  1.4157512106e+06  0.0000000000e+00
7.9250562641e-01  1.0000000000e+00  1.4157512106e+06  1.4157512106e+06  0.0000000000e+00
7.9278319580e-01  1.0000000000e+00  1.4157512106e+06  1.4157512106e+06  0.0000000000e+00
7.9306076519e-01  1.0000000000e+00  1.4157512106e+06  1.4157512106e+06  0.0000000000e+00
7.9333833458e-01  1.0000000000e+00  1.4157512106e+06  1.4157512106e+06  0.0000000000e+00
7.9361590398e-01  1.0000000000e+00  1.4157512106e+06  1.4157512106e+06  0.0000000000e+00
7.9389347337e-01  1.0000000000e+00  1.4157512106e+06  1.4157512106e+06  0.0000000000e+00
7.9417104276e-01  1.0000000000e+00  1.4157512106e+06  1.4157512106e+06  0.0000000000e+00
7.9444861215e-01  1.0000000000e+00  1.4157512106e+06  1.4157512106e+06  0.0000000000e+00
7.9472618155e-01  1.0000000000e+00  1.4157512106e+06  1.4157512106e+06  0.0000000000e+00
7.9500375094e-01  1.0000000000e+00  1.4157512106e+06  1.4157512106e+06  0.0000000000e+00
7.9528132033e-01  1.0000000000e+00  1.4157512106e+06  1.4157512106e+06  0.0000000000e+00
7.9555888972e-01  1.0000000000e+00  1.4157512106e+06  1.4157512106e+06  0.0000000000e+00
7.9583645911e-01  1.0000000000e+00  1.4157512106e+06  1.4157512106e+06  0.0000000000e+00
7.9611402851e-01  1.0000000000e+00  1.4157512106e+06  1.4157512106e+06  0.0000000000e+00
7.9639159790e-01  1.0000000000e+00  1.4157512106e+06  1.4157512106e+06  0.0000000000e+00
7.9666916729e-01  1.0000000000e+00  1.4157512106e+06  1.4157512106e+06  0.0000000000e+00
7.9694673668e-01  1.0000000000e+00  1.4157512106e+06  1.4157512106e+06  0.0000000000e+00
7.9722430608e-01  1.0000000000e+00  1.4157512106e+06  1.4157512106e+06  0.0000000000e+00
7.9750187547e-01  1.0000000000e+00  1.4157512106e+06  1.4157512106e+06  0.0000000000e+00
7.9777944486e-01  1.0000000000e+00  1.4157512106e+06  1.4157512106e+06  0.0000000000e+00
7.9805701425e-01  1.0000000000e+00  1.4157512106e+06  1.4157512106e+06  0.0000000000e+00
7.9833458365e-01  1.0000000000e+00  1.4157512106e+06  1.4157512106e+06  0.0000000000e+00
7.9861215304e-01  1.0000000000e+00  1.4157512106e+06  1.4157512106e+06  0.0000000000e+00
7.9888972243e-01  1.0000000000e+00  1.4157512106e+06  1.4157512106e+06  0.0000000000e+00
7.9916729182e-01  1.0000000000e+00  1.4157512106e+06  1.4157512106e+06  0.0000000000e+00
7.9944486122e-01  1.0000000000e+00  1.4157512106e+06  1.4157512106e+06  0.0000000000e+00
7.9972243061e-01  1.0000000000e+00  1.4157512106e+06  1.4157512106e+06  0.0000000000e+00
8.0000000000e-01  1.0000000000e+00  1.4157512106e+06  1.4157512106e+06  0.0000000000e+00
