mu_Omega_z,z_cm,I0_erg_cm2_s_sr
-9.95187219997021311e-01,-9.96093750000000000e-01,1.38459606543419955e+18
-9.95187219997021311e-01,-9.88281250000000000e-01,1.38154253259897370e+18
-9.95187219997021311e-01,-9.80468750000000000e-01,1.37851178471174912e+18
-9.95187219997021311e-01,-9.72656250000000000e-01,1.37550042212855910e+18
-9.95187219997021311e-01,-9.64843750000000000e-01,1.37250567430247117e+18
-9.95187219997021311e-01,-9.57031250000000000e-01,1.36952527528418048e+18
-9.95187219997021311e-01,-9.49218750000000000e-01,1.36655736437454438e+18
-9.95187219997021311e-01,-9.41406250000000000e-01,1.36360040681390080e+18
-9.95187219997021311e-01,-9.33593750000000000e-01,1.36065313043561446e+18
-9.95187219997021311e-01,-9.25781250000000000e-01,1.35771447504120781e+18
-9.95187219997021311e-01,-9.17968750000000000e-01,1.35478355191508966e+18
-9.95187219997021311e-01,-9.10156250000000000e-01,1.35185961142279808e+18
-9.95187219997021311e-01,-9.02343750000000000e-01,1.34894201705533005e+18
-9.95187219997021311e-01,-8.94531250000000000e-01,1.34603022461541709e+18
-9.95187219997021311e-01,-8.86718750000000000e-01,1.34312376550695398e+18
-9.95187219997021311e-01,-8.78906250000000000e-01,1.34022223330001894e+18
-9.95187219997021311e-01,-8.71093750000000000e-01,1.33732527291213389e+18
-9.95187219997021311e-01,-8.63281250000000000e-01,1.33443257188030822e+18
-9.95187219997021311e-01,-8.55468750000000000e-01,1.33154385330507264e+18
-9.95187219997021311e-01,-8.47656250000000000e-01,1.32865887013259699e+18
-9.95187219997021311e-01,-8.39843750000000000e-01,1.32577740050864077e+18
-9.95187219997021311e-01,-8.32031250000000000e-01,1.32289924399192448e+18
-9.95187219997021311e-01,-8.24218750000000000e-01,1.32002421845743027e+18
-9.95187219997021311e-01,-8.16406250000000000e-01,1.31715215755431450e+18
-9.95187219997021311e-01,-8.08593750000000000e-01,1.31428290861035213e+18
-9.95187219997021311e-01,-8.00781250000000000e-01,1.31141633089653171e+18
-9.95187219997021311e-01,-7.92968750000000000e-01,1.30855229418272794e+18
-9.95187219997021311e-01,-7.85156250000000000e-01,1.30569067752916352e+18
-9.95187219997021311e-01,-7.77343750000000000e-01,1.30283136826937242e+18
-9.95187219997021311e-01,-7.69531250000000000e-01,1.29997426114916173e+18
-9.95187219997021311e-01,-7.61718750000000000e-01,1.29711925759305267e+18
-9.95187219997021311e-01,-7.53906250000000000e-01,1.29426626507529318e+18
-9.95187219997021311e-01,-7.46093750000000000e-01,1.29141519657698509e+18
-9.95187219997021311e-01,-7.38281250000000000e-01,1.28856597011444608e+18
-9.95187219997021311e-01,-7.30468750000000000e-01,1.28571850832677786e+18
-9.95187219997021311e-01,-7.22656250000000000e-01,1.28287273811290086e+18
-9.95187219997021311e-01,-7.14843750000000000e-01,1.28002859031014016e+18
-9.95187219997021311e-01,-7.07031250000000000e-01,1.27718599940792346e+18
-9.95187219997021311e-01,-6.99218750000000000e-01,1.27434490329131981e+18
-9.95187219997021311e-01,-6.91406250000000000e-01,1.27150524301010970e+18
-9.95187219997021311e-01,-6.83593750000000000e-01,1.26866696256982502e+18
-9.95187219997021311e-01,-6.75781250000000000e-01,1.26583000874182400e+18
-9.95187219997021311e-01,-6.67968750000000000e-01,1.26299433088995994e+18
-9.95187219997021311e-01,-6.60156250000000000e-01,1.26015988081180339e+18
-9.95187219997021311e-01,-6.52343750000000000e-01,1.25732661259270989e+18
-9.95187219997021311e-01,-6.44531250000000000e-01,1.25449448247128474e+18
-9.95187219997021311e-01,-6.36718750000000000e-01,1.25166344871502515e+18
-9.95187219997021311e-01,-6.28906250000000000e-01,1.24883347150508749e+18
-9.95187219997021311e-01,-6.21093750000000000e-01,1.24600451282927872e+18
-9.95187219997021311e-01,-6.13281250000000000e-01,1.24317653638249958e+18
-9.95187219997021311e-01,-6.05468750000000000e-01,1.24034950747395328e+18
-9.95187219997021311e-01,-5.97656250000000000e-01,1.23752339294053427e+18
-9.95187219997021311e-01,-5.89843750000000000e-01,1.23469816106587162e+18
-9.95187219997021311e-01,-5.82031250000000000e-01,1.23187378150456115e+18
-9.95187219997021311e-01,-5.74218750000000000e-01,1.22905022521118362e+18
-9.95187219997021311e-01,-5.66406250000000000e-01,1.22622746437372954e+18
-9.95187219997021311e-01,-5.58593750000000000e-01,1.22340547235110682e+18
-9.95187219997021311e-01,-5.50781250000000000e-01,1.22058422361443072e+18
-9.95187219997021311e-01,-5.42968750000000000e-01,1.21776369369182310e+18
-9.95187219997021311e-01,-5.35156250000000000e-01,1.21494385911647514e+18
-9.95187219997021311e-01,-5.27343750000000000e-01,1.21212469737775027e+18
-9.95187219997021311e-01,-5.19531250000000000e-01,1.20930618687511885e+18
-9.95187219997021311e-01,-5.11718750000000000e-01,1.20648830687473638e+18
-9.95187219997021311e-01,-5.03906250000000000e-01,1.20367103746849229e+18
-9.95187219997021311e-01,-4.96093750000000000e-01,1.20085435953536691e+18
-9.95187219997021311e-01,-4.88281250000000000e-01,1.19803825470495130e+18
-9.95187219997021311e-01,-4.80468750000000000e-01,1.19522270532299008e+18
-9.95187219997021311e-01,-4.72656250000000000e-01,1.19240769441882138e+18
-9.95187219997021311e-01,-4.64843750000000000e-01,1.18959320567459891e+18
-9.95187219997021311e-01,-4.57031250000000000e-01,1.18677922339618202e+18
-9.95187219997021311e-01,-4.49218750000000000e-01,1.18396573248559667e+18
-9.95187219997021311e-01,-4.41406250000000000e-01,1.18115271841496960e+18
-9.95187219997021311e-01,-4.33593750000000000e-01,1.17834016720185114e+18
-9.95187219997021311e-01,-4.25781250000000000e-01,1.17552806538583962e+18
-9.95187219997021311e-01,-4.17968750000000000e-01,1.17271640000643968e+18
-9.95187219997021311e-01,-4.10156250000000000e-01,1.16990515858207206e+18
-9.95187219997021311e-01,-4.02343750000000000e-01,1.16709432909018010e+18
-9.95187219997021311e-01,-3.94531250000000000e-01,1.16428389994836224e+18
-9.95187219997021311e-01,-3.86718750000000000e-01,1.16147385999647821e+18
-9.95187219997021311e-01,-3.78906250000000000e-01,1.15866419847967514e+18
-9.95187219997021311e-01,-3.71093750000000000e-01,1.15585490503227802e+18
-9.95187219997021311e-01,-3.63281250000000000e-01,1.15304596966250701e+18
-9.95187219997021311e-01,-3.55468750000000000e-01,1.15023738273797018e+18
-9.95187219997021311e-01,-3.47656250000000000e-01,1.14742913497189965e+18
-9.95187219997021311e-01,-3.39843750000000000e-01,1.14462121741008371e+18
-9.95187219997021311e-01,-3.32031250000000000e-01,1.14181362141847309e+18
-9.95187219997021311e-01,-3.24218750000000000e-01,1.13900633867142144e+18
-9.95187219997021311e-01,-3.16406250000000000e-01,1.13619936114053466e+18
-9.95187219997021311e-01,-3.08593750000000000e-01,1.13339268108410432e+18
-9.95187219997021311e-01,-3.00781250000000000e-01,1.13058629103710310e+18
-9.95187219997021311e-01,-2.92968750000000000e-01,1.12778018380171968e+18
-9.95187219997021311e-01,-2.85156250000000000e-01,1.12497435243842330e+18
-9.95187219997021311e-01,-2.77343750000000000e-01,1.12216879025753728e+18
-9.95187219997021311e-01,-2.69531250000000000e-01,1.11936349081132186e+18
-9.95187219997021311e-01,-2.61718750000000000e-01,1.11655844788655718e+18
-9.95187219997021311e-01,-2.53906250000000000e-01,1.11375365549762803e+18
-9.95187219997021311e-01,-2.46093750000000000e-01,1.11094910788012147e+18
-9.95187219997021311e-01,-2.38281250000000000e-01,1.10814479948495027e+18
-9.95187219997021311e-01,-2.30468750000000000e-01,1.10534072497302566e+18
-9.95187219997021311e-01,-2.22656250000000000e-01,1.10253687921051597e+18
-9.95187219997021311e-01,-2.14843750000000000e-01,1.09973325726473805e+18
-9.95187219997021311e-01,-2.07031250000000000e-01,1.09692985440074726e+18
-9.95187219997021311e-01,-1.99218750000000000e-01,1.09412666607871014e+18
-9.95187219997021311e-01,-1.91406250000000000e-01,1.09132368795216806e+18
-9.95187219997021311e-01,-1.83593750000000000e-01,1.08852091586733530e+18
-9.95187219997021311e-01,-1.75781250000000000e-01,1.08571834586361024e+18
-9.95187219997021311e-01,-1.67968750000000000e-01,1.08291597417552742e+18
-9.95187219997021311e-01,-1.60156250000000000e-01,1.08011379723643955e+18
-9.95187219997021311e-01,-1.52343750000000000e-01,1.07731181168429747e+18
-9.95187219997021311e-01,-1.44531250000000000e-01,1.07451001436998374e+18
-9.95187219997021311e-01,-1.36718750000000000e-01,1.07170840236878400e+18
-9.95187219997021311e-01,-1.28906250000000000e-01,1.06890697299572467e+18
-9.95187219997021311e-01,-1.21093750000000000e-01,1.06610572382569306e+18
-9.95187219997021311e-01,-1.13281250000000000e-01,1.06330465271949798e+18
-9.95187219997021311e-01,-1.05468750000000000e-01,1.06050375785731610e+18
-9.95187219997021311e-01,-9.76562500000000000e-02,1.05770303778135117e+18
-9.95187219997021311e-01,-8.98437500000000000e-02,1.05490249144998963e+18
-9.95187219997021311e-01,-8.20312500000000000e-02,1.05210211830633574e+18
-9.95187219997021311e-01,-7.42187500000000000e-02,1.04930191836473037e+18
-9.95187219997021311e-01,-6.64062500000000000e-02,1.04650189231979917e+18
-9.95187219997021311e-01,-5.85937500000000000e-02,1.04370204168372378e+18
-9.95187219997021311e-01,-5.07812500000000000e-02,1.04090236895889997e+18
-9.95187219997021311e-01,-4.29687500000000000e-02,1.03810287785497408e+18
-9.95187219997021311e-01,-3.51562500000000000e-02,1.03530357356155712e+18
-9.95187219997021311e-01,-2.73437500000000000e-02,1.03250446309080589e+18
-9.95187219997021311e-01,-1.95312500000000000e-02,1.02970555570770086e+18
-9.95187219997021311e-01,-1.17187500000000000e-02,1.02690686347041280e+18
-9.95187219997021311e-01,-3.90625000000000000e-03,1.02410840190889267e+18
-9.95187219997021311e-01,3.90625000000000000e-03,1.01854192569193843e+18
-9.95187219997021311e-01,1.17187500000000000e-02,1.01014895240057690e+18
-9.95187219997021311e-01,1.95312500000000000e-02,1.00175648166403123e+18
-9.95187219997021311e-01,2.73437500000000000e-02,9.93364653890353024e+17
-9.95187219997021311e-01,3.51562500000000000e-02,9.84973527472482944e+17
-9.95187219997021311e-01,4.29687500000000000e-02,9.76583120439539328e+17
-9.95187219997021311e-01,5.07812500000000000e-02,9.68193431535757056e+17
-9.95187219997021311e-01,5.85937500000000000e-02,9.59804450889539072e+17
-9.95187219997021311e-01,6.64062500000000000e-02,9.51416165410578432e+17
-9.95187219997021311e-01,7.42187500000000000e-02,9.43028561514204672e+17
-9.95187219997021311e-01,8.20312500000000000e-02,9.34641626488886144e+17
-9.95187219997021311e-01,8.98437500000000000e-02,9.26255349174043776e+17
-9.95187219997021311e-01,9.76562500000000000e-02,9.17869720287038336e+17
-9.95187219997021311e-01,1.05468750000000000e-01,9.09484732571970688e+17
-9.95187219997021311e-01,1.13281250000000000e-01,9.01100380858616064e+17
-9.95187219997021311e-01,1.21093750000000000e-01,8.92716662076952832e+17
-9.95187219997021311e-01,1.28906250000000000e-01,8.84333575250900736e+17
-9.95187219997021311e-01,1.36718750000000000e-01,8.75951121483669376e+17
-9.95187219997021311e-01,1.44531250000000000e-01,8.67569303941345792e+17
-9.95187219997021311e-01,1.52343750000000000e-01,8.59188127838331136e+17
-9.95187219997021311e-01,1.60156250000000000e-01,8.50807600426639616e+17
-9.95187219997021311e-01,1.67968750000000000e-01,8.42427730990220032e+17
-9.95187219997021311e-01,1.75781250000000000e-01,8.34048530844989696e+17
-9.95187219997021311e-01,1.83593750000000000e-01,8.25670013345000832e+17
-9.95187219997021311e-01,1.91406250000000000e-01,8.17292193895015680e+17
-9.95187219997021311e-01,1.99218750000000000e-01,8.08915089969675392e+17
-9.95187219997021311e-01,2.07031250000000000e-01,8.00538721139398656e+17
-9.95187219997021311e-01,2.14843750000000000e-01,7.92163109103124352e+17
-9.95187219997021311e-01,2.22656250000000000e-01,7.83788277727998208e+17
-9.95187219997021311e-01,2.30468750000000000e-01,7.75414253096105216e+17
-9.95187219997021311e-01,2.38281250000000000e-01,7.67041063558356736e+17
-9.95187219997021311e-01,2.46093750000000000e-01,7.58668739795653632e+17
-9.95187219997021311e-01,2.53906250000000000e-01,7.50297314887463168e+17
-9.95187219997021311e-01,2.61718750000000000e-01,7.41926824387967360e+17
-9.95187219997021311e-01,2.69531250000000000e-01,7.33557306409961728e+17
-9.95187219997021311e-01,2.77343750000000000e-01,7.25188801716711168e+17
-9.95187219997021311e-01,2.85156250000000000e-01,7.16821353821989632e+17
-9.95187219997021311e-01,2.92968750000000000e-01,7.08455009098566016e+17
-9.95187219997021311e-01,3.00781250000000000e-01,7.00089816895422208e+17
-9.95187219997021311e-01,3.08593750000000000e-01,6.91725829664019968e+17
-9.95187219997021311e-01,3.16406250000000000e-01,6.83363103093973760e+17
-9.95187219997021311e-01,3.24218750000000000e-01,6.75001696258507392e+17
-9.95187219997021311e-01,3.32031250000000000e-01,6.66641671770122880e+17
-9.95187219997021311e-01,3.39843750000000000e-01,6.58283095946934528e+17
-9.95187219997021311e-01,3.47656250000000000e-01,6.49926038990169344e+17
-9.95187219997021311e-01,3.55468750000000000e-01,6.41570575173371776e+17
-9.95187219997021311e-01,3.63281250000000000e-01,6.33216783043896576e+17
-9.95187219997021311e-01,3.71093750000000000e-01,6.24864745637320576e+17
-9.95187219997021311e-01,3.78906250000000000e-01,6.16514550705447680e+17
-9.95187219997021311e-01,3.86718750000000000e-01,6.08166290958642816e+17
-9.95187219997021311e-01,3.94531250000000000e-01,5.99820064323275648e+17
-9.95187219997021311e-01,4.02343750000000000e-01,5.91475974215120896e+17
-9.95187219997021311e-01,4.10156250000000000e-01,5.83134129829620992e+17
-9.95187219997021311e-01,4.17968750000000000e-01,5.74794646449985600e+17
-9.95187219997021311e-01,4.25781250000000000e-01,5.66457645774170368e+17
-9.95187219997021311e-01,4.33593750000000000e-01,5.58123256261861248e+17
-9.95187219997021311e-01,4.41406250000000000e-01,5.49791613502663360e+17
-9.95187219997021311e-01,4.49218750000000000e-01,5.41462860606790336e+17
-9.95187219997021311e-01,4.57031250000000000e-01,5.33137148619640256e+17
-9.95187219997021311e-01,4.64843750000000000e-01,5.24814636961747200e+17
-9.95187219997021311e-01,4.72656250000000000e-01,5.16495493895709824e+17
-9.95187219997021311e-01,4.80468750000000000e-01,5.08179897021817344e+17
-9.95187219997021311e-01,4.88281250000000000e-01,4.99868033804218752e+17
-9.95187219997021311e-01,4.96093750000000000e-01,4.91560102129628992e+17
-9.95187219997021311e-01,5.03906250000000000e-01,4.83256310900708800e+17
-9.95187219997021311e-01,5.11718750000000000e-01,4.74956880666425600e+17
-9.95187219997021311e-01,5.19531250000000000e-01,4.66662044291881472e+17
-9.95187219997021311e-01,5.27343750000000000e-01,4.58372047670287744e+17
-9.95187219997021311e-01,5.35156250000000000e-01,4.50087150479979712e+17
-9.95187219997021311e-01,5.42968750000000000e-01,4.41807626989600896e+17
-9.95187219997021311e-01,5.50781250000000000e-01,4.33533766914836672e+17
-9.95187219997021311e-01,5.58593750000000000e-01,4.25265876330359744e+17
-9.95187219997021311e-01,5.66406250000000000e-01,4.17004278640956224e+17
-9.95187219997021311e-01,5.74218750000000000e-01,4.08749315616139584e+17
-9.95187219997021311e-01,5.82031250000000000e-01,4.00501348492928448e+17
-9.95187219997021311e-01,5.89843750000000000e-01,3.92260759151880320e+17
-9.95187219997021311e-01,5.97656250000000000e-01,3.84027951371923520e+17
-9.95187219997021311e-01,6.05468750000000000e-01,3.75803352170035456e+17
-9.95187219997021311e-01,6.13281250000000000e-01,3.67587413232375488e+17
-9.95187219997021311e-01,6.21093750000000000e-01,3.59380612444103872e+17
-9.95187219997021311e-01,6.28906250000000000e-01,3.51183455525813888e+17
-9.95187219997021311e-01,6.36718750000000000e-01,3.42996477785286016e+17
-9.95187219997021311e-01,6.44531250000000000e-01,3.34820245994145536e+17
-9.95187219997021311e-01,6.52343750000000000e-01,3.26655360399990976e+17
-9.95187219997021311e-01,6.60156250000000000e-01,3.18502456885672256e+17
-9.95187219997021311e-01,6.67968750000000000e-01,3.10362209288655424e+17
-9.95187219997021311e-01,6.75781250000000000e-01,3.02235331894841600e+17
-9.95187219997021311e-01,6.83593750000000000e-01,2.94122582122836032e+17
-9.95187219997021311e-01,6.91406250000000000e-01,2.86024763416527616e+17
-9.95187219997021311e-01,6.99218750000000000e-01,2.77942728365975296e+17
-9.95187219997021311e-01,7.07031250000000000e-01,2.69877382079063360e+17
-9.95187219997021311e-01,7.14843750000000000e-01,2.61829685829229792e+17
-9.95187219997021311e-01,7.22656250000000000e-01,2.53800661007878048e+17
-9.95187219997021311e-01,7.30468750000000000e-01,2.45791393413925632e+17
-9.95187219997021311e-01,7.38281250000000000e-01,2.37803037917439840e+17
-9.95187219997021311e-01,7.46093750000000000e-01,2.29836823539586976e+17
-9.95187219997021311e-01,7.53906250000000000e-01,2.21894058997334624e+17
-9.95187219997021311e-01,7.61718750000000000e-01,2.13976138768696928e+17
-9.95187219997021311e-01,7.69531250000000000e-01,2.06084549743032512e+17
-9.95187219997021311e-01,7.77343750000000000e-01,1.98220878531294272e+17
-9.95187219997021311e-01,7.85156250000000000e-01,1.90386819523552640e+17
-9.95187219997021311e-01,7.92968750000000000e-01,1.82584183796020032e+17
-9.95187219997021311e-01,8.00781250000000000e-01,1.74814908987757792e+17
-9.95187219997021311e-01,8.08593750000000000e-01,1.67081070288954848e+17
-9.95187219997021311e-01,8.16406250000000000e-01,1.59384892709016704e+17
-9.95187219997021311e-01,8.24218750000000000e-01,1.51728764824836928e+17
-9.95187219997021311e-01,8.32031250000000000e-01,1.44115254249013760e+17
-9.95187219997021311e-01,8.39843750000000000e-01,1.36547125106393312e+17
-9.95187219997021311e-01,8.47656250000000000e-01,1.29027357867859568e+17
-9.95187219997021311e-01,8.55468750000000000e-01,1.21559171966612064e+17
-9.95187219997021311e-01,8.63281250000000000e-01,1.14146051720059520e+17
-9.95187219997021311e-01,8.71093750000000000e-01,1.06791776209076832e+17
-9.95187219997021311e-01,8.78906250000000000e-01,9.95004539409889600e+16
-9.95187219997021311e-01,8.86718750000000000e-01,9.22765633699176640e+16
-9.95187219997021311e-01,8.94531250000000000e-01,8.51250007163524320e+16
-9.95187219997021311e-01,9.02343750000000000e-01,7.80511371070474880e+16
-9.95187219997021311e-01,9.10156250000000000e-01,7.10608880179201200e+16
-9.95187219997021311e-01,9.17968750000000000e-01,6.41607996770149840e+16
-9.95187219997021311e-01,9.25781250000000000e-01,5.73581601152182560e+16
-9.95187219997021311e-01,9.33593750000000000e-01,5.06611481995054960e+16
-9.95187219997021311e-01,9.41406250000000000e-01,4.40790447252131120e+16
-9.95187219997021311e-01,9.49218750000000000e-01,3.76225503652877760e+16
-9.95187219997021311e-01,9.57031250000000000e-01,3.13042956212347760e+16
-9.95187219997021311e-01,9.64843750000000000e-01,2.51397069567775840e+16
-9.95187219997021311e-01,9.72656250000000000e-01,1.91485487254371040e+16
-9.95187219997021311e-01,9.80468750000000000e-01,1.33577669281055100e+16
-9.95187219997021311e-01,9.88281250000000000e-01,7.80686589752672100e+15
-9.95187219997021311e-01,9.96093750000000000e-01,2.55824494650018700e+15
-9.74728555971309474e-01,-9.96093750000000000e-01,1.38833406429820390e+18
-9.74728555971309474e-01,-9.88281250000000000e-01,1.38527632680001536e+18
-9.74728555971309474e-01,-9.80468750000000000e-01,1.38224178850038579e+18
-9.74728555971309474e-01,-9.72656250000000000e-01,1.37922698449919104e+18
-9.74728555971309474e-01,-9.64843750000000000e-01,1.37622909125333504e+18
-9.74728555971309474e-01,-9.57031250000000000e-01,1.37324579964048026e+18
-9.74728555971309474e-01,-9.49218750000000000e-01,1.37027521366767002e+18
-9.74728555971309474e-01,-9.41406250000000000e-01,1.36731576960939546e+18
-9.74728555971309474e-01,-9.33593750000000000e-01,1.36436617142269722e+18
-9.74728555971309474e-01,-9.25781250000000000e-01,1.36142533913308979e+18
-9.74728555971309474e-01,-9.17968750000000000e-01,1.35849236755869798e+18
-9.74728555971309474e-01,-9.10156250000000000e-01,1.35556649327621606e+18
-9.74728555971309474e-01,-9.02343750000000000e-01,1.35264706815916390e+18
-9.74728555971309474e-01,-8.94531250000000000e-01,1.34973353815874355e+18
-9.74728555971309474e-01,-8.86718750000000000e-01,1.34682542626813184e+18
-9.74728555971309474e-01,-8.78906250000000000e-01,1.34392231882644403e+18
-9.74728555971309474e-01,-8.71093750000000000e-01,1.34102385449008282e+18
-9.74728555971309474e-01,-8.63281250000000000e-01,1.33812971533573837e+18
-9.74728555971309474e-01,-8.55468750000000000e-01,1.33523961966802458e+18
-9.74728555971309474e-01,-8.47656250000000000e-01,1.33235331619132288e+18
-9.74728555971309474e-01,-8.39843750000000000e-01,1.32947057927435622e+18
-9.74728555971309474e-01,-8.32031250000000000e-01,1.32659120509092992e+18
-9.74728555971309474e-01,-8.24218750000000000e-01,1.32371500846403174e+18
-9.74728555971309474e-01,-8.16406250000000000e-01,1.32084182027532416e+18
-9.74728555971309474e-01,-8.08593750000000000e-01,1.31797148532983629e+18
-9.74728555971309474e-01,-8.00781250000000000e-01,1.31510386058778701e+18
-9.74728555971309474e-01,-7.92968750000000000e-01,1.31223881369311462e+18
-9.74728555971309474e-01,-7.85156250000000000e-01,1.30937622174235162e+18
-9.74728555971309474e-01,-7.77343750000000000e-01,1.30651597024868480e+18
-9.74728555971309474e-01,-7.69531250000000000e-01,1.30365795226500992e+18
-9.74728555971309474e-01,-7.61718750000000000e-01,1.30080206763691162e+18
-9.74728555971309474e-01,-7.53906250000000000e-01,1.29794822236220237e+18
-9.74728555971309474e-01,-7.46093750000000000e-01,1.29509632803822182e+18
-9.74728555971309474e-01,-7.38281250000000000e-01,1.29224630138171264e+18
-9.74728555971309474e-01,-7.30468750000000000e-01,1.28939806380902195e+18
-9.74728555971309474e-01,-7.22656250000000000e-01,1.28655154106669722e+18
-9.74728555971309474e-01,-7.14843750000000000e-01,1.28370666290440653e+18
-9.74728555971309474e-01,-7.07031250000000000e-01,1.28086336278362445e+18
-9.74728555971309474e-01,-6.99218750000000000e-01,1.27802157761670938e+18
-9.74728555971309474e-01,-6.91406250000000000e-01,1.27518124753197773e+18
-9.74728555971309474e-01,-6.83593750000000000e-01,1.27234231566115149e+18
-9.74728555971309474e-01,-6.75781250000000000e-01,1.26950472794618445e+18
-9.74728555971309474e-01,-6.67968750000000000e-01,1.26666843296297958e+18
-9.74728555971309474e-01,-6.60156250000000000e-01,1.26383338175992218e+18
-9.74728555971309474e-01,-6.52343750000000000e-01,1.26099952770948454e+18
-9.74728555971309474e-01,-6.44531250000000000e-01,1.25816682637143322e+18
-9.74728555971309474e-01,-6.36718750000000000e-01,1.25533523536638771e+18
-9.74728555971309474e-01,-6.28906250000000000e-01,1.25250471425866573e+18
-9.74728555971309474e-01,-6.21093750000000000e-01,1.24967522444749747e+18
-9.74728555971309474e-01,-6.13281250000000000e-01,1.24684672906581632e+18
-9.74728555971309474e-01,-6.05468750000000000e-01,1.24401919288593664e+18
-9.74728555971309474e-01,-5.97656250000000000e-01,1.24119258223151334e+18
-9.74728555971309474e-01,-5.89843750000000000e-01,1.23836686489525453e+18
-9.74728555971309474e-01,-5.82031250000000000e-01,1.23554201006191258e+18
-9.74728555971309474e-01,-5.74218750000000000e-01,1.23271798823613875e+18
-9.74728555971309474e-01,-5.66406250000000000e-01,1.22989477117482240e+18
-9.74728555971309474e-01,-5.58593750000000000e-01,1.22707233182358093e+18
-9.74728555971309474e-01,-5.50781250000000000e-01,1.22425064425709338e+18
-9.74728555971309474e-01,-5.42968750000000000e-01,1.22142968362300518e+18
-9.74728555971309474e-01,-5.35156250000000000e-01,1.21860942608915123e+18
-9.74728555971309474e-01,-5.27343750000000000e-01,1.21578984879386522e+18
-9.74728555971309474e-01,-5.19531250000000000e-01,1.21297092979917389e+18
-9.74728555971309474e-01,-5.11718750000000000e-01,1.21015264804667546e+18
-9.74728555971309474e-01,-5.03906250000000000e-01,1.20733498331592806e+18
-9.74728555971309474e-01,-4.96093750000000000e-01,1.20451791618519014e+18
-9.74728555971309474e-01,-4.88281250000000000e-01,1.20170142799435264e+18
-9.74728555971309474e-01,-4.80468750000000000e-01,1.19888550080993178e+18
-9.74728555971309474e-01,-4.72656250000000000e-01,1.19607011739199206e+18
-9.74728555971309474e-01,-4.64843750000000000e-01,1.19325526116287283e+18
-9.74728555971309474e-01,-4.57031250000000000e-01,1.19044091617761920e+18
-9.74728555971309474e-01,-4.49218750000000000e-01,1.18762706709600486e+18
-9.74728555971309474e-01,-4.41406250000000000e-01,1.18481369915605171e+18
-9.74728555971309474e-01,-4.33593750000000000e-01,1.18200079814896333e+18
-9.74728555971309474e-01,-4.25781250000000000e-01,1.17918835039538150e+18
-9.74728555971309474e-01,-4.17968750000000000e-01,1.17637634272289152e+18
-9.74728555971309474e-01,-4.10156250000000000e-01,1.17356476244470554e+18
-9.74728555971309474e-01,-4.02343750000000000e-01,1.17075359733945421e+18
-9.74728555971309474e-01,-3.94531250000000000e-01,1.16794283563202432e+18
-9.74728555971309474e-01,-3.86718750000000000e-01,1.16513246597538534e+18
-9.74728555971309474e-01,-3.78906250000000000e-01,1.16232247743334784e+18
-9.74728555971309474e-01,-3.71093750000000000e-01,1.15951285946420634e+18
-9.74728555971309474e-01,-3.63281250000000000e-01,1.15670360190521728e+18
-9.74728555971309474e-01,-3.55468750000000000e-01,1.15389469495786675e+18
-9.74728555971309474e-01,-3.47656250000000000e-01,1.15108612917389222e+18
-9.74728555971309474e-01,-3.39843750000000000e-01,1.14827789544201613e+18
-9.74728555971309474e-01,-3.32031250000000000e-01,1.14546998497535910e+18
-9.74728555971309474e-01,-3.24218750000000000e-01,1.14266238929950042e+18
-9.74728555971309474e-01,-3.16406250000000000e-01,1.13985510024115712e+18
-9.74728555971309474e-01,-3.08593750000000000e-01,1.13704810991745728e+18
-9.74728555971309474e-01,-3.00781250000000000e-01,1.13424141072578253e+18
-9.74728555971309474e-01,-2.92968750000000000e-01,1.13143499533416192e+18
-9.74728555971309474e-01,-2.85156250000000000e-01,1.12862885667220173e+18
-9.74728555971309474e-01,-2.77343750000000000e-01,1.12582298792253427e+18
-9.74728555971309474e-01,-2.69531250000000000e-01,1.12301738251278502e+18
-9.74728555971309474e-01,-2.61718750000000000e-01,1.12021203410804710e+18
-9.74728555971309474e-01,-2.53906250000000000e-01,1.11740693660386765e+18
-9.74728555971309474e-01,-2.46093750000000000e-01,1.11460208411975731e+18
-9.74728555971309474e-01,-2.38281250000000000e-01,1.11179747099323136e+18
-9.74728555971309474e-01,-2.30468750000000000e-01,1.10899309177441549e+18
-9.74728555971309474e-01,-2.22656250000000000e-01,1.10618894122124403e+18
-9.74728555971309474e-01,-2.14843750000000000e-01,1.10338501429530867e+18
-9.74728555971309474e-01,-2.07031250000000000e-01,1.10058130615841357e+18
-9.74728555971309474e-01,-1.99218750000000000e-01,1.09777781216993446e+18
-9.74728555971309474e-01,-1.91406250000000000e-01,1.09497452788508506e+18
-9.74728555971309474e-01,-1.83593750000000000e-01,1.09217144905423923e+18
-9.74728555971309474e-01,-1.75781250000000000e-01,1.08936857162349338e+18
-9.74728555971309474e-01,-1.67968750000000000e-01,1.08656589173670131e+18
-9.74728555971309474e-01,-1.60156250000000000e-01,1.08376340573927680e+18
-9.74728555971309474e-01,-1.52343750000000000e-01,1.08096111018413811e+18
-9.74728555971309474e-01,-1.44531250000000000e-01,1.07815900184026739e+18
-9.74728555971309474e-01,-1.36718750000000000e-01,1.07535707770447360e+18
-9.74728555971309474e-01,-1.28906250000000000e-01,1.07255533501711002e+18
-9.74728555971309474e-01,-1.21093750000000000e-01,1.06975377128268211e+18
-9.74728555971309474e-01,-1.13281250000000000e-01,1.06695238429652787e+18
-9.74728555971309474e-01,-1.05468750000000000e-01,1.06415117217905178e+18
-9.74728555971309474e-01,-9.76562500000000000e-02,1.06135013341937805e+18
-9.74728555971309474e-01,-8.98437500000000000e-02,1.05854926693075968e+18
-9.74728555971309474e-01,-8.20312500000000000e-02,1.05574857212069146e+18
-9.74728555971309474e-01,-7.42187500000000000e-02,1.05294804897941338e+18
-9.74728555971309474e-01,-6.64062500000000000e-02,1.05014769819145088e+18
-9.74728555971309474e-01,-5.85937500000000000e-02,1.04734752127601587e+18
-9.74728555971309474e-01,-5.07812500000000000e-02,1.04454752076359360e+18
-9.74728555971309474e-01,-4.29687500000000000e-02,1.04174770041791066e+18
-9.74728555971309474e-01,-3.51562500000000000e-02,1.03894806551483610e+18
-9.74728555971309474e-01,-2.73437500000000000e-02,1.03614862319273139e+18
-9.74728555971309474e-01,-1.95312500000000000e-02,1.03334938289247091e+18
-9.74728555971309474e-01,-1.17187500000000000e-02,1.03055035691004544e+18
-9.74728555971309474e-01,-3.90625000000000000e-03,1.02775156109050317e+18
-9.74728555971309474e-01,3.90625000000000000e-03,1.02218505264857882e+18
-9.74728555971309474e-01,1.17187500000000000e-02,1.01379109407216973e+18
-9.74728555971309474e-01,1.95312500000000000e-02,1.00539760029924557e+18
-9.74728555971309474e-01,2.73437500000000000e-02,9.97004712906495488e+17
-9.74728555971309474e-01,3.51562500000000000e-02,9.88612489744832768e+17
-9.74728555971309474e-01,4.29687500000000000e-02,9.80220947404337536e+17
-9.74728555971309474e-01,5.07812500000000000e-02,9.71830082703432960e+17
-9.74728555971309474e-01,5.85937500000000000e-02,9.63439883563958528e+17
-9.74728555971309474e-01,6.64062500000000000e-02,9.55050334510819456e+17
-9.74728555971309474e-01,7.42187500000000000e-02,9.46661419446279808e+17
-9.74728555971309474e-01,8.20312500000000000e-02,9.38273123040633856e+17
-9.74728555971309474e-01,8.98437500000000000e-02,9.29885431419451904e+17
-9.74728555971309474e-01,9.76562500000000000e-02,9.21498332492907520e+17
-9.74728555971309474e-01,1.05468750000000000e-01,9.13111816103188096e+17
-9.74728555971309474e-01,1.13281250000000000e-01,9.04725874080034816e+17
-9.74728555971309474e-01,1.21093750000000000e-01,8.96340500250753152e+17
-9.74728555971309474e-01,1.28906250000000000e-01,8.87955690428759168e+17
-9.74728555971309474e-01,1.36718750000000000e-01,8.79571442393303296e+17
-9.74728555971309474e-01,1.44531250000000000e-01,8.71187755867114624e+17
-9.74728555971309474e-01,1.52343750000000000e-01,8.62804632495640960e+17
-9.74728555971309474e-01,1.60156250000000000e-01,8.54422075829931392e+17
-9.74728555971309474e-01,1.67968750000000000e-01,8.46040091314330624e+17
-9.74728555971309474e-01,1.75781250000000000e-01,8.37658686279683072e+17
-9.74728555971309474e-01,1.83593750000000000e-01,8.29277869942465024e+17
-9.74728555971309474e-01,1.91406250000000000e-01,8.20897653410116352e+17
-9.74728555971309474e-01,1.99218750000000000e-01,8.12518049692750976e+17
-9.74728555971309474e-01,2.07031250000000000e-01,8.04139073721374208e+17
-9.74728555971309474e-01,2.14843750000000000e-01,7.95760742372713472e+17
-9.74728555971309474e-01,2.22656250000000000e-01,7.87383074500751744e+17
-9.74728555971309474e-01,2.30468750000000000e-01,7.79006090975056768e+17
-9.74728555971309474e-01,2.38281250000000000e-01,7.70629814726004992e+17
-9.74728555971309474e-01,2.46093750000000000e-01,7.62254270797011584e+17
-9.74728555971309474e-01,2.53906250000000000e-01,7.53879486403892864e+17
-9.74728555971309474e-01,2.61718750000000000e-01,7.45505491001508480e+17
-9.74728555971309474e-01,2.69531250000000000e-01,7.37132316357853952e+17
-9.74728555971309474e-01,2.77343750000000000e-01,7.28759996635796992e+17
-9.74728555971309474e-01,2.85156250000000000e-01,7.20388568482675328e+17
-9.74728555971309474e-01,2.92968750000000000e-01,7.12018071128008448e+17
-9.74728555971309474e-01,3.00781250000000000e-01,7.03648546489596928e+17
-9.74728555971309474e-01,3.08593750000000000e-01,6.95280039288320256e+17
-9.74728555971309474e-01,3.16406250000000000e-01,6.86912597171973376e+17
-9.74728555971309474e-01,3.24218750000000000e-01,6.78546270848519552e+17
-9.74728555971309474e-01,3.32031250000000000e-01,6.70181114229169408e+17
-9.74728555971309474e-01,3.39843750000000000e-01,6.61817184581735936e+17
-9.74728555971309474e-01,3.47656250000000000e-01,6.53454542694757376e+17
-9.74728555971309474e-01,3.55468750000000000e-01,6.45093253052914944e+17
-9.74728555971309474e-01,3.63281250000000000e-01,6.36733384024325504e+17
-9.74728555971309474e-01,3.71093750000000000e-01,6.28375008060329856e+17
-9.74728555971309474e-01,3.78906250000000000e-01,6.20018201908447488e+17
-9.74728555971309474e-01,3.86718750000000000e-01,6.11663046839224704e+17
-9.74728555971309474e-01,3.94531250000000000e-01,6.03309628887757568e+17
-9.74728555971309474e-01,4.02343750000000000e-01,5.94958039110727040e+17
-9.74728555971309474e-01,4.10156250000000000e-01,5.86608373859854720e+17
-9.74728555971309474e-01,4.17968750000000000e-01,5.78260735072749056e+17
-9.74728555971309474e-01,4.25781250000000000e-01,5.69915230582189696e+17
-9.74728555971309474e-01,4.33593750000000000e-01,5.61571974444971328e+17
-9.74728555971309474e-01,4.41406250000000000e-01,5.53231087291518976e+17
-9.74728555971309474e-01,4.49218750000000000e-01,5.44892696697569344e+17
-9.74728555971309474e-01,4.57031250000000000e-01,5.36556937579315392e+17
-9.74728555971309474e-01,4.64843750000000000e-01,5.28223952613518080e+17
-9.74728555971309474e-01,4.72656250000000000e-01,5.19893892684193728e+17
-9.74728555971309474e-01,4.80468750000000000e-01,5.11566917357620736e+17
-9.74728555971309474e-01,4.88281250000000000e-01,5.03243195387530752e+17
-9.74728555971309474e-01,4.96093750000000000e-01,4.94922905252500160e+17
-9.74728555971309474e-01,5.03906250000000000e-01,4.86606235727713600e+17
-9.74728555971309474e-01,5.11718750000000000e-01,4.78293386493435840e+17
-9.74728555971309474e-01,5.19531250000000000e-01,4.69984568782723520e+17
-9.74728555971309474e-01,5.27343750000000000e-01,4.61680006071096448e+17
-9.74728555971309474e-01,5.35156250000000000e-01,4.53379934811122560e+17
-9.74728555971309474e-01,5.42968750000000000e-01,4.45084605215099584e+17
-9.74728555971309474e-01,5.50781250000000000e-01,4.36794282089286208e+17
-9.74728555971309474e-01,5.58593750000000000e-01,4.28509245723425408e+17
-9.74728555971309474e-01,5.66406250000000000e-01,4.20229792839613376e+17
-9.74728555971309474e-01,5.74218750000000000e-01,4.11956237604925184e+17
-9.74728555971309474e-01,5.82031250000000000e-01,4.03688912712587328e+17
-9.74728555971309474e-01,5.89843750000000000e-01,3.95428170536915456e+17
-9.74728555971309474e-01,5.97656250000000000e-01,3.87174384367705216e+17
-9.74728555971309474e-01,6.05468750000000000e-01,3.78927949730286016e+17
-9.74728555971309474e-01,6.13281250000000000e-01,3.70689285798028800e+17
-9.74728555971309474e-01,6.21093750000000000e-01,3.62458836904742912e+17
-9.74728555971309474e-01,6.28906250000000000e-01,3.54237074165120448e+17
-9.74728555971309474e-01,6.36718750000000000e-01,3.46024497212192896e+17
-9.74728555971309474e-01,6.44531250000000000e-01,3.37821636061672832e+17
-9.74728555971309474e-01,6.52343750000000000e-01,3.29629053114070336e+17
-9.74728555971309474e-01,6.60156250000000000e-01,3.21447345306629504e+17
-9.74728555971309474e-01,6.67968750000000000e-01,3.13277146428431168e+17
-9.74728555971309474e-01,6.75781250000000000e-01,3.05119129613488832e+17
-9.74728555971309474e-01,6.83593750000000000e-01,2.96974010028353536e+17
-9.74728555971309474e-01,6.91406250000000000e-01,2.88842547772669952e+17
-9.74728555971309474e-01,6.99218750000000000e-01,2.80725551013341216e+17
-9.74728555971309474e-01,7.07031250000000000e-01,2.72623879375504448e+17
-9.74728555971309474e-01,7.14843750000000000e-01,2.64538447616467648e+17
-9.74728555971309474e-01,7.22656250000000000e-01,2.56470229612167328e+17
-9.74728555971309474e-01,7.30468750000000000e-01,2.48420262689688288e+17
-9.74728555971309474e-01,7.38281250000000000e-01,2.40389652344026560e+17
-9.74728555971309474e-01,7.46093750000000000e-01,2.32379577382731488e+17
-9.74728555971309474e-01,7.53906250000000000e-01,2.24391295548476128e+17
-9.74728555971309474e-01,7.61718750000000000e-01,2.16426149677194976e+17
-9.74728555971309474e-01,7.69531250000000000e-01,2.08485574458423904e+17
-9.74728555971309474e-01,7.77343750000000000e-01,2.00571103875197280e+17
-9.74728555971309474e-01,7.85156250000000000e-01,1.92684379413664608e+17
-9.74728555971309474e-01,7.92968750000000000e-01,1.84827159147958336e+17
-9.74728555971309474e-01,8.00781250000000000e-01,1.77001327824344288e+17
-9.74728555971309474e-01,8.08593750000000000e-01,1.69208908091051264e+17
-9.74728555971309474e-01,8.16406250000000000e-01,1.61452073047314208e+17
-9.74728555971309474e-01,8.24218750000000000e-01,1.53733160318248480e+17
-9.74728555971309474e-01,8.32031250000000000e-01,1.46054687902719776e+17
-9.74728555971309474e-01,8.39843750000000000e-01,1.38419372091399872e+17
-9.74728555971309474e-01,8.47656250000000000e-01,1.30830147814472960e+17
-9.74728555971309474e-01,8.55468750000000000e-01,1.23290191856936608e+17
-9.74728555971309474e-01,8.63281250000000000e-01,1.15802949480057248e+17
-9.74728555971309474e-01,8.71093750000000000e-01,1.08372165119681440e+17
-9.74728555971309474e-01,8.78906250000000000e-01,1.01001918011405056e+17
-9.74728555971309474e-01,8.86718750000000000e-01,9.36966638463469120e+16
-9.74728555971309474e-01,8.94531250000000000e-01,8.64612839388882880e+16
-9.74728555971309474e-01,9.02343750000000000e-01,7.93011439813566240e+16
-9.74728555971309474e-01,9.10156250000000000e-01,7.22221654454926080e+16
-9.74728555971309474e-01,9.17968750000000000e-01,6.52309144046534480e+16
-9.74728555971309474e-01,9.25781250000000000e-01,5.83347156520928160e+16
-9.74728555971309474e-01,9.33593750000000000e-01,5.15418057681282080e+16
-9.74728555971309474e-01,9.41406250000000000e-01,4.48615497767675360e+16
-9.74728555971309474e-01,9.49218750000000000e-01,3.83047672260284400e+16
-9.74728555971309474e-01,9.57031250000000000e-01,3.18842547892921560e+16
-9.74728555971309474e-01,9.64843750000000000e-01,2.56156733125193640e+16
-9.74728555971309474e-01,9.72656250000000000e-01,1.95191261800853400e+16
-9.74728555971309474e-01,9.80468750000000000e-01,1.36220692260125760e+16
-9.74728555971309474e-01,9.88281250000000000e-01,7.96481115305333300e+15
-9.74728555971309474e-01,9.96093750000000000e-01,2.61108638202819950e+15
-9.38274552002732798e-01,-9.96093750000000000e-01,1.39500192951017344e+18
-9.38274552002732798e-01,-9.88281250000000000e-01,1.39193636527558528e+18
-9.38274552002732798e-01,-9.80468750000000000e-01,1.38889477790404506e+18
-9.38274552002732798e-01,-9.72656250000000000e-01,1.38587357976949734e+18
-9.38274552002732798e-01,-9.64843750000000000e-01,1.38286984767648614e+18
-9.38274552002732798e-01,-9.57031250000000000e-01,1.37988119133674650e+18
-9.38274552002732798e-01,-9.49218750000000000e-01,1.37690564841868211e+18
-9.38274552002732798e-01,-9.41406250000000000e-01,1.37394160076546637e+18
-9.38274552002732798e-01,-9.33593750000000000e-01,1.37098770747903616e+18
-9.38274552002732798e-01,-9.25781250000000000e-01,1.36804285144409216e+18
-9.38274552002732798e-01,-9.17968750000000000e-01,1.36510609656418970e+18
-9.38274552002732798e-01,-9.10156250000000000e-01,1.36217665353766656e+18
-9.38274552002732798e-01,-9.02343750000000000e-01,1.35925385244344525e+18
-9.38274552002732798e-01,-8.94531250000000000e-01,1.35633712075890125e+18
-9.38274552002732798e-01,-8.86718750000000000e-01,1.35342596571230157e+18
-9.38274552002732798e-01,-8.78906250000000000e-01,1.35051996009551974e+18
-9.38274552002732798e-01,-8.71093750000000000e-01,1.34761873084042061e+18
-9.38274552002732798e-01,-8.63281250000000000e-01,1.34472194980380390e+18
-9.38274552002732798e-01,-8.55468750000000000e-01,1.34182932631844531e+18
-9.38274552002732798e-01,-8.47656250000000000e-01,1.33894060115750016e+18
-9.38274552002732798e-01,-8.39843750000000000e-01,1.33605554163097549e+18
-9.38274552002732798e-01,-8.32031250000000000e-01,1.33317393758988621e+18
-9.38274552002732798e-01,-8.24218750000000000e-01,1.33029559815903718e+18
-9.38274552002732798e-01,-8.16406250000000000e-01,1.32742034905548774e+18
-9.38274552002732798e-01,-8.08593750000000000e-01,1.32454803037852493e+18
-9.38274552002732798e-01,-8.00781250000000000e-01,1.32167849477990195e+18
-9.38274552002732798e-01,-7.92968750000000000e-01,1.31881160594137830e+18
-9.38274552002732798e-01,-7.85156250000000000e-01,1.31594723730115942e+18
-9.38274552002732798e-01,-7.77343750000000000e-01,1.31308527098247066e+18
-9.38274552002732798e-01,-7.69531250000000000e-01,1.31022559688675174e+18
-9.38274552002732798e-01,-7.61718750000000000e-01,1.30736811192136704e+18
-9.38274552002732798e-01,-7.53906250000000000e-01,1.30451271933763149e+18
-9.38274552002732798e-01,-7.46093750000000000e-01,1.30165932815966976e+18
-9.38274552002732798e-01,-7.38281250000000000e-01,1.29880785268838784e+18
-9.38274552002732798e-01,-7.30468750000000000e-01,1.29595821206787123e+18
-9.38274552002732798e-01,-7.22656250000000000e-01,1.29311032990391168e+18
-9.38274552002732798e-01,-7.14843750000000000e-01,1.29026413392632397e+18
-9.38274552002732798e-01,-7.07031250000000000e-01,1.28741955568824422e+18
-9.38274552002732798e-01,-6.99218750000000000e-01,1.28457653029685786e+18
-9.38274552002732798e-01,-6.91406250000000000e-01,1.28173499617100058e+18
-9.38274552002732798e-01,-6.83593750000000000e-01,1.27889489482188339e+18
-9.38274552002732798e-01,-6.75781250000000000e-01,1.27605617065384576e+18
-9.38274552002732798e-01,-6.67968750000000000e-01,1.27321877078255718e+18
-9.38274552002732798e-01,-6.60156250000000000e-01,1.27038264486852122e+18
-9.38274552002732798e-01,-6.52343750000000000e-01,1.26754774496408320e+18
-9.38274552002732798e-01,-6.44531250000000000e-01,1.26471402537241446e+18
-9.38274552002732798e-01,-6.36718750000000000e-01,1.26188144251718374e+18
-9.38274552002732798e-01,-6.28906250000000000e-01,1.25904995482181350e+18
-9.38274552002732798e-01,-6.21093750000000000e-01,1.25621952259737395e+18
-9.38274552002732798e-01,-6.13281250000000000e-01,1.25339010793829171e+18
-9.38274552002732798e-01,-6.05468750000000000e-01,1.25056167462516890e+18
-9.38274552002732798e-01,-5.97656250000000000e-01,1.24773418803407616e+18
-9.38274552002732798e-01,-5.89843750000000000e-01,1.24490761505178342e+18
-9.38274552002732798e-01,-5.82031250000000000e-01,1.24208192399643392e+18
-9.38274552002732798e-01,-5.74218750000000000e-01,1.23925708454322944e+18
-9.38274552002732798e-01,-5.66406250000000000e-01,1.23643306765474662e+18
-9.38274552002732798e-01,-5.58593750000000000e-01,1.23360984551552461e+18
-9.38274552002732798e-01,-5.50781250000000000e-01,1.23078739147062272e+18
-9.38274552002732798e-01,-5.42968750000000000e-01,1.22796567996785280e+18
-9.38274552002732798e-01,-5.35156250000000000e-01,1.22514468650343450e+18
-9.38274552002732798e-01,-5.27343750000000000e-01,1.22232438757083494e+18
-9.38274552002732798e-01,-5.19531250000000000e-01,1.21950476061257421e+18
-9.38274552002732798e-01,-5.11718750000000000e-01,1.21668578397480294e+18
-9.38274552002732798e-01,-5.03906250000000000e-01,1.21386743686446438e+18
-9.38274552002732798e-01,-4.96093750000000000e-01,1.21104969930887885e+18
-9.38274552002732798e-01,-4.88281250000000000e-01,1.20823255211758925e+18
-9.38274552002732798e-01,-4.80468750000000000e-01,1.20541597684632755e+18
-9.38274552002732798e-01,-4.72656250000000000e-01,1.20259995576296781e+18
-9.38274552002732798e-01,-4.64843750000000000e-01,1.19978447181534490e+18
-9.38274552002732798e-01,-4.57031250000000000e-01,1.19696950860081894e+18
-9.38274552002732798e-01,-4.49218750000000000e-01,1.19415505033748582e+18
-9.38274552002732798e-01,-4.41406250000000000e-01,1.19134108183693030e+18
-9.38274552002732798e-01,-4.33593750000000000e-01,1.18852758847842995e+18
-9.38274552002732798e-01,-4.25781250000000000e-01,1.18571455618452685e+18
-9.38274552002732798e-01,-4.17968750000000000e-01,1.18290197139788442e+18
-9.38274552002732798e-01,-4.10156250000000000e-01,1.18008982105935539e+18
-9.38274552002732798e-01,-4.02343750000000000e-01,1.17727809258719283e+18
-9.38274552002732798e-01,-3.94531250000000000e-01,1.17446677385733939e+18
-9.38274552002732798e-01,-3.86718750000000000e-01,1.17165585318473190e+18
-9.38274552002732798e-01,-3.78906250000000000e-01,1.16884531930556979e+18
-9.38274552002732798e-01,-3.71093750000000000e-01,1.16603516136049024e+18
-9.38274552002732798e-01,-3.63281250000000000e-01,1.16322536887860531e+18
-9.38274552002732798e-01,-3.55468750000000000e-01,1.16041593176235366e+18
-9.38274552002732798e-01,-3.47656250000000000e-01,1.15760684027312486e+18
-9.38274552002732798e-01,-3.39843750000000000e-01,1.15479808501762253e+18
-9.38274552002732798e-01,-3.32031250000000000e-01,1.15198965693492096e+18
-9.38274552002732798e-01,-3.24218750000000000e-01,1.14918154728419392e+18
-9.38274552002732798e-01,-3.16406250000000000e-01,1.14637374763307776e+18
-9.38274552002732798e-01,-3.08593750000000000e-01,1.14356624984664704e+18
-9.38274552002732798e-01,-3.00781250000000000e-01,1.14075904607697830e+18
-9.38274552002732798e-01,-2.92968750000000000e-01,1.13795212875327923e+18
-9.38274552002732798e-01,-2.85156250000000000e-01,1.13514549057257267e+18
-9.38274552002732798e-01,-2.77343750000000000e-01,1.13233912449091610e+18
-9.38274552002732798e-01,-2.69531250000000000e-01,1.12953302371515354e+18
-9.38274552002732798e-01,-2.61718750000000000e-01,1.12672718169519270e+18
-9.38274552002732798e-01,-2.53906250000000000e-01,1.12392159211681178e+18
-9.38274552002732798e-01,-2.46093750000000000e-01,1.12111624889500352e+18
-9.38274552002732798e-01,-2.38281250000000000e-01,1.11831114616787328e+18
-9.38274552002732798e-01,-2.30468750000000000e-01,1.11550627829111680e+18
-9.38274552002732798e-01,-2.22656250000000000e-01,1.11270163983311654e+18
-9.38274552002732798e-01,-2.14843750000000000e-01,1.10989722557070707e+18
-9.38274552002732798e-01,-2.07031250000000000e-01,1.10709303048567782e+18
-9.38274552002732798e-01,-1.99218750000000000e-01,1.10428904976210701e+18
-9.38274552002732798e-01,-1.91406250000000000e-01,1.10148527878463923e+18
-9.38274552002732798e-01,-1.83593750000000000e-01,1.09868171313786163e+18
-9.38274552002732798e-01,-1.75781250000000000e-01,1.09587834860696755e+18
-9.38274552002732798e-01,-1.67968750000000000e-01,1.09307518117995354e+18
-9.38274552002732798e-01,-1.60156250000000000e-01,1.09027220705165427e+18
-9.38274552002732798e-01,-1.52343750000000000e-01,1.08746942263001088e+18
-9.38274552002732798e-01,-1.44531250000000000e-01,1.08466682454505677e+18
-9.38274552002732798e-01,-1.36718750000000000e-01,1.08186440966124480e+18
-9.38274552002732798e-01,-1.28906250000000000e-01,1.07906217509388941e+18
-9.38274552002732798e-01,-1.21093750000000000e-01,1.07626011823070566e+18
-9.38274552002732798e-01,-1.13281250000000000e-01,1.07345823675967245e+18
-9.38274552002732798e-01,-1.05468750000000000e-01,1.07065652870476518e+18
-9.38274552002732798e-01,-9.76562500000000000e-02,1.06785499247150221e+18
-9.38274552002732798e-01,-8.98437500000000000e-02,1.06505362690473997e+18
-9.38274552002732798e-01,-8.20312500000000000e-02,1.06225243136178790e+18
-9.38274552002732798e-01,-7.42187500000000000e-02,1.05945140580468198e+18
-9.38274552002732798e-01,-6.64062500000000000e-02,1.05665055091646374e+18
-9.38274552002732798e-01,-5.85937500000000000e-02,1.05384986824752922e+18
-9.38274552002732798e-01,-5.07812500000000000e-02,1.05104936039967910e+18
-9.38274552002732798e-01,-4.29687500000000000e-02,1.04824903125745498e+18
-9.38274552002732798e-01,-3.51562500000000000e-02,1.04544888627879578e+18
-9.38274552002732798e-01,-2.73437500000000000e-02,1.04264893286013466e+18
-9.38274552002732798e-01,-1.95312500000000000e-02,1.03984918079493402e+18
-9.38274552002732798e-01,-1.17187500000000000e-02,1.03704964284951411e+18
-9.38274552002732798e-01,-3.90625000000000000e-03,1.03425033548615232e+18
-9.38274552002732798e-01,3.90625000000000000e-03,1.02868401295893670e+18
-9.38274552002732798e-01,1.17187500000000000e-02,1.02028857389864371e+18
-9.38274552002732798e-01,1.95312500000000000e-02,1.01189354228470630e+18
-9.38274552002732798e-01,2.73437500000000000e-02,1.00349906241433114e+18
-9.38274552002732798e-01,3.51562500000000000e-02,9.95105191653431680e+17
-9.38274552002732798e-01,4.29687500000000000e-02,9.86711944433731200e+17
-9.38274552002732798e-01,5.07812500000000000e-02,9.78319314514654976e+17
-9.38274552002732798e-01,5.85937500000000000e-02,9.69927286246699776e+17
-9.38274552002732798e-01,6.64062500000000000e-02,9.61535840264534656e+17
-9.38274552002732798e-01,7.42187500000000000e-02,9.53144956355787520e+17
-9.38274552002732798e-01,8.20312500000000000e-02,9.44754614895778176e+17
-9.38274552002732798e-01,8.98437500000000000e-02,9.36364797552982912e+17
-9.38274552002732798e-01,9.76562500000000000e-02,9.27975487623215744e+17
-9.38274552002732798e-01,1.05468750000000000e-01,9.19586670174878592e+17
-9.38274552002732798e-01,1.13281250000000000e-01,9.11198332098553984e+17
-9.38274552002732798e-01,1.21093750000000000e-01,9.02810462108949632e+17
-9.38274552002732798e-01,1.28906250000000000e-01,8.94423050724103808e+17
-9.38274552002732798e-01,1.36718750000000000e-01,8.86036090234941440e+17
-9.38274552002732798e-01,1.44531250000000000e-01,8.77649574672140544e+17
-9.38274552002732798e-01,1.52343750000000000e-01,8.69263499774110208e+17
-9.38274552002732798e-01,1.60156250000000000e-01,8.60877862958175744e+17
-9.38274552002732798e-01,1.67968750000000000e-01,8.52492663296171264e+17
-9.38274552002732798e-01,1.75781250000000000e-01,8.44107901495137536e+17
-9.38274552002732798e-01,1.83593750000000000e-01,8.35723579883546880e+17
-9.38274552002732798e-01,1.91406250000000000e-01,8.27339702403311232e+17
-9.38274552002732798e-01,1.99218750000000000e-01,8.18956274607741056e+17
-9.38274552002732798e-01,2.07031250000000000e-01,8.10573303665566592e+17
-9.38274552002732798e-01,2.14843750000000000e-01,8.02190798371107072e+17
-9.38274552002732798e-01,2.22656250000000000e-01,7.93808769160660736e+17
-9.38274552002732798e-01,2.30468750000000000e-01,7.85427228135183360e+17
-9.38274552002732798e-01,2.38281250000000000e-01,7.77046189089337216e+17
-9.38274552002732798e-01,2.46093750000000000e-01,7.68665667546992896e+17
-9.38274552002732798e-01,2.53906250000000000e-01,7.60285680803293312e+17
-9.38274552002732798e-01,2.61718750000000000e-01,7.51906247973401856e+17
-9.38274552002732798e-01,2.69531250000000000e-01,7.43527390048078976e+17
-9.38274552002732798e-01,2.77343750000000000e-01,7.35149129956258816e+17
-9.38274552002732798e-01,2.85156250000000000e-01,7.26771492634821248e+17
-9.38274552002732798e-01,2.92968750000000000e-01,7.18394505105781888e+17
-9.38274552002732798e-01,3.00781250000000000e-01,7.10018196561155968e+17
-9.38274552002732798e-01,3.08593750000000000e-01,7.01642598455776256e+17
-9.38274552002732798e-01,3.16406250000000000e-01,6.93267744608386816e+17
-9.38274552002732798e-01,3.24218750000000000e-01,6.84893671311360256e+17
-9.38274552002732798e-01,3.32031250000000000e-01,6.76520417449428736e+17
-9.38274552002732798e-01,3.39843750000000000e-01,6.68148024627852672e+17
-9.38274552002732798e-01,3.47656250000000000e-01,6.59776537310494336e+17
-9.38274552002732798e-01,3.55468750000000000e-01,6.51406002968305024e+17
-9.38274552002732798e-01,3.63281250000000000e-01,6.43036472238777088e+17
-9.38274552002732798e-01,3.71093750000000000e-01,6.34667999096964992e+17
-9.38274552002732798e-01,3.78906250000000000e-01,6.26300641038723456e+17
-9.38274552002732798e-01,3.86718750000000000e-01,6.17934459276870272e+17
-9.38274552002732798e-01,3.94531250000000000e-01,6.09569518951034112e+17
-9.38274552002732798e-01,4.02343750000000000e-01,6.01205889352013824e+17
-9.38274552002732798e-01,4.10156250000000000e-01,5.92843644161534976e+17
-9.38274552002732798e-01,4.17968750000000000e-01,5.84482861708364544e+17
-9.38274552002732798e-01,4.25781250000000000e-01,5.76123625241819008e+17
-9.38274552002732798e-01,4.33593750000000000e-01,5.67766023223778752e+17
-9.38274552002732798e-01,4.41406250000000000e-01,5.59410149640412224e+17
-9.38274552002732798e-01,4.49218750000000000e-01,5.51056104334906496e+17
-9.38274552002732798e-01,4.57031250000000000e-01,5.42703993362599936e+17
-9.38274552002732798e-01,4.64843750000000000e-01,5.34353929370024320e+17
-9.38274552002732798e-01,4.72656250000000000e-01,5.26006031999480704e+17
-9.38274552002732798e-01,4.80468750000000000e-01,5.17660428320902272e+17
-9.38274552002732798e-01,4.88281250000000000e-01,5.09317253292894784e+17
-9.38274552002732798e-01,4.96093750000000000e-01,5.00976650254999296e+17
-9.38274552002732798e-01,5.03906250000000000e-01,4.92638771453381184e+17
-9.38274552002732798e-01,5.11718750000000000e-01,4.84303778602333056e+17
-9.38274552002732798e-01,5.19531250000000000e-01,4.75971843484170176e+17
-9.38274552002732798e-01,5.27343750000000000e-01,4.67643148590310464e+17
-9.38274552002732798e-01,5.35156250000000000e-01,4.59317887806566016e+17
-9.38274552002732798e-01,5.42968750000000000e-01,4.50996267145921024e+17
-9.38274552002732798e-01,5.50781250000000000e-01,4.42678505532359168e+17
-9.38274552002732798e-01,5.58593750000000000e-01,4.34364835639598464e+17
-9.38274552002732798e-01,5.66406250000000000e-01,4.26055504788937536e+17
-9.38274552002732798e-01,5.74218750000000000e-01,4.17750775910782016e+17
-9.38274552002732798e-01,5.82031250000000000e-01,4.09450928574830976e+17
-9.38274552002732798e-01,5.89843750000000000e-01,4.01156260094353984e+17
-9.38274552002732798e-01,5.97656250000000000e-01,3.92867086710490304e+17
-9.38274552002732798e-01,6.05468750000000000e-01,3.84583744863057280e+17
-9.38274552002732798e-01,6.13281250000000000e-01,3.76306592554971584e+17
-9.38274552002732798e-01,6.21093750000000000e-01,3.68036010818074368e+17
-9.38274552002732798e-01,6.28906250000000000e-01,3.59772405288921600e+17
-9.38274552002732798e-01,6.36718750000000000e-01,3.51516207903958976e+17
-9.38274552002732798e-01,6.44531250000000000e-01,3.43267878724468800e+17
-9.38274552002732798e-01,6.52343750000000000e-01,3.35027907902761408e+17
-9.38274552002732798e-01,6.60156250000000000e-01,3.26796817802312128e+17
-9.38274552002732798e-01,6.67968750000000000e-01,3.18575165285932992e+17
-9.38274552002732798e-01,6.75781250000000000e-01,3.10363544187648384e+17
-9.38274552002732798e-01,6.83593750000000000e-01,3.02162587985736704e+17
-9.38274552002732798e-01,6.91406250000000000e-01,2.93972972696458944e+17
-9.38274552002732798e-01,6.99218750000000000e-01,2.85795420010348736e+17
-9.38274552002732798e-01,7.07031250000000000e-01,2.77630700695649792e+17
-9.38274552002732798e-01,7.14843750000000000e-01,2.69479638296620128e+17
-9.38274552002732798e-01,7.22656250000000000e-01,2.61343113158052288e+17
-9.38274552002732798e-01,7.30468750000000000e-01,2.53222066811584736e+17
-9.38274552002732798e-01,7.38281250000000000e-01,2.45117506764314464e+17
-9.38274552002732798e-01,7.46093750000000000e-01,2.37030511736007200e+17
-9.38274552002732798e-01,7.53906250000000000e-01,2.28962237398009952e+17
-9.38274552002732798e-01,7.61718750000000000e-01,2.20913922675016320e+17
-9.38274552002732798e-01,7.69531250000000000e-01,2.12886896680371840e+17
-9.38274552002732798e-01,7.77343750000000000e-01,2.04882586366957664e+17
-9.38274552002732798e-01,7.85156250000000000e-01,1.96902524989252224e+17
-9.38274552002732798e-01,7.92968750000000000e-01,1.88948361488425152e+17
-9.38274552002732798e-01,8.00781250000000000e-01,1.81021870931882848e+17
-9.38274552002732798e-01,8.08593750000000000e-01,1.73124966162315552e+17
-9.38274552002732798e-01,8.16406250000000000e-01,1.65259710839957792e+17
-9.38274552002732798e-01,8.24218750000000000e-01,1.57428334096697728e+17
-9.38274552002732798e-01,8.32031250000000000e-01,1.49633247063443936e+17
-9.38274552002732798e-01,8.39843750000000000e-01,1.41877061584907632e+17
-9.38274552002732798e-01,8.47656250000000000e-01,1.34162611501579792e+17
-9.38274552002732798e-01,8.55468750000000000e-01,1.26492976961324992e+17
-9.38274552002732798e-01,8.63281250000000000e-01,1.18871512328890304e+17
-9.38274552002732798e-01,8.71093750000000000e-01,1.11301878400547472e+17
-9.38274552002732798e-01,8.78906250000000000e-01,1.03788079819394496e+17
-9.38274552002732798e-01,8.86718750000000000e-01,9.63345088530112480e+16
-9.38274552002732798e-01,8.94531250000000000e-01,8.89459970907658400e+16
-9.38274552002732798e-01,9.02343750000000000e-01,8.16278772391783200e+16
-9.38274552002732798e-01,9.10156250000000000e-01,7.43860582230593600e+16
-9.38274552002732798e-01,9.17968750000000000e-01,6.72271185899611440e+16
-9.38274552002732798e-01,9.25781250000000000e-01,6.01584264515720400e+16
-9.38274552002732798e-01,9.33593750000000000e-01,5.31883002210935840e+16
-9.38274552002732798e-01,9.41406250000000000e-01,4.63262358610511840e+16
-9.38274552002732798e-01,9.49218750000000000e-01,3.95832484467507600e+16
-9.38274552002732798e-01,9.57031250000000000e-01,3.29724188541275080e+16
-9.38274552002732798e-01,9.64843750000000000e-01,2.65098206097033760e+16
-9.38274552002732798e-01,9.72656250000000000e-01,2.02161675677617200e+16
-9.38274552002732798e-01,9.80468750000000000e-01,1.41198495900420320e+16
-9.38274552002732798e-01,9.88281250000000000e-01,8.26266810182274900e+15
-9.38274552002732798e-01,9.96093750000000000e-01,2.71085765681232650e+15
-8.86415527004401071e-01,-9.96093750000000000e-01,1.40450415475157581e+18
-8.86415527004401071e-01,-9.88281250000000000e-01,1.40142663220955315e+18
-8.86415527004401071e-01,-9.80468750000000000e-01,1.39837428939676928e+18
-8.86415527004401071e-01,-9.72656250000000000e-01,1.39534334826237158e+18
-8.86415527004401071e-01,-9.64843750000000000e-01,1.39233073102897766e+18
-8.86415527004401071e-01,-9.57031250000000000e-01,1.38933392154122342e+18
-8.86415527004401071e-01,-9.49218750000000000e-01,1.38635085462936909e+18
-8.86415527004401071e-01,-9.41406250000000000e-01,1.38337982779025536e+18
-8.86415527004401071e-01,-9.33593750000000000e-01,1.38041943064927974e+18
-8.86415527004401071e-01,-9.25781250000000000e-01,1.37746848859148621e+18
-8.86415527004401071e-01,-9.17968750000000000e-01,1.37452601768578125e+18
-8.86415527004401071e-01,-9.10156250000000000e-01,1.37159118861207245e+18
-8.86415527004401071e-01,-9.02343750000000000e-01,1.36866329776748826e+18
-8.86415527004401071e-01,-8.94531250000000000e-01,1.36574174409906176e+18
-8.86415527004401071e-01,-8.86718750000000000e-01,1.36282601050583962e+18
-8.86415527004401071e-01,-8.78906250000000000e-01,1.35991564888866586e+18
-8.86415527004401071e-01,-8.71093750000000000e-01,1.35701026811324339e+18
-8.86415527004401071e-01,-8.63281250000000000e-01,1.35410952430124237e+18
-8.86415527004401071e-01,-8.55468750000000000e-01,1.35121311298300160e+18
-8.86415527004401071e-01,-8.47656250000000000e-01,1.34832076273995520e+18
-8.86415527004401071e-01,-8.39843750000000000e-01,1.34543223004023987e+18
-8.86415527004401071e-01,-8.32031250000000000e-01,1.34254729503094118e+18
-8.86415527004401071e-01,-8.24218750000000000e-01,1.33966575809821389e+18
-8.86415527004401071e-01,-8.16406250000000000e-01,1.33678743704459725e+18
-8.86415527004401071e-01,-8.08593750000000000e-01,1.33391216476316339e+18
-8.86415527004401071e-01,-8.00781250000000000e-01,1.33103978731232666e+18
-8.86415527004401071e-01,-7.92968750000000000e-01,1.32817016231439642e+18
-8.86415527004401071e-01,-7.85156250000000000e-01,1.32530315761632666e+18
-8.86415527004401071e-01,-7.77343750000000000e-01,1.32243865016335718e+18
-8.86415527004401071e-01,-7.69531250000000000e-01,1.31957652504602470e+18
-8.86415527004401071e-01,-7.61718750000000000e-01,1.31671667468880870e+18
-8.86415527004401071e-01,-7.53906250000000000e-01,1.31385899815490918e+18
-8.86415527004401071e-01,-7.46093750000000000e-01,1.31100340054662886e+18
-8.86415527004401071e-01,-7.38281250000000000e-01,1.30814979248480205e+18
-8.86415527004401071e-01,-7.30468750000000000e-01,1.30529808965388774e+18
-8.86415527004401071e-01,-7.22656250000000000e-01,1.30244821240190387e+18
-8.86415527004401071e-01,-7.14843750000000000e-01,1.29960008538639514e+18
-8.86415527004401071e-01,-7.07031250000000000e-01,1.29675363725928013e+18
-8.86415527004401071e-01,-6.99218750000000000e-01,1.29390880038472499e+18
-8.86415527004401071e-01,-6.91406250000000000e-01,1.29106551058524928e+18
-8.86415527004401071e-01,-6.83593750000000000e-01,1.28822370691211520e+18
-8.86415527004401071e-01,-6.75781250000000000e-01,1.28538333143674445e+18
-8.86415527004401071e-01,-6.67968750000000000e-01,1.28254432906044544e+18
-8.86415527004401071e-01,-6.60156250000000000e-01,1.27970664734020173e+18
-8.86415527004401071e-01,-6.52343750000000000e-01,1.27687023632861491e+18
-8.86415527004401071e-01,-6.44531250000000000e-01,1.27403504842641254e+18
-8.86415527004401071e-01,-6.36718750000000000e-01,1.27120103824615629e+18
-8.86415527004401071e-01,-6.28906250000000000e-01,1.26836816248599526e+18
-8.86415527004401071e-01,-6.21093750000000000e-01,1.26553637981246822e+18
-8.86415527004401071e-01,-6.13281250000000000e-01,1.26270565075149338e+18
-8.86415527004401071e-01,-6.05468750000000000e-01,1.25987593758680064e+18
-8.86415527004401071e-01,-5.97656250000000000e-01,1.25704720426514739e+18
-8.86415527004401071e-01,-5.89843750000000000e-01,1.25421941630774349e+18
-8.86415527004401071e-01,-5.82031250000000000e-01,1.25139254072737843e+18
-8.86415527004401071e-01,-5.74218750000000000e-01,1.24856654595079194e+18
-8.86415527004401071e-01,-5.66406250000000000e-01,1.24574140174588416e+18
-8.86415527004401071e-01,-5.58593750000000000e-01,1.24291707915340416e+18
-8.86415527004401071e-01,-5.50781250000000000e-01,1.24009355042278118e+18
-8.86415527004401071e-01,-5.42968750000000000e-01,1.23727078895180698e+18
-8.86415527004401071e-01,-5.35156250000000000e-01,1.23444876922989158e+18
-8.86415527004401071e-01,-5.27343750000000000e-01,1.23162746678465254e+18
-8.86415527004401071e-01,-5.19531250000000000e-01,1.22880685813160499e+18
-8.86415527004401071e-01,-5.11718750000000000e-01,1.22598692072674688e+18
-8.86415527004401071e-01,-5.03906250000000000e-01,1.22316763292185037e+18
-8.86415527004401071e-01,-4.96093750000000000e-01,1.22034897392227968e+18
-8.86415527004401071e-01,-4.88281250000000000e-01,1.21753092374717798e+18
-8.86415527004401071e-01,-4.80468750000000000e-01,1.21471346319186509e+18
-8.86415527004401071e-01,-4.72656250000000000e-01,1.21189657379231744e+18
-8.86415527004401071e-01,-4.64843750000000000e-01,1.20908023779159117e+18
-8.86415527004401071e-01,-4.57031250000000000e-01,1.20626443810807450e+18
-8.86415527004401071e-01,-4.49218750000000000e-01,1.20344915830545664e+18
-8.86415527004401071e-01,-4.41406250000000000e-01,1.20063438256430976e+18
-8.86415527004401071e-01,-4.33593750000000000e-01,1.19782009565518694e+18
-8.86415527004401071e-01,-4.25781250000000000e-01,1.19500628291314714e+18
-8.86415527004401071e-01,-4.17968750000000000e-01,1.19219293021362330e+18
-8.86415527004401071e-01,-4.10156250000000000e-01,1.18938002394955802e+18
-8.86415527004401071e-01,-4.02343750000000000e-01,1.18656755100972979e+18
-8.86415527004401071e-01,-3.94531250000000000e-01,1.18375549875820595e+18
-8.86415527004401071e-01,-3.86718750000000000e-01,1.18094385501485798e+18
-8.86415527004401071e-01,-3.78906250000000000e-01,1.17813260803688064e+18
-8.86415527004401071e-01,-3.71093750000000000e-01,1.17532174650126208e+18
-8.86415527004401071e-01,-3.63281250000000000e-01,1.17251125948814822e+18
-8.86415527004401071e-01,-3.55468750000000000e-01,1.16970113646506573e+18
-8.86415527004401071e-01,-3.47656250000000000e-01,1.16689136727194470e+18
-8.86415527004401071e-01,-3.39843750000000000e-01,1.16408194210691584e+18
-8.86415527004401071e-01,-3.32031250000000000e-01,1.16127285151283456e+18
-8.86415527004401071e-01,-3.24218750000000000e-01,1.15846408636450278e+18
-8.86415527004401071e-01,-3.16406250000000000e-01,1.15565563785655834e+18
-8.86415527004401071e-01,-3.08593750000000000e-01,1.15284749749199898e+18
-8.86415527004401071e-01,-3.00781250000000000e-01,1.15003965707132710e+18
-8.86415527004401071e-01,-2.92968750000000000e-01,1.14723210868228160e+18
-8.86415527004401071e-01,-2.85156250000000000e-01,1.14442484469015206e+18
-8.86415527004401071e-01,-2.77343750000000000e-01,1.14161785772865306e+18
-8.86415527004401071e-01,-2.69531250000000000e-01,1.13881114069135667e+18
-8.86415527004401071e-01,-2.61718750000000000e-01,1.13600468672367309e+18
-8.86415527004401071e-01,-2.53906250000000000e-01,1.13319848921539238e+18
-8.86415527004401071e-01,-2.46093750000000000e-01,1.13039254179378278e+18
-8.86415527004401071e-01,-2.38281250000000000e-01,1.12758683831727962e+18
-8.86415527004401071e-01,-2.30468750000000000e-01,1.12478137286977677e+18
-8.86415527004401071e-01,-2.22656250000000000e-01,1.12197613975557632e+18
-8.86415527004401071e-01,-2.14843750000000000e-01,1.11917113349503910e+18
-8.86415527004401071e-01,-2.07031250000000000e-01,1.11636634882101811e+18
-8.86415527004401071e-01,-1.99218750000000000e-01,1.11356178067616640e+18
-8.86415527004401071e-01,-1.91406250000000000e-01,1.11075742421124915e+18
-8.86415527004401071e-01,-1.83593750000000000e-01,1.10795327478461683e+18
-8.86415527004401071e-01,-1.75781250000000000e-01,1.10514932796304192e+18
-8.86415527004401071e-01,-1.67968750000000000e-01,1.10234557952418547e+18
-8.86415527004401071e-01,-1.60156250000000000e-01,1.09954202546101491e+18
-8.86415527004401071e-01,-1.52343750000000000e-01,1.09673866198859110e+18
-8.86415527004401071e-01,-1.44531250000000000e-01,1.09393548555374515e+18
-8.86415527004401071e-01,-1.36718750000000000e-01,1.09113249284830336e+18
-8.86415527004401071e-01,-1.28906250000000000e-01,1.08832968082669043e+18
-8.86415527004401071e-01,-1.21093750000000000e-01,1.08552704672894490e+18
-8.86415527004401071e-01,-1.13281250000000000e-01,1.08272458811046298e+18
-8.86415527004401071e-01,-1.05468750000000000e-01,1.07992230288010765e+18
-8.86415527004401071e-01,-9.76562500000000000e-02,1.07712018934875366e+18
-8.86415527004401071e-01,-8.98437500000000000e-02,1.07431824629085568e+18
-8.86415527004401071e-01,-8.20312500000000000e-02,1.07151647302230810e+18
-8.86415527004401071e-01,-7.42187500000000000e-02,1.06871486949867994e+18
-8.86415527004401071e-01,-6.64062500000000000e-02,1.06591343643897549e+18
-8.86415527004401071e-01,-5.85937500000000000e-02,1.06311217548137203e+18
-8.86415527004401071e-01,-5.07812500000000000e-02,1.06031108937905203e+18
-8.86415527004401071e-01,-4.29687500000000000e-02,1.05751018224632000e+18
-8.86415527004401071e-01,-3.51562500000000000e-02,1.05470945986780134e+18
-8.86415527004401071e-01,-2.73437500000000000e-02,1.05190893008680627e+18
-8.86415527004401071e-01,-1.95312500000000000e-02,1.04910860329305574e+18
-8.86415527004401071e-01,-1.17187500000000000e-02,1.04630849303514342e+18
-8.86415527004401071e-01,-3.90625000000000000e-03,1.04350861678960870e+18
-8.86415527004401071e-01,3.90625000000000000e-03,1.03794306179658560e+18
-8.86415527004401071e-01,1.17187500000000000e-02,1.02954604550692122e+18
-8.86415527004401071e-01,1.95312500000000000e-02,1.02114937543806246e+18
-8.86415527004401071e-01,2.73437500000000000e-02,1.01275320126223181e+18
-8.86415527004401071e-01,3.51562500000000000e-02,1.00435758077410086e+18
-8.86415527004401071e-01,4.29687500000000000e-02,9.95962526270199168e+17
-8.86415527004401071e-01,5.07812500000000000e-02,9.87568028012891648e+17
-8.86415527004401071e-01,5.85937500000000000e-02,9.79174066098434560e+17
-8.86415527004401071e-01,6.64062500000000000e-02,9.70780616451980672e+17
-8.86415527004401071e-01,7.42187500000000000e-02,9.62387653844496640e+17
-8.86415527004401071e-01,8.20312500000000000e-02,9.53995153397269376e+17
-8.86415527004401071e-01,8.98437500000000000e-02,9.45603091316993280e+17
-8.86415527004401071e-01,9.76562500000000000e-02,9.37211445238814080e+17
-8.86415527004401071e-01,1.05468750000000000e-01,9.28820194369536384e+17
-8.86415527004401071e-01,1.13281250000000000e-01,9.20429319529303552e+17
-8.86415527004401071e-01,1.21093750000000000e-01,9.12038803142324608e+17
-8.86415527004401071e-01,1.28906250000000000e-01,9.03648629202886272e+17
-8.86415527004401071e-01,1.36718750000000000e-01,8.95258783230410240e+17
-8.86415527004401071e-01,1.44531250000000000e-01,8.86869252220879488e+17
-8.86415527004401071e-01,1.52343750000000000e-01,8.78480024598597376e+17
-8.86415527004401071e-01,1.60156250000000000e-01,8.70091090170465920e+17
-8.86415527004401071e-01,1.67968750000000000e-01,8.61702440084021888e+17
-8.86415527004401071e-01,1.75781250000000000e-01,8.53314066789926656e+17
-8.86415527004401071e-01,1.83593750000000000e-01,8.44925964009329920e+17
-8.86415527004401071e-01,1.91406250000000000e-01,8.36538126706336640e+17
-8.86415527004401071e-01,1.99218750000000000e-01,8.28150551065723904e+17
-8.86415527004401071e-01,2.07031250000000000e-01,8.19763234475983616e+17
-8.86415527004401071e-01,2.14843750000000000e-01,8.11376175517742848e+17
-8.86415527004401071e-01,2.22656250000000000e-01,8.02989373957598848e+17
-8.86415527004401071e-01,2.30468750000000000e-01,7.94602830747395584e+17
-8.86415527004401071e-01,2.38281250000000000e-01,7.86216548028980224e+17
-8.86415527004401071e-01,2.46093750000000000e-01,7.77830529144484224e+17
-8.86415527004401071e-01,2.53906250000000000e-01,7.69444778652189312e+17
-8.86415527004401071e-01,2.61718750000000000e-01,7.61059302348056704e+17
-8.86415527004401071e-01,2.69531250000000000e-01,7.52674107293016448e+17
-8.86415527004401071e-01,2.77343750000000000e-01,7.44289201846142464e+17
-8.86415527004401071e-01,2.85156250000000000e-01,7.35904595703857408e+17
-8.86415527004401071e-01,2.92968750000000000e-01,7.27520299945342080e+17
-8.86415527004401071e-01,3.00781250000000000e-01,7.19136327084352512e+17
-8.86415527004401071e-01,3.08593750000000000e-01,7.10752691127675776e+17
-8.86415527004401071e-01,3.16406250000000000e-01,7.02369407640492032e+17
-8.86415527004401071e-01,3.24218750000000000e-01,6.93986493818936704e+17
-8.86415527004401071e-01,3.32031250000000000e-01,6.85603968570203136e+17
-8.86415527004401071e-01,3.39843750000000000e-01,6.77221852600547456e+17
-8.86415527004401071e-01,3.47656250000000000e-01,6.68840168511617280e+17
-8.86415527004401071e-01,3.55468750000000000e-01,6.60458940905548416e+17
-8.86415527004401071e-01,3.63281250000000000e-01,6.52078196499331584e+17
-8.86415527004401071e-01,3.71093750000000000e-01,6.43697964248992512e+17
-8.86415527004401071e-01,3.78906250000000000e-01,6.35318275484180992e+17
-8.86415527004401071e-01,3.86718750000000000e-01,6.26939164053817984e+17
-8.86415527004401071e-01,3.94531250000000000e-01,6.18560666483507328e+17
-8.86415527004401071e-01,4.02343750000000000e-01,6.10182822145480832e+17
-8.86415527004401071e-01,4.10156250000000000e-01,6.01805673441914112e+17
-8.86415527004401071e-01,4.17968750000000000e-01,5.93429266002515072e+17
-8.86415527004401071e-01,4.25781250000000000e-01,5.85053648897372928e+17
-8.86415527004401071e-01,4.33593750000000000e-01,5.76678874866131456e+17
-8.86415527004401071e-01,4.41406250000000000e-01,5.68305000564644032e+17
-8.86415527004401071e-01,4.49218750000000000e-01,5.59932086830360832e+17
-8.86415527004401071e-01,4.57031250000000000e-01,5.51560198967808768e+17
-8.86415527004401071e-01,4.64843750000000000e-01,5.43189407055633536e+17
-8.86415527004401071e-01,4.72656250000000000e-01,5.34819786276798912e+17
-8.86415527004401071e-01,4.80468750000000000e-01,5.26451417273673408e+17
-8.86415527004401071e-01,4.88281250000000000e-01,5.18084386529877056e+17
-8.86415527004401071e-01,4.96093750000000000e-01,5.09718786780926400e+17
-8.86415527004401071e-01,5.03906250000000000e-01,5.01354717455879040e+17
-8.86415527004401071e-01,5.11718750000000000e-01,4.92992285152381056e+17
-8.86415527004401071e-01,5.19531250000000000e-01,4.84631604147716416e+17
-8.86415527004401071e-01,5.27343750000000000e-01,4.76272796948691200e+17
-8.86415527004401071e-01,5.35156250000000000e-01,4.67915994883430208e+17
-8.86415527004401071e-01,5.42968750000000000e-01,4.59561338738438144e+17
-8.86415527004401071e-01,5.50781250000000000e-01,4.51208979444573888e+17
-8.86415527004401071e-01,5.58593750000000000e-01,4.42859078815920128e+17
-8.86415527004401071e-01,5.66406250000000000e-01,4.34511810345889280e+17
-8.86415527004401071e-01,5.74218750000000000e-01,4.26167360065309760e+17
-8.86415527004401071e-01,5.82031250000000000e-01,4.17825927467678144e+17
-8.86415527004401071e-01,5.89843750000000000e-01,4.09487726507254016e+17
-8.86415527004401071e-01,5.97656250000000000e-01,4.01152986676216128e+17
-8.86415527004401071e-01,6.05468750000000000e-01,3.92821954167705856e+17
-8.86415527004401071e-01,6.13281250000000000e-01,3.84494893132251904e+17
-8.86415527004401071e-01,6.21093750000000000e-01,3.76172087035825664e+17
-8.86415527004401071e-01,6.28906250000000000e-01,3.67853840128613312e+17
-8.86415527004401071e-01,6.36718750000000000e-01,3.59540479034530368e+17
-8.86415527004401071e-01,6.44531250000000000e-01,3.51232354472564224e+17
-8.86415527004401071e-01,6.52343750000000000e-01,3.42929843122217344e+17
-8.86415527004401071e-01,6.60156250000000000e-01,3.34633349646670720e+17
-8.86415527004401071e-01,6.67968750000000000e-01,3.26343308888807232e+17
-8.86415527004401071e-01,6.75781250000000000e-01,3.18060188256966528e+17
-8.86415527004401071e-01,6.83593750000000000e-01,3.09784490319270784e+17
-8.86415527004401071e-01,6.91406250000000000e-01,3.01516755627615616e+17
-8.86415527004401071e-01,6.99218750000000000e-01,2.93257565795002304e+17
-8.86415527004401071e-01,7.07031250000000000e-01,2.85007546852858048e+17
-8.86415527004401071e-01,7.14843750000000000e-01,2.76767372918426592e+17
-8.86415527004401071e-01,7.22656250000000000e-01,2.68537770206285952e+17
-8.86415527004401071e-01,7.30468750000000000e-01,2.60319521422676928e+17
-8.86415527004401071e-01,7.38281250000000000e-01,2.52113470586726112e+17
-8.86415527004401071e-01,7.46093750000000000e-01,2.43920528328976480e+17
-8.86415527004401071e-01,7.53906250000000000e-01,2.35741677725075968e+17
-8.86415527004401071e-01,7.61718750000000000e-01,2.27577980731264416e+17
-8.86415527004401071e-01,7.69531250000000000e-01,2.19430585298703648e+17
-8.86415527004401071e-01,7.77343750000000000e-01,2.11300733256076352e+17
-8.86415527004401071e-01,7.85156250000000000e-01,2.03189769064652672e+17
-8.86415527004401071e-01,7.92968750000000000e-01,1.95099149567723584e+17
-8.86415527004401071e-01,8.00781250000000000e-01,1.87030454877583808e+17
-8.86415527004401071e-01,8.08593750000000000e-01,1.78985400568934592e+17
-8.86415527004401071e-01,8.16406250000000000e-01,1.70965851378711328e+17
-8.86415527004401071e-01,8.24218750000000000e-01,1.62973836650242784e+17
-8.86415527004401071e-01,8.32031250000000000e-01,1.55011567806039776e+17
-8.86415527004401071e-01,8.39843750000000000e-01,1.47081458190665632e+17
-8.86415527004401071e-01,8.47656250000000000e-01,1.39186145696185568e+17
-8.86415527004401071e-01,8.55468750000000000e-01,1.31328518672071056e+17
-8.86415527004401071e-01,8.63281250000000000e-01,1.23511745735805728e+17
-8.86415527004401071e-01,8.71093750000000000e-01,1.15739310250302672e+17
-8.86415527004401071e-01,8.78906250000000000e-01,1.08015050437042688e+17
-8.86415527004401071e-01,8.86718750000000000e-01,1.00343206379964496e+17
-8.86415527004401071e-01,8.94531250000000000e-01,9.27284755995319520e+16
-8.86415527004401071e-01,9.02343750000000000e-01,8.51760795413844000e+16
-8.86415527004401071e-01,9.10156250000000000e-01,7.76918444240015040e+16
-8.86415527004401071e-01,9.17968750000000000e-01,7.02823017997543600e+16
-8.86415527004401071e-01,9.25781250000000000e-01,6.29548176331037200e+16
-8.86415527004401071e-01,9.33593750000000000e-01,5.57177651170954640e+16
-8.86415527004401071e-01,9.41406250000000000e-01,4.85807686432840880e+16
-8.86415527004401071e-01,9.49218750000000000e-01,4.15550698467759440e+16
-8.86415527004401071e-01,9.57031250000000000e-01,3.46541123970914400e+16
-8.86415527004401071e-01,9.64843750000000000e-01,2.78945317986938000e+16
-8.86415527004401071e-01,9.72656250000000000e-01,2.12979126240466880e+16
-8.86415527004401071e-01,9.80468750000000000e-01,1.48940228534002860e+16
-8.86415527004401071e-01,9.88281250000000000e-01,8.72692062242323900e+15
-8.86415527004401071e-01,9.96093750000000000e-01,2.86668380164098850e+15
-8.20001985973902947e-01,-9.96093750000000000e-01,1.41670335985448115e+18
-8.20001985973902947e-01,-9.88281250000000000e-01,1.41360887200626176e+18
-8.20001985973902947e-01,-9.80468750000000000e-01,1.41054129696604416e+18
-8.20001985973902947e-01,-9.72656250000000000e-01,1.40749658099669990e+18
-8.20001985973902947e-01,-9.64843750000000000e-01,1.40447142261137485e+18
-8.20001985973902947e-01,-9.57031250000000000e-01,1.40146312358057574e+18
-8.20001985973902947e-01,-9.49218750000000000e-01,1.39846947004693734e+18
-8.20001985973902947e-01,-9.41406250000000000e-01,1.39548863762417587e+18
-8.20001985973902947e-01,-9.33593750000000000e-01,1.39251911560487398e+18
-8.20001985973902947e-01,-9.25781250000000000e-01,1.38955964639531930e+18
-8.20001985973902947e-01,-9.17968750000000000e-01,1.38660917708648781e+18
-8.20001985973902947e-01,-9.10156250000000000e-01,1.38366682069986483e+18
-8.20001985973902947e-01,-9.02343750000000000e-01,1.38073182514799462e+18
-8.20001985973902947e-01,-8.94531250000000000e-01,1.37780354834863078e+18
-8.20001985973902947e-01,-8.86718750000000000e-01,1.37488143824901990e+18
-8.20001985973902947e-01,-8.78906250000000000e-01,1.37196501676972186e+18
-8.20001985973902947e-01,-8.71093750000000000e-01,1.36905386687873485e+18
-8.20001985973902947e-01,-8.63281250000000000e-01,1.36614762216699034e+18
-8.20001985973902947e-01,-8.55468750000000000e-01,1.36324595842395290e+18
-8.20001985973902947e-01,-8.47656250000000000e-01,1.36034858681369293e+18
-8.20001985973902947e-01,-8.39843750000000000e-01,1.35745524833277261e+18
-8.20001985973902947e-01,-8.32031250000000000e-01,1.35456570929574963e+18
-8.20001985973902947e-01,-8.24218750000000000e-01,1.35167975764546867e+18
-8.20001985973902947e-01,-8.16406250000000000e-01,1.34879719992622208e+18
-8.20001985973902947e-01,-8.08593750000000000e-01,1.34591785879045683e+18
-8.20001985973902947e-01,-8.00781250000000000e-01,1.34304157093569587e+18
-8.20001985973902947e-01,-7.92968750000000000e-01,1.34016818538902784e+18
-8.20001985973902947e-01,-7.85156250000000000e-01,1.33729756207304602e+18
-8.20001985973902947e-01,-7.77343750000000000e-01,1.33442957060027341e+18
-8.20001985973902947e-01,-7.69531250000000000e-01,1.33156408925360819e+18
-8.20001985973902947e-01,-7.61718750000000000e-01,1.32870100411870976e+18
-8.20001985973902947e-01,-7.53906250000000000e-01,1.32584020834093952e+18
-8.20001985973902947e-01,-7.46093750000000000e-01,1.32298160148479539e+18
-8.20001985973902947e-01,-7.38281250000000000e-01,1.32012508897807770e+18
-8.20001985973902947e-01,-7.30468750000000000e-01,1.31727058162641357e+18
-8.20001985973902947e-01,-7.22656250000000000e-01,1.31441799518650957e+18
-8.20001985973902947e-01,-7.14843750000000000e-01,1.31156724998870272e+18
-8.20001985973902947e-01,-7.07031250000000000e-01,1.30871827060111002e+18
-8.20001985973902947e-01,-6.99218750000000000e-01,1.30587098552911462e+18
-8.20001985973902947e-01,-6.91406250000000000e-01,1.30302532694503424e+18
-8.20001985973902947e-01,-6.83593750000000000e-01,1.30018123044374733e+18
-8.20001985973902947e-01,-6.75781250000000000e-01,1.29733863482077824e+18
-8.20001985973902947e-01,-6.67968750000000000e-01,1.29449748186993741e+18
-8.20001985973902947e-01,-6.60156250000000000e-01,1.29165771619810125e+18
-8.20001985973902947e-01,-6.52343750000000000e-01,1.28881928505509555e+18
-8.20001985973902947e-01,-6.44531250000000000e-01,1.28598213817697382e+18
-8.20001985973902947e-01,-6.36718750000000000e-01,1.28314622764123750e+18
-8.20001985973902947e-01,-6.28906250000000000e-01,1.28031150773275853e+18
-8.20001985973902947e-01,-6.21093750000000000e-01,1.27747793481933926e+18
-8.20001985973902947e-01,-6.13281250000000000e-01,1.27464546723599283e+18
-8.20001985973902947e-01,-6.05468750000000000e-01,1.27181406517714176e+18
-8.20001985973902947e-01,-5.97656250000000000e-01,1.26898369059603840e+18
-8.20001985973902947e-01,-5.89843750000000000e-01,1.26615430711078989e+18
-8.20001985973902947e-01,-5.82031250000000000e-01,1.26332587991644570e+18
-8.20001985973902947e-01,-5.74218750000000000e-01,1.26049837570266291e+18
-8.20001985973902947e-01,-5.66406250000000000e-01,1.25767176257651635e+18
-8.20001985973902947e-01,-5.58593750000000000e-01,1.25484600999006746e+18
-8.20001985973902947e-01,-5.50781250000000000e-01,1.25202108867233382e+18
-8.20001985973902947e-01,-5.42968750000000000e-01,1.24919697056535578e+18
-8.20001985973902947e-01,-5.35156250000000000e-01,1.24637362876405299e+18
-8.20001985973902947e-01,-5.27343750000000000e-01,1.24355103745962598e+18
-8.20001985973902947e-01,-5.19531250000000000e-01,1.24072917188624819e+18
-8.20001985973902947e-01,-5.11718750000000000e-01,1.23790800827083418e+18
-8.20001985973902947e-01,-5.03906250000000000e-01,1.23508752378568013e+18
-8.20001985973902947e-01,-4.96093750000000000e-01,1.23226769650378650e+18
-8.20001985973902947e-01,-4.88281250000000000e-01,1.22944850535669402e+18
-8.20001985973902947e-01,-4.80468750000000000e-01,1.22662993009467059e+18
-8.20001985973902947e-01,-4.72656250000000000e-01,1.22381195124910208e+18
-8.20001985973902947e-01,-4.64843750000000000e-01,1.22099455009694976e+18
-8.20001985973902947e-01,-4.57031250000000000e-01,1.21817770862714675e+18
-8.20001985973902947e-01,-4.49218750000000000e-01,1.21536140950881587e+18
-8.20001985973902947e-01,-4.41406250000000000e-01,1.21254563606119808e+18
-8.20001985973902947e-01,-4.33593750000000000e-01,1.20973037222519117e+18
-8.20001985973902947e-01,-4.25781250000000000e-01,1.20691560253640013e+18
-8.20001985973902947e-01,-4.17968750000000000e-01,1.20410131209961395e+18
-8.20001985973902947e-01,-4.10156250000000000e-01,1.20128748656462336e+18
-8.20001985973902947e-01,-4.02343750000000000e-01,1.19847411210330598e+18
-8.20001985973902947e-01,-3.94531250000000000e-01,1.19566117538790272e+18
-8.20001985973902947e-01,-3.86718750000000000e-01,1.19284866357042278e+18
-8.20001985973902947e-01,-3.78906250000000000e-01,1.19003656426311270e+18
-8.20001985973902947e-01,-3.71093750000000000e-01,1.18722486551993165e+18
-8.20001985973902947e-01,-3.63281250000000000e-01,1.18441355581898112e+18
-8.20001985973902947e-01,-3.55468750000000000e-01,1.18160262404583629e+18
-8.20001985973902947e-01,-3.47656250000000000e-01,1.17879205947773517e+18
-8.20001985973902947e-01,-3.39843750000000000e-01,1.17598185176858266e+18
-8.20001985973902947e-01,-3.32031250000000000e-01,1.17317199093472717e+18
-8.20001985973902947e-01,-3.24218750000000000e-01,1.17036246734148096e+18
-8.20001985973902947e-01,-3.16406250000000000e-01,1.16755327169034266e+18
-8.20001985973902947e-01,-3.08593750000000000e-01,1.16474439500690202e+18
-8.20001985973902947e-01,-3.00781250000000000e-01,1.16193582862939494e+18
-8.20001985973902947e-01,-2.92968750000000000e-01,1.15912756419789133e+18
-8.20001985973902947e-01,-2.85156250000000000e-01,1.15631959364409370e+18
-8.20001985973902947e-01,-2.77343750000000000e-01,1.15351190918174003e+18
-8.20001985973902947e-01,-2.69531250000000000e-01,1.15070450329759424e+18
-8.20001985973902947e-01,-2.61718750000000000e-01,1.14789736874302758e+18
-8.20001985973902947e-01,-2.53906250000000000e-01,1.14509049852619213e+18
-8.20001985973902947e-01,-2.46093750000000000e-01,1.14228388590479782e+18
-8.20001985973902947e-01,-2.38281250000000000e-01,1.13947752437951296e+18
-8.20001985973902947e-01,-2.30468750000000000e-01,1.13667140768801984e+18
-8.20001985973902947e-01,-2.22656250000000000e-01,1.13386552979977075e+18
-8.20001985973902947e-01,-2.14843750000000000e-01,1.13105988491150259e+18
-8.20001985973902947e-01,-2.07031250000000000e-01,1.12825446744359373e+18
-8.20001985973902947e-01,-1.99218750000000000e-01,1.12544927203736832e+18
-8.20001985973902947e-01,-1.91406250000000000e-01,1.12264429355348134e+18
-8.20001985973902947e-01,-1.83593750000000000e-01,1.11983952707156595e+18
-8.20001985973902947e-01,-1.75781250000000000e-01,1.11703496789135923e+18
-8.20001985973902947e-01,-1.67968750000000000e-01,1.11423061153559181e+18
-8.20001985973902947e-01,-1.60156250000000000e-01,1.11142645375500186e+18
-8.20001985973902947e-01,-1.52343750000000000e-01,1.10862249053591936e+18
-8.20001985973902947e-01,-1.44531250000000000e-01,1.10581871811099520e+18
-8.20001985973902947e-01,-1.36718750000000000e-01,1.10301513297378637e+18
-8.20001985973902947e-01,-1.28906250000000000e-01,1.10021173189810253e+18
-8.20001985973902947e-01,-1.21093750000000000e-01,1.09740851196324442e+18
-8.20001985973902947e-01,-1.13281250000000000e-01,1.09460547058655962e+18
-8.20001985973902947e-01,-1.05468750000000000e-01,1.09180260556510464e+18
-8.20001985973902947e-01,-9.76562500000000000e-02,1.08899991512865971e+18
-8.20001985973902947e-01,-8.98437500000000000e-02,1.08619739800692480e+18
-8.20001985973902947e-01,-8.20312500000000000e-02,1.08339505351443814e+18
-8.20001985973902947e-01,-7.42187500000000000e-02,1.08059288165767834e+18
-8.20001985973902947e-01,-6.64062500000000000e-02,1.07779088326994534e+18
-8.20001985973902947e-01,-5.85937500000000000e-02,1.07498906018104781e+18
-8.20001985973902947e-01,-5.07812500000000000e-02,1.07218741543063053e+18
-8.20001985973902947e-01,-4.29687500000000000e-02,1.06938595353623142e+18
-8.20001985973902947e-01,-3.51562500000000000e-02,1.06658468083000243e+18
-8.20001985973902947e-01,-2.73437500000000000e-02,1.06378360588159219e+18
-8.20001985973902947e-01,-1.95312500000000000e-02,1.06098274002917926e+18
-8.20001985973902947e-01,-1.17187500000000000e-02,1.05818209804626790e+18
-8.20001985973902947e-01,-3.90625000000000000e-03,1.05538169897894349e+18
-8.20001985973902947e-01,3.90625000000000000e-03,1.04981791368037914e+18
-8.20001985973902947e-01,1.17187500000000000e-02,1.04141958966433894e+18
-8.20001985973902947e-01,1.95312500000000000e-02,1.03302156371017638e+18
-8.20001985973902947e-01,2.73437500000000000e-02,1.02462399518090598e+18
-8.20001985973902947e-01,3.51562500000000000e-02,1.01622694444957491e+18
-8.20001985973902947e-01,4.29687500000000000e-02,1.00783042273809510e+18
-8.20001985973902947e-01,5.07812500000000000e-02,9.99434417328171264e+17
-8.20001985973902947e-01,5.85937500000000000e-02,9.91038904309529088e+17
-8.20001985973902947e-01,6.64062500000000000e-02,9.82643855015828224e+17
-8.20001985973902947e-01,7.42187500000000000e-02,9.74249239259424128e+17
-8.20001985973902947e-01,8.20312500000000000e-02,9.65855026940083456e+17
-8.20001985973902947e-01,8.98437500000000000e-02,9.57461188826080896e+17
-8.20001985973902947e-01,9.76562500000000000e-02,9.49067696913181056e+17
-8.20001985973902947e-01,1.05468750000000000e-01,9.40674524568012800e+17
-8.20001985973902947e-01,1.13281250000000000e-01,9.32281646561437952e+17
-8.20001985973902947e-01,1.21093750000000000e-01,9.23889039046216704e+17
-8.20001985973902947e-01,1.28906250000000000e-01,9.15496679507123200e+17
-8.20001985973902947e-01,1.36718750000000000e-01,9.07104546698253696e+17
-8.20001985973902947e-01,1.44531250000000000e-01,8.98712620575354240e+17
-8.20001985973902947e-01,1.52343750000000000e-01,8.90320882227387008e+17
-8.20001985973902947e-01,1.60156250000000000e-01,8.81929313809634304e+17
-8.20001985973902947e-01,1.67968750000000000e-01,8.73537898479627392e+17
-8.20001985973902947e-01,1.75781250000000000e-01,8.65146620336603008e+17
-8.20001985973902947e-01,1.83593750000000000e-01,8.56755464364880128e+17
-8.20001985973902947e-01,1.91406250000000000e-01,8.48364416381359488e+17
-8.20001985973902947e-01,1.99218750000000000e-01,8.39973462987235072e+17
-8.20001985973902947e-01,2.07031250000000000e-01,8.31582591523952000e+17
-8.20001985973902947e-01,2.14843750000000000e-01,8.23191790033393280e+17
-8.20001985973902947e-01,2.22656250000000000e-01,8.14801047222271232e+17
-8.20001985973902947e-01,2.30468750000000000e-01,8.06410352430684160e+17
-8.20001985973902947e-01,2.38281250000000000e-01,7.98019695604800128e+17
-8.20001985973902947e-01,2.46093750000000000e-01,7.89629067273641216e+17
-8.20001985973902947e-01,2.53906250000000000e-01,7.81238458529945088e+17
-8.20001985973902947e-01,2.61718750000000000e-01,7.72847861015104000e+17
-8.20001985973902947e-01,2.69531250000000000e-01,7.64457266908192000e+17
-8.20001985973902947e-01,2.77343750000000000e-01,7.56066668919115648e+17
-8.20001985973902947e-01,2.85156250000000000e-01,7.47676060285943552e+17
-8.20001985973902947e-01,2.92968750000000000e-01,7.39285434776493696e+17
-8.20001985973902947e-01,3.00781250000000000e-01,7.30894786694284800e+17
-8.20001985973902947e-01,3.08593750000000000e-01,7.22504110888980736e+17
-8.20001985973902947e-01,3.16406250000000000e-01,7.14113402771492736e+17
-8.20001985973902947e-01,3.24218750000000000e-01,7.05722658333925632e+17
-8.20001985973902947e-01,3.32031250000000000e-01,6.97331874174593792e+17
-8.20001985973902947e-01,3.39843750000000000e-01,6.88941047528363904e+17
-8.20001985973902947e-01,3.47656250000000000e-01,6.80550176302616192e+17
-8.20001985973902947e-01,3.55468750000000000e-01,6.72159259119156224e+17
-8.20001985973902947e-01,3.63281250000000000e-01,6.63768295362451840e+17
-8.20001985973902947e-01,3.71093750000000000e-01,6.55377285234610944e+17
-8.20001985973902947e-01,3.78906250000000000e-01,6.46986229817562240e+17
-8.20001985973902947e-01,3.86718750000000000e-01,6.38595131142958592e+17
-8.20001985973902947e-01,3.94531250000000000e-01,6.30203992270367872e+17
-8.20001985973902947e-01,4.02343750000000000e-01,6.21812817374381312e+17
-8.20001985973902947e-01,4.10156250000000000e-01,6.13421611841332480e+17
-8.20001985973902947e-01,4.17968750000000000e-01,6.05030382376385280e+17
-8.20001985973902947e-01,4.25781250000000000e-01,5.96639137121828608e+17
-8.20001985973902947e-01,4.33593750000000000e-01,5.88247885787494016e+17
-8.20001985973902947e-01,4.41406250000000000e-01,5.79856639794300544e+17
-8.20001985973902947e-01,4.49218750000000000e-01,5.71465412432027968e+17
-8.20001985973902947e-01,4.57031250000000000e-01,5.63074219032525376e+17
-8.20001985973902947e-01,4.64843750000000000e-01,5.54683077159673344e+17
-8.20001985973902947e-01,4.72656250000000000e-01,5.46292006817546368e+17
-8.20001985973902947e-01,4.80468750000000000e-01,5.37901030678354560e+17
-8.20001985973902947e-01,4.88281250000000000e-01,5.29510174331898624e+17
-8.20001985973902947e-01,4.96093750000000000e-01,5.21119466558429632e+17
-8.20001985973902947e-01,5.03906250000000000e-01,5.12728939626989632e+17
-8.20001985973902947e-01,5.11718750000000000e-01,5.04338629621505344e+17
-8.20001985973902947e-01,5.19531250000000000e-01,4.95948576797121408e+17
-8.20001985973902947e-01,5.27343750000000000e-01,4.87558825969501440e+17
-8.20001985973902947e-01,5.35156250000000000e-01,4.79169426940088192e+17
-8.20001985973902947e-01,5.42968750000000000e-01,4.70780434960600576e+17
-8.20001985973902947e-01,5.50781250000000000e-01,4.62391911240368768e+17
-8.20001985973902947e-01,5.58593750000000000e-01,4.54003923500461760e+17
-8.20001985973902947e-01,5.66406250000000000e-01,4.45616546578952384e+17
-8.20001985973902947e-01,5.74218750000000000e-01,4.37229863092098688e+17
-8.20001985973902947e-01,5.82031250000000000e-01,4.28843964156704832e+17
-8.20001985973902947e-01,5.89843750000000000e-01,4.20458950179456768e+17
-8.20001985973902947e-01,5.97656250000000000e-01,4.12074931719626240e+17
-8.20001985973902947e-01,6.05468750000000000e-01,4.03692030432200192e+17
-8.20001985973902947e-01,6.13281250000000000e-01,3.95310380099236096e+17
-8.20001985973902947e-01,6.21093750000000000e-01,3.86930127758074112e+17
-8.20001985973902947e-01,6.28906250000000000e-01,3.78551434935968000e+17
-8.20001985973902947e-01,6.36718750000000000e-01,3.70174479001745600e+17
-8.20001985973902947e-01,6.44531250000000000e-01,3.61799454646286080e+17
-8.20001985973902947e-01,6.52343750000000000e-01,3.53426575504935104e+17
-8.20001985973902947e-01,6.60156250000000000e-01,3.45056075936482304e+17
-8.20001985973902947e-01,6.67968750000000000e-01,3.36688212975035904e+17
-8.20001985973902947e-01,6.75781250000000000e-01,3.28323268473072000e+17
-8.20001985973902947e-01,6.83593750000000000e-01,3.19961551456154496e+17
-8.20001985973902947e-01,6.91406250000000000e-01,3.11603400712357248e+17
-8.20001985973902947e-01,6.99218750000000000e-01,3.03249187642334144e+17
-8.20001985973902947e-01,7.07031250000000000e-01,2.94899319399334848e+17
-8.20001985973902947e-01,7.14843750000000000e-01,2.86554242352337984e+17
-8.20001985973902947e-01,7.22656250000000000e-01,2.78214445909963936e+17
-8.20001985973902947e-01,7.30468750000000000e-01,2.69880466748054656e+17
-8.20001985973902947e-01,7.38281250000000000e-01,2.61552893489900416e+17
-8.20001985973902947e-01,7.46093750000000000e-01,2.53232371895242464e+17
-8.20001985973902947e-01,7.53906250000000000e-01,2.44919610622572544e+17
-8.20001985973902947e-01,7.61718750000000000e-01,2.36615387639163008e+17
-8.20001985973902947e-01,7.69531250000000000e-01,2.28320557364992288e+17
-8.20001985973902947e-01,7.77343750000000000e-01,2.20036058650678240e+17
-8.20001985973902947e-01,7.85156250000000000e-01,2.11762923706165312e+17
-8.20001985973902947e-01,7.92968750000000000e-01,2.03502288116822144e+17
-8.20001985973902947e-01,8.00781250000000000e-01,1.95255402107531264e+17
-8.20001985973902947e-01,8.08593750000000000e-01,1.87023643244203776e+17
-8.20001985973902947e-01,8.16406250000000000e-01,1.78808530797087648e+17
-8.20001985973902947e-01,8.24218750000000000e-01,1.70611742032730304e+17
-8.20001985973902947e-01,8.32031250000000000e-01,1.62435130753413184e+17
-8.20001985973902947e-01,8.39843750000000000e-01,1.54280748466820576e+17
-8.20001985973902947e-01,8.47656250000000000e-01,1.46150868648096224e+17
-8.20001985973902947e-01,8.55468750000000000e-01,1.38048014656181072e+17
-8.20001985973902947e-01,8.63281250000000000e-01,1.29974991993751184e+17
-8.20001985973902947e-01,8.71093750000000000e-01,1.21934925766708016e+17
-8.20001985973902947e-01,8.78906250000000000e-01,1.13931304424140256e+17
-8.20001985973902947e-01,8.86718750000000000e-01,1.05968031176192400e+17
-8.20001985973902947e-01,8.94531250000000000e-01,9.80494849553536480e+16
-8.20001985973902947e-01,9.02343750000000000e-01,9.01805935179127040e+16
-8.20001985973902947e-01,9.10156250000000000e-01,8.23669224886604640e+16
-8.20001985973902947e-01,9.17968750000000000e-01,7.46147862417377760e+16
-8.20001985973902947e-01,9.25781250000000000e-01,6.69313902783028320e+16
-8.20001985973902947e-01,9.33593750000000000e-01,5.93250217628361200e+16
-8.20001985973902947e-01,9.41406250000000000e-01,5.18053181719824240e+16
-8.20001985973902947e-01,9.49218750000000000e-01,4.43836696190884160e+16
-8.20001985973902947e-01,9.57031250000000000e-01,3.70738602411684080e+16
-8.20001985973902947e-01,9.64843750000000000e-01,2.98931515855069840e+16
-8.20001985973902947e-01,9.72656250000000000e-01,2.28642027103882960e+16
-8.20001985973902947e-01,9.80468750000000000e-01,1.60185997189731680e+16
-8.20001985973902947e-01,9.88281250000000000e-01,9.40351375031919400e+15
-8.20001985973902947e-01,9.96093750000000000e-01,3.09448145050841800e+15
-7.40124191578554358e-01,-9.96093750000000000e-01,1.43142594135958938e+18
-7.40124191578554358e-01,-9.88281250000000000e-01,1.42830804274281626e+18
-7.40124191578554358e-01,-9.80468750000000000e-01,1.42521949374290765e+18
-7.40124191578554358e-01,-9.72656250000000000e-01,1.42215585030392678e+18
-7.40124191578554358e-01,-9.64843750000000000e-01,1.41911349437380173e+18
-7.40124191578554358e-01,-9.57031250000000000e-01,1.41608947022759859e+18
-7.40124191578554358e-01,-9.49218750000000000e-01,1.41308135387039872e+18
-7.40124191578554358e-01,-9.41406250000000000e-01,1.41008714879152538e+18
-7.40124191578554358e-01,-9.33593750000000000e-01,1.40710520271330560e+18
-7.40124191578554358e-01,-9.25781250000000000e-01,1.40413414106923597e+18
-7.40124191578554358e-01,-9.17968750000000000e-01,1.40117281381545114e+18
-7.40124191578554358e-01,-9.10156250000000000e-01,1.39822025287115699e+18
-7.40124191578554358e-01,-9.02343750000000000e-01,1.39527563803439334e+18
-7.40124191578554358e-01,-8.94531250000000000e-01,1.39233826965788800e+18
-7.40124191578554358e-01,-8.86718750000000000e-01,1.38940754671879117e+18
-7.40124191578554358e-01,-8.78906250000000000e-01,1.38648294919392614e+18
-7.40124191578554358e-01,-8.71093750000000000e-01,1.38356402387344000e+18
-7.40124191578554358e-01,-8.63281250000000000e-01,1.38065037292187162e+18
-7.40124191578554358e-01,-8.55468750000000000e-01,1.37774164463591450e+18
-7.40124191578554358e-01,-8.47656250000000000e-01,1.37483752595984614e+18
-7.40124191578554358e-01,-8.39843750000000000e-01,1.37193773640853606e+18
-7.40124191578554358e-01,-8.32031250000000000e-01,1.36904202311878707e+18
-7.40124191578554358e-01,-8.24218750000000000e-01,1.36615015680619827e+18
-7.40124191578554358e-01,-8.16406250000000000e-01,1.36326192844968294e+18
-7.40124191578554358e-01,-8.08593750000000000e-01,1.36037714656159539e+18
-7.40124191578554358e-01,-8.00781250000000000e-01,1.35749563492995917e+18
-7.40124191578554358e-01,-7.92968750000000000e-01,1.35461723074204288e+18
-7.40124191578554358e-01,-7.85156250000000000e-01,1.35174178301665485e+18
-7.40124191578554358e-01,-7.77343750000000000e-01,1.34886915128700570e+18
-7.40124191578554358e-01,-7.69531250000000000e-01,1.34599920448750643e+18
-7.40124191578554358e-01,-7.61718750000000000e-01,1.34313182000709146e+18
-7.40124191578554358e-01,-7.53906250000000000e-01,1.34026688287899238e+18
-7.40124191578554358e-01,-7.46093750000000000e-01,1.33740428508276429e+18
-7.40124191578554358e-01,-7.38281250000000000e-01,1.33454392493905459e+18
-7.40124191578554358e-01,-7.30468750000000000e-01,1.33168570658135885e+18
-7.40124191578554358e-01,-7.22656250000000000e-01,1.32882953949200102e+18
-7.40124191578554358e-01,-7.14843750000000000e-01,1.32597533809198797e+18
-7.40124191578554358e-01,-7.07031250000000000e-01,1.32312302137631283e+18
-7.40124191578554358e-01,-6.99218750000000000e-01,1.32027251258782822e+18
-7.40124191578554358e-01,-6.91406250000000000e-01,1.31742373892405043e+18
-7.40124191578554358e-01,-6.83593750000000000e-01,1.31457663127226675e+18
-7.40124191578554358e-01,-6.75781250000000000e-01,1.31173112396911078e+18
-7.40124191578554358e-01,-6.67968750000000000e-01,1.30888715458143744e+18
-7.40124191578554358e-01,-6.60156250000000000e-01,1.30604466370584141e+18
-7.40124191578554358e-01,-6.52343750000000000e-01,1.30320359478460851e+18
-7.40124191578554358e-01,-6.44531250000000000e-01,1.30036389393622272e+18
-7.40124191578554358e-01,-6.36718750000000000e-01,1.29752550979884595e+18
-7.40124191578554358e-01,-6.28906250000000000e-01,1.29468839338541594e+18
-7.40124191578554358e-01,-6.21093750000000000e-01,1.29185249794920550e+18
-7.40124191578554358e-01,-6.13281250000000000e-01,1.28901777885883699e+18
-7.40124191578554358e-01,-6.05468750000000000e-01,1.28618419348188083e+18
-7.40124191578554358e-01,-5.97656250000000000e-01,1.28335170107628314e+18
-7.40124191578554358e-01,-5.89843750000000000e-01,1.28052026268894336e+18
-7.40124191578554358e-01,-5.82031250000000000e-01,1.27768984106086349e+18
-7.40124191578554358e-01,-5.74218750000000000e-01,1.27486040053832883e+18
-7.40124191578554358e-01,-5.66406250000000000e-01,1.27203190698965990e+18
-7.40124191578554358e-01,-5.58593750000000000e-01,1.26920432772711091e+18
-7.40124191578554358e-01,-5.50781250000000000e-01,1.26637763143353421e+18
-7.40124191578554358e-01,-5.42968750000000000e-01,1.26355178809346355e+18
-7.40124191578554358e-01,-5.35156250000000000e-01,1.26072676892830746e+18
-7.40124191578554358e-01,-5.27343750000000000e-01,1.25790254633536717e+18
-7.40124191578554358e-01,-5.19531250000000000e-01,1.25507909383041050e+18
-7.40124191578554358e-01,-5.11718750000000000e-01,1.25225638599357338e+18
-7.40124191578554358e-01,-5.03906250000000000e-01,1.24943439841836134e+18
-7.40124191578554358e-01,-4.96093750000000000e-01,1.24661310766355021e+18
-7.40124191578554358e-01,-4.88281250000000000e-01,1.24379249120779878e+18
-7.40124191578554358e-01,-4.80468750000000000e-01,1.24097252740680397e+18
-7.40124191578554358e-01,-4.72656250000000000e-01,1.23815319545282970e+18
-7.40124191578554358e-01,-4.64843750000000000e-01,1.23533447533647360e+18
-7.40124191578554358e-01,-4.57031250000000000e-01,1.23251634781052160e+18
-7.40124191578554358e-01,-4.49218750000000000e-01,1.22969879435577062e+18
-7.40124191578554358e-01,-4.41406250000000000e-01,1.22688179714869862e+18
-7.40124191578554358e-01,-4.33593750000000000e-01,1.22406533903086848e+18
-7.40124191578554358e-01,-4.25781250000000000e-01,1.22124940347996570e+18
-7.40124191578554358e-01,-4.17968750000000000e-01,1.21843397458237568e+18
-7.40124191578554358e-01,-4.10156250000000000e-01,1.21561903700720666e+18
-7.40124191578554358e-01,-4.02343750000000000e-01,1.21280457598167859e+18
-7.40124191578554358e-01,-3.94531250000000000e-01,1.20999057726780058e+18
-7.40124191578554358e-01,-3.86718750000000000e-01,1.20717702714026163e+18
-7.40124191578554358e-01,-3.78906250000000000e-01,1.20436391236547302e+18
-7.40124191578554358e-01,-3.71093750000000000e-01,1.20155122018169472e+18
-7.40124191578554358e-01,-3.63281250000000000e-01,1.19873893828018970e+18
-7.40124191578554358e-01,-3.55468750000000000e-01,1.19592705478735539e+18
-7.40124191578554358e-01,-3.47656250000000000e-01,1.19311555824777600e+18
-7.40124191578554358e-01,-3.39843750000000000e-01,1.19030443760815693e+18
-7.40124191578554358e-01,-3.32031250000000000e-01,1.18749368220209510e+18
-7.40124191578554358e-01,-3.24218750000000000e-01,1.18468328173564774e+18
-7.40124191578554358e-01,-3.16406250000000000e-01,1.18187322627366477e+18
-7.40124191578554358e-01,-3.08593750000000000e-01,1.17906350622685414e+18
-7.40124191578554358e-01,-3.00781250000000000e-01,1.17625411233955558e+18
-7.40124191578554358e-01,-2.92968750000000000e-01,1.17344503567819418e+18
-7.40124191578554358e-01,-2.85156250000000000e-01,1.17063626762039987e+18
-7.40124191578554358e-01,-2.77343750000000000e-01,1.16782779984478029e+18
-7.40124191578554358e-01,-2.69531250000000000e-01,1.16501962432133299e+18
-7.40124191578554358e-01,-2.61718750000000000e-01,1.16221173330249958e+18
-7.40124191578554358e-01,-2.53906250000000000e-01,1.15940411931486797e+18
-7.40124191578554358e-01,-2.46093750000000000e-01,1.15659677515152870e+18
-7.40124191578554358e-01,-2.38281250000000000e-01,1.15378969386512000e+18
-7.40124191578554358e-01,-2.30468750000000000e-01,1.15098286876158810e+18
-7.40124191578554358e-01,-2.22656250000000000e-01,1.14817629339471667e+18
-7.40124191578554358e-01,-2.14843750000000000e-01,1.14536996156149850e+18
-7.40124191578554358e-01,-2.07031250000000000e-01,1.14256386729843162e+18
-7.40124191578554358e-01,-1.99218750000000000e-01,1.13975800487886874e+18
-7.40124191578554358e-01,-1.91406250000000000e-01,1.13695236881156659e+18
-7.40124191578554358e-01,-1.83593750000000000e-01,1.13414695384063565e+18
-7.40124191578554358e-01,-1.75781250000000000e-01,1.13134175494713792e+18
-7.40124191578554358e-01,-1.67968750000000000e-01,1.12853676735265293e+18
-7.40124191578554358e-01,-1.60156250000000000e-01,1.12573198652520934e+18
-7.40124191578554358e-01,-1.52343750000000000e-01,1.12292740818809165e+18
-7.40124191578554358e-01,-1.44531250000000000e-01,1.12012302833215603e+18
-7.40124191578554358e-01,-1.36718750000000000e-01,1.11731884323246118e+18
-7.40124191578554358e-01,-1.28906250000000000e-01,1.11451484947021990e+18
-7.40124191578554358e-01,-1.21093750000000000e-01,1.11171104396134221e+18
-7.40124191578554358e-01,-1.13281250000000000e-01,1.10890742399316301e+18
-7.40124191578554358e-01,-1.05468750000000000e-01,1.10610398727135923e+18
-7.40124191578554358e-01,-9.76562500000000000e-02,1.10330073197956838e+18
-7.40124191578554358e-01,-8.98437500000000000e-02,1.10049765685487616e+18
-7.40124191578554358e-01,-8.20312500000000000e-02,1.09769476128313523e+18
-7.40124191578554358e-01,-7.42187500000000000e-02,1.09489204541910938e+18
-7.40124191578554358e-01,-6.64062500000000000e-02,1.09208951033770086e+18
-7.40124191578554358e-01,-5.85937500000000000e-02,1.08928715822413069e+18
-7.40124191578554358e-01,-5.07812500000000000e-02,1.08648499261295386e+18
-7.40124191578554358e-01,-4.29687500000000000e-02,1.08368301868831616e+18
-7.40124191578554358e-01,-3.51562500000000000e-02,1.08088124366105216e+18
-7.40124191578554358e-01,-2.73437500000000000e-02,1.07807967724219917e+18
-7.40124191578554358e-01,-1.95312500000000000e-02,1.07527833223753165e+18
-7.40124191578554358e-01,-1.17187500000000000e-02,1.07247722529401869e+18
-7.40124191578554358e-01,-3.90625000000000000e-03,1.06967637783702323e+18
-7.40124191578554358e-01,3.90625000000000000e-03,1.06411578527250637e+18
-7.40124191578554358e-01,1.17187500000000000e-02,1.05571658677313792e+18
-7.40124191578554358e-01,1.95312500000000000e-02,1.04731766223644646e+18
-7.40124191578554358e-01,2.73437500000000000e-02,1.03891918728275034e+18
-7.40124191578554358e-01,3.51562500000000000e-02,1.03052122853750259e+18
-7.40124191578554358e-01,4.29687500000000000e-02,1.02212379838797888e+18
-7.40124191578554358e-01,5.07812500000000000e-02,1.01372688268019930e+18
-7.40124191578554358e-01,5.85937500000000000e-02,1.00533045472235507e+18
-7.40124191578554358e-01,6.64062500000000000e-02,9.96934482352279040e+17
-7.40124191578554358e-01,7.42187500000000000e-02,9.88538931487173632e+17
-7.40124191578554358e-01,8.20312500000000000e-02,9.80143767886093312e+17
-7.40124191578554358e-01,8.98437500000000000e-02,9.71748958002342272e+17
-7.40124191578554358e-01,9.76562500000000000e-02,9.63354469371225344e+17
-7.40124191578554358e-01,1.05468750000000000e-01,9.54960270759971456e+17
-7.40124191578554358e-01,1.13281250000000000e-01,9.46566332195776896e+17
-7.40124191578554358e-01,1.21093750000000000e-01,9.38172624931572736e+17
-7.40124191578554358e-01,1.28906250000000000e-01,9.29779121380382848e+17
-7.40124191578554358e-01,1.36718750000000000e-01,9.21385795034410496e+17
-7.40124191578554358e-01,1.44531250000000000e-01,9.12992620377396736e+17
-7.40124191578554358e-01,1.52343750000000000e-01,9.04599572794821632e+17
-7.40124191578554358e-01,1.60156250000000000e-01,8.96206628484421632e+17
-7.40124191578554358e-01,1.67968750000000000e-01,8.87813764368365440e+17
-7.40124191578554358e-01,1.75781250000000000e-01,8.79420958007797888e+17
-7.40124191578554358e-01,1.83593750000000000e-01,8.71028187520113920e+17
-7.40124191578554358e-01,1.91406250000000000e-01,8.62635431499104384e+17
-7.40124191578554358e-01,1.99218750000000000e-01,8.54242668937998464e+17
-7.40124191578554358e-01,2.07031250000000000e-01,8.45849879155347840e+17
-7.40124191578554358e-01,2.14843750000000000e-01,8.37457041723646848e+17
-7.40124191578554358e-01,2.22656250000000000e-01,8.29064136400561024e+17
-7.40124191578554358e-01,2.30468750000000000e-01,8.20671143062616192e+17
-7.40124191578554358e-01,2.38281250000000000e-01,8.12278041641196032e+17
-7.40124191578554358e-01,2.46093750000000000e-01,8.03884812060697088e+17
-7.40124191578554358e-01,2.53906250000000000e-01,7.95491434178690944e+17
-7.40124191578554358e-01,2.61718750000000000e-01,7.87097887727956096e+17
-7.40124191578554358e-01,2.69531250000000000e-01,7.78704152260247808e+17
-7.40124191578554358e-01,2.77343750000000000e-01,7.70310207091693696e+17
-7.40124191578554358e-01,2.85156250000000000e-01,7.61916031249709312e+17
-7.40124191578554358e-01,2.92968750000000000e-01,7.53521603421350784e+17
-7.40124191578554358e-01,3.00781250000000000e-01,7.45126901903036032e+17
-7.40124191578554358e-01,3.08593750000000000e-01,7.36731904551585536e+17
-7.40124191578554358e-01,3.16406250000000000e-01,7.28336588736551296e+17
-7.40124191578554358e-01,3.24218750000000000e-01,7.19940931293829760e+17
-7.40124191578554358e-01,3.32031250000000000e-01,7.11544908480570368e+17
-7.40124191578554358e-01,3.39843750000000000e-01,7.03148495931418240e+17
-7.40124191578554358e-01,3.47656250000000000e-01,6.94751668616160384e+17
-7.40124191578554358e-01,3.55468750000000000e-01,6.86354400798861952e+17
-7.40124191578554358e-01,3.63281250000000000e-01,6.77956665998621056e+17
-7.40124191578554358e-01,3.71093750000000000e-01,6.69558436952093824e+17
-7.40124191578554358e-01,3.78906250000000000e-01,6.61159685577983360e+17
-7.40124191578554358e-01,3.86718750000000000e-01,6.52760382943720064e+17
-7.40124191578554358e-01,3.94531250000000000e-01,6.44360499234606464e+17
-7.40124191578554358e-01,4.02343750000000000e-01,6.35960003725741312e+17
-7.40124191578554358e-01,4.10156250000000000e-01,6.27558864757093888e+17
-7.40124191578554358e-01,4.17968750000000000e-01,6.19157049712149888e+17
-7.40124191578554358e-01,4.25781250000000000e-01,6.10754525000612096e+17
-7.40124191578554358e-01,4.33593750000000000e-01,6.02351256045710976e+17
-7.40124191578554358e-01,4.41406250000000000e-01,5.93947207276745344e+17
-7.40124191578554358e-01,4.49218750000000000e-01,5.85542342127565440e+17
-7.40124191578554358e-01,4.57031250000000000e-01,5.77136623041793152e+17
-7.40124191578554358e-01,4.64843750000000000e-01,5.68730011485680320e+17
-7.40124191578554358e-01,4.72656250000000000e-01,5.60322467969612544e+17
-7.40124191578554358e-01,4.80468750000000000e-01,5.51913952079393024e+17
-7.40124191578554358e-01,4.88281250000000000e-01,5.43504422518575488e+17
-7.40124191578554358e-01,4.96093750000000000e-01,5.35093837163267712e+17
-7.40124191578554358e-01,5.03906250000000000e-01,5.26682153130996288e+17
-7.40124191578554358e-01,5.11718750000000000e-01,5.18269326865409536e+17
-7.40124191578554358e-01,5.19531250000000000e-01,5.09855314238808256e+17
-7.40124191578554358e-01,5.27343750000000000e-01,5.01440070674718912e+17
-7.40124191578554358e-01,5.35156250000000000e-01,4.93023551292991744e+17
-7.40124191578554358e-01,5.42968750000000000e-01,4.84605711080188224e+17
-7.40124191578554358e-01,5.50781250000000000e-01,4.76186505088346880e+17
-7.40124191578554358e-01,5.58593750000000000e-01,4.67765888665577536e+17
-7.40124191578554358e-01,5.66406250000000000e-01,4.59343817722334720e+17
-7.40124191578554358e-01,5.74218750000000000e-01,4.50920249037670976e+17
-7.40124191578554358e-01,5.82031250000000000e-01,4.42495140610274752e+17
-7.40124191578554358e-01,5.89843750000000000e-01,4.34068452059665472e+17
-7.40124191578554358e-01,5.97656250000000000e-01,4.25640145083548480e+17
-7.40124191578554358e-01,6.05468750000000000e-01,4.17210183978049728e+17
-7.40124191578554358e-01,6.13281250000000000e-01,4.08778536228350912e+17
-7.40124191578554358e-01,6.21093750000000000e-01,4.00345173178152384e+17
-7.40124191578554358e-01,6.28906250000000000e-01,3.91910070787410752e+17
-7.40124191578554358e-01,6.36718750000000000e-01,3.83473210488958976e+17
-7.40124191578554358e-01,6.44531250000000000e-01,3.75034580155920256e+17
-7.40124191578554358e-01,6.52343750000000000e-01,3.66594175193320512e+17
-7.40124191578554358e-01,6.60156250000000000e-01,3.58151999768993216e+17
-7.40124191578554358e-01,6.67968750000000000e-01,3.49708068200798912e+17
-7.40124191578554358e-01,6.75781250000000000e-01,3.41262406519390912e+17
-7.40124191578554358e-01,6.83593750000000000e-01,3.32815054228280192e+17
-7.40124191578554358e-01,6.91406250000000000e-01,3.24366066285858944e+17
-7.40124191578554358e-01,6.99218750000000000e-01,3.15915515337382592e+17
-7.40124191578554358e-01,7.07031250000000000e-01,3.07463494228770944e+17
-7.40124191578554358e-01,7.14843750000000000e-01,2.99010118838563520e+17
-7.40124191578554358e-01,7.22656250000000000e-01,2.90555531269559680e+17
-7.40124191578554358e-01,7.30468750000000000e-01,2.82099903447732768e+17
-7.40124191578554358e-01,7.38281250000000000e-01,2.73643441183090496e+17
-7.40124191578554358e-01,7.46093750000000000e-01,2.65186388755464640e+17
-7.40124191578554358e-01,7.53906250000000000e-01,2.56729034097992352e+17
-7.40124191578554358e-01,7.61718750000000000e-01,2.48271714662602944e+17
-7.40124191578554358e-01,7.69531250000000000e-01,2.39814824065510784e+17
-7.40124191578554358e-01,7.77343750000000000e-01,2.31358819626985024e+17
-7.40124191578554358e-01,7.85156250000000000e-01,2.22904230939079200e+17
-7.40124191578554358e-01,7.92968750000000000e-01,2.14451669618239872e+17
-7.40124191578554358e-01,8.00781250000000000e-01,2.06001840427623296e+17
-7.40124191578554358e-01,8.08593750000000000e-01,1.97555553987598432e+17
-7.40124191578554358e-01,8.16406250000000000e-01,1.89113741333638304e+17
-7.40124191578554358e-01,8.24218750000000000e-01,1.80677470630300032e+17
-7.40124191578554358e-01,8.32031250000000000e-01,1.72247966410468224e+17
-7.40124191578554358e-01,8.39843750000000000e-01,1.63826631783392736e+17
-7.40124191578554358e-01,8.47656250000000000e-01,1.55415074147246976e+17
-7.40124191578554358e-01,8.55468750000000000e-01,1.47015135057587808e+17
-7.40124191578554358e-01,8.63281250000000000e-01,1.38628925050546656e+17
-7.40124191578554358e-01,8.71093750000000000e-01,1.30258864411919280e+17
-7.40124191578554358e-01,8.78906250000000000e-01,1.21907731142147024e+17
-7.40124191578554358e-01,8.86718750000000000e-01,1.13578717729956400e+17
-7.40124191578554358e-01,8.94531250000000000e-01,1.05275498881615648e+17
-7.40124191578554358e-01,9.02343750000000000e-01,9.70023131836779360e+16
-7.40124191578554358e-01,9.10156250000000000e-01,8.87640630423742400e+16
-7.40124191578554358e-01,9.17968750000000000e-01,8.05664396001089280e+16
-7.40124191578554358e-01,9.25781250000000000e-01,7.24160835685764800e+16
-7.40124191578554358e-01,9.33593750000000000e-01,6.43208007803003280e+16
-7.40124191578554358e-01,9.41406250000000000e-01,5.62898661684361760e+16
-7.40124191578554358e-01,9.49218750000000000e-01,4.83344785831682000e+16
-7.40124191578554358e-01,9.57031250000000000e-01,4.04684846563511760e+16
-7.40124191578554358e-01,9.64843750000000000e-01,3.27095991463630840e+16
-7.40124191578554358e-01,9.72656250000000000e-01,2.50815638671790520e+16
-7.40124191578554358e-01,9.80468750000000000e-01,1.76181103784655980e+16
-7.40124191578554358e-01,9.88281250000000000e-01,1.03704268252223800e+16
-7.40124191578554358e-01,9.96093750000000000e-01,3.42147993978500100e+15
-6.48093651936975546e-01,-9.96093750000000000e-01,1.44847017130491085e+18
-6.48093651936975546e-01,-9.88281250000000000e-01,1.44532005142747597e+18
-6.48093651936975546e-01,-9.80468750000000000e-01,1.44220271466204288e+18
-6.48093651936975546e-01,-9.72656250000000000e-01,1.43911316173944474e+18
-6.48093651936975546e-01,-9.64843750000000000e-01,1.43604732461803955e+18
-6.48093651936975546e-01,-9.57031250000000000e-01,1.43300188183918362e+18
-6.48093651936975546e-01,-9.49218750000000000e-01,1.42997411120726528e+18
-6.48093651936975546e-01,-9.41406250000000000e-01,1.42696177220214912e+18
-6.48093651936975546e-01,-9.33593750000000000e-01,1.42396301207944858e+18
-6.48093651936975546e-01,-9.25781250000000000e-01,1.42097629084593050e+18
-6.48093651936975546e-01,-9.17968750000000000e-01,1.41800032127796122e+18
-6.48093651936975546e-01,-9.10156250000000000e-01,1.41503402093152384e+18
-6.48093651936975546e-01,-9.02343750000000000e-01,1.41207647371373850e+18
-6.48093651936975546e-01,-8.94531250000000000e-01,1.40912689908051968e+18
-6.48093651936975546e-01,-8.86718750000000000e-01,1.40618462731883034e+18
-6.48093651936975546e-01,-8.78906250000000000e-01,1.40324907968553779e+18
-6.48093651936975546e-01,-8.71093750000000000e-01,1.40031975242450816e+18
-6.48093651936975546e-01,-8.63281250000000000e-01,1.39739620388233421e+18
-6.48093651936975546e-01,-8.55468750000000000e-01,1.39447804410136064e+18
-6.48093651936975546e-01,-8.47656250000000000e-01,1.39156492639468314e+18
-6.48093651936975546e-01,-8.39843750000000000e-01,1.38865654050817946e+18
-6.48093651936975546e-01,-8.32031250000000000e-01,1.38575260705455104e+18
-6.48093651936975546e-01,-8.24218750000000000e-01,1.38285287296802227e+18
-6.48093651936975546e-01,-8.16406250000000000e-01,1.37995710777907533e+18
-6.48093651936975546e-01,-8.08593750000000000e-01,1.37706510054899533e+18
-6.48093651936975546e-01,-8.00781250000000000e-01,1.37417665733621478e+18
-6.48093651936975546e-01,-7.92968750000000000e-01,1.37129159909210368e+18
-6.48093651936975546e-01,-7.85156250000000000e-01,1.36840975990431155e+18
-6.48093651936975546e-01,-7.77343750000000000e-01,1.36553098552209510e+18
-6.48093651936975546e-01,-7.69531250000000000e-01,1.36265513211105920e+18
-6.48093651936975546e-01,-7.61718750000000000e-01,1.35978206519514573e+18
-6.48093651936975546e-01,-7.53906250000000000e-01,1.35691165875197363e+18
-6.48093651936975546e-01,-7.46093750000000000e-01,1.35404379443426995e+18
-6.48093651936975546e-01,-7.38281250000000000e-01,1.35117836089540992e+18
-6.48093651936975546e-01,-7.30468750000000000e-01,1.34831525320132301e+18
-6.48093651936975546e-01,-7.22656250000000000e-01,1.34545437231439821e+18
-6.48093651936975546e-01,-7.14843750000000000e-01,1.34259562463773901e+18
-6.48093651936975546e-01,-7.07031250000000000e-01,1.33973892161028864e+18
-6.48093651936975546e-01,-6.99218750000000000e-01,1.33688417934508749e+18
-6.48093651936975546e-01,-6.91406250000000000e-01,1.33403131830433357e+18
-6.48093651936975546e-01,-6.83593750000000000e-01,1.33118026300603213e+18
-6.48093651936975546e-01,-6.75781250000000000e-01,1.32833094175794509e+18
-6.48093651936975546e-01,-6.67968750000000000e-01,1.32548328641526656e+18
-6.48093651936975546e-01,-6.60156250000000000e-01,1.32263723215907021e+18
-6.48093651936975546e-01,-6.52343750000000000e-01,1.31979271729302272e+18
-6.48093651936975546e-01,-6.44531250000000000e-01,1.31694968305628749e+18
-6.48093651936975546e-01,-6.36718750000000000e-01,1.31410807345082906e+18
-6.48093651936975546e-01,-6.28906250000000000e-01,1.31126783508161664e+18
-6.48093651936975546e-01,-6.21093750000000000e-01,1.30842891700842624e+18
-6.48093651936975546e-01,-6.13281250000000000e-01,1.30559127060812032e+18
-6.48093651936975546e-01,-6.05468750000000000e-01,1.30275484944643942e+18
-6.48093651936975546e-01,-5.97656250000000000e-01,1.29991960915845530e+18
-6.48093651936975546e-01,-5.89843750000000000e-01,1.29708550733693798e+18
-6.48093651936975546e-01,-5.82031250000000000e-01,1.29425250342798771e+18
-6.48093651936975546e-01,-5.74218750000000000e-01,1.29142055863333274e+18
-6.48093651936975546e-01,-5.66406250000000000e-01,1.28858963581878528e+18
-6.48093651936975546e-01,-5.58593750000000000e-01,1.28575969942837811e+18
-6.48093651936975546e-01,-5.50781250000000000e-01,1.28293071540376320e+18
-6.48093651936975546e-01,-5.42968750000000000e-01,1.28010265110849101e+18
-6.48093651936975546e-01,-5.35156250000000000e-01,1.27727547525682074e+18
-6.48093651936975546e-01,-5.27343750000000000e-01,1.27444915784674790e+18
-6.48093651936975546e-01,-5.19531250000000000e-01,1.27162367009695795e+18
-6.48093651936975546e-01,-5.11718750000000000e-01,1.26879898438744525e+18
-6.48093651936975546e-01,-5.03906250000000000e-01,1.26597507420354816e+18
-6.48093651936975546e-01,-4.96093750000000000e-01,1.26315191408318131e+18
-6.48093651936975546e-01,-4.88281250000000000e-01,1.26032947956705434e+18
-6.48093651936975546e-01,-4.80468750000000000e-01,1.25750774715169075e+18
-6.48093651936975546e-01,-4.72656250000000000e-01,1.25468669424506317e+18
-6.48093651936975546e-01,-4.64843750000000000e-01,1.25186629912468992e+18
-6.48093651936975546e-01,-4.57031250000000000e-01,1.24904654089803290e+18
-6.48093651936975546e-01,-4.49218750000000000e-01,1.24622739946506086e+18
-6.48093651936975546e-01,-4.41406250000000000e-01,1.24340885548284365e+18
-6.48093651936975546e-01,-4.33593750000000000e-01,1.24059089033206093e+18
-6.48093651936975546e-01,-4.25781250000000000e-01,1.23777348608530176e+18
-6.48093651936975546e-01,-4.17968750000000000e-01,1.23495662547706266e+18
-6.48093651936975546e-01,-4.10156250000000000e-01,1.23214029187533466e+18
-6.48093651936975546e-01,-4.02343750000000000e-01,1.22932446925469286e+18
-6.48093651936975546e-01,-3.94531250000000000e-01,1.22650914217080499e+18
-6.48093651936975546e-01,-3.86718750000000000e-01,1.22369429573627418e+18
-6.48093651936975546e-01,-3.78906250000000000e-01,1.22087991559774874e+18
-6.48093651936975546e-01,-3.71093750000000000e-01,1.21806598791422234e+18
-6.48093651936975546e-01,-3.63281250000000000e-01,1.21525249933647232e+18
-6.48093651936975546e-01,-3.55468750000000000e-01,1.21243943698756326e+18
-6.48093651936975546e-01,-3.47656250000000000e-01,1.20962678844437504e+18
-6.48093651936975546e-01,-3.39843750000000000e-01,1.20681454172009421e+18
-6.48093651936975546e-01,-3.32031250000000000e-01,1.20400268524763034e+18
-6.48093651936975546e-01,-3.24218750000000000e-01,1.20119120786391142e+18
-6.48093651936975546e-01,-3.16406250000000000e-01,1.19838009879502131e+18
-6.48093651936975546e-01,-3.08593750000000000e-01,1.19556934764214835e+18
-6.48093651936975546e-01,-3.00781250000000000e-01,1.19275894436831258e+18
-6.48093651936975546e-01,-2.92968750000000000e-01,1.18994887928585011e+18
-6.48093651936975546e-01,-2.85156250000000000e-01,1.18713914304463283e+18
-6.48093651936975546e-01,-2.77343750000000000e-01,1.18432972662101197e+18
-6.48093651936975546e-01,-2.69531250000000000e-01,1.18152062130747674e+18
-6.48093651936975546e-01,-2.61718750000000000e-01,1.17871181870302438e+18
-6.48093651936975546e-01,-2.53906250000000000e-01,1.17590331070425728e+18
-6.48093651936975546e-01,-2.46093750000000000e-01,1.17309508949721446e+18
-6.48093651936975546e-01,-2.38281250000000000e-01,1.17028714754997453e+18
-6.48093651936975546e-01,-2.30468750000000000e-01,1.16747947760606848e+18
-6.48093651936975546e-01,-2.22656250000000000e-01,1.16467207267876429e+18
-6.48093651936975546e-01,-2.14843750000000000e-01,1.16186492604630477e+18
-6.48093651936975546e-01,-2.07031250000000000e-01,1.15905803124820531e+18
-6.48093651936975546e-01,-1.99218750000000000e-01,1.15625138208275098e+18
-6.48093651936975546e-01,-1.91406250000000000e-01,1.15344497260587187e+18
-6.48093651936975546e-01,-1.83593750000000000e-01,1.15063879713162906e+18
-6.48093651936975546e-01,-1.75781250000000000e-01,1.14783285023459763e+18
-6.48093651936975546e-01,-1.67968750000000000e-01,1.14502712675451686e+18
-6.48093651936975546e-01,-1.60156250000000000e-01,1.14222162180367846e+18
-6.48093651936975546e-01,-1.52343750000000000e-01,1.13941633077763251e+18
-6.48093651936975546e-01,-1.44531250000000000e-01,1.13661124936995725e+18
-6.48093651936975546e-01,-1.36718750000000000e-01,1.13380637359202163e+18
-6.48093651936975546e-01,-1.28906250000000000e-01,1.13100169979890893e+18
-6.48093651936975546e-01,-1.21093750000000000e-01,1.12819722472297741e+18
-6.48093651936975546e-01,-1.13281250000000000e-01,1.12539294551690458e+18
-6.48093651936975546e-01,-1.05468750000000000e-01,1.12258885980853453e+18
-6.48093651936975546e-01,-9.76562500000000000e-02,1.11978496577045082e+18
-6.48093651936975546e-01,-8.98437500000000000e-02,1.11698126220793536e+18
-6.48093651936975546e-01,-8.20312500000000000e-02,1.11417774866991744e+18
-6.48093651936975546e-01,-7.42187500000000000e-02,1.11137442558869158e+18
-6.48093651936975546e-01,-6.64062500000000000e-02,1.10857129445566323e+18
-6.48093651936975546e-01,-5.85937500000000000e-02,1.10576835804224371e+18
-6.48093651936975546e-01,-5.07812500000000000e-02,1.10296562067733901e+18
-6.48093651936975546e-01,-4.29687500000000000e-02,1.10016308859582861e+18
-6.48093651936975546e-01,-3.51562500000000000e-02,1.09736077037608819e+18
-6.48093651936975546e-01,-2.73437500000000000e-02,1.09455867748926336e+18
-6.48093651936975546e-01,-1.95312500000000000e-02,1.09175682498879514e+18
-6.48093651936975546e-01,-1.17187500000000000e-02,1.08895523237601293e+18
-6.48093651936975546e-01,-3.90625000000000000e-03,1.08615392468677670e+18
-6.48093651936975546e-01,3.90625000000000000e-03,1.08059842287598566e+18
-6.48093651936975546e-01,1.17187500000000000e-02,1.07219864957319578e+18
-6.48093651936975546e-01,1.95312500000000000e-02,1.06379914724381171e+18
-6.48093651936975546e-01,2.73437500000000000e-02,1.05540011727490394e+18
-6.48093651936975546e-01,3.51562500000000000e-02,1.04700163787611418e+18
-6.48093651936975546e-01,4.29687500000000000e-02,1.03860372586798144e+18
-6.48093651936975546e-01,5.07812500000000000e-02,1.03020636793730688e+18
-6.48093651936975546e-01,5.85937500000000000e-02,1.02180953644145395e+18
-6.48093651936975546e-01,6.64062500000000000e-02,1.01341319738633882e+18
-6.48093651936975546e-01,7.42187500000000000e-02,1.00501731443490854e+18
-6.48093651936975546e-01,8.20312500000000000e-02,9.96621850898563584e+17
-6.48093651936975546e-01,8.98437500000000000e-02,9.88226770701117184e+17
-6.48093651936975546e-01,9.76562500000000000e-02,9.79832038817788800e+17
-6.48093651936975546e-01,1.05468750000000000e-01,9.71437621445051136e+17
-6.48093651936975546e-01,1.13281250000000000e-01,9.63043486032079232e+17
-6.48093651936975546e-01,1.21093750000000000e-01,9.54649601240967552e+17
-6.48093651936975546e-01,1.28906250000000000e-01,9.46255936870477056e+17
-6.48093651936975546e-01,1.36718750000000000e-01,9.37862463761458944e+17
-6.48093651936975546e-01,1.44531250000000000e-01,9.29469153693528448e+17
-6.48093651936975546e-01,1.52343750000000000e-01,9.21075979278083328e+17
-6.48093651936975546e-01,1.60156250000000000e-01,9.12682913850395136e+17
-6.48093651936975546e-01,1.67968750000000000e-01,9.04289931362221440e+17
-6.48093651936975546e-01,1.75781250000000000e-01,8.95897006275666176e+17
-6.48093651936975546e-01,1.83593750000000000e-01,8.87504113458618496e+17
-6.48093651936975546e-01,1.91406250000000000e-01,8.79111228081852672e+17
-6.48093651936975546e-01,1.99218750000000000e-01,8.70718325517719424e+17
-6.48093651936975546e-01,2.07031250000000000e-01,8.62325381240271872e+17
-6.48093651936975546e-01,2.14843750000000000e-01,8.53932370726599040e+17
-6.48093651936975546e-01,2.22656250000000000e-01,8.45539269359104000e+17
-6.48093651936975546e-01,2.30468750000000000e-01,8.37146052328434432e+17
-6.48093651936975546e-01,2.38281250000000000e-01,8.28752694536755840e+17
-6.48093651936975546e-01,2.46093750000000000e-01,8.20359170501042688e+17
-6.48093651936975546e-01,2.53906250000000000e-01,8.11965454256059264e+17
-6.48093651936975546e-01,2.61718750000000000e-01,8.03571519256696192e+17
-6.48093651936975546e-01,2.69531250000000000e-01,7.95177338279325184e+17
-6.48093651936975546e-01,2.77343750000000000e-01,7.86782883321834240e+17
-6.48093651936975546e-01,2.85156250000000000e-01,7.78388125502007424e+17
-6.48093651936975546e-01,2.92968750000000000e-01,7.69993034953911680e+17
-6.48093651936975546e-01,3.00781250000000000e-01,7.61597580721955968e+17
-6.48093651936975546e-01,3.08593750000000000e-01,7.53201730652288384e+17
-6.48093651936975546e-01,3.16406250000000000e-01,7.44805451281200896e+17
-6.48093651936975546e-01,3.24218750000000000e-01,7.36408707720207360e+17
-6.48093651936975546e-01,3.32031250000000000e-01,7.28011463537470848e+17
-6.48093651936975546e-01,3.39843750000000000e-01,7.19613680635249664e+17
-6.48093651936975546e-01,3.47656250000000000e-01,7.11215319123040640e+17
-6.48093651936975546e-01,3.55468750000000000e-01,7.02816337186096896e+17
-6.48093651936975546e-01,3.63281250000000000e-01,6.94416690949002240e+17
-6.48093651936975546e-01,3.71093750000000000e-01,6.86016334333990272e+17
-6.48093651936975546e-01,3.78906250000000000e-01,6.77615218913697024e+17
-6.48093651936975546e-01,3.86718750000000000e-01,6.69213293758048128e+17
-6.48093651936975546e-01,3.94531250000000000e-01,6.60810505274987648e+17
-6.48093651936975546e-01,4.02343750000000000e-01,6.52406797044763264e+17
-6.48093651936975546e-01,4.10156250000000000e-01,6.44002109647500288e+17
-6.48093651936975546e-01,4.17968750000000000e-01,6.35596380483810176e+17
-6.48093651936975546e-01,4.25781250000000000e-01,6.27189543588196096e+17
-6.48093651936975546e-01,4.33593750000000000e-01,6.18781529435048448e+17
-6.48093651936975546e-01,4.41406250000000000e-01,6.10372264737039872e+17
-6.48093651936975546e-01,4.49218750000000000e-01,6.01961672235775360e+17
-6.48093651936975546e-01,4.57031250000000000e-01,5.93549670484582144e+17
-6.48093651936975546e-01,4.64843750000000000e-01,5.85136173623375488e+17
-6.48093651936975546e-01,4.72656250000000000e-01,5.76721091145593600e+17
-6.48093651936975546e-01,4.80468750000000000e-01,5.68304327657256768e+17
-6.48093651936975546e-01,4.88281250000000000e-01,5.59885782628280960e+17
-6.48093651936975546e-01,4.96093750000000000e-01,5.51465350136270592e+17
-6.48093651936975546e-01,5.03906250000000000e-01,5.43042918603112064e+17
-6.48093651936975546e-01,5.11718750000000000e-01,5.34618370524814976e+17
-6.48093651936975546e-01,5.19531250000000000e-01,5.26191582195186176e+17
-6.48093651936975546e-01,5.27343750000000000e-01,5.17762423424078528e+17
-6.48093651936975546e-01,5.35156250000000000e-01,5.09330757251153536e+17
-6.48093651936975546e-01,5.42968750000000000e-01,5.00896439656299648e+17
-6.48093651936975546e-01,5.50781250000000000e-01,4.92459319268105920e+17
-6.48093651936975546e-01,5.58593750000000000e-01,4.84019237072071296e+17
-6.48093651936975546e-01,5.66406250000000000e-01,4.75576026120560960e+17
-6.48093651936975546e-01,5.74218750000000000e-01,4.67129511246898560e+17
-6.48093651936975546e-01,5.82031250000000000e-01,4.58679508786418112e+17
-6.48093651936975546e-01,5.89843750000000000e-01,4.50225826307799104e+17
-6.48093651936975546e-01,5.97656250000000000e-01,4.41768262358582400e+17
-6.48093651936975546e-01,6.05468750000000000e-01,4.33306606229426816e+17
-6.48093651936975546e-01,6.13281250000000000e-01,4.24840637742421760e+17
-6.48093651936975546e-01,6.21093750000000000e-01,4.16370127069648832e+17
-6.48093651936975546e-01,6.28906250000000000e-01,4.07894834589184448e+17
-6.48093651936975546e-01,6.36718750000000000e-01,3.99414510786899904e+17
-6.48093651936975546e-01,6.44531250000000000e-01,3.90928896213741888e+17
-6.48093651936975546e-01,6.52343750000000000e-01,3.82437721509721728e+17
-6.48093651936975546e-01,6.60156250000000000e-01,3.73940707507613888e+17
-6.48093651936975546e-01,6.67968750000000000e-01,3.65437565431426816e+17
-6.48093651936975546e-01,6.75781250000000000e-01,3.56927997207085568e+17
-6.48093651936975546e-01,6.83593750000000000e-01,3.48411695905534464e+17
-6.48093651936975546e-01,6.91406250000000000e-01,3.39888346341679296e+17
-6.48093651936975546e-01,6.99218750000000000e-01,3.31357625856328704e+17
-6.48093651936975546e-01,7.07031250000000000e-01,3.22819205312664384e+17
-6.48093651936975546e-01,7.14843750000000000e-01,3.14272750343871296e+17
-6.48093651936975546e-01,7.22656250000000000e-01,3.05717922894545728e+17
-6.48093651936975546e-01,7.30468750000000000e-01,2.97154383105529600e+17
-6.48093651936975546e-01,7.38281250000000000e-01,2.88581791600098240e+17
-6.48093651936975546e-01,7.46093750000000000e-01,2.79999812239205952e+17
-6.48093651936975546e-01,7.53906250000000000e-01,2.71408115425068832e+17
-6.48093651936975546e-01,7.61718750000000000e-01,2.62806382046100032e+17
-6.48093651936975546e-01,7.69531250000000000e-01,2.54194308172568704e+17
-6.48093651936975546e-01,7.77343750000000000e-01,2.45571610631868320e+17
-6.48093651936975546e-01,7.85156250000000000e-01,2.36938033615645728e+17
-6.48093651936975546e-01,7.92968750000000000e-01,2.28293356499088352e+17
-6.48093651936975546e-01,8.00781250000000000e-01,2.19637403086435936e+17
-6.48093651936975546e-01,8.08593750000000000e-01,2.10970052537576000e+17
-6.48093651936975546e-01,8.16406250000000000e-01,2.02291252280023552e+17
-6.48093651936975546e-01,8.24218750000000000e-01,1.93601033270748448e+17
-6.48093651936975546e-01,8.32031250000000000e-01,1.84899528045865664e+17
-6.48093651936975546e-01,8.39843750000000000e-01,1.76186992086657792e+17
-6.48093651936975546e-01,8.47656250000000000e-01,1.67463829142527936e+17
-6.48093651936975546e-01,8.55468750000000000e-01,1.58730621292005504e+17
-6.48093651936975546e-01,8.63281250000000000e-01,1.49988164701793696e+17
-6.48093651936975546e-01,8.71093750000000000e-01,1.41237512276545552e+17
-6.48093651936975546e-01,8.78906250000000000e-01,1.32480024704045152e+17
-6.48093651936975546e-01,8.86718750000000000e-01,1.23717431835653264e+17
-6.48093651936975546e-01,8.94531250000000000e-01,1.14951906979082384e+17
-6.48093651936975546e-01,9.02343750000000000e-01,1.06186157665759776e+17
-6.48093651936975546e-01,9.10156250000000000e-01,9.74235380646115680e+16
-6.48093651936975546e-01,9.17968750000000000e-01,8.86681909795343360e+16
-6.48093651936975546e-01,9.25781250000000000e-01,7.99252323217176320e+16
-6.48093651936975546e-01,9.33593750000000000e-01,7.12010001102241040e+16
-6.48093651936975546e-01,9.41406250000000000e-01,6.25034073932816320e+16
-6.48093651936975546e-01,9.49218750000000000e-01,5.38424718174363920e+16
-6.48093651936975546e-01,9.57031250000000000e-01,4.52311593348029120e+16
-6.48093651936975546e-01,9.64843750000000000e-01,3.66868062260150960e+16
-6.48093651936975546e-01,9.72656250000000000e-01,2.82336325333596280e+16
-6.48093651936975546e-01,9.80468750000000000e-01,1.99073504527985120e+16
-6.48093651936975546e-01,9.88281250000000000e-01,1.17638393327464040e+16
-6.48093651936975546e-01,9.96093750000000000e-01,3.89577200991842400e+15
-5.45421471388839563e-01,-9.96093750000000000e-01,1.46761926996049229e+18
-5.45421471388839563e-01,-9.88281250000000000e-01,1.46442407636129971e+18
-5.45421471388839563e-01,-9.80468750000000000e-01,1.46126661892278784e+18
-5.45421471388839563e-01,-9.72656250000000000e-01,1.45814108715880755e+18
-5.45421471388839563e-01,-9.64843750000000000e-01,1.45504275616169856e+18
-5.45421471388839563e-01,-9.57031250000000000e-01,1.45196777116372198e+18
-5.45421471388839563e-01,-9.49218750000000000e-01,1.44891297565969587e+18
-5.45421471388839563e-01,-9.41406250000000000e-01,1.44587577422930355e+18
-5.45421471388839563e-01,-9.33593750000000000e-01,1.44285402300392038e+18
-5.45421471388839563e-01,-9.25781250000000000e-01,1.43984594216068429e+18
-5.45421471388839563e-01,-9.17968750000000000e-01,1.43685004597114010e+18
-5.45421471388839563e-01,-9.10156250000000000e-01,1.43386508684292736e+18
-5.45421471388839563e-01,-9.02343750000000000e-01,1.43089001051830093e+18
-5.45421471388839563e-01,-8.94531250000000000e-01,1.42792392017069261e+18
-5.45421471388839563e-01,-8.86718750000000000e-01,1.42496604760019661e+18
-5.45421471388839563e-01,-8.78906250000000000e-01,1.42201573009483034e+18
-5.45421471388839563e-01,-8.71093750000000000e-01,1.41907239181578931e+18
-5.45421471388839563e-01,-8.63281250000000000e-01,1.41613552879689395e+18
-5.45421471388839563e-01,-8.55468750000000000e-01,1.41320469683316454e+18
-5.45421471388839563e-01,-8.47656250000000000e-01,1.41027950168052762e+18
-5.45421471388839563e-01,-8.39843750000000000e-01,1.40735959110581043e+18
-5.45421471388839563e-01,-8.32031250000000000e-01,1.40444464841946701e+18
-5.45421471388839563e-01,-8.24218750000000000e-01,1.40153438719778355e+18
-5.45421471388839563e-01,-8.16406250000000000e-01,1.39862854696050944e+18
-5.45421471388839563e-01,-8.08593750000000000e-01,1.39572688961701197e+18
-5.45421471388839563e-01,-8.00781250000000000e-01,1.39282919653164621e+18
-5.45421471388839563e-01,-7.92968750000000000e-01,1.38993526608896282e+18
-5.45421471388839563e-01,-7.85156250000000000e-01,1.38704491166327475e+18
-5.45421471388839563e-01,-7.77343750000000000e-01,1.38415795991611648e+18
-5.45421471388839563e-01,-7.69531250000000000e-01,1.38127424936033741e+18
-5.45421471388839563e-01,-7.61718750000000000e-01,1.37839362914166886e+18
-5.45421471388839563e-01,-7.53906250000000000e-01,1.37551595799828531e+18
-5.45421471388839563e-01,-7.46093750000000000e-01,1.37264110336659558e+18
-5.45421471388839563e-01,-7.38281250000000000e-01,1.36976894060767744e+18
-5.45421471388839563e-01,-7.30468750000000000e-01,1.36689935233369216e+18
-5.45421471388839563e-01,-7.22656250000000000e-01,1.36403222781757670e+18
-5.45421471388839563e-01,-7.14843750000000000e-01,1.36116746247245107e+18
-5.45421471388839563e-01,-7.07031250000000000e-01,1.35830495738973363e+18
-5.45421471388839563e-01,-6.99218750000000000e-01,1.35544461892697318e+18
-5.45421471388839563e-01,-6.91406250000000000e-01,1.35258635833804288e+18
-5.45421471388839563e-01,-6.83593750000000000e-01,1.34973009143966234e+18
-5.45421471388839563e-01,-6.75781250000000000e-01,1.34687573830926054e+18
-5.45421471388839563e-01,-6.67968750000000000e-01,1.34402322301005798e+18
-5.45421471388839563e-01,-6.60156250000000000e-01,1.34117247333992781e+18
-5.45421471388839563e-01,-6.52343750000000000e-01,1.33832342060116762e+18
-5.45421471388839563e-01,-6.44531250000000000e-01,1.33547599938875981e+18
-5.45421471388839563e-01,-6.36718750000000000e-01,1.33263014739507251e+18
-5.45421471388839563e-01,-6.28906250000000000e-01,1.32978580522926592e+18
-5.45421471388839563e-01,-6.21093750000000000e-01,1.32694291624990720e+18
-5.45421471388839563e-01,-6.13281250000000000e-01,1.32410142640950707e+18
-5.45421471388839563e-01,-6.05468750000000000e-01,1.32126128410987136e+18
-5.45421471388839563e-01,-5.97656250000000000e-01,1.31842244006728678e+18
-5.45421471388839563e-01,-5.89843750000000000e-01,1.31558484718669491e+18
-5.45421471388839563e-01,-5.82031250000000000e-01,1.31274846044409651e+18
-5.45421471388839563e-01,-5.74218750000000000e-01,1.30991323677652045e+18
-5.45421471388839563e-01,-5.66406250000000000e-01,1.30707913497896448e+18
-5.45421471388839563e-01,-5.58593750000000000e-01,1.30424611560776474e+18
-5.45421471388839563e-01,-5.50781250000000000e-01,1.30141414088992358e+18
-5.45421471388839563e-01,-5.42968750000000000e-01,1.29858317463795482e+18
-5.45421471388839563e-01,-5.35156250000000000e-01,1.29575318216985165e+18
-5.45421471388839563e-01,-5.27343750000000000e-01,1.29292413023382195e+18
-5.45421471388839563e-01,-5.19531250000000000e-01,1.29009598693745690e+18
-5.45421471388839563e-01,-5.11718750000000000e-01,1.28726872168103910e+18
-5.45421471388839563e-01,-5.03906250000000000e-01,1.28444230509470746e+18
-5.45421471388839563e-01,-4.96093750000000000e-01,1.28161670897922816e+18
-5.45421471388839563e-01,-4.88281250000000000e-01,1.27879190625013939e+18
-5.45421471388839563e-01,-4.80468750000000000e-01,1.27596787088504806e+18
-5.45421471388839563e-01,-4.72656250000000000e-01,1.27314457787388288e+18
-5.45421471388839563e-01,-4.64843750000000000e-01,1.27032200317191603e+18
-5.45421471388839563e-01,-4.57031250000000000e-01,1.26750012365538432e+18
-5.45421471388839563e-01,-4.49218750000000000e-01,1.26467891707954483e+18
-5.45421471388839563e-01,-4.41406250000000000e-01,1.26185836203902541e+18
-5.45421471388839563e-01,-4.33593750000000000e-01,1.25903843793032166e+18
-5.45421471388839563e-01,-4.25781250000000000e-01,1.25621912491632307e+18
-5.45421471388839563e-01,-4.17968750000000000e-01,1.25340040389273933e+18
-5.45421471388839563e-01,-4.10156250000000000e-01,1.25058225645632666e+18
-5.45421471388839563e-01,-4.02343750000000000e-01,1.24776466487479859e+18
-5.45421471388839563e-01,-3.94531250000000000e-01,1.24494761205833626e+18
-5.45421471388839563e-01,-3.86718750000000000e-01,1.24213108153260186e+18
-5.45421471388839563e-01,-3.78906250000000000e-01,1.23931505741317786e+18
-5.45421471388839563e-01,-3.71093750000000000e-01,1.23649952438134861e+18
-5.45421471388839563e-01,-3.63281250000000000e-01,1.23368446766115661e+18
-5.45421471388839563e-01,-3.55468750000000000e-01,1.23086987299767091e+18
-5.45421471388839563e-01,-3.47656250000000000e-01,1.22805572663639859e+18
-5.45421471388839563e-01,-3.39843750000000000e-01,1.22524201530378931e+18
-5.45421471388839563e-01,-3.32031250000000000e-01,1.22242872618878029e+18
-5.45421471388839563e-01,-3.24218750000000000e-01,1.21961584692533632e+18
-5.45421471388839563e-01,-3.16406250000000000e-01,1.21680336557594010e+18
-5.45421471388839563e-01,-3.08593750000000000e-01,1.21399127061599974e+18
-5.45421471388839563e-01,-3.00781250000000000e-01,1.21117955091914291e+18
-5.45421471388839563e-01,-2.92968750000000000e-01,1.20836819574336538e+18
-5.45421471388839563e-01,-2.85156250000000000e-01,1.20555719471802112e+18
-5.45421471388839563e-01,-2.77343750000000000e-01,1.20274653783163648e+18
-5.45421471388839563e-01,-2.69531250000000000e-01,1.19993621542054323e+18
-5.45421471388839563e-01,-2.61718750000000000e-01,1.19712621815833216e+18
-5.45421471388839563e-01,-2.53906250000000000e-01,1.19431653704613965e+18
-5.45421471388839563e-01,-2.46093750000000000e-01,1.19150716340379213e+18
-5.45421471388839563e-01,-2.38281250000000000e-01,1.18869808886184474e+18
-5.45421471388839563e-01,-2.30468750000000000e-01,1.18588930535456973e+18
-5.45421471388839563e-01,-2.22656250000000000e-01,1.18308080511397069e+18
-5.45421471388839563e-01,-2.14843750000000000e-01,1.18027258066492442e+18
-5.45421471388839563e-01,-2.07031250000000000e-01,1.17746462482158157e+18
-5.45421471388839563e-01,-1.99218750000000000e-01,1.17465693068519859e+18
-5.45421471388839563e-01,-1.91406250000000000e-01,1.17184949164362291e+18
-5.45421471388839563e-01,-1.83593750000000000e-01,1.16904230137271040e+18
-5.45421471388839563e-01,-1.75781250000000000e-01,1.16623535384002995e+18
-5.45421471388839563e-01,-1.67968750000000000e-01,1.16342864331131059e+18
-5.45421471388839563e-01,-1.60156250000000000e-01,1.16062216436019456e+18
-5.45421471388839563e-01,-1.52343750000000000e-01,1.15781591188201600e+18
-5.45421471388839563e-01,-1.44531250000000000e-01,1.15500988111250637e+18
-5.45421471388839563e-01,-1.36718750000000000e-01,1.15220406765255654e+18
-5.45421471388839563e-01,-1.28906250000000000e-01,1.14939846750046886e+18
-5.45421471388839563e-01,-1.21093750000000000e-01,1.14659307709348224e+18
-5.45421471388839563e-01,-1.13281250000000000e-01,1.14378789336082010e+18
-5.45421471388839563e-01,-1.05468750000000000e-01,1.14098291379109274e+18
-5.45421471388839563e-01,-9.76562500000000000e-02,1.13817813651759475e+18
-5.45421471388839563e-01,-8.98437500000000000e-02,1.13537356042595571e+18
-5.45421471388839563e-01,-8.20312500000000000e-02,1.13256918528974413e+18
-5.45421471388839563e-01,-7.42187500000000000e-02,1.12976501194104179e+18
-5.45421471388839563e-01,-6.64062500000000000e-02,1.12696104248482688e+18
-5.45421471388839563e-01,-5.85937500000000000e-02,1.12415728056823808e+18
-5.45421471388839563e-01,-5.07812500000000000e-02,1.12135373171865024e+18
-5.45421471388839563e-01,-4.29687500000000000e-02,1.11855040376803725e+18
-5.45421471388839563e-01,-3.51562500000000000e-02,1.11574730738559155e+18
-5.45421471388839563e-01,-2.73437500000000000e-02,1.11294445674618022e+18
-5.45421471388839563e-01,-1.95312500000000000e-02,1.11014187036928742e+18
-5.45421471388839563e-01,-1.17187500000000000e-02,1.10733957217197146e+18
-5.45421471388839563e-01,-3.90625000000000000e-03,1.10453759279050662e+18
-5.45421471388839563e-01,3.90625000000000000e-03,1.09898993504314778e+18
-5.45421471388839563e-01,1.17187500000000000e-02,1.09058954716458458e+18
-5.45421471388839563e-01,1.95312500000000000e-02,1.08218942797301542e+18
-5.45421471388839563e-01,2.73437500000000000e-02,1.07378981846708429e+18
-5.45421471388839563e-01,3.51562500000000000e-02,1.06539081569492250e+18
-5.45421471388839563e-01,4.29687500000000000e-02,1.05699244488077056e+18
-5.45421471388839563e-01,5.07812500000000000e-02,1.04859469591649869e+18
-5.45421471388839563e-01,5.85937500000000000e-02,1.04019754182056922e+18
-5.45421471388839563e-01,6.64062500000000000e-02,1.03180094806333120e+18
-5.45421471388839563e-01,7.42187500000000000e-02,1.02340487725980058e+18
-5.45421471388839563e-01,8.20312500000000000e-02,1.01500929150845901e+18
-5.45421471388839563e-01,8.98437500000000000e-02,1.00661415353086784e+18
-5.45421471388839563e-01,9.76562500000000000e-02,9.98219427198407424e+17
-5.45421471388839563e-01,1.05468750000000000e-01,9.89825077744602752e+17
-5.45421471388839563e-01,1.13281250000000000e-01,9.81431071815525120e+17
-5.45421471388839563e-01,1.21093750000000000e-01,9.73037377436607488e+17
-5.45421471388839563e-01,1.28906250000000000e-01,9.64643963936370432e+17
-5.45421471388839563e-01,1.36718750000000000e-01,9.56250801848209024e+17
-5.45421471388839563e-01,1.44531250000000000e-01,9.47857862801371904e+17
-5.45421471388839563e-01,1.52343750000000000e-01,9.39465119407049856e+17
-5.45421471388839563e-01,1.60156250000000000e-01,9.31072545142734208e+17
-5.45421471388839563e-01,1.67968750000000000e-01,9.22680114236496384e+17
-5.45421471388839563e-01,1.75781250000000000e-01,9.14287801552019712e+17
-5.45421471388839563e-01,1.83593750000000000e-01,9.05895582474723456e+17
-5.45421471388839563e-01,1.91406250000000000e-01,8.97503432799037696e+17
-5.45421471388839563e-01,1.99218750000000000e-01,8.89111328616704640e+17
-5.45421471388839563e-01,2.07031250000000000e-01,8.80719246205860352e+17
-5.45421471388839563e-01,2.14843750000000000e-01,8.72327161920573184e+17
-5.45421471388839563e-01,2.22656250000000000e-01,8.63935052080454144e+17
-5.45421471388839563e-01,2.30468750000000000e-01,8.55542892859910656e+17
-5.45421471388839563e-01,2.38281250000000000e-01,8.47150660176582528e+17
-5.45421471388839563e-01,2.46093750000000000e-01,8.38758329578471552e+17
-5.45421471388839563e-01,2.53906250000000000e-01,8.30365876129246336e+17
-5.45421471388839563e-01,2.61718750000000000e-01,8.21973274291192192e+17
-5.45421471388839563e-01,2.69531250000000000e-01,8.13580497805246464e+17
-5.45421471388839563e-01,2.77343750000000000e-01,8.05187519567542400e+17
-5.45421471388839563e-01,2.85156250000000000e-01,7.96794311501863424e+17
-5.45421471388839563e-01,2.92968750000000000e-01,7.88400844427388032e+17
-5.45421471388839563e-01,3.00781250000000000e-01,7.80007087921079040e+17
-5.45421471388839563e-01,3.08593750000000000e-01,7.71613010174044672e+17
-5.45421471388839563e-01,3.16406250000000000e-01,7.63218577841175808e+17
-5.45421471388839563e-01,3.24218750000000000e-01,7.54823755883326080e+17
-5.45421471388839563e-01,3.32031250000000000e-01,7.46428507401270016e+17
-5.45421471388839563e-01,3.39843750000000000e-01,7.38032793460642176e+17
-5.45421471388839563e-01,3.47656250000000000e-01,7.29636572907012480e+17
-5.45421471388839563e-01,3.55468750000000000e-01,7.21239802170218112e+17
-5.45421471388839563e-01,3.63281250000000000e-01,7.12842435057019904e+17
-5.45421471388839563e-01,3.71093750000000000e-01,7.04444422531105664e+17
-5.45421471388839563e-01,3.78906250000000000e-01,6.96045712479406464e+17
-5.45421471388839563e-01,3.86718750000000000e-01,6.87646249463636096e+17
-5.45421471388839563e-01,3.94531250000000000e-01,6.79245974455906304e+17
-5.45421471388839563e-01,4.02343750000000000e-01,6.70844824557198208e+17
-5.45421471388839563e-01,4.10156250000000000e-01,6.62442732697410688e+17
-5.45421471388839563e-01,4.17968750000000000e-01,6.54039627315628544e+17
-5.45421471388839563e-01,4.25781250000000000e-01,6.45635432019180928e+17
-5.45421471388839563e-01,4.33593750000000000e-01,6.37230065219975040e+17
-5.45421471388839563e-01,4.41406250000000000e-01,6.28823439746517632e+17
-5.45421471388839563e-01,4.49218750000000000e-01,6.20415462429936768e+17
-5.45421471388839563e-01,4.57031250000000000e-01,6.12006033662237184e+17
-5.45421471388839563e-01,4.64843750000000000e-01,6.03595046924924416e+17
-5.45421471388839563e-01,4.72656250000000000e-01,5.95182388286038272e+17
-5.45421471388839563e-01,4.80468750000000000e-01,5.86767935863539712e+17
-5.45421471388839563e-01,4.88281250000000000e-01,5.78351559252897920e+17
-5.45421471388839563e-01,4.96093750000000000e-01,5.69933118916622144e+17
-5.45421471388839563e-01,5.03906250000000000e-01,5.61512465533387328e+17
-5.45421471388839563e-01,5.11718750000000000e-01,5.53089439304306432e+17
-5.45421471388839563e-01,5.19531250000000000e-01,5.44663869213808192e+17
-5.45421471388839563e-01,5.27343750000000000e-01,5.36235572242492480e+17
-5.45421471388839563e-01,5.35156250000000000e-01,5.27804352529255360e+17
-5.45421471388839563e-01,5.42968750000000000e-01,5.19370000479908608e+17
-5.45421471388839563e-01,5.50781250000000000e-01,5.10932291819460032e+17
-5.45421471388839563e-01,5.58593750000000000e-01,5.02490986585186816e+17
-5.45421471388839563e-01,5.66406250000000000e-01,4.94045828057616896e+17
-5.45421471388839563e-01,5.74218750000000000e-01,4.85596541626546240e+17
-5.45421471388839563e-01,5.82031250000000000e-01,4.77142833589271680e+17
-5.45421471388839563e-01,5.89843750000000000e-01,4.68684389878304192e+17
-5.45421471388839563e-01,5.97656250000000000e-01,4.60220874715977856e+17
-5.45421471388839563e-01,6.05468750000000000e-01,4.51751929193571328e+17
-5.45421471388839563e-01,6.13281250000000000e-01,4.43277169772850304e+17
-5.45421471388839563e-01,6.21093750000000000e-01,4.34796186708312768e+17
-5.45421471388839563e-01,6.28906250000000000e-01,4.26308542388916224e+17
-5.45421471388839563e-01,6.36718750000000000e-01,4.17813769598693056e+17
-5.45421471388839563e-01,6.44531250000000000e-01,4.09311369696452544e+17
-5.45421471388839563e-01,6.52343750000000000e-01,4.00800810715759040e+17
-5.45421471388839563e-01,6.60156250000000000e-01,3.92281525387602496e+17
-5.45421471388839563e-01,6.67968750000000000e-01,3.83752909089684864e+17
-5.45421471388839563e-01,6.75781250000000000e-01,3.75214317728102464e+17
-5.45421471388839563e-01,6.83593750000000000e-01,3.66665065559456960e+17
-5.45421471388839563e-01,6.91406250000000000e-01,3.58104422964186560e+17
-5.45421471388839563e-01,6.99218750000000000e-01,3.49531614185247168e+17
-5.45421471388839563e-01,7.07031250000000000e-01,3.40945815050328640e+17
-5.45421471388839563e-01,7.14843750000000000e-01,3.32346150700702208e+17
-5.45421471388839563e-01,7.22656250000000000e-01,3.23731693355741248e+17
-5.45421471388839563e-01,7.30468750000000000e-01,3.15101460149345152e+17
-5.45421471388839563e-01,7.38281250000000000e-01,3.06454411083204288e+17
-5.45421471388839563e-01,7.46093750000000000e-01,2.97789447152368384e+17
-5.45421471388839563e-01,7.53906250000000000e-01,2.89105408711332928e+17
-5.45421471388839563e-01,7.61718750000000000e-01,2.80401074164297184e+17
-5.45421471388839563e-01,7.69531250000000000e-01,2.71675159081971872e+17
-5.45421471388839563e-01,7.77343750000000000e-01,2.62926315870039008e+17
-5.45421471388839563e-01,7.85156250000000000e-01,2.54153134141970080e+17
-5.45421471388839563e-01,7.92968750000000000e-01,2.45354141982510144e+17
-5.45421471388839563e-01,8.00781250000000000e-01,2.36527808329067936e+17
-5.45421471388839563e-01,8.08593750000000000e-01,2.27672546748235744e+17
-5.45421471388839563e-01,8.16406250000000000e-01,2.18786720945817664e+17
-5.45421471388839563e-01,8.24218750000000000e-01,2.09868652423773888e+17
-5.45421471388839563e-01,8.32031250000000000e-01,2.00916630789870816e+17
-5.45421471388839563e-01,8.39843750000000000e-01,1.91928927340117984e+17
-5.45421471388839563e-01,8.47656250000000000e-01,1.82903812676427424e+17
-5.45421471388839563e-01,8.55468750000000000e-01,1.73839579300969632e+17
-5.45421471388839563e-01,8.63281250000000000e-01,1.64734570357052352e+17
-5.45421471388839563e-01,8.71093750000000000e-01,1.55587215983530528e+17
-5.45421471388839563e-01,8.78906250000000000e-01,1.46396079147559072e+17
-5.45421471388839563e-01,8.86718750000000000e-01,1.37159913373330144e+17
-5.45421471388839563e-01,8.94531250000000000e-01,1.27877735589421232e+17
-5.45421471388839563e-01,9.02343750000000000e-01,1.18548918553541792e+17
-5.45421471388839563e-01,9.10156250000000000e-01,1.09173309318753360e+17
-5.45421471388839563e-01,9.17968750000000000e-01,9.97513836281159200e+16
-5.45421471388839563e-01,9.25781250000000000e-01,9.02844522233132960e+16
-5.45421471388839563e-01,9.33593750000000000e-01,8.07749462859375360e+16
-5.45421471388839563e-01,9.41406250000000000e-01,7.12268304257748640e+16
-5.45421471388839563e-01,9.49218750000000000e-01,6.16462322974455680e+16
-5.45421471388839563e-01,9.57031250000000000e-01,5.20424568291039520e+16
-5.45421471388839563e-01,9.64843750000000000e-01,4.24297072576540640e+16
-5.45421471388839563e-01,9.72656250000000000e-01,3.28301379886741720e+16
-5.45421471388839563e-01,9.80468750000000000e-01,2.32794607530792640e+16
-5.45421471388839563e-01,9.88281250000000000e-01,1.38375025913711600e+16
-5.45421471388839563e-01,9.96093750000000000e-01,4.60843986890032900e+15
-4.33793507626045127e-01,-9.96093750000000000e-01,1.48866387620628454e+18
-4.33793507626045127e-01,-9.88281250000000000e-01,1.48540327681006515e+18
-4.33793507626045127e-01,-9.80468750000000000e-01,1.48218790743302682e+18
-4.33793507626045127e-01,-9.72656250000000000e-01,1.47901070902091110e+18
-4.33793507626045127e-01,-9.64843750000000000e-01,1.47586594693747328e+18
-4.33793507626045127e-01,-9.57031250000000000e-01,1.47274894779819392e+18
-4.33793507626045127e-01,-9.49218750000000000e-01,1.46965588953640960e+18
-4.33793507626045127e-01,-9.41406250000000000e-01,1.46658363387155098e+18
-4.33793507626045127e-01,-9.33593750000000000e-01,1.46352959255696922e+18
-4.33793507626045127e-01,-9.25781250000000000e-01,1.46049162054225843e+18
-4.33793507626045127e-01,-9.17968750000000000e-01,1.45746793058390349e+18
-4.33793507626045127e-01,-9.10156250000000000e-01,1.45445702495171558e+18
-4.33793507626045127e-01,-9.02343750000000000e-01,1.45145764076498739e+18
-4.33793507626045127e-01,-8.94531250000000000e-01,1.44846870619801549e+18
-4.33793507626045127e-01,-8.86718750000000000e-01,1.44548930535645338e+18
-4.33793507626045127e-01,-8.78906250000000000e-01,1.44251865007322547e+18
-4.33793507626045127e-01,-8.71093750000000000e-01,1.43955605722883149e+18
-4.33793507626045127e-01,-8.63281250000000000e-01,1.43660093048438784e+18
-4.33793507626045127e-01,-8.55468750000000000e-01,1.43365274554150758e+18
-4.33793507626045127e-01,-8.47656250000000000e-01,1.43071103822287206e+18
-4.33793507626045127e-01,-8.39843750000000000e-01,1.42777539481050342e+18
-4.33793507626045127e-01,-8.32031250000000000e-01,1.42484544419275034e+18
-4.33793507626045127e-01,-8.24218750000000000e-01,1.42192085146180480e+18
-4.33793507626045127e-01,-8.16406250000000000e-01,1.41900131267589453e+18
-4.33793507626045127e-01,-8.08593750000000000e-01,1.41608655055793126e+18
-4.33793507626045127e-01,-8.00781250000000000e-01,1.41317631094830157e+18
-4.33793507626045127e-01,-7.92968750000000000e-01,1.41027035986608768e+18
-4.33793507626045127e-01,-7.85156250000000000e-01,1.40736848106217267e+18
-4.33793507626045127e-01,-7.77343750000000000e-01,1.40447047397093760e+18
-4.33793507626045127e-01,-7.69531250000000000e-01,1.40157615198581555e+18
-4.33793507626045127e-01,-7.61718750000000000e-01,1.39868534099875328e+18
-4.33793507626045127e-01,-7.53906250000000000e-01,1.39579787815545523e+18
-4.33793507626045127e-01,-7.46093750000000000e-01,1.39291361078769946e+18
-4.33793507626045127e-01,-7.38281250000000000e-01,1.39003239549156429e+18
-4.33793507626045127e-01,-7.30468750000000000e-01,1.38715409732641331e+18
-4.33793507626045127e-01,-7.22656250000000000e-01,1.38427858911430989e+18
-4.33793507626045127e-01,-7.14843750000000000e-01,1.38140575082338662e+18
-4.33793507626045127e-01,-7.07031250000000000e-01,1.37853546902178637e+18
-4.33793507626045127e-01,-6.99218750000000000e-01,1.37566763639126323e+18
-4.33793507626045127e-01,-6.91406250000000000e-01,1.37280215129153690e+18
-4.33793507626045127e-01,-6.83593750000000000e-01,1.36993891736807322e+18
-4.33793507626045127e-01,-6.75781250000000000e-01,1.36707784319727360e+18
-4.33793507626045127e-01,-6.67968750000000000e-01,1.36421884196408371e+18
-4.33793507626045127e-01,-6.60156250000000000e-01,1.36136183116787379e+18
-4.33793507626045127e-01,-6.52343750000000000e-01,1.35850673235313434e+18
-4.33793507626045127e-01,-6.44531250000000000e-01,1.35565347086207309e+18
-4.33793507626045127e-01,-6.36718750000000000e-01,1.35280197560665472e+18
-4.33793507626045127e-01,-6.28906250000000000e-01,1.34995217885800115e+18
-4.33793507626045127e-01,-6.21093750000000000e-01,1.34710401605136128e+18
-4.33793507626045127e-01,-6.13281250000000000e-01,1.34425742560511693e+18
-4.33793507626045127e-01,-6.05468750000000000e-01,1.34141234875249766e+18
-4.33793507626045127e-01,-5.97656250000000000e-01,1.33856872938484250e+18
-4.33793507626045127e-01,-5.89843750000000000e-01,1.33572651390540083e+18
-4.33793507626045127e-01,-5.82031250000000000e-01,1.33288565109277491e+18
-4.33793507626045127e-01,-5.74218750000000000e-01,1.33004609197321190e+18
-4.33793507626045127e-01,-5.66406250000000000e-01,1.32720778970104627e+18
-4.33793507626045127e-01,-5.58593750000000000e-01,1.32437069944665677e+18
-4.33793507626045127e-01,-5.50781250000000000e-01,1.32153477829136896e+18
-4.33793507626045127e-01,-5.42968750000000000e-01,1.31869998512879795e+18
-4.33793507626045127e-01,-5.35156250000000000e-01,1.31586628057216077e+18
-4.33793507626045127e-01,-5.27343750000000000e-01,1.31303362686713754e+18
-4.33793507626045127e-01,-5.19531250000000000e-01,1.31020198780989926e+18
-4.33793507626045127e-01,-5.11718750000000000e-01,1.30737132866994381e+18
-4.33793507626045127e-01,-5.03906250000000000e-01,1.30454161611741926e+18
-4.33793507626045127e-01,-4.96093750000000000e-01,1.30171281815464013e+18
-4.33793507626045127e-01,-4.88281250000000000e-01,1.29888490405151411e+18
-4.33793507626045127e-01,-4.80468750000000000e-01,1.29605784428463488e+18
-4.33793507626045127e-01,-4.72656250000000000e-01,1.29323161047980186e+18
-4.33793507626045127e-01,-4.64843750000000000e-01,1.29040617535775130e+18
-4.33793507626045127e-01,-4.57031250000000000e-01,1.28758151268289792e+18
-4.33793507626045127e-01,-4.49218750000000000e-01,1.28475759721490253e+18
-4.33793507626045127e-01,-4.41406250000000000e-01,1.28193440466289101e+18
-4.33793507626045127e-01,-4.33593750000000000e-01,1.27911191164216422e+18
-4.33793507626045127e-01,-4.25781250000000000e-01,1.27629009563324954e+18
-4.33793507626045127e-01,-4.17968750000000000e-01,1.27346893494315930e+18
-4.33793507626045127e-01,-4.10156250000000000e-01,1.27064840866871782e+18
-4.33793507626045127e-01,-4.02343750000000000e-01,1.26782849666184909e+18
-4.33793507626045127e-01,-3.94531250000000000e-01,1.26500917949670477e+18
-4.33793507626045127e-01,-3.86718750000000000e-01,1.26219043843853005e+18
-4.33793507626045127e-01,-3.78906250000000000e-01,1.25937225541417702e+18
-4.33793507626045127e-01,-3.71093750000000000e-01,1.25655461298417024e+18
-4.33793507626045127e-01,-3.63281250000000000e-01,1.25373749431624397e+18
-4.33793507626045127e-01,-3.55468750000000000e-01,1.25092088316027699e+18
-4.33793507626045127e-01,-3.47656250000000000e-01,1.24810476382454989e+18
-4.33793507626045127e-01,-3.39843750000000000e-01,1.24528912115327002e+18
-4.33793507626045127e-01,-3.32031250000000000e-01,1.24247394050529357e+18
-4.33793507626045127e-01,-3.24218750000000000e-01,1.23965920773400294e+18
-4.33793507626045127e-01,-3.16406250000000000e-01,1.23684490916828774e+18
-4.33793507626045127e-01,-3.08593750000000000e-01,1.23403103159458918e+18
-4.33793507626045127e-01,-3.00781250000000000e-01,1.23121756223997440e+18
-4.33793507626045127e-01,-2.92968750000000000e-01,1.22840448875621350e+18
-4.33793507626045127e-01,-2.85156250000000000e-01,1.22559179920483789e+18
-4.33793507626045127e-01,-2.77343750000000000e-01,1.22277948204316954e+18
-4.33793507626045127e-01,-2.69531250000000000e-01,1.21996752611131853e+18
-4.33793507626045127e-01,-2.61718750000000000e-01,1.21715592062015437e+18
-4.33793507626045127e-01,-2.53906250000000000e-01,1.21434465514027699e+18
-4.33793507626045127e-01,-2.46093750000000000e-01,1.21153371959201946e+18
-4.33793507626045127e-01,-2.38281250000000000e-01,1.20872310423653939e+18
-4.33793507626045127e-01,-2.30468750000000000e-01,1.20591279966807168e+18
-4.33793507626045127e-01,-2.22656250000000000e-01,1.20310279680745267e+18
-4.33793507626045127e-01,-2.14843750000000000e-01,1.20029308689704499e+18
-4.33793507626045127e-01,-2.07031250000000000e-01,1.19748366149724442e+18
-4.33793507626045127e-01,-1.99218750000000000e-01,1.19467451248480051e+18
-4.33793507626045127e-01,-1.91406250000000000e-01,1.19186563205323520e+18
-4.33793507626045127e-01,-1.83593750000000000e-01,1.18905701271573658e+18
-4.33793507626045127e-01,-1.75781250000000000e-01,1.18624864731099750e+18
-4.33793507626045127e-01,-1.67968750000000000e-01,1.18344052901258317e+18
-4.33793507626045127e-01,-1.60156250000000000e-01,1.18063265134258790e+18
-4.33793507626045127e-01,-1.52343750000000000e-01,1.17782500819050906e+18
-4.33793507626045127e-01,-1.44531250000000000e-01,1.17501759383852262e+18
-4.33793507626045127e-01,-1.36718750000000000e-01,1.17221040299465165e+18
-4.33793507626045127e-01,-1.28906250000000000e-01,1.16940343083568384e+18
-4.33793507626045127e-01,-1.21093750000000000e-01,1.16659667306218547e+18
-4.33793507626045127e-01,-1.13281250000000000e-01,1.16379012596855578e+18
-4.33793507626045127e-01,-1.05468750000000000e-01,1.16098378653180621e+18
-4.33793507626045127e-01,-9.76562500000000000e-02,1.15817765252371661e+18
-4.33793507626045127e-01,-8.98437500000000000e-02,1.15537172265217536e+18
-4.33793507626045127e-01,-8.20312500000000000e-02,1.15256599673902771e+18
-4.33793507626045127e-01,-7.42187500000000000e-02,1.14976047594360832e+18
-4.33793507626045127e-01,-6.64062500000000000e-02,1.14695516304348582e+18
-4.33793507626045127e-01,-5.85937500000000000e-02,1.14415006278689971e+18
-4.33793507626045127e-01,-5.07812500000000000e-02,1.14134518233507149e+18
-4.33793507626045127e-01,-4.29687500000000000e-02,1.13854053181722675e+18
-4.33793507626045127e-01,-3.51562500000000000e-02,1.13573612502700518e+18
-4.33793507626045127e-01,-2.73437500000000000e-02,1.13293198029628570e+18
-4.33793507626045127e-01,-1.95312500000000000e-02,1.13012812159167117e+18
-4.33793507626045127e-01,-1.17187500000000000e-02,1.12732457989046746e+18
-4.33793507626045127e-01,-3.90625000000000000e-03,1.12452139490755174e+18
-4.33793507626045127e-01,3.90625000000000000e-03,1.11898645710052288e+18
-4.33793507626045127e-01,1.17187500000000000e-02,1.11058514091941952e+18
-4.33793507626045127e-01,1.95312500000000000e-02,1.10218405968961638e+18
-4.33793507626045127e-01,2.73437500000000000e-02,1.09378351651791731e+18
-4.33793507626045127e-01,3.51562500000000000e-02,1.08538363829653312e+18
-4.33793507626045127e-01,4.29687500000000000e-02,1.07698446386341926e+18
-4.33793507626045127e-01,5.07812500000000000e-02,1.06858598861647744e+18
-4.33793507626045127e-01,5.85937500000000000e-02,1.06018818709301990e+18
-4.33793507626045127e-01,6.64062500000000000e-02,1.05179102438916083e+18
-4.33793507626045127e-01,7.42187500000000000e-02,1.04339446191942144e+18
-4.33793507626045127e-01,8.20312500000000000e-02,1.03499846030066970e+18
-4.33793507626045127e-01,8.98437500000000000e-02,1.02660298077131571e+18
-4.33793507626045127e-01,9.76562500000000000e-02,1.01820798586202816e+18
-4.33793507626045127e-01,1.05468750000000000e-01,1.00981343968253094e+18
-4.33793507626045127e-01,1.13281250000000000e-01,1.00141930801072538e+18
-4.33793507626045127e-01,1.21093750000000000e-01,9.93025558279791872e+17
-4.33793507626045127e-01,1.28906250000000000e-01,9.84632159512751104e+17
-4.33793507626045127e-01,1.36718750000000000e-01,9.76239082230316160e+17
-4.33793507626045127e-01,1.44531250000000000e-01,9.67846298345676416e+17
-4.33793507626045127e-01,1.52343750000000000e-01,9.59453781053488896e+17
-4.33793507626045127e-01,1.60156250000000000e-01,9.51061504716989440e+17
-4.33793507626045127e-01,1.67968750000000000e-01,9.42669444755320832e+17
-4.33793507626045127e-01,1.75781250000000000e-01,9.34277577532158592e+17
-4.33793507626045127e-01,1.83593750000000000e-01,9.25885880246140928e+17
-4.33793507626045127e-01,1.91406250000000000e-01,9.17494330823250688e+17
-4.33793507626045127e-01,1.99218750000000000e-01,9.09102907811084288e+17
-4.33793507626045127e-01,2.07031250000000000e-01,9.00711590274801280e+17
-4.33793507626045127e-01,2.14843750000000000e-01,8.92320357694430464e+17
-4.33793507626045127e-01,2.22656250000000000e-01,8.83929189863162752e+17
-4.33793507626045127e-01,2.30468750000000000e-01,8.75538066786177408e+17
-4.33793507626045127e-01,2.38281250000000000e-01,8.67146968579525376e+17
-4.33793507626045127e-01,2.46093750000000000e-01,8.58755875368539520e+17
-4.33793507626045127e-01,2.53906250000000000e-01,8.50364767185219072e+17
-4.33793507626045127e-01,2.61718750000000000e-01,8.41973623863995392e+17
-4.33793507626045127e-01,2.69531250000000000e-01,8.33582424935253248e+17
-4.33793507626045127e-01,2.77343750000000000e-01,8.25191149515956992e+17
-4.33793507626045127e-01,2.85156250000000000e-01,8.16799776196681216e+17
-4.33793507626045127e-01,2.92968750000000000e-01,8.08408282924316800e+17
-4.33793507626045127e-01,3.00781250000000000e-01,8.00016646879675264e+17
-4.33793507626045127e-01,3.08593750000000000e-01,7.91624844349167104e+17
-4.33793507626045127e-01,3.16406250000000000e-01,7.83232850589675520e+17
-4.33793507626045127e-01,3.24218750000000000e-01,7.74840639685687040e+17
-4.33793507626045127e-01,3.32031250000000000e-01,7.66448184397678208e+17
-4.33793507626045127e-01,3.39843750000000000e-01,7.58055456000674304e+17
-4.33793507626045127e-01,3.47656250000000000e-01,7.49662424111826176e+17
-4.33793507626045127e-01,3.55468750000000000e-01,7.41269056505748608e+17
-4.33793507626045127e-01,3.63281250000000000e-01,7.32875318916271232e+17
-4.33793507626045127e-01,3.71093750000000000e-01,7.24481174823136896e+17
-4.33793507626045127e-01,3.78906250000000000e-01,7.16086585222059904e+17
-4.33793507626045127e-01,3.86718750000000000e-01,7.07691508376424576e+17
-4.33793507626045127e-01,3.94531250000000000e-01,6.99295899548747776e+17
-4.33793507626045127e-01,4.02343750000000000e-01,6.90899710709873664e+17
-4.33793507626045127e-01,4.10156250000000000e-01,6.82502890223680256e+17
-4.33793507626045127e-01,4.17968750000000000e-01,6.74105382504884224e+17
-4.33793507626045127e-01,4.25781250000000000e-01,6.65707127647311488e+17
-4.33793507626045127e-01,4.33593750000000000e-01,6.57308061019761280e+17
-4.33793507626045127e-01,4.41406250000000000e-01,6.48908112826333184e+17
-4.33793507626045127e-01,4.49218750000000000e-01,6.40507207627796480e+17
-4.33793507626045127e-01,4.57031250000000000e-01,6.32105263820274432e+17
-4.33793507626045127e-01,4.64843750000000000e-01,6.23702193067168768e+17
-4.33793507626045127e-01,4.72656250000000000e-01,6.15297899679880192e+17
-4.33793507626045127e-01,4.80468750000000000e-01,6.06892279942471040e+17
-4.33793507626045127e-01,4.88281250000000000e-01,5.98485221374973056e+17
-4.33793507626045127e-01,4.96093750000000000e-01,5.90076601929560576e+17
-4.33793507626045127e-01,5.03906250000000000e-01,5.81666289113276416e+17
-4.33793507626045127e-01,5.11718750000000000e-01,5.73254139030431168e+17
-4.33793507626045127e-01,5.19531250000000000e-01,5.64839995337166464e+17
-4.33793507626045127e-01,5.27343750000000000e-01,5.56423688099998272e+17
-4.33793507626045127e-01,5.35156250000000000e-01,5.48005032549420032e+17
-4.33793507626045127e-01,5.42968750000000000e-01,5.39583827718847552e+17
-4.33793507626045127e-01,5.50781250000000000e-01,5.31159854958328576e+17
-4.33793507626045127e-01,5.58593750000000000e-01,5.22732876311502272e+17
-4.33793507626045127e-01,5.66406250000000000e-01,5.14302632743296832e+17
-4.33793507626045127e-01,5.74218750000000000e-01,5.05868842204760448e+17
-4.33793507626045127e-01,5.82031250000000000e-01,4.97431197520270080e+17
-4.33793507626045127e-01,5.89843750000000000e-01,4.88989364081103360e+17
-4.33793507626045127e-01,5.97656250000000000e-01,4.80542977328038272e+17
-4.33793507626045127e-01,6.05468750000000000e-01,4.72091640004216320e+17
-4.33793507626045127e-01,6.13281250000000000e-01,4.63634919158005504e+17
-4.33793507626045127e-01,6.21093750000000000e-01,4.55172342874003968e+17
-4.33793507626045127e-01,6.28906250000000000e-01,4.46703396708653952e+17
-4.33793507626045127e-01,6.36718750000000000e-01,4.38227519805190784e+17
-4.33793507626045127e-01,6.44531250000000000e-01,4.29744100660842560e+17
-4.33793507626045127e-01,6.52343750000000000e-01,4.21252472517337728e+17
-4.33793507626045127e-01,6.60156250000000000e-01,4.12751908343904832e+17
-4.33793507626045127e-01,6.67968750000000000e-01,4.04241615380071104e+17
-4.33793507626045127e-01,6.75781250000000000e-01,3.95720729203742464e+17
-4.33793507626045127e-01,6.83593750000000000e-01,3.87188307288322880e+17
-4.33793507626045127e-01,6.91406250000000000e-01,3.78643322011077312e+17
-4.33793507626045127e-01,6.99218750000000000e-01,3.70084653073645824e+17
-4.33793507626045127e-01,7.07031250000000000e-01,3.61511079294698048e+17
-4.33793507626045127e-01,7.14843750000000000e-01,3.52921269734319680e+17
-4.33793507626045127e-01,7.22656250000000000e-01,3.44313774110033344e+17
-4.33793507626045127e-01,7.30468750000000000e-01,3.35687012465607488e+17
-4.33793507626045127e-01,7.38281250000000000e-01,3.27039264056305856e+17
-4.33793507626045127e-01,7.46093750000000000e-01,3.18368655418339008e+17
-4.33793507626045127e-01,7.53906250000000000e-01,3.09673147596477312e+17
-4.33793507626045127e-01,7.61718750000000000e-01,3.00950522512661952e+17
-4.33793507626045127e-01,7.69531250000000000e-01,2.92198368470748544e+17
-4.33793507626045127e-01,7.77343750000000000e-01,2.83414064809162560e+17
-4.33793507626045127e-01,7.85156250000000000e-01,2.74594765735419392e+17
-4.33793507626045127e-01,7.92968750000000000e-01,2.65737383405612416e+17
-4.33793507626045127e-01,8.00781250000000000e-01,2.56838570349959296e+17
-4.33793507626045127e-01,8.08593750000000000e-01,2.47894701394638816e+17
-4.33793507626045127e-01,8.16406250000000000e-01,2.38901855293404800e+17
-4.33793507626045127e-01,8.24218750000000000e-01,2.29855796363589920e+17
-4.33793507626045127e-01,8.32031250000000000e-01,2.20751956524998496e+17
-4.33793507626045127e-01,8.39843750000000000e-01,2.11585418273229760e+17
-4.33793507626045127e-01,8.47656250000000000e-01,2.02350899289836992e+17
-4.33793507626045127e-01,8.55468750000000000e-01,1.93042739612460320e+17
-4.33793507626045127e-01,8.63281250000000000e-01,1.83654892576250976e+17
-4.33793507626045127e-01,8.71093750000000000e-01,1.74180921120380160e+17
-4.33793507626045127e-01,8.78906250000000000e-01,1.64614001573500800e+17
-4.33793507626045127e-01,8.86718750000000000e-01,1.54946937763051680e+17
-4.33793507626045127e-01,8.94531250000000000e-01,1.45172189365006496e+17
-4.33793507626045127e-01,9.02343750000000000e-01,1.35281920060606288e+17
-4.33793507626045127e-01,9.10156250000000000e-01,1.25268073740807440e+17
-4.33793507626045127e-01,9.17968750000000000e-01,1.15122491550421216e+17
-4.33793507626045127e-01,9.25781250000000000e-01,1.04837090642685632e+17
-4.33793507626045127e-01,9.33593750000000000e-01,9.44041403415608480e+16
-4.33793507626045127e-01,9.41406250000000000e-01,8.38166992997445440e+16
-4.33793507626045127e-01,9.49218750000000000e-01,7.30693306267377440e+16
-4.33793507626045127e-01,9.57031250000000000e-01,6.21593153635499360e+16
-4.33793507626045127e-01,9.64843750000000000e-01,5.10887865309272880e+16
-4.33793507626045127e-01,9.72656250000000000e-01,3.98686020234847840e+16
-4.33793507626045127e-01,9.80468750000000000e-01,2.85255542553444560e+16
-4.33793507626045127e-01,9.88281250000000000e-01,1.71160524452200040e+16
-4.33793507626045127e-01,9.96093750000000000e-01,5.75245148931793100e+15
-3.15042679696163397e-01,-9.96093750000000000e-01,1.51144997753480294e+18
-3.15042679696163397e-01,-9.88281250000000000e-01,1.50808787903767936e+18
-3.15042679696163397e-01,-9.80468750000000000e-01,1.50478334074591488e+18
-3.15042679696163397e-01,-9.72656250000000000e-01,1.50152720031289370e+18
-3.15042679696163397e-01,-9.64843750000000000e-01,1.49831202513872384e+18
-3.15042679696163397e-01,-9.57031250000000000e-01,1.49513176802125594e+18
-3.15042679696163397e-01,-9.49218750000000000e-01,1.49198149250197632e+18
-3.15042679696163397e-01,-9.41406250000000000e-01,1.48885715372435635e+18
-3.15042679696163397e-01,-9.33593750000000000e-01,1.48575542351355341e+18
-3.15042679696163397e-01,-9.25781250000000000e-01,1.48267355068786483e+18
-3.15042679696163397e-01,-9.17968750000000000e-01,1.47960924944436147e+18
-3.15042679696163397e-01,-9.10156250000000000e-01,1.47656061011948928e+18
-3.15042679696163397e-01,-9.02343750000000000e-01,1.47352602778632704e+18
-3.15042679696163397e-01,-8.94531250000000000e-01,1.47050414507434598e+18
-3.15042679696163397e-01,-8.86718750000000000e-01,1.46749380633324160e+18
-3.15042679696163397e-01,-8.78906250000000000e-01,1.46449402084809472e+18
-3.15042679696163397e-01,-8.71093750000000000e-01,1.46150393327943322e+18
-3.15042679696163397e-01,-8.63281250000000000e-01,1.45852279987302758e+18
-3.15042679696163397e-01,-8.55468750000000000e-01,1.45554996927983923e+18
-3.15042679696163397e-01,-8.47656250000000000e-01,1.45258486706193946e+18
-3.15042679696163397e-01,-8.39843750000000000e-01,1.44962698314762368e+18
-3.15042679696163397e-01,-8.32031250000000000e-01,1.44667586164823910e+18
-3.15042679696163397e-01,-8.24218750000000000e-01,1.44373109256810573e+18
-3.15042679696163397e-01,-8.16406250000000000e-01,1.44079230503362150e+18
-3.15042679696163397e-01,-8.08593750000000000e-01,1.43785916174307533e+18
-3.15042679696163397e-01,-8.00781250000000000e-01,1.43493135439879117e+18
-3.15042679696163397e-01,-7.92968750000000000e-01,1.43200859993113600e+18
-3.15042679696163397e-01,-7.85156250000000000e-01,1.42909063736208768e+18
-3.15042679696163397e-01,-7.77343750000000000e-01,1.42617722518650240e+18
-3.15042679696163397e-01,-7.69531250000000000e-01,1.42326813917348736e+18
-3.15042679696163397e-01,-7.61718750000000000e-01,1.42036317050964352e+18
-3.15042679696163397e-01,-7.53906250000000000e-01,1.41746212422139520e+18
-3.15042679696163397e-01,-7.46093750000000000e-01,1.41456481782595251e+18
-3.15042679696163397e-01,-7.38281250000000000e-01,1.41167108017030323e+18
-3.15042679696163397e-01,-7.30468750000000000e-01,1.40878075042550246e+18
-3.15042679696163397e-01,-7.22656250000000000e-01,1.40589367720982323e+18
-3.15042679696163397e-01,-7.14843750000000000e-01,1.40300971781936589e+18
-3.15042679696163397e-01,-7.07031250000000000e-01,1.40012873754876058e+18
-3.15042679696163397e-01,-6.99218750000000000e-01,1.39725060908783181e+18
-3.15042679696163397e-01,-6.91406250000000000e-01,1.39437521198268698e+18
-3.15042679696163397e-01,-6.83593750000000000e-01,1.39150243215178163e+18
-3.15042679696163397e-01,-6.75781250000000000e-01,1.38863216144918886e+18
-3.15042679696163397e-01,-6.67968750000000000e-01,1.38576429726866074e+18
-3.15042679696163397e-01,-6.60156250000000000e-01,1.38289874218315366e+18
-3.15042679696163397e-01,-6.52343750000000000e-01,1.38003540361538586e+18
-3.15042679696163397e-01,-6.44531250000000000e-01,1.37717419353571021e+18
-3.15042679696163397e-01,-6.36718750000000000e-01,1.37431502818416410e+18
-3.15042679696163397e-01,-6.28906250000000000e-01,1.37145782781404749e+18
-3.15042679696163397e-01,-6.21093750000000000e-01,1.36860251645475917e+18
-3.15042679696163397e-01,-6.13281250000000000e-01,1.36574902169195981e+18
-3.15042679696163397e-01,-6.05468750000000000e-01,1.36289727446337178e+18
-3.15042679696163397e-01,-5.97656250000000000e-01,1.36004720886877312e+18
-3.15042679696163397e-01,-5.89843750000000000e-01,1.35719876199290803e+18
-3.15042679696163397e-01,-5.82031250000000000e-01,1.35435187374019558e+18
-3.15042679696163397e-01,-5.74218750000000000e-01,1.35150648668025216e+18
-3.15042679696163397e-01,-5.66406250000000000e-01,1.34866254590334925e+18
-3.15042679696163397e-01,-5.58593750000000000e-01,1.34581999888501965e+18
-3.15042679696163397e-01,-5.50781250000000000e-01,1.34297879535911347e+18
-3.15042679696163397e-01,-5.42968750000000000e-01,1.34013888719866573e+18
-3.15042679696163397e-01,-5.35156250000000000e-01,1.33730022830400358e+18
-3.15042679696163397e-01,-5.27343750000000000e-01,1.33446277449757184e+18
-3.15042679696163397e-01,-5.19531250000000000e-01,1.33162648342500096e+18
-3.15042679696163397e-01,-5.11718750000000000e-01,1.32879131446198246e+18
-3.15042679696163397e-01,-5.03906250000000000e-01,1.32595722862655718e+18
-3.15042679696163397e-01,-4.96093750000000000e-01,1.32312418849644518e+18
-3.15042679696163397e-01,-4.88281250000000000e-01,1.32029215813108608e+18
-3.15042679696163397e-01,-4.80468750000000000e-01,1.31746110299807411e+18
-3.15042679696163397e-01,-4.72656250000000000e-01,1.31463098990370381e+18
-3.15042679696163397e-01,-4.64843750000000000e-01,1.31180178692736026e+18
-3.15042679696163397e-01,-4.57031250000000000e-01,1.30897346335950848e+18
-3.15042679696163397e-01,-4.49218750000000000e-01,1.30614598964304845e+18
-3.15042679696163397e-01,-4.41406250000000000e-01,1.30331933731783347e+18
-3.15042679696163397e-01,-4.33593750000000000e-01,1.30049347896814618e+18
-3.15042679696163397e-01,-4.25781250000000000e-01,1.29766838817295309e+18
-3.15042679696163397e-01,-4.17968750000000000e-01,1.29484403945876710e+18
-3.15042679696163397e-01,-4.10156250000000000e-01,1.29202040825496064e+18
-3.15042679696163397e-01,-4.02343750000000000e-01,1.28919747085137997e+18
-3.15042679696163397e-01,-3.94531250000000000e-01,1.28637520435812582e+18
-3.15042679696163397e-01,-3.86718750000000000e-01,1.28355358666737178e+18
-3.15042679696163397e-01,-3.78906250000000000e-01,1.28073259641710438e+18
-3.15042679696163397e-01,-3.71093750000000000e-01,1.27791221295667251e+18
-3.15042679696163397e-01,-3.63281250000000000e-01,1.27509241631404800e+18
-3.15042679696163397e-01,-3.55468750000000000e-01,1.27227318716470170e+18
-3.15042679696163397e-01,-3.47656250000000000e-01,1.26945450680200883e+18
-3.15042679696163397e-01,-3.39843750000000000e-01,1.26663635710910899e+18
-3.15042679696163397e-01,-3.32031250000000000e-01,1.26381872053214387e+18
-3.15042679696163397e-01,-3.24218750000000000e-01,1.26100158005481472e+18
-3.15042679696163397e-01,-3.16406250000000000e-01,1.25818491917419981e+18
-3.15042679696163397e-01,-3.08593750000000000e-01,1.25536872187778330e+18
-3.15042679696163397e-01,-3.00781250000000000e-01,1.25255297262165837e+18
-3.15042679696163397e-01,-2.92968750000000000e-01,1.24973765630987238e+18
-3.15042679696163397e-01,-2.85156250000000000e-01,1.24692275827489254e+18
-3.15042679696163397e-01,-2.77343750000000000e-01,1.24410826425918131e+18
-3.15042679696163397e-01,-2.69531250000000000e-01,1.24129416039789133e+18
-3.15042679696163397e-01,-2.61718750000000000e-01,1.23848043320269210e+18
-3.15042679696163397e-01,-2.53906250000000000e-01,1.23566706954676710e+18
-3.15042679696163397e-01,-2.46093750000000000e-01,1.23285405665104307e+18
-3.15042679696163397e-01,-2.38281250000000000e-01,1.23004138207173606e+18
-3.15042679696163397e-01,-2.30468750000000000e-01,1.22722903368932864e+18
-3.15042679696163397e-01,-2.22656250000000000e-01,1.22441699969913779e+18
-3.15042679696163397e-01,-2.14843750000000000e-01,1.22160526860368026e+18
-3.15042679696163397e-01,-2.07031250000000000e-01,1.21879382920709939e+18
-3.15042679696163397e-01,-1.99218750000000000e-01,1.21598267061199616e+18
-3.15042679696163397e-01,-1.91406250000000000e-01,1.21317178221909811e+18
-3.15042679696163397e-01,-1.83593750000000000e-01,1.21036115373032090e+18
-3.15042679696163397e-01,-1.75781250000000000e-01,1.20755077515591219e+18
-3.15042679696163397e-01,-1.67968750000000000e-01,1.20474063682656845e+18
-3.15042679696163397e-01,-1.60156250000000000e-01,1.20193072941162138e+18
-3.15042679696163397e-01,-1.52343750000000000e-01,1.19912104394469478e+18
-3.15042679696163397e-01,-1.44531250000000000e-01,1.19631157185858227e+18
-3.15042679696163397e-01,-1.36718750000000000e-01,1.19350230503154406e+18
-3.15042679696163397e-01,-1.28906250000000000e-01,1.19069323584779238e+18
-3.15042679696163397e-01,-1.21093750000000000e-01,1.18788435727563546e+18
-3.15042679696163397e-01,-1.13281250000000000e-01,1.18507566296763981e+18
-3.15042679696163397e-01,-1.05468750000000000e-01,1.18226714738828928e+18
-3.15042679696163397e-01,-9.76562500000000000e-02,1.17945880597600717e+18
-3.15042679696163397e-01,-8.98437500000000000e-02,1.17665063534818150e+18
-3.15042679696163397e-01,-8.20312500000000000e-02,1.17384263356002176e+18
-3.15042679696163397e-01,-7.42187500000000000e-02,1.17103480043085824e+18
-3.15042679696163397e-01,-6.64062500000000000e-02,1.16822713795497139e+18
-3.15042679696163397e-01,-5.85937500000000000e-02,1.16541965081840205e+18
-3.15042679696163397e-01,-5.07812500000000000e-02,1.16261234704869606e+18
-3.15042679696163397e-01,-4.29687500000000000e-02,1.15980523883141862e+18
-3.15042679696163397e-01,-3.51562500000000000e-02,1.15699834353594573e+18
-3.15042679696163397e-01,-2.73437500000000000e-02,1.15419168500390605e+18
-3.15042679696163397e-01,-1.95312500000000000e-02,1.15138529516733594e+18
-3.15042679696163397e-01,-1.17187500000000000e-02,1.14857921608075904e+18
-3.15042679696163397e-01,-3.90625000000000000e-03,1.14577350247298214e+18
-3.15042679696163397e-01,3.90625000000000000e-03,1.14026204023785242e+18
-3.15042679696163397e-01,1.17187500000000000e-02,1.13185945658888282e+18
-3.15042679696163397e-01,1.95312500000000000e-02,1.12345699793944064e+18
-3.15042679696163397e-01,2.73437500000000000e-02,1.11505507412113370e+18
-3.15042679696163397e-01,3.51562500000000000e-02,1.10665386366919616e+18
-3.15042679696163397e-01,4.29687500000000000e-02,1.09825342926591142e+18
-3.15042679696163397e-01,5.07812500000000000e-02,1.08985377617374246e+18
-3.15042679696163397e-01,5.85937500000000000e-02,1.08145488182296947e+18
-3.15042679696163397e-01,6.64062500000000000e-02,1.07305671079131328e+18
-3.15042679696163397e-01,7.42187500000000000e-02,1.06465922237617011e+18
-3.15042679696163397e-01,8.20312500000000000e-02,1.05626237440387187e+18
-3.15042679696163397e-01,8.98437500000000000e-02,1.04786612512259622e+18
-3.15042679696163397e-01,9.76562500000000000e-02,1.03947043411617766e+18
-3.15042679696163397e-01,1.05468750000000000e-01,1.03107526271573248e+18
-3.15042679696163397e-01,1.13281250000000000e-01,1.02268057415266406e+18
-3.15042679696163397e-01,1.21093750000000000e-01,1.01428633357810854e+18
-3.15042679696163397e-01,1.28906250000000000e-01,1.00589250801350157e+18
-3.15042679696163397e-01,1.36718750000000000e-01,9.97499066266064768e+17
-3.15042679696163397e-01,1.44531250000000000e-01,9.89105978827087744e+17
-3.15042679696163397e-01,1.52343750000000000e-01,9.80713217762596864e+17
-3.15042679696163397e-01,1.60156250000000000e-01,9.72320756601638528e+17
-3.15042679696163397e-01,1.67968750000000000e-01,9.63928570225046656e+17
-3.15042679696163397e-01,1.75781250000000000e-01,9.55536634756263296e+17
-3.15042679696163397e-01,1.83593750000000000e-01,9.47144927455046656e+17
-3.15042679696163397e-01,1.91406250000000000e-01,9.38753426614449664e+17
-3.15042679696163397e-01,1.99218750000000000e-01,9.30362111461194240e+17
-3.15042679696163397e-01,2.07031250000000000e-01,9.21970962059382912e+17
-3.15042679696163397e-01,2.14843750000000000e-01,9.13579959217375232e+17
-3.15042679696163397e-01,2.22656250000000000e-01,9.05189084397578624e+17
-3.15042679696163397e-01,2.30468750000000000e-01,8.96798319628845312e+17
-3.15042679696163397e-01,2.38281250000000000e-01,8.88407647421123840e+17
-3.15042679696163397e-01,2.46093750000000000e-01,8.80017050681980800e+17
-3.15042679696163397e-01,2.53906250000000000e-01,8.71626512634585472e+17
-3.15042679696163397e-01,2.61718750000000000e-01,8.63236016736726912e+17
-3.15042679696163397e-01,2.69531250000000000e-01,8.54845546600411904e+17
-3.15042679696163397e-01,2.77343750000000000e-01,8.46455085911569024e+17
-3.15042679696163397e-01,2.85156250000000000e-01,8.38064618349372160e+17
-3.15042679696163397e-01,2.92968750000000000e-01,8.29674127504664448e+17
-3.15042679696163397e-01,3.00781250000000000e-01,8.21283596796939520e+17
-3.15042679696163397e-01,3.08593750000000000e-01,8.12893009389310848e+17
-3.15042679696163397e-01,3.16406250000000000e-01,8.04502348100859776e+17
-3.15042679696163397e-01,3.24218750000000000e-01,7.96111595315718272e+17
-3.15042679696163397e-01,3.32031250000000000e-01,7.87720732888186496e+17
-3.15042679696163397e-01,3.39843750000000000e-01,7.79329742043144320e+17
-3.15042679696163397e-01,3.47656250000000000e-01,7.70938603270937472e+17
-3.15042679696163397e-01,3.55468750000000000e-01,7.62547296215863680e+17
-3.15042679696163397e-01,3.63281250000000000e-01,7.54155799557285632e+17
-3.15042679696163397e-01,3.71093750000000000e-01,7.45764090882317184e+17
-3.15042679696163397e-01,3.78906250000000000e-01,7.37372146548908032e+17
-3.15042679696163397e-01,3.86718750000000000e-01,7.28979941538039552e+17
-3.15042679696163397e-01,3.94531250000000000e-01,7.20587449293594496e+17
-3.15042679696163397e-01,4.02343750000000000e-01,7.12194641548308480e+17
-3.15042679696163397e-01,4.10156250000000000e-01,7.03801488134026496e+17
-3.15042679696163397e-01,4.17968750000000000e-01,6.95407956774276864e+17
-3.15042679696163397e-01,4.25781250000000000e-01,6.87014012856941824e+17
-3.15042679696163397e-01,4.33593750000000000e-01,6.78619619184534272e+17
-3.15042679696163397e-01,4.41406250000000000e-01,6.70224735699279488e+17
-3.15042679696163397e-01,4.49218750000000000e-01,6.61829319179859200e+17
-3.15042679696163397e-01,4.57031250000000000e-01,6.53433322906274688e+17
-3.15042679696163397e-01,4.64843750000000000e-01,6.45036696288835968e+17
-3.15042679696163397e-01,4.72656250000000000e-01,6.36639384456774528e+17
-3.15042679696163397e-01,4.80468750000000000e-01,6.28241327801394304e+17
-3.15042679696163397e-01,4.88281250000000000e-01,6.19842461468009984e+17
-3.15042679696163397e-01,4.96093750000000000e-01,6.11442714790173824e+17
-3.15042679696163397e-01,5.03906250000000000e-01,6.03042010658831616e+17
-3.15042679696163397e-01,5.11718750000000000e-01,5.94640264818073088e+17
-3.15042679696163397e-01,5.19531250000000000e-01,5.86237385078033408e+17
-3.15042679696163397e-01,5.27343750000000000e-01,5.77833270434237696e+17
-3.15042679696163397e-01,5.35156250000000000e-01,5.69427810081242816e+17
-3.15042679696163397e-01,5.42968750000000000e-01,5.61020882306789248e+17
-3.15042679696163397e-01,5.50781250000000000e-01,5.52612353250816768e+17
-3.15042679696163397e-01,5.58593750000000000e-01,5.44202075511569600e+17
-3.15042679696163397e-01,5.66406250000000000e-01,5.35789886578597312e+17
-3.15042679696163397e-01,5.74218750000000000e-01,5.27375607069712320e+17
-3.15042679696163397e-01,5.82031250000000000e-01,5.18959038745819712e+17
-3.15042679696163397e-01,5.89843750000000000e-01,5.10539962273975488e+17
-3.15042679696163397e-01,5.97656250000000000e-01,5.02118134704963968e+17
-3.15042679696163397e-01,6.05468750000000000e-01,4.93693286627062400e+17
-3.15042679696163397e-01,6.13281250000000000e-01,4.85265118952407936e+17
-3.15042679696163397e-01,6.21093750000000000e-01,4.76833299286396928e+17
-3.15042679696163397e-01,6.28906250000000000e-01,4.68397457823753856e+17
-3.15042679696163397e-01,6.36718750000000000e-01,4.59957182707183616e+17
-3.15042679696163397e-01,6.44531250000000000e-01,4.51512014775748672e+17
-3.15042679696163397e-01,6.52343750000000000e-01,4.43061441620164672e+17
-3.15042679696163397e-01,6.60156250000000000e-01,4.34604890850918656e+17
-3.15042679696163397e-01,6.67968750000000000e-01,4.26141722472333568e+17
-3.15042679696163397e-01,6.75781250000000000e-01,4.17671220241229568e+17
-3.15042679696163397e-01,6.83593750000000000e-01,4.09192581872478272e+17
-3.15042679696163397e-01,6.91406250000000000e-01,4.00704907935280128e+17
-3.15042679696163397e-01,6.99218750000000000e-01,3.92207189263183424e+17
-3.15042679696163397e-01,7.07031250000000000e-01,3.83698292677444352e+17
-3.15042679696163397e-01,7.14843750000000000e-01,3.75176944797036352e+17
-3.15042679696163397e-01,7.22656250000000000e-01,3.66641713679162432e+17
-3.15042679696163397e-01,7.30468750000000000e-01,3.58090988001223488e+17
-3.15042679696163397e-01,7.38281250000000000e-01,3.49522953458556160e+17
-3.15042679696163397e-01,7.46093750000000000e-01,3.40935566011611520e+17
-3.15042679696163397e-01,7.53906250000000000e-01,3.32326521571350080e+17
-3.15042679696163397e-01,7.61718750000000000e-01,3.23693221662306176e+17
-3.15042679696163397e-01,7.69531250000000000e-01,3.15032734548915392e+17
-3.15042679696163397e-01,7.77343750000000000e-01,3.06341751252347648e+17
-3.15042679696163397e-01,7.85156250000000000e-01,2.97616535822456064e+17
-3.15042679696163397e-01,7.92968750000000000e-01,2.88852869163035968e+17
-3.15042679696163397e-01,8.00781250000000000e-01,2.80045985639248288e+17
-3.15042679696163397e-01,8.08593750000000000e-01,2.71190501625182464e+17
-3.15042679696163397e-01,8.16406250000000000e-01,2.62280335079228160e+17
-3.15042679696163397e-01,8.24218750000000000e-01,2.53308615168312992e+17
-3.15042679696163397e-01,8.32031250000000000e-01,2.44267580903721888e+17
-3.15042679696163397e-01,8.39843750000000000e-01,2.35148467707829056e+17
-3.15042679696163397e-01,8.47656250000000000e-01,2.25941380812510464e+17
-3.15042679696163397e-01,8.55468750000000000e-01,2.16635154411134784e+17
-3.15042679696163397e-01,8.63281250000000000e-01,2.07217195569877120e+17
-3.15042679696163397e-01,8.71093750000000000e-01,1.97673312087629952e+17
-3.15042679696163397e-01,8.78906250000000000e-01,1.87987523838643488e+17
-3.15042679696163397e-01,8.86718750000000000e-01,1.78141857744987648e+17
-3.15042679696163397e-01,8.94531250000000000e-01,1.68116127598261024e+17
-3.15042679696163397e-01,9.02343750000000000e-01,1.57887701834066080e+17
-3.15042679696163397e-01,9.10156250000000000e-01,1.47431265722016224e+17
-3.15042679696163397e-01,9.17968750000000000e-01,1.36718590537426432e+17
-3.15042679696163397e-01,9.25781250000000000e-01,1.25718333583385888e+17
-3.15042679696163397e-01,9.33593750000000000e-01,1.14395914220288912e+17
-3.15042679696163397e-01,9.41406250000000000e-01,1.02713551716256368e+17
-3.15042679696163397e-01,9.49218750000000000e-01,9.06306292102884000e+16
-3.15042679696163397e-01,9.57031250000000000e-01,7.81047007625087520e+16
-3.15042679696163397e-01,9.64843750000000000e-01,6.50937571880484000e+16
-3.15042679696163397e-01,9.72656250000000000e-01,5.15609531105170720e+16
-3.15042679696163397e-01,9.80468750000000000e-01,3.74841532148924880e+16
-3.15042679696163397e-01,9.88281250000000000e-01,2.28749355670830720e+16
-3.15042679696163397e-01,9.96093750000000000e-01,7.81619352827719800e+15
-1.91118867473616311e-01,-9.96093750000000000e-01,1.53601847027305907e+18
-1.91118867473616311e-01,-9.88281250000000000e-01,1.53247746287525274e+18
-1.91118867473616311e-01,-9.80468750000000000e-01,1.52901771177009946e+18
-1.91118867473616311e-01,-9.72656250000000000e-01,1.52562587386773069e+18
-1.91118867473616311e-01,-9.64843750000000000e-01,1.52229115014003610e+18
-1.91118867473616311e-01,-9.57031250000000000e-01,1.51900477762552858e+18
-1.91118867473616311e-01,-9.49218750000000000e-01,1.51575962435033702e+18
-1.91118867473616311e-01,-9.41406250000000000e-01,1.51254986621578931e+18
-1.91118867473616311e-01,-9.33593750000000000e-01,1.50937072917445274e+18
-1.91118867473616311e-01,-9.25781250000000000e-01,1.50621828341649536e+18
-1.91118867473616311e-01,-9.17968750000000000e-01,1.50308927899465190e+18
-1.91118867473616311e-01,-9.10156250000000000e-01,1.49998101447044915e+18
-1.91118867473616311e-01,-9.02343750000000000e-01,1.49689123187927654e+18
-1.91118867473616311e-01,-8.94531250000000000e-01,1.49381803267707264e+18
-1.91118867473616311e-01,-8.86718750000000000e-01,1.49075981041816218e+18
-1.91118867473616311e-01,-8.78906250000000000e-01,1.48771519677895578e+18
-1.91118867473616311e-01,-8.71093750000000000e-01,1.48468301823099187e+18
-1.91118867473616311e-01,-8.63281250000000000e-01,1.48166226121517594e+18
-1.91118867473616311e-01,-8.55468750000000000e-01,1.47865204410565811e+18
-1.91118867473616311e-01,-8.47656250000000000e-01,1.47565159459943834e+18
-1.91118867473616311e-01,-8.39843750000000000e-01,1.47266023144457626e+18
-1.91118867473616311e-01,-8.32031250000000000e-01,1.46967734964033280e+18
-1.91118867473616311e-01,-8.24218750000000000e-01,1.46670240841810330e+18
-1.91118867473616311e-01,-8.16406250000000000e-01,1.46373492145183104e+18
-1.91118867473616311e-01,-8.08593750000000000e-01,1.46077444885795482e+18
-1.91118867473616311e-01,-8.00781250000000000e-01,1.45782059063368525e+18
-1.91118867473616311e-01,-7.92968750000000000e-01,1.45487298125308058e+18
-1.91118867473616311e-01,-7.85156250000000000e-01,1.45193128519674880e+18
-1.91118867473616311e-01,-7.77343750000000000e-01,1.44899519323590067e+18
-1.91118867473616311e-01,-7.69531250000000000e-01,1.44606441932727731e+18
-1.91118867473616311e-01,-7.61718750000000000e-01,1.44313869800404250e+18
-1.91118867473616311e-01,-7.53906250000000000e-01,1.44021778217048294e+18
-1.91118867473616311e-01,-7.46093750000000000e-01,1.43730144122656282e+18
-1.91118867473616311e-01,-7.38281250000000000e-01,1.43438945946287283e+18
-1.91118867473616311e-01,-7.30468750000000000e-01,1.43148163467810662e+18
-1.91118867473616311e-01,-7.22656250000000000e-01,1.42857777698047693e+18
-1.91118867473616311e-01,-7.14843750000000000e-01,1.42567770774187034e+18
-1.91118867473616311e-01,-7.07031250000000000e-01,1.42278125867949133e+18
-1.91118867473616311e-01,-6.99218750000000000e-01,1.41988827104448230e+18
-1.91118867473616311e-01,-6.91406250000000000e-01,1.41699859490082330e+18
-1.91118867473616311e-01,-6.83593750000000000e-01,1.41411208848086912e+18
-1.91118867473616311e-01,-6.75781250000000000e-01,1.41122861760634240e+18
-1.91118867473616311e-01,-6.67968750000000000e-01,1.40834805516558694e+18
-1.91118867473616311e-01,-6.60156250000000000e-01,1.40547028063946522e+18
-1.91118867473616311e-01,-6.52343750000000000e-01,1.40259517966959539e+18
-1.91118867473616311e-01,-6.44531250000000000e-01,1.39972264366365363e+18
-1.91118867473616311e-01,-6.36718750000000000e-01,1.39685256943331917e+18
-1.91118867473616311e-01,-6.28906250000000000e-01,1.39398485886114022e+18
-1.91118867473616311e-01,-6.21093750000000000e-01,1.39111941859314560e+18
-1.91118867473616311e-01,-6.13281250000000000e-01,1.38825615975450701e+18
-1.91118867473616311e-01,-6.05468750000000000e-01,1.38539499768592896e+18
-1.91118867473616311e-01,-5.97656250000000000e-01,1.38253585169875891e+18
-1.91118867473616311e-01,-5.89843750000000000e-01,1.37967864484707123e+18
-1.91118867473616311e-01,-5.82031250000000000e-01,1.37682330371520179e+18
-1.91118867473616311e-01,-5.74218750000000000e-01,1.37396975821938278e+18
-1.91118867473616311e-01,-5.66406250000000000e-01,1.37111794142228992e+18
-1.91118867473616311e-01,-5.58593750000000000e-01,1.36826778935944525e+18
-1.91118867473616311e-01,-5.50781250000000000e-01,1.36541924087651635e+18
-1.91118867473616311e-01,-5.42968750000000000e-01,1.36257223747667098e+18
-1.91118867473616311e-01,-5.35156250000000000e-01,1.35972672317720602e+18
-1.91118867473616311e-01,-5.27343750000000000e-01,1.35688264437475354e+18
-1.91118867473616311e-01,-5.19531250000000000e-01,1.35403994971843046e+18
-1.91118867473616311e-01,-5.11718750000000000e-01,1.35119858999033856e+18
-1.91118867473616311e-01,-5.03906250000000000e-01,1.34835851799289190e+18
-1.91118867473616311e-01,-4.96093750000000000e-01,1.34551968844246656e+18
-1.91118867473616311e-01,-4.88281250000000000e-01,1.34268205786892570e+18
-1.91118867473616311e-01,-4.80468750000000000e-01,1.33984558452059648e+18
-1.91118867473616311e-01,-4.72656250000000000e-01,1.33701022827430528e+18
-1.91118867473616311e-01,-4.64843750000000000e-01,1.33417595055010842e+18
-1.91118867473616311e-01,-4.57031250000000000e-01,1.33134271423038003e+18
-1.91118867473616311e-01,-4.49218750000000000e-01,1.32851048358293478e+18
-1.91118867473616311e-01,-4.41406250000000000e-01,1.32567922418789325e+18
-1.91118867473616311e-01,-4.33593750000000000e-01,1.32284890286800102e+18
-1.91118867473616311e-01,-4.25781250000000000e-01,1.32001948762214733e+18
-1.91118867473616311e-01,-4.17968750000000000e-01,1.31719094756182605e+18
-1.91118867473616311e-01,-4.10156250000000000e-01,1.31436325285030349e+18
-1.91118867473616311e-01,-4.02343750000000000e-01,1.31153637464427187e+18
-1.91118867473616311e-01,-3.94531250000000000e-01,1.30871028503777254e+18
-1.91118867473616311e-01,-3.86718750000000000e-01,1.30588495700818355e+18
-1.91118867473616311e-01,-3.78906250000000000e-01,1.30306036436407603e+18
-1.91118867473616311e-01,-3.71093750000000000e-01,1.30023648169475558e+18
-1.91118867473616311e-01,-3.63281250000000000e-01,1.29741328432130150e+18
-1.91118867473616311e-01,-3.55468750000000000e-01,1.29459074824893645e+18
-1.91118867473616311e-01,-3.47656250000000000e-01,1.29176885012055142e+18
-1.91118867473616311e-01,-3.39843750000000000e-01,1.28894756717122739e+18
-1.91118867473616311e-01,-3.32031250000000000e-01,1.28612687718359501e+18
-1.91118867473616311e-01,-3.24218750000000000e-01,1.28330675844387533e+18
-1.91118867473616311e-01,-3.16406250000000000e-01,1.28048718969846195e+18
-1.91118867473616311e-01,-3.08593750000000000e-01,1.27766815011088922e+18
-1.91118867473616311e-01,-3.00781250000000000e-01,1.27484961921906432e+18
-1.91118867473616311e-01,-2.92968750000000000e-01,1.27203157689261952e+18
-1.91118867473616311e-01,-2.85156250000000000e-01,1.26921400329027482e+18
-1.91118867473616311e-01,-2.77343750000000000e-01,1.26639687881709184e+18
-1.91118867473616311e-01,-2.69531250000000000e-01,1.26358018408152627e+18
-1.91118867473616311e-01,-2.61718750000000000e-01,1.26076389985219584e+18
-1.91118867473616311e-01,-2.53906250000000000e-01,1.25794800701430554e+18
-1.91118867473616311e-01,-2.46093750000000000e-01,1.25513248652570189e+18
-1.91118867473616311e-01,-2.38281250000000000e-01,1.25231731937256013e+18
-1.91118867473616311e-01,-2.30468750000000000e-01,1.24950248652475571e+18
-1.91118867473616311e-01,-2.22656250000000000e-01,1.24668796889104282e+18
-1.91118867473616311e-01,-2.14843750000000000e-01,1.24387374727422182e+18
-1.91118867473616311e-01,-2.07031250000000000e-01,1.24105980232659354e+18
-1.91118867473616311e-01,-1.99218750000000000e-01,1.23824611450612275e+18
-1.91118867473616311e-01,-1.91406250000000000e-01,1.23543266403388518e+18
-1.91118867473616311e-01,-1.83593750000000000e-01,1.23261943085360307e+18
-1.91118867473616311e-01,-1.75781250000000000e-01,1.22980639459431142e+18
-1.91118867473616311e-01,-1.67968750000000000e-01,1.22699353453755776e+18
-1.91118867473616311e-01,-1.60156250000000000e-01,1.22418082959094605e+18
-1.91118867473616311e-01,-1.52343750000000000e-01,1.22136825827038669e+18
-1.91118867473616311e-01,-1.44531250000000000e-01,1.21855579869408563e+18
-1.91118867473616311e-01,-1.36718750000000000e-01,1.21574342859218355e+18
-1.91118867473616311e-01,-1.28906250000000000e-01,1.21293112533702170e+18
-1.91118867473616311e-01,-1.21093750000000000e-01,1.21011886600041549e+18
-1.91118867473616311e-01,-1.13281250000000000e-01,1.20730662744601472e+18
-1.91118867473616311e-01,-1.05468750000000000e-01,1.20449438646704947e+18
-1.91118867473616311e-01,-9.76562500000000000e-02,1.20168211998248448e+18
-1.91118867473616311e-01,-8.98437500000000000e-02,1.19886980530808781e+18
-1.91118867473616311e-01,-8.20312500000000000e-02,1.19605742052327834e+18
-1.91118867473616311e-01,-7.42187500000000000e-02,1.19324494496011392e+18
-1.91118867473616311e-01,-6.64062500000000000e-02,1.19043235984768947e+18
-1.91118867473616311e-01,-5.85937500000000000e-02,1.18761964915391923e+18
-1.91118867473616311e-01,-5.07812500000000000e-02,1.18480680067760845e+18
-1.91118867473616311e-01,-4.29687500000000000e-02,1.18199380745748813e+18
-1.91118867473616311e-01,-3.51562500000000000e-02,1.17918066958217805e+18
-1.91118867473616311e-01,-2.73437500000000000e-02,1.17636739650680269e+18
-1.91118867473616311e-01,-1.95312500000000000e-02,1.17355401000932915e+18
-1.91118867473616311e-01,-1.17187500000000000e-02,1.17074054795407002e+18
-1.91118867473616311e-01,-3.90625000000000000e-03,1.16792706907301402e+18
-1.91118867473616311e-01,3.90625000000000000e-03,1.16247089864614784e+18
-1.91118867473616311e-01,1.17187500000000000e-02,1.15406689427957811e+18
-1.91118867473616311e-01,1.95312500000000000e-02,1.14566270348774003e+18
-1.91118867473616311e-01,2.73437500000000000e-02,1.13725895528103130e+18
-1.91118867473616311e-01,3.51562500000000000e-02,1.12885593604939098e+18
-1.91118867473616311e-01,4.29687500000000000e-02,1.12045376002124749e+18
-1.91118867473616311e-01,5.07812500000000000e-02,1.11205245555406374e+18
-1.91118867473616311e-01,5.85937500000000000e-02,1.10365200884440256e+18
-1.91118867473616311e-01,6.64062500000000000e-02,1.09525238607859418e+18
-1.91118867473616311e-01,7.42187500000000000e-02,1.08685354465403187e+18
-1.91118867473616311e-01,8.20312500000000000e-02,1.07845543885014554e+18
-1.91118867473616311e-01,8.98437500000000000e-02,1.07005802267379251e+18
-1.91118867473616311e-01,9.76562500000000000e-02,1.06166125126142605e+18
-1.91118867473616311e-01,1.05468750000000000e-01,1.05326508154099750e+18
-1.91118867473616311e-01,1.13281250000000000e-01,1.04486947251230874e+18
-1.91118867473616311e-01,1.21093750000000000e-01,1.03647438532978688e+18
-1.91118867473616311e-01,1.28906250000000000e-01,1.02807978328271219e+18
-1.91118867473616311e-01,1.36718750000000000e-01,1.01968563172248614e+18
-1.91118867473616311e-01,1.44531250000000000e-01,1.01129189796313344e+18
-1.91118867473616311e-01,1.52343750000000000e-01,1.00289855116912538e+18
-1.91118867473616311e-01,1.60156250000000000e-01,9.94505562238209152e+17
-1.91118867473616311e-01,1.67968750000000000e-01,9.86112903683534976e+17
-1.91118867473616311e-01,1.75781250000000000e-01,9.77720549517483648e+17
-1.91118867473616311e-01,1.83593750000000000e-01,9.69328475138545536e+17
-1.91118867473616311e-01,1.91406250000000000e-01,9.60936657221980544e+17
-1.91118867473616311e-01,1.99218750000000000e-01,9.52545073614606976e+17
-1.91118867473616311e-01,2.07031250000000000e-01,9.44153703233828096e+17
-1.91118867473616311e-01,2.14843750000000000e-01,9.35762525970855808e+17
-1.91118867473616311e-01,2.22656250000000000e-01,9.27371522597976320e+17
-1.91118867473616311e-01,2.30468750000000000e-01,9.18980674679639552e+17
-1.91118867473616311e-01,2.38281250000000000e-01,9.10589964487100672e+17
-1.91118867473616311e-01,2.46093750000000000e-01,9.02199374916313856e+17
-1.91118867473616311e-01,2.53906250000000000e-01,8.93808889408749568e+17
-1.91118867473616311e-01,2.61718750000000000e-01,8.85418491874793728e+17
-1.91118867473616311e-01,2.69531250000000000e-01,8.77028166619383296e+17
-1.91118867473616311e-01,2.77343750000000000e-01,8.68637898269512448e+17
-1.91118867473616311e-01,2.85156250000000000e-01,8.60247671703251200e+17
-1.91118867473616311e-01,2.92968750000000000e-01,8.51857471979906560e+17
-1.91118867473616311e-01,3.00781250000000000e-01,8.43467284270954880e+17
-1.91118867473616311e-01,3.08593750000000000e-01,8.35077093791367168e+17
-1.91118867473616311e-01,3.16406250000000000e-01,8.26686885730945664e+17
-1.91118867473616311e-01,3.24218750000000000e-01,8.18296645185279360e+17
-1.91118867473616311e-01,3.32031250000000000e-01,8.09906357085916544e+17
-1.91118867473616311e-01,3.39843750000000000e-01,8.01516006129342848e+17
-1.91118867473616311e-01,3.47656250000000000e-01,7.93125576704334336e+17
-1.91118867473616311e-01,3.55468750000000000e-01,7.84735052817237888e+17
-1.91118867473616311e-01,3.63281250000000000e-01,7.76344418014709248e+17
-1.91118867473616311e-01,3.71093750000000000e-01,7.67953655303413760e+17
-1.91118867473616311e-01,3.78906250000000000e-01,7.59562747066161024e+17
-1.91118867473616311e-01,3.86718750000000000e-01,7.51171674973911296e+17
-1.91118867473616311e-01,3.94531250000000000e-01,7.42780419893047936e+17
-1.91118867473616311e-01,4.02343750000000000e-01,7.34388961787265152e+17
-1.91118867473616311e-01,4.10156250000000000e-01,7.25997279613360128e+17
-1.91118867473616311e-01,4.17968750000000000e-01,7.17605351210156800e+17
-1.91118867473616311e-01,4.25781250000000000e-01,7.09213153179719552e+17
-1.91118867473616311e-01,4.33593750000000000e-01,7.00820660759922304e+17
-1.91118867473616311e-01,4.41406250000000000e-01,6.92427847687350016e+17
-1.91118867473616311e-01,4.49218750000000000e-01,6.84034686049394944e+17
-1.91118867473616311e-01,4.57031250000000000e-01,6.75641146124280960e+17
-1.91118867473616311e-01,4.64843750000000000e-01,6.67247196207607168e+17
-1.91118867473616311e-01,4.72656250000000000e-01,6.58852802423827072e+17
-1.91118867473616311e-01,4.80468750000000000e-01,6.50457928520885888e+17
-1.91118867473616311e-01,4.88281250000000000e-01,6.42062535646009472e+17
-1.91118867473616311e-01,4.96093750000000000e-01,6.33666582100374656e+17
-1.91118867473616311e-01,5.03906250000000000e-01,6.25270023070079232e+17
-1.91118867473616311e-01,5.11718750000000000e-01,6.16872810330468352e+17
-1.91118867473616311e-01,5.19531250000000000e-01,6.08474891920449792e+17
-1.91118867473616311e-01,5.27343750000000000e-01,6.00076211782927744e+17
-1.91118867473616311e-01,5.35156250000000000e-01,5.91676709366893056e+17
-1.91118867473616311e-01,5.42968750000000000e-01,5.83276319186006784e+17
-1.91118867473616311e-01,5.50781250000000000e-01,5.74874970327676416e+17
-1.91118867473616311e-01,5.58593750000000000e-01,5.66472585905625088e+17
-1.91118867473616311e-01,5.66406250000000000e-01,5.58069082447763840e+17
-1.91118867473616311e-01,5.74218750000000000e-01,5.49664369209736064e+17
-1.91118867473616311e-01,5.82031250000000000e-01,5.41258347402773696e+17
-1.91118867473616311e-01,5.89843750000000000e-01,5.32850909322415616e+17
-1.91118867473616311e-01,5.97656250000000000e-01,5.24441937362097344e+17
-1.91118867473616311e-01,6.05468750000000000e-01,5.16031302892542464e+17
-1.91118867473616311e-01,6.13281250000000000e-01,5.07618864984125504e+17
-1.91118867473616311e-01,6.21093750000000000e-01,4.99204468944785088e+17
-1.91118867473616311e-01,6.28906250000000000e-01,4.90787944640444160e+17
-1.91118867473616311e-01,6.36718750000000000e-01,4.82369104557991680e+17
-1.91118867473616311e-01,6.44531250000000000e-01,4.73947741562395776e+17
-1.91118867473616311e-01,6.52343750000000000e-01,4.65523626289056384e+17
-1.91118867473616311e-01,6.60156250000000000e-01,4.57096504099603648e+17
-1.91118867473616311e-01,6.67968750000000000e-01,4.48666091513385216e+17
-1.91118867473616311e-01,6.75781250000000000e-01,4.40232072007127872e+17
-1.91118867473616311e-01,6.83593750000000000e-01,4.31794091050756672e+17
-1.91118867473616311e-01,6.91406250000000000e-01,4.23351750216936512e+17
-1.91118867473616311e-01,6.99218750000000000e-01,4.14904600164087488e+17
-1.91118867473616311e-01,7.07031250000000000e-01,4.06452132245575488e+17
-1.91118867473616311e-01,7.14843750000000000e-01,3.97993768439174464e+17
-1.91118867473616311e-01,7.22656250000000000e-01,3.89528849217830016e+17
-1.91118867473616311e-01,7.30468750000000000e-01,3.81056618891588416e+17
-1.91118867473616311e-01,7.38281250000000000e-01,3.72576207836719232e+17
-1.91118867473616311e-01,7.46093750000000000e-01,3.64086610885811072e+17
-1.91118867473616311e-01,7.53906250000000000e-01,3.55586660974771584e+17
-1.91118867473616311e-01,7.61718750000000000e-01,3.47074996920163328e+17
-1.91118867473616311e-01,7.69531250000000000e-01,3.38550023921816128e+17
-1.91118867473616311e-01,7.77343750000000000e-01,3.30009865036919296e+17
-1.91118867473616311e-01,7.85156250000000000e-01,3.21452301434923584e+17
-1.91118867473616311e-01,7.92968750000000000e-01,3.12874698695099328e+17
-1.91118867473616311e-01,8.00781250000000000e-01,3.04273915722316160e+17
-1.91118867473616311e-01,8.08593750000000000e-01,2.95646191996140224e+17
-1.91118867473616311e-01,8.16406250000000000e-01,2.86987007789362112e+17
-1.91118867473616311e-01,8.24218750000000000e-01,2.78290910639056064e+17
-1.91118867473616311e-01,8.32031250000000000e-01,2.69551299656968864e+17
-1.91118867473616311e-01,8.39843750000000000e-01,2.60760157140255008e+17
-1.91118867473616311e-01,8.47656250000000000e-01,2.51907714281868640e+17
-1.91118867473616311e-01,8.55468750000000000e-01,2.42982034452103968e+17
-1.91118867473616311e-01,8.63281250000000000e-01,2.33968493372460992e+17
-1.91118867473616311e-01,8.71093750000000000e-01,2.24849130348013408e+17
-1.91118867473616311e-01,8.78906250000000000e-01,2.15601838364255264e+17
-1.91118867473616311e-01,8.86718750000000000e-01,2.06199353093521024e+17
-1.91118867473616311e-01,8.94531250000000000e-01,1.96607991560806368e+17
-1.91118867473616311e-01,9.02343750000000000e-01,1.86786080443116288e+17
-1.91118867473616311e-01,9.10156250000000000e-01,1.76682002227878432e+17
-1.91118867473616311e-01,9.17968750000000000e-01,1.66231776243420960e+17
-1.91118867473616311e-01,9.25781250000000000e-01,1.55356084519603328e+17
-1.91118867473616311e-01,9.33593750000000000e-01,1.43956657507332080e+17
-1.91118867473616311e-01,9.41406250000000000e-01,1.31911968661081744e+17
-1.91118867473616311e-01,9.49218750000000000e-01,1.19072284252531856e+17
-1.91118867473616311e-01,9.57031250000000000e-01,1.05254345400070736e+17
-1.91118867473616311e-01,9.64843750000000000e-01,9.02364634935014400e+16
-1.91118867473616311e-01,9.72656250000000000e-01,7.37558683178135840e+16
-1.91118867473616311e-01,9.80468750000000000e-01,5.55123184840392080e+16
-1.91118867473616311e-01,9.88281250000000000e-01,3.51863755554113560e+16
-1.91118867473616311e-01,9.96093750000000000e-01,1.24895578963727340e+16
-6.40568928626056300e-02,-9.96093750000000000e-01,1.56328143136567168e+18
-6.40568928626056300e-02,-9.88281250000000000e-01,1.55931306871088486e+18
-6.40568928626056300e-02,-9.80468750000000000e-01,1.55549111532201651e+18
-6.40568928626056300e-02,-9.72656250000000000e-01,1.55179012338877747e+18
-6.40568928626056300e-02,-9.64843750000000000e-01,1.54818958606662605e+18
-6.40568928626056300e-02,-9.57031250000000000e-01,1.54467294522635469e+18
-6.40568928626056300e-02,-9.49218750000000000e-01,1.54122680060180685e+18
-6.40568928626056300e-02,-9.41406250000000000e-01,1.53784027931332429e+18
-6.40568928626056300e-02,-9.33593750000000000e-01,1.53450453311039795e+18
-6.40568928626056300e-02,-9.25781250000000000e-01,1.53121233733605171e+18
-6.40568928626056300e-02,-9.17968750000000000e-01,1.52795777091604224e+18
-6.40568928626056300e-02,-9.10156250000000000e-01,1.52473596089513651e+18
-6.40568928626056300e-02,-9.02343750000000000e-01,1.52154287840126976e+18
-6.40568928626056300e-02,-8.94531250000000000e-01,1.51837517559180442e+18
-6.40568928626056300e-02,-8.86718750000000000e-01,1.51523005526428800e+18
-6.40568928626056300e-02,-8.78906250000000000e-01,1.51210516650820634e+18
-6.40568928626056300e-02,-8.71093750000000000e-01,1.50899852112287334e+18
-6.40568928626056300e-02,-8.63281250000000000e-01,1.50590842660022758e+18
-6.40568928626056300e-02,-8.55468750000000000e-01,1.50283343232606925e+18
-6.40568928626056300e-02,-8.47656250000000000e-01,1.49977228633375795e+18
-6.40568928626056300e-02,-8.39843750000000000e-01,1.49672390048620979e+18
-6.40568928626056300e-02,-8.32031250000000000e-01,1.49368732239343846e+18
-6.40568928626056300e-02,-8.24218750000000000e-01,1.49066171271639501e+18
-6.40568928626056300e-02,-8.16406250000000000e-01,1.48764632678142259e+18
-6.40568928626056300e-02,-8.08593750000000000e-01,1.48464049964749645e+18
-6.40568928626056300e-02,-8.00781250000000000e-01,1.48164363394193843e+18
-6.40568928626056300e-02,-7.92968750000000000e-01,1.47865518991851981e+18
-6.40568928626056300e-02,-7.85156250000000000e-01,1.47567467730197709e+18
-6.40568928626056300e-02,-7.77343750000000000e-01,1.47270164857070899e+18
-6.40568928626056300e-02,-7.69531250000000000e-01,1.46973569339933850e+18
-6.40568928626056300e-02,-7.61718750000000000e-01,1.46677643403856947e+18
-6.40568928626056300e-02,-7.53906250000000000e-01,1.46382352145419213e+18
-6.40568928626056300e-02,-7.46093750000000000e-01,1.46087663208254413e+18
-6.40568928626056300e-02,-7.38281250000000000e-01,1.45793546508799130e+18
-6.40568928626056300e-02,-7.30468750000000000e-01,1.45499974003056742e+18
-6.40568928626056300e-02,-7.22656250000000000e-01,1.45206919486992154e+18
-6.40568928626056300e-02,-7.14843750000000000e-01,1.44914358424611072e+18
-6.40568928626056300e-02,-7.07031250000000000e-01,1.44622267798928230e+18
-6.40568928626056300e-02,-6.99218750000000000e-01,1.44330625981948570e+18
-6.40568928626056300e-02,-6.91406250000000000e-01,1.44039412620521882e+18
-6.40568928626056300e-02,-6.83593750000000000e-01,1.43748608535521587e+18
-6.40568928626056300e-02,-6.75781250000000000e-01,1.43458195632271002e+18
-6.40568928626056300e-02,-6.67968750000000000e-01,1.43168156820520627e+18
-6.40568928626056300e-02,-6.60156250000000000e-01,1.42878475942586163e+18
-6.40568928626056300e-02,-6.52343750000000000e-01,1.42589137708500813e+18
-6.40568928626056300e-02,-6.44531250000000000e-01,1.42300127637237274e+18
-6.40568928626056300e-02,-6.36718750000000000e-01,1.42011432003211238e+18
-6.40568928626056300e-02,-6.28906250000000000e-01,1.41723037787411968e+18
-6.40568928626056300e-02,-6.21093750000000000e-01,1.41434932632608205e+18
-6.40568928626056300e-02,-6.13281250000000000e-01,1.41147104802165274e+18
-6.40568928626056300e-02,-6.05468750000000000e-01,1.40859543142079386e+18
-6.40568928626056300e-02,-5.97656250000000000e-01,1.40572237045891584e+18
-6.40568928626056300e-02,-5.89843750000000000e-01,1.40285176422193101e+18
-6.40568928626056300e-02,-5.82031250000000000e-01,1.39998351664471578e+18
-6.40568928626056300e-02,-5.74218750000000000e-01,1.39711753623080883e+18
-6.40568928626056300e-02,-5.66406250000000000e-01,1.39425373579144269e+18
-6.40568928626056300e-02,-5.58593750000000000e-01,1.39139203220223974e+18
-6.40568928626056300e-02,-5.50781250000000000e-01,1.38853234617608422e+18
-6.40568928626056300e-02,-5.42968750000000000e-01,1.38567460205086182e+18
-6.40568928626056300e-02,-5.35156250000000000e-01,1.38281872759087693e+18
-6.40568928626056300e-02,-5.27343750000000000e-01,1.37996465380090317e+18
-6.40568928626056300e-02,-5.19531250000000000e-01,1.37711231475189837e+18
-6.40568928626056300e-02,-5.11718750000000000e-01,1.37426164741752883e+18
-6.40568928626056300e-02,-5.03906250000000000e-01,1.37141259152070682e+18
-6.40568928626056300e-02,-4.96093750000000000e-01,1.36856508938943002e+18
-6.40568928626056300e-02,-4.88281250000000000e-01,1.36571908582125696e+18
-6.40568928626056300e-02,-4.80468750000000000e-01,1.36287452795581670e+18
-6.40568928626056300e-02,-4.72656250000000000e-01,1.36003136515479501e+18
-6.40568928626056300e-02,-4.64843750000000000e-01,1.35718954888887757e+18
-6.40568928626056300e-02,-4.57031250000000000e-01,1.35434903263116928e+18
-6.40568928626056300e-02,-4.49218750000000000e-01,1.35150977175665152e+18
-6.40568928626056300e-02,-4.41406250000000000e-01,1.34867172344724326e+18
-6.40568928626056300e-02,-4.33593750000000000e-01,1.34583484660208922e+18
-6.40568928626056300e-02,-4.25781250000000000e-01,1.34299910175269094e+18
-6.40568928626056300e-02,-4.17968750000000000e-01,1.34016445098253056e+18
-6.40568928626056300e-02,-4.10156250000000000e-01,1.33733085785084749e+18
-6.40568928626056300e-02,-4.02343750000000000e-01,1.33449828732023322e+18
-6.40568928626056300e-02,-3.94531250000000000e-01,1.33166670568772301e+18
-6.40568928626056300e-02,-3.86718750000000000e-01,1.32883608051905434e+18
-6.40568928626056300e-02,-3.78906250000000000e-01,1.32600638058576691e+18
-6.40568928626056300e-02,-3.71093750000000000e-01,1.32317757580479667e+18
-6.40568928626056300e-02,-3.63281250000000000e-01,1.32034963718020864e+18
-6.40568928626056300e-02,-3.55468750000000000e-01,1.31752253674667034e+18
-6.40568928626056300e-02,-3.47656250000000000e-01,1.31469624751423616e+18
-6.40568928626056300e-02,-3.39843750000000000e-01,1.31187074341395917e+18
-6.40568928626056300e-02,-3.32031250000000000e-01,1.30904599924376218e+18
-6.40568928626056300e-02,-3.24218750000000000e-01,1.30622199061391821e+18
-6.40568928626056300e-02,-3.16406250000000000e-01,1.30339869389135872e+18
-6.40568928626056300e-02,-3.08593750000000000e-01,1.30057608614187571e+18
-6.40568928626056300e-02,-3.00781250000000000e-01,1.29775414506908314e+18
-6.40568928626056300e-02,-2.92968750000000000e-01,1.29493284894874573e+18
-6.40568928626056300e-02,-2.85156250000000000e-01,1.29211217655677466e+18
-6.40568928626056300e-02,-2.77343750000000000e-01,1.28929210708876928e+18
-6.40568928626056300e-02,-2.69531250000000000e-01,1.28647262006848614e+18
-6.40568928626056300e-02,-2.61718750000000000e-01,1.28365369524197171e+18
-6.40568928626056300e-02,-2.53906250000000000e-01,1.28083531245327846e+18
-6.40568928626056300e-02,-2.46093750000000000e-01,1.27801745149668173e+18
-6.40568928626056300e-02,-2.38281250000000000e-01,1.27520009193901670e+18
-6.40568928626056300e-02,-2.30468750000000000e-01,1.27238321290416026e+18
-6.40568928626056300e-02,-2.22656250000000000e-01,1.26956679280965530e+18
-6.40568928626056300e-02,-2.14843750000000000e-01,1.26675080904292403e+18
-6.40568928626056300e-02,-2.07031250000000000e-01,1.26393523756133786e+18
-6.40568928626056300e-02,-1.99218750000000000e-01,1.26112005239637939e+18
-6.40568928626056300e-02,-1.91406250000000000e-01,1.25830522503710106e+18
-6.40568928626056300e-02,-1.83593750000000000e-01,1.25549072366172954e+18
-6.40568928626056300e-02,-1.75781250000000000e-01,1.25267651217831706e+18
-6.40568928626056300e-02,-1.67968750000000000e-01,1.24986254902531712e+18
-6.40568928626056300e-02,-1.60156250000000000e-01,1.24704878567039386e+18
-6.40568928626056300e-02,-1.52343750000000000e-01,1.24423516472997734e+18
-6.40568928626056300e-02,-1.44531250000000000e-01,1.24142161761221786e+18
-6.40568928626056300e-02,-1.36718750000000000e-01,1.23860806156106368e+18
-6.40568928626056300e-02,-1.28906250000000000e-01,1.23579439594784384e+18
-6.40568928626056300e-02,-1.21093750000000000e-01,1.23298049761737293e+18
-6.40568928626056300e-02,-1.13281250000000000e-01,1.23016621504613402e+18
-6.40568928626056300e-02,-1.05468750000000000e-01,1.22735136100795110e+18
-6.40568928626056300e-02,-9.76562500000000000e-02,1.22453570336449459e+18
-6.40568928626056300e-02,-8.98437500000000000e-02,1.22171895349985664e+18
-6.40568928626056300e-02,-8.20312500000000000e-02,1.21890075179521434e+18
-6.40568928626056300e-02,-7.42187500000000000e-02,1.21608064938473882e+18
-6.40568928626056300e-02,-6.64062500000000000e-02,1.21325808523938509e+18
-6.40568928626056300e-02,-5.85937500000000000e-02,1.21043235738078413e+18
-6.40568928626056300e-02,-5.07812500000000000e-02,1.20760258672037786e+18
-6.40568928626056300e-02,-4.29687500000000000e-02,1.20476767163313382e+18
-6.40568928626056300e-02,-3.51562500000000000e-02,1.20192623089046426e+18
-6.40568928626056300e-02,-2.73437500000000000e-02,1.19907653196795418e+18
-6.40568928626056300e-02,-1.95312500000000000e-02,1.19621640097840026e+18
-6.40568928626056300e-02,-1.17187500000000000e-02,1.19334310951932211e+18
-6.40568928626056300e-02,-3.90625000000000000e-03,1.19045323251636096e+18
-6.40568928626056300e-02,3.90625000000000000e-03,1.18525075607533312e+18
-6.40568928626056300e-02,1.17187500000000000e-02,1.17684631335749760e+18
-6.40568928626056300e-02,1.95312500000000000e-02,1.16844051750047539e+18
-6.40568928626056300e-02,2.73437500000000000e-02,1.16003465740293120e+18
-6.40568928626056300e-02,3.51562500000000000e-02,1.15162935000996838e+18
-6.40568928626056300e-02,4.29687500000000000e-02,1.14322487336789197e+18
-6.40568928626056300e-02,5.07812500000000000e-02,1.13482133519379366e+18
-6.40568928626056300e-02,5.85937500000000000e-02,1.12641875826164211e+18
-6.40568928626056300e-02,6.64062500000000000e-02,1.11801712369205094e+18
-6.40568928626056300e-02,7.42187500000000000e-02,1.10961639291691546e+18
-6.40568928626056300e-02,8.20312500000000000e-02,1.10121651882506803e+18
-6.40568928626056300e-02,8.98437500000000000e-02,1.09281745140730547e+18
-6.40568928626056300e-02,9.76562500000000000e-02,1.08441914059631488e+18
-6.40568928626056300e-02,1.05468750000000000e-01,1.07602153767023552e+18
-6.40568928626056300e-02,1.13281250000000000e-01,1.06762459591683328e+18
-6.40568928626056300e-02,1.21093750000000000e-01,1.05922827091466419e+18
-6.40568928626056300e-02,1.28906250000000000e-01,1.05083252061455296e+18
-6.40568928626056300e-02,1.36718750000000000e-01,1.04243730531652109e+18
-6.40568928626056300e-02,1.44531250000000000e-01,1.03404258759209907e+18
-6.40568928626056300e-02,1.52343750000000000e-01,1.02564833217866573e+18
-6.40568928626056300e-02,1.60156250000000000e-01,1.01725450586028851e+18
-6.40568928626056300e-02,1.67968750000000000e-01,1.00886107734310707e+18
-6.40568928626056300e-02,1.75781250000000000e-01,1.00046801712982515e+18
-6.40568928626056300e-02,1.83593750000000000e-01,9.92075297395935616e+17
-6.40568928626056300e-02,1.91406250000000000e-01,9.83682891869199360e+17
-6.40568928626056300e-02,1.99218750000000000e-01,9.75290775713232640e+17
-6.40568928626056300e-02,2.07031250000000000e-01,9.66898925415641728e+17
-6.40568928626056300e-02,2.14843750000000000e-01,9.58507318680889984e+17
-6.40568928626056300e-02,2.22656250000000000e-01,9.50115934327892864e+17
-6.40568928626056300e-02,2.30468750000000000e-01,9.41724752192226048e+17
-6.40568928626056300e-02,2.38281250000000000e-01,9.33333753032751232e+17
-6.40568928626056300e-02,2.46093750000000000e-01,9.24942918442399616e+17
-6.40568928626056300e-02,2.53906250000000000e-01,9.16552230762825856e+17
-6.40568928626056300e-02,2.61718750000000000e-01,9.08161673002610304e+17
-6.40568928626056300e-02,2.69531250000000000e-01,8.99771228758676352e+17
-6.40568928626056300e-02,2.77343750000000000e-01,8.91380882140579200e+17
-6.40568928626056300e-02,2.85156250000000000e-01,8.82990617697315968e+17
-6.40568928626056300e-02,2.92968750000000000e-01,8.74600420346300160e+17
-6.40568928626056300e-02,3.00781250000000000e-01,8.66210275304151040e+17
-6.40568928626056300e-02,3.08593750000000000e-01,8.57820168018939264e+17
-6.40568928626056300e-02,3.16406250000000000e-01,8.49430084103531648e+17
-6.40568928626056300e-02,3.24218750000000000e-01,8.41040009269680896e+17
-6.40568928626056300e-02,3.32031250000000000e-01,8.32649929262499072e+17
-6.40568928626056300e-02,3.39843750000000000e-01,8.24259829794949376e+17
-6.40568928626056300e-02,3.47656250000000000e-01,8.15869696481991424e+17
-6.40568928626056300e-02,3.55468750000000000e-01,8.07479514773998720e+17
-6.40568928626056300e-02,3.63281250000000000e-01,7.99089269889067008e+17
-6.40568928626056300e-02,3.71093750000000000e-01,7.90698946743810944e+17
-6.40568928626056300e-02,3.78906250000000000e-01,7.82308529882236672e+17
-6.40568928626056300e-02,3.86718750000000000e-01,7.73918003402257280e+17
-6.40568928626056300e-02,3.94531250000000000e-01,7.65527350879398400e+17
-6.40568928626056300e-02,4.02343750000000000e-01,7.57136555287211008e+17
-6.40568928626056300e-02,4.10156250000000000e-01,7.48745598913885184e+17
-6.40568928626056300e-02,4.17968750000000000e-01,7.40354463274517504e+17
-6.40568928626056300e-02,4.25781250000000000e-01,7.31963129018453376e+17
-6.40568928626056300e-02,4.33593750000000000e-01,7.23571575831071104e+17
-6.40568928626056300e-02,4.41406250000000000e-01,7.15179782329334912e+17
-6.40568928626056300e-02,4.49218750000000000e-01,7.06787725950374272e+17
-6.40568928626056300e-02,4.57031250000000000e-01,6.98395382832294528e+17
-6.40568928626056300e-02,4.64843750000000000e-01,6.90002727686336384e+17
-6.40568928626056300e-02,4.72656250000000000e-01,6.81609733659432192e+17
-6.40568928626056300e-02,4.80468750000000000e-01,6.73216372186102144e+17
-6.40568928626056300e-02,4.88281250000000000e-01,6.64822612828531584e+17
-6.40568928626056300e-02,4.96093750000000000e-01,6.56428423103552000e+17
-6.40568928626056300e-02,5.03906250000000000e-01,6.48033768295110272e+17
-6.40568928626056300e-02,5.11718750000000000e-01,6.39638611250657792e+17
-6.40568928626056300e-02,5.19531250000000000e-01,6.31242912159719296e+17
-6.40568928626056300e-02,5.27343750000000000e-01,6.22846628312699520e+17
-6.40568928626056300e-02,5.35156250000000000e-01,6.14449713837770496e+17
-6.40568928626056300e-02,5.42968750000000000e-01,6.06052119413418368e+17
-6.40568928626056300e-02,5.50781250000000000e-01,5.97653791953947392e+17
-6.40568928626056300e-02,5.58593750000000000e-01,5.89254674264900992e+17
-6.40568928626056300e-02,5.66406250000000000e-01,5.80854704664989184e+17
-6.40568928626056300e-02,5.74218750000000000e-01,5.72453816570671232e+17
-6.40568928626056300e-02,5.82031250000000000e-01,5.64051938039048256e+17
-6.40568928626056300e-02,5.89843750000000000e-01,5.55648991264145600e+17
-6.40568928626056300e-02,5.97656250000000000e-01,5.47244892021004160e+17
-6.40568928626056300e-02,6.05468750000000000e-01,5.38839549051229696e+17
-6.40568928626056300e-02,6.13281250000000000e-01,5.30432863382761920e+17
-6.40568928626056300e-02,6.21093750000000000e-01,5.22024727575588160e+17
-6.40568928626056300e-02,6.28906250000000000e-01,5.13615024883913472e+17
-6.40568928626056300e-02,6.36718750000000000e-01,5.05203628323885504e+17
-6.40568928626056300e-02,6.44531250000000000e-01,4.96790399634304512e+17
-6.40568928626056300e-02,6.52343750000000000e-01,4.88375188115791872e+17
-6.40568928626056300e-02,6.60156250000000000e-01,4.79957829331563840e+17
-6.40568928626056300e-02,6.67968750000000000e-01,4.71538143650220928e+17
-6.40568928626056300e-02,6.75781250000000000e-01,4.63115934607685440e+17
-6.40568928626056300e-02,6.83593750000000000e-01,4.54690987061529984e+17
-6.40568928626056300e-02,6.91406250000000000e-01,4.46263065106272128e+17
-6.40568928626056300e-02,6.99218750000000000e-01,4.37831909712623872e+17
-6.40568928626056300e-02,7.07031250000000000e-01,4.29397236046946560e+17
-6.40568928626056300e-02,7.14843750000000000e-01,4.20958730419043264e+17
-6.40568928626056300e-02,7.22656250000000000e-01,4.12516046796591360e+17
-6.40568928626056300e-02,7.30468750000000000e-01,4.04068802812581824e+17
-6.40568928626056300e-02,7.38281250000000000e-01,3.95616575177612608e+17
-6.40568928626056300e-02,7.46093750000000000e-01,3.87158894391150656e+17
-6.40568928626056300e-02,7.53906250000000000e-01,3.78695238624152896e+17
-6.40568928626056300e-02,7.61718750000000000e-01,3.70225026618732288e+17
-6.40568928626056300e-02,7.69531250000000000e-01,3.61747609417554496e+17
-6.40568928626056300e-02,7.77343750000000000e-01,3.53262260694640448e+17
-6.40568928626056300e-02,7.85156250000000000e-01,3.44768165407857088e+17
-6.40568928626056300e-02,7.92968750000000000e-01,3.36264406428214464e+17
-6.40568928626056300e-02,8.00781250000000000e-01,3.27749948717096960e+17
-6.40568928626056300e-02,8.08593750000000000e-01,3.19223620511745216e+17
-6.40568928626056300e-02,8.16406250000000000e-01,3.10684090828396096e+17
-6.40568928626056300e-02,8.24218750000000000e-01,3.02129842378376128e+17
-6.40568928626056300e-02,8.32031250000000000e-01,2.93559138673351488e+17
-6.40568928626056300e-02,8.39843750000000000e-01,2.84969983594108256e+17
-6.40568928626056300e-02,8.47656250000000000e-01,2.76360070864950144e+17
-6.40568928626056300e-02,8.55468750000000000e-01,2.67726719428363008e+17
-6.40568928626056300e-02,8.63281250000000000e-01,2.59066788098045792e+17
-6.40568928626056300e-02,8.71093750000000000e-01,2.50376557998195104e+17
-6.40568928626056300e-02,8.78906250000000000e-01,2.41651562040941600e+17
-6.40568928626056300e-02,8.86718750000000000e-01,2.32886322849781760e+17
-6.40568928626056300e-02,8.94531250000000000e-01,2.24073925808371616e+17
-6.40568928626056300e-02,9.02343750000000000e-01,2.15205285904780640e+17
-6.40568928626056300e-02,9.10156250000000000e-01,2.06267833324720000e+17
-6.40568928626056300e-02,9.17968750000000000e-01,1.97243079167110784e+17
-6.40568928626056300e-02,9.25781250000000000e-01,1.88102002243383072e+17
-6.40568928626056300e-02,9.33593750000000000e-01,1.78796169358530592e+17
-6.40568928626056300e-02,9.41406250000000000e-01,1.69240467243735552e+17
-6.40568928626056300e-02,9.49218750000000000e-01,1.59279299468974048e+17
-6.40568928626056300e-02,9.57031250000000000e-01,1.48620136179866784e+17
-6.40568928626056300e-02,9.64843750000000000e-01,1.36702537542977456e+17
-6.40568928626056300e-02,9.72656250000000000e-01,1.22439559208848656e+17
-6.40568928626056300e-02,9.80468750000000000e-01,1.03706654962477664e+17
-6.40568928626056300e-02,9.88281250000000000e-01,7.63308514939578720e+16
-6.40568928626056300e-02,9.96093750000000000e-01,3.20907502068378400e+16
6.40568928626056300e-02,-9.96093750000000000e-01,1.67372295843328154e+18
6.40568928626056300e-02,-9.88281250000000000e-01,1.65288634944880256e+18
6.40568928626056300e-02,-9.80468750000000000e-01,1.63558849728328755e+18
6.40568928626056300e-02,-9.72656250000000000e-01,1.62111463808729779e+18
6.40568928626056300e-02,-9.64843750000000000e-01,1.60889542387116390e+18
6.40568928626056300e-02,-9.57031250000000000e-01,1.59847727704944358e+18
6.40568928626056300e-02,-9.49218750000000000e-01,1.58949879265190605e+18
6.40568928626056300e-02,-9.41406250000000000e-01,1.58167195420889651e+18
6.40568928626056300e-02,-9.33593750000000000e-01,1.57476718112706867e+18
6.40568928626056300e-02,-9.25781250000000000e-01,1.56860142579434445e+18
6.40568928626056300e-02,-9.17968750000000000e-01,1.56302869817657958e+18
6.40568928626056300e-02,-9.10156250000000000e-01,1.55793252263900902e+18
6.40568928626056300e-02,-9.02343750000000000e-01,1.55321993278607155e+18
6.40568928626056300e-02,-8.94531250000000000e-01,1.54881669055106176e+18
6.40568928626056300e-02,-8.86718750000000000e-01,1.54466347979062246e+18
6.40568928626056300e-02,-8.78906250000000000e-01,1.54071287559795840e+18
6.40568928626056300e-02,-8.71093750000000000e-01,1.53692693110888218e+18
6.40568928626056300e-02,-8.63281250000000000e-01,1.53327525585840026e+18
6.40568928626056300e-02,-8.55468750000000000e-01,1.52973348544145741e+18
6.40568928626056300e-02,-8.47656250000000000e-01,1.52628206268401690e+18
6.40568928626056300e-02,-8.39843750000000000e-01,1.52290526680983066e+18
6.40568928626056300e-02,-8.32031250000000000e-01,1.51959044004564634e+18
6.40568928626056300e-02,-8.24218750000000000e-01,1.51632737142112026e+18
6.40568928626056300e-02,-8.16406250000000000e-01,1.51310780572879437e+18
6.40568928626056300e-02,-8.08593750000000000e-01,1.50992505214362906e+18
6.40568928626056300e-02,-8.00781250000000000e-01,1.50677367220253850e+18
6.40568928626056300e-02,-7.92968750000000000e-01,1.50364923098417690e+18
6.40568928626056300e-02,-7.85156250000000000e-01,1.50054809862442086e+18
6.40568928626056300e-02,-7.77343750000000000e-01,1.49746729192593818e+18
6.40568928626056300e-02,-7.69531250000000000e-01,1.49440434790806221e+18
6.40568928626056300e-02,-7.61718750000000000e-01,1.49135722280513792e+18
6.40568928626056300e-02,-7.53906250000000000e-01,1.48832421134442470e+18
6.40568928626056300e-02,-7.46093750000000000e-01,1.48530388218774733e+18
6.40568928626056300e-02,-7.38281250000000000e-01,1.48229502625939302e+18
6.40568928626056300e-02,-7.30468750000000000e-01,1.47929661535010918e+18
6.40568928626056300e-02,-7.22656250000000000e-01,1.47630776891834189e+18
6.40568928626056300e-02,-7.14843750000000000e-01,1.47332772743279258e+18
6.40568928626056300e-02,-7.07031250000000000e-01,1.47035583093713254e+18
6.40568928626056300e-02,-6.99218750000000000e-01,1.46739150178579610e+18
6.40568928626056300e-02,-6.91406250000000000e-01,1.46443423071325389e+18
6.40568928626056300e-02,-6.83593750000000000e-01,1.46148356556915584e+18
6.40568928626056300e-02,-6.75781250000000000e-01,1.45853910218707584e+18
6.40568928626056300e-02,-6.67968750000000000e-01,1.45560047696240589e+18
6.40568928626056300e-02,-6.60156250000000000e-01,1.45266736080080768e+18
6.40568928626056300e-02,-6.52343750000000000e-01,1.44973945416700442e+18
6.40568928626056300e-02,-6.44531250000000000e-01,1.44681648301820672e+18
6.40568928626056300e-02,-6.36718750000000000e-01,1.44389819544986163e+18
6.40568928626056300e-02,-6.28906250000000000e-01,1.44098435891601152e+18
6.40568928626056300e-02,-6.21093750000000000e-01,1.43807475791414528e+18
6.40568928626056300e-02,-6.13281250000000000e-01,1.43516919204638003e+18
6.40568928626056300e-02,-6.05468750000000000e-01,1.43226747438637542e+18
6.40568928626056300e-02,-5.97656250000000000e-01,1.42936943009535155e+18
6.40568928626056300e-02,-5.89843750000000000e-01,1.42647489524175155e+18
6.40568928626056300e-02,-5.82031250000000000e-01,1.42358371578800230e+18
6.40568928626056300e-02,-5.74218750000000000e-01,1.42069574671494477e+18
6.40568928626056300e-02,-5.66406250000000000e-01,1.41781085126019533e+18
6.40568928626056300e-02,-5.58593750000000000e-01,1.41492890025125171e+18
6.40568928626056300e-02,-5.50781250000000000e-01,1.41204977151780378e+18
6.40568928626056300e-02,-5.42968750000000000e-01,1.40917334937061274e+18
6.40568928626056300e-02,-5.35156250000000000e-01,1.40629952413668736e+18
6.40568928626056300e-02,-5.27343750000000000e-01,1.40342819174234010e+18
6.40568928626056300e-02,-5.19531250000000000e-01,1.40055925333723290e+18
6.40568928626056300e-02,-5.11718750000000000e-01,1.39769261495373568e+18
6.40568928626056300e-02,-5.03906250000000000e-01,1.39482818719689856e+18
6.40568928626056300e-02,-4.96093750000000000e-01,1.39196588496113126e+18
6.40568928626056300e-02,-4.88281250000000000e-01,1.38910562717033677e+18
6.40568928626056300e-02,-4.80468750000000000e-01,1.38624733653875430e+18
6.40568928626056300e-02,-4.72656250000000000e-01,1.38339093935020211e+18
6.40568928626056300e-02,-4.64843750000000000e-01,1.38053636525375155e+18
6.40568928626056300e-02,-4.57031250000000000e-01,1.37768354707415629e+18
6.40568928626056300e-02,-4.49218750000000000e-01,1.37483242063558605e+18
6.40568928626056300e-02,-4.41406250000000000e-01,1.37198292459741773e+18
6.40568928626056300e-02,-4.33593750000000000e-01,1.36913500030098995e+18
6.40568928626056300e-02,-4.25781250000000000e-01,1.36628859162636672e+18
6.40568928626056300e-02,-4.17968750000000000e-01,1.36344364485826944e+18
6.40568928626056300e-02,-4.10156250000000000e-01,1.36060010856042291e+18
6.40568928626056300e-02,-4.02343750000000000e-01,1.35775793345765581e+18
6.40568928626056300e-02,-3.94531250000000000e-01,1.35491707232515123e+18
6.40568928626056300e-02,-3.86718750000000000e-01,1.35207747988431027e+18
6.40568928626056300e-02,-3.78906250000000000e-01,1.34923911270473933e+18
6.40568928626056300e-02,-3.71093750000000000e-01,1.34640192911191424e+18
6.40568928626056300e-02,-3.63281250000000000e-01,1.34356588910011878e+18
6.40568928626056300e-02,-3.55468750000000000e-01,1.34073095425027533e+18
6.40568928626056300e-02,-3.47656250000000000e-01,1.33789708765232870e+18
6.40568928626056300e-02,-3.39843750000000000e-01,1.33506425383185843e+18
6.40568928626056300e-02,-3.32031250000000000e-01,1.33223241868062259e+18
6.40568928626056300e-02,-3.24218750000000000e-01,1.32940154939074816e+18
6.40568928626056300e-02,-3.16406250000000000e-01,1.32657161439230285e+18
6.40568928626056300e-02,-3.08593750000000000e-01,1.32374258329399603e+18
6.40568928626056300e-02,-3.00781250000000000e-01,1.32091442682675942e+18
6.40568928626056300e-02,-2.92968750000000000e-01,1.31808711678996915e+18
6.40568928626056300e-02,-2.85156250000000000e-01,1.31526062600007526e+18
6.40568928626056300e-02,-2.77343750000000000e-01,1.31243492824139392e+18
6.40568928626056300e-02,-2.69531250000000000e-01,1.30960999821881933e+18
6.40568928626056300e-02,-2.61718750000000000e-01,1.30678581151220301e+18
6.40568928626056300e-02,-2.53906250000000000e-01,1.30396234453211571e+18
6.40568928626056300e-02,-2.46093750000000000e-01,1.30113957447670400e+18
6.40568928626056300e-02,-2.38281250000000000e-01,1.29831747928929638e+18
6.40568928626056300e-02,-2.30468750000000000e-01,1.29549603761638042e+18
6.40568928626056300e-02,-2.22656250000000000e-01,1.29267522876551424e+18
6.40568928626056300e-02,-2.14843750000000000e-01,1.28985503266263885e+18
6.40568928626056300e-02,-2.07031250000000000e-01,1.28703542980818176e+18
6.40568928626056300e-02,-1.99218750000000000e-01,1.28421640123119027e+18
6.40568928626056300e-02,-1.91406250000000000e-01,1.28139792844059162e+18
6.40568928626056300e-02,-1.83593750000000000e-01,1.27857999337244518e+18
6.40568928626056300e-02,-1.75781250000000000e-01,1.27576257833181926e+18
6.40568928626056300e-02,-1.67968750000000000e-01,1.27294566592757069e+18
6.40568928626056300e-02,-1.60156250000000000e-01,1.27012923899790643e+18
6.40568928626056300e-02,-1.52343750000000000e-01,1.26731328052407475e+18
6.40568928626056300e-02,-1.44531250000000000e-01,1.26449777352888525e+18
6.40568928626056300e-02,-1.36718750000000000e-01,1.26168270095591885e+18
6.40568928626056300e-02,-1.28906250000000000e-01,1.25886804552426010e+18
6.40568928626056300e-02,-1.21093750000000000e-01,1.25605378955227366e+18
6.40568928626056300e-02,-1.13281250000000000e-01,1.25323991474230093e+18
6.40568928626056300e-02,-1.05468750000000000e-01,1.25042640191609318e+18
6.40568928626056300e-02,-9.76562500000000000e-02,1.24761323068821043e+18
6.40568928626056300e-02,-8.98437500000000000e-02,1.24480037906134093e+18
6.40568928626056300e-02,-8.20312500000000000e-02,1.24198782292342016e+18
6.40568928626056300e-02,-7.42187500000000000e-02,1.23917553542127334e+18
6.40568928626056300e-02,-6.64062500000000000e-02,1.23636348617904640e+18
6.40568928626056300e-02,-5.85937500000000000e-02,1.23355164032157466e+18
6.40568928626056300e-02,-5.07812500000000000e-02,1.23073995725263104e+18
6.40568928626056300e-02,-4.29687500000000000e-02,1.22792838912518682e+18
6.40568928626056300e-02,-3.51562500000000000e-02,1.22511687892471142e+18
6.40568928626056300e-02,-2.73437500000000000e-02,1.22230535806630963e+18
6.40568928626056300e-02,-1.95312500000000000e-02,1.21949374338108467e+18
6.40568928626056300e-02,-1.17187500000000000e-02,1.21668193333517440e+18
6.40568928626056300e-02,-3.90625000000000000e-03,1.21386980328480000e+18
6.40568928626056300e-02,3.90625000000000000e-03,1.20792952049586304e+18
6.40568928626056300e-02,1.17187500000000000e-02,1.19967646040083712e+18
6.40568928626056300e-02,1.95312500000000000e-02,1.19134526440418458e+18
6.40568928626056300e-02,2.73437500000000000e-02,1.18297531291288550e+18
6.40568928626056300e-02,3.51562500000000000e-02,1.17458646360034739e+18
6.40568928626056300e-02,4.29687500000000000e-02,1.16618871259520179e+18
6.40568928626056300e-02,5.07812500000000000e-02,1.15778707479330150e+18
6.40568928626056300e-02,5.85937500000000000e-02,1.14938404933664730e+18
6.40568928626056300e-02,6.64062500000000000e-02,1.14098086529254298e+18
6.40568928626056300e-02,7.42187500000000000e-02,1.13257811113045235e+18
6.40568928626056300e-02,8.20312500000000000e-02,1.12417605287771891e+18
6.40568928626056300e-02,8.98437500000000000e-02,1.11577479496038554e+18
6.40568928626056300e-02,9.76562500000000000e-02,1.10737436152987942e+18
6.40568928626056300e-02,1.05468750000000000e-01,1.09897473758420659e+18
6.40568928626056300e-02,1.13281250000000000e-01,1.09057588974836096e+18
6.40568928626056300e-02,1.21093750000000000e-01,1.08217777675580659e+18
6.40568928626056300e-02,1.28906250000000000e-01,1.07378035470978074e+18
6.40568928626056300e-02,1.36718750000000000e-01,1.06538357969490099e+18
6.40568928626056300e-02,1.44531250000000000e-01,1.05698740904150387e+18
6.40568928626056300e-02,1.52343750000000000e-01,1.04859180190370560e+18
6.40568928626056300e-02,1.60156250000000000e-01,1.04019671948744269e+18
6.40568928626056300e-02,1.67968750000000000e-01,1.03180212510013568e+18
6.40568928626056300e-02,1.75781250000000000e-01,1.02340798411001178e+18
6.40568928626056300e-02,1.83593750000000000e-01,1.01501426386051405e+18
6.40568928626056300e-02,1.91406250000000000e-01,1.00662093356344742e+18
6.40568928626056300e-02,1.99218750000000000e-01,9.98227964183260800e+17
6.40568928626056300e-02,2.07031250000000000e-01,9.89835328319044224e+17
6.40568928626056300e-02,2.14843750000000000e-01,9.81443000087726848e+17
6.40568928626056300e-02,2.22656250000000000e-01,9.73050955010319744e+17
6.40568928626056300e-02,2.30468750000000000e-01,9.64659169902136320e+17
6.40568928626056300e-02,2.38281250000000000e-01,9.56267622767404288e+17
6.40568928626056300e-02,2.46093750000000000e-01,9.47876292698397440e+17
6.40568928626056300e-02,2.53906250000000000e-01,9.39485159779021952e+17
6.40568928626056300e-02,2.61718750000000000e-01,9.31094204992689664e+17
6.40568928626056300e-02,2.69531250000000000e-01,9.22703410134235648e+17
6.40568928626056300e-02,2.77343750000000000e-01,9.14312757725593600e+17
6.40568928626056300e-02,2.85156250000000000e-01,9.05922230934919296e+17
6.40568928626056300e-02,2.92968750000000000e-01,8.97531813498824064e+17
6.40568928626056300e-02,3.00781250000000000e-01,8.89141489647381248e+17
6.40568928626056300e-02,3.08593750000000000e-01,8.80751244031552896e+17
6.40568928626056300e-02,3.16406250000000000e-01,8.72361061652688384e+17
6.40568928626056300e-02,3.24218750000000000e-01,8.63970927793738624e+17
6.40568928626056300e-02,3.32031250000000000e-01,8.55580827951832448e+17
6.40568928626056300e-02,3.39843750000000000e-01,8.47190747771861632e+17
6.40568928626056300e-02,3.47656250000000000e-01,8.38800672980712704e+17
6.40568928626056300e-02,3.55468750000000000e-01,8.30410589321790848e+17
6.40568928626056300e-02,3.63281250000000000e-01,8.22020482489469568e+17
6.40568928626056300e-02,3.71093750000000000e-01,8.13630338063092736e+17
6.40568928626056300e-02,3.78906250000000000e-01,8.05240141440156928e+17
6.40568928626056300e-02,3.86718750000000000e-01,7.96849877768280832e+17
6.40568928626056300e-02,3.94531250000000000e-01,7.88459531875559808e+17
6.40568928626056300e-02,4.02343750000000000e-01,7.80069088198889088e+17
6.40568928626056300e-02,4.10156250000000000e-01,7.71678530709818240e+17
6.40568928626056300e-02,4.17968750000000000e-01,7.63287842837474560e+17
6.40568928626056300e-02,4.25781250000000000e-01,7.54897007388071552e+17
6.40568928626056300e-02,4.33593750000000000e-01,7.46506006460481280e+17
6.40568928626056300e-02,4.41406250000000000e-01,7.38114821357323520e+17
6.40568928626056300e-02,4.49218750000000000e-01,7.29723432490971648e+17
6.40568928626056300e-02,4.57031250000000000e-01,7.21331819283840000e+17
6.40568928626056300e-02,4.64843750000000000e-01,7.12939960062259840e+17
6.40568928626056300e-02,4.72656250000000000e-01,7.04547831943190400e+17
6.40568928626056300e-02,4.80468750000000000e-01,6.96155410712948736e+17
6.40568928626056300e-02,4.88281250000000000e-01,6.87762670697064064e+17
6.40568928626056300e-02,4.96093750000000000e-01,6.79369584620272896e+17
6.40568928626056300e-02,5.03906250000000000e-01,6.70976123455581696e+17
6.40568928626056300e-02,5.11718750000000000e-01,6.62582256261207296e+17
6.40568928626056300e-02,5.19531250000000000e-01,6.54187950004087424e+17
6.40568928626056300e-02,5.27343750000000000e-01,6.45793169368511232e+17
6.40568928626056300e-02,5.35156250000000000e-01,6.37397876548261632e+17
6.40568928626056300e-02,5.42968750000000000e-01,6.29002031020484224e+17
6.40568928626056300e-02,5.50781250000000000e-01,6.20605589299294592e+17
6.40568928626056300e-02,5.58593750000000000e-01,6.12208504666904192e+17
6.40568928626056300e-02,5.66406250000000000e-01,6.03810726879783936e+17
6.40568928626056300e-02,5.74218750000000000e-01,5.95412201847088512e+17
6.40568928626056300e-02,5.82031250000000000e-01,5.87012871278219776e+17
6.40568928626056300e-02,5.89843750000000000e-01,5.78612672296022144e+17
6.40568928626056300e-02,5.97656250000000000e-01,5.70211537011651840e+17
6.40568928626056300e-02,6.05468750000000000e-01,5.61809392056654336e+17
6.40568928626056300e-02,6.13281250000000000e-01,5.53406158067184704e+17
6.40568928626056300e-02,6.21093750000000000e-01,5.45001749114631808e+17
6.40568928626056300e-02,6.28906250000000000e-01,5.36596072076106496e+17
6.40568928626056300e-02,6.36718750000000000e-01,5.28189025937344256e+17
6.40568928626056300e-02,6.44531250000000000e-01,5.19780501019493120e+17
6.40568928626056300e-02,6.52343750000000000e-01,5.11370378120016320e+17
6.40568928626056300e-02,6.60156250000000000e-01,5.02958527556470336e+17
6.40568928626056300e-02,6.67968750000000000e-01,4.94544808100196928e+17
6.40568928626056300e-02,6.75781250000000000e-01,4.86129065784944832e+17
6.40568928626056300e-02,6.83593750000000000e-01,4.77711132573036352e+17
6.40568928626056300e-02,6.91406250000000000e-01,4.69290824858850304e+17
6.40568928626056300e-02,6.99218750000000000e-01,4.60867941786016768e+17
6.40568928626056300e-02,7.07031250000000000e-01,4.52442263350679360e+17
6.40568928626056300e-02,7.14843750000000000e-01,4.44013548258359296e+17
6.40568928626056300e-02,7.22656250000000000e-01,4.35581531496160128e+17
6.40568928626056300e-02,7.30468750000000000e-01,4.27145921575082944e+17
6.40568928626056300e-02,7.38281250000000000e-01,4.18706397388806656e+17
6.40568928626056300e-02,7.46093750000000000e-01,4.10262604625105856e+17
6.40568928626056300e-02,7.53906250000000000e-01,4.01814151653726912e+17
6.40568928626056300e-02,7.61718750000000000e-01,3.93360604799505152e+17
6.40568928626056300e-02,7.69531250000000000e-01,3.84901482891179392e+17
6.40568928626056300e-02,7.77343750000000000e-01,3.76436250953940864e+17
6.40568928626056300e-02,7.85156250000000000e-01,3.67964312886271040e+17
6.40568928626056300e-02,7.92968750000000000e-01,3.59485002927846656e+17
6.40568928626056300e-02,8.00781250000000000e-01,3.50997575683635904e+17
6.40568928626056300e-02,8.08593750000000000e-01,3.42501194417782336e+17
6.40568928626056300e-02,8.16406250000000000e-01,3.33994917266827392e+17
6.40568928626056300e-02,8.24218750000000000e-01,3.25477680941762368e+17
6.40568928626056300e-02,8.32031250000000000e-01,3.16948281387498368e+17
6.40568928626056300e-02,8.39843750000000000e-01,3.08405350739688448e+17
6.40568928626056300e-02,8.47656250000000000e-01,2.99847329752054336e+17
6.40568928626056300e-02,8.55468750000000000e-01,2.91272434646040896e+17
6.40568928626056300e-02,8.63281250000000000e-01,2.82678617031425792e+17
6.40568928626056300e-02,8.71093750000000000e-01,2.74063515113778496e+17
6.40568928626056300e-02,8.78906250000000000e-01,2.65424393756163328e+17
6.40568928626056300e-02,8.86718750000000000e-01,2.56758069937576320e+17
6.40568928626056300e-02,8.94531250000000000e-01,2.48060818443980704e+17
6.40568928626056300e-02,9.02343750000000000e-01,2.39328249650864832e+17
6.40568928626056300e-02,9.10156250000000000e-01,2.30555145863572192e+17
6.40568928626056300e-02,9.17968750000000000e-01,2.21735232630412544e+17
6.40568928626056300e-02,9.25781250000000000e-01,2.12860842324436672e+17
6.40568928626056300e-02,9.33593750000000000e-01,2.03922390411868864e+17
6.40568928626056300e-02,9.41406250000000000e-01,1.94907513030306848e+17
6.40568928626056300e-02,9.49218750000000000e-01,1.85799573877190656e+17
6.40568928626056300e-02,9.57031250000000000e-01,1.76574971894232896e+17
6.40568928626056300e-02,9.64843750000000000e-01,1.67198136138295040e+17
6.40568928626056300e-02,9.72656250000000000e-01,1.57612017956784608e+17
6.40568928626056300e-02,9.80468750000000000e-01,1.47719763354402496e+17
6.40568928626056300e-02,9.88281250000000000e-01,1.37349041285090208e+17
6.40568928626056300e-02,9.96093750000000000e-01,1.26182179446473664e+17
1.91118867473616311e-01,-9.96093750000000000e-01,1.68142681097021286e+18
1.91118867473616311e-01,-9.88281250000000000e-01,1.67326995098757325e+18
1.91118867473616311e-01,-9.80468750000000000e-01,1.66540084999234432e+18
1.91118867473616311e-01,-9.72656250000000000e-01,1.65781554139761459e+18
1.91118867473616311e-01,-9.64843750000000000e-01,1.65050698829470976e+18
1.91118867473616311e-01,-9.57031250000000000e-01,1.64346599027347635e+18
1.91118867473616311e-01,-9.49218750000000000e-01,1.63668188475362662e+18
1.91118867473616311e-01,-9.41406250000000000e-01,1.63014308625816064e+18
1.91118867473616311e-01,-9.33593750000000000e-01,1.62383749808701082e+18
1.91118867473616311e-01,-9.25781250000000000e-01,1.61775282371535258e+18
1.91118867473616311e-01,-9.17968750000000000e-01,1.61187679957056410e+18
1.91118867473616311e-01,-9.10156250000000000e-01,1.60619736633549338e+18
1.91118867473616311e-01,-9.02343750000000000e-01,1.60070279234535424e+18
1.91118867473616311e-01,-8.94531250000000000e-01,1.59538175980187034e+18
1.91118867473616311e-01,-8.86718750000000000e-01,1.59022342227037363e+18
1.91118867473616311e-01,-8.78906250000000000e-01,1.58521744013357235e+18
1.91118867473616311e-01,-8.71093750000000000e-01,1.58035399925409690e+18
1.91118867473616311e-01,-8.63281250000000000e-01,1.57562381697085645e+18
1.91118867473616311e-01,-8.55468750000000000e-01,1.57101813866120090e+18
1.91118867473616311e-01,-8.47656250000000000e-01,1.56652872739387136e+18
1.91118867473616311e-01,-8.39843750000000000e-01,1.56214784863846246e+18
1.91118867473616311e-01,-8.32031250000000000e-01,1.55786825155523686e+18
1.91118867473616311e-01,-8.24218750000000000e-01,1.55368314804040243e+18
1.91118867473616311e-01,-8.16406250000000000e-01,1.54958619042717696e+18
1.91118867473616311e-01,-8.08593750000000000e-01,1.54557144852683341e+18
1.91118867473616311e-01,-8.00781250000000000e-01,1.54163338652426163e+18
1.91118867473616311e-01,-7.92968750000000000e-01,1.53776684010975462e+18
1.91118867473616311e-01,-7.85156250000000000e-01,1.53396699412505600e+18
1.91118867473616311e-01,-7.77343750000000000e-01,1.53022936092108237e+18
1.91118867473616311e-01,-7.69531250000000000e-01,1.52654975956230502e+18
1.91118867473616311e-01,-7.61718750000000000e-01,1.52292429596472883e+18
1.91118867473616311e-01,-7.53906250000000000e-01,1.51934934401766195e+18
1.91118867473616311e-01,-7.46093750000000000e-01,1.51582152771160909e+18
1.91118867473616311e-01,-7.38281250000000000e-01,1.51233770427376538e+18
1.91118867473616311e-01,-7.30468750000000000e-01,1.50889494829714586e+18
1.91118867473616311e-01,-7.22656250000000000e-01,1.50549053683824640e+18
1.91118867473616311e-01,-7.14843750000000000e-01,1.50212193545025741e+18
1.91118867473616311e-01,-7.07031250000000000e-01,1.49878678511356237e+18
1.91118867473616311e-01,-6.99218750000000000e-01,1.49548289002190643e+18
1.91118867473616311e-01,-6.91406250000000000e-01,1.49220820618079181e+18
1.91118867473616311e-01,-6.83593750000000000e-01,1.48896083077393997e+18
1.91118867473616311e-01,-6.75781250000000000e-01,1.48573899225380557e+18
1.91118867473616311e-01,-6.67968750000000000e-01,1.48254104111288909e+18
1.91118867473616311e-01,-6.60156250000000000e-01,1.47936544129379891e+18
1.91118867473616311e-01,-6.52343750000000000e-01,1.47621076219753702e+18
1.91118867473616311e-01,-6.44531250000000000e-01,1.47307567125120742e+18
1.91118867473616311e-01,-6.36718750000000000e-01,1.46995892699819802e+18
1.91118867473616311e-01,-6.28906250000000000e-01,1.46685937267581158e+18
1.91118867473616311e-01,-6.21093750000000000e-01,1.46377593024725248e+18
1.91118867473616311e-01,-6.13281250000000000e-01,1.46070759485680691e+18
1.91118867473616311e-01,-6.05468750000000000e-01,1.45765342967893402e+18
1.91118867473616311e-01,-5.97656250000000000e-01,1.45461256113381734e+18
1.91118867473616311e-01,-5.89843750000000000e-01,1.45158417444368077e+18
1.91118867473616311e-01,-5.82031250000000000e-01,1.44856750950585216e+18
1.91118867473616311e-01,-5.74218750000000000e-01,1.44556185706016205e+18
1.91118867473616311e-01,-5.66406250000000000e-01,1.44256655512976538e+18
1.91118867473616311e-01,-5.58593750000000000e-01,1.43958098571591808e+18
1.91118867473616311e-01,-5.50781250000000000e-01,1.43660457172856781e+18
1.91118867473616311e-01,-5.42968750000000000e-01,1.43363677413589350e+18
1.91118867473616311e-01,-5.35156250000000000e-01,1.43067708931709670e+18
1.91118867473616311e-01,-5.27343750000000000e-01,1.42772504660386867e+18
1.91118867473616311e-01,-5.19531250000000000e-01,1.42478020599697306e+18
1.91118867473616311e-01,-5.11718750000000000e-01,1.42184215604536525e+18
1.91118867473616311e-01,-5.03906250000000000e-01,1.41891051187615130e+18
1.91118867473616311e-01,-4.96093750000000000e-01,1.41598491336453837e+18
1.91118867473616311e-01,-4.88281250000000000e-01,1.41306502343369882e+18
1.91118867473616311e-01,-4.80468750000000000e-01,1.41015052647520282e+18
1.91118867473616311e-01,-4.72656250000000000e-01,1.40724112688133658e+18
1.91118867473616311e-01,-4.64843750000000000e-01,1.40433654768125901e+18
1.91118867473616311e-01,-4.57031250000000000e-01,1.40143652927352550e+18
1.91118867473616311e-01,-4.49218750000000000e-01,1.39854082824804659e+18
1.91118867473616311e-01,-4.41406250000000000e-01,1.39564921629105562e+18
1.91118867473616311e-01,-4.33593750000000000e-01,1.39276147916711552e+18
1.91118867473616311e-01,-4.25781250000000000e-01,1.38987741577263488e+18
1.91118867473616311e-01,-4.17968750000000000e-01,1.38699683725576141e+18
1.91118867473616311e-01,-4.10156250000000000e-01,1.38411956619788339e+18
1.91118867473616311e-01,-4.02343750000000000e-01,1.38124543585233254e+18
1.91118867473616311e-01,-3.94531250000000000e-01,1.37837428943618074e+18
1.91118867473616311e-01,-3.86718750000000000e-01,1.37550597947133235e+18
1.91118867473616311e-01,-3.78906250000000000e-01,1.37264036717138483e+18
1.91118867473616311e-01,-3.71093750000000000e-01,1.36977732187098291e+18
1.91118867473616311e-01,-3.63281250000000000e-01,1.36691672049462886e+18
1.91118867473616311e-01,-3.55468750000000000e-01,1.36405844706213094e+18
1.91118867473616311e-01,-3.47656250000000000e-01,1.36120239222807014e+18
1.91118867473616311e-01,-3.39843750000000000e-01,1.35834845285286195e+18
1.91118867473616311e-01,-3.32031250000000000e-01,1.35549653160314547e+18
1.91118867473616311e-01,-3.24218750000000000e-01,1.35264653657941914e+18
1.91118867473616311e-01,-3.16406250000000000e-01,1.34979838096895821e+18
1.91118867473616311e-01,-3.08593750000000000e-01,1.34695198272221594e+18
1.91118867473616311e-01,-3.00781250000000000e-01,1.34410726425101210e+18
1.91118867473616311e-01,-2.92968750000000000e-01,1.34126415214694400e+18
1.91118867473616311e-01,-2.85156250000000000e-01,1.33842257691855181e+18
1.91118867473616311e-01,-2.77343750000000000e-01,1.33558247274586931e+18
1.91118867473616311e-01,-2.69531250000000000e-01,1.33274377725107021e+18
1.91118867473616311e-01,-2.61718750000000000e-01,1.32990643128401818e+18
1.91118867473616311e-01,-2.53906250000000000e-01,1.32707037872156723e+18
1.91118867473616311e-01,-2.46093750000000000e-01,1.32423556627954202e+18
1.91118867473616311e-01,-2.38281250000000000e-01,1.32140194333636634e+18
1.91118867473616311e-01,-2.30468750000000000e-01,1.31856946176734259e+18
1.91118867473616311e-01,-2.22656250000000000e-01,1.31573807578862259e+18
1.91118867473616311e-01,-2.14843750000000000e-01,1.31290774180990618e+18
1.91118867473616311e-01,-2.07031250000000000e-01,1.31007841829491968e+18
1.91118867473616311e-01,-1.99218750000000000e-01,1.30725006562869376e+18
1.91118867473616311e-01,-1.91406250000000000e-01,1.30442264599062016e+18
1.91118867473616311e-01,-1.83593750000000000e-01,1.30159612323220992e+18
1.91118867473616311e-01,-1.75781250000000000e-01,1.29877046275836442e+18
1.91118867473616311e-01,-1.67968750000000000e-01,1.29594563141084928e+18
1.91118867473616311e-01,-1.60156250000000000e-01,1.29312159735247130e+18
1.91118867473616311e-01,-1.52343750000000000e-01,1.29029832995022362e+18
1.91118867473616311e-01,-1.44531250000000000e-01,1.28747579965536077e+18
1.91118867473616311e-01,-1.36718750000000000e-01,1.28465397787795635e+18
1.91118867473616311e-01,-1.28906250000000000e-01,1.28183283685300122e+18
1.91118867473616311e-01,-1.21093750000000000e-01,1.27901234949444429e+18
1.91118867473616311e-01,-1.13281250000000000e-01,1.27619248923276595e+18
1.91118867473616311e-01,-1.05468750000000000e-01,1.27337322983063501e+18
1.91118867473616311e-01,-9.76562500000000000e-02,1.27055454516989568e+18
1.91118867473616311e-01,-8.98437500000000000e-02,1.26773640900148019e+18
1.91118867473616311e-01,-8.20312500000000000e-02,1.26491879464777190e+18
1.91118867473616311e-01,-7.42187500000000000e-02,1.26210167464432358e+18
1.91118867473616311e-01,-6.64062500000000000e-02,1.25928502030456218e+18
1.91118867473616311e-01,-5.85937500000000000e-02,1.25646880118695603e+18
1.91118867473616311e-01,-5.07812500000000000e-02,1.25365298443895066e+18
1.91118867473616311e-01,-4.29687500000000000e-02,1.25083753398541926e+18
1.91118867473616311e-01,-3.51562500000000000e-02,1.24802240952118630e+18
1.91118867473616311e-01,-2.73437500000000000e-02,1.24520756525684301e+18
1.91118867473616311e-01,-1.95312500000000000e-02,1.24239294835412173e+18
1.91118867473616311e-01,-1.17187500000000000e-02,1.23957849697079347e+18
1.91118867473616311e-01,-3.90625000000000000e-03,1.23676413781458125e+18
1.91118867473616311e-01,3.90625000000000000e-03,1.23100218841075507e+18
1.91118867473616311e-01,1.17187500000000000e-02,1.22259784997007718e+18
1.91118867473616311e-01,1.95312500000000000e-02,1.21419369782280166e+18
1.91118867473616311e-01,2.73437500000000000e-02,1.20578918057702426e+18
1.91118867473616311e-01,3.51562500000000000e-02,1.19738426054983782e+18
1.91118867473616311e-01,4.29687500000000000e-02,1.18897909963798400e+18
1.91118867473616311e-01,5.07812500000000000e-02,1.18057391372774426e+18
1.91118867473616311e-01,5.85937500000000000e-02,1.17216890948274355e+18
1.91118867473616311e-01,6.64062500000000000e-02,1.16376426056188902e+18
1.91118867473616311e-01,7.42187500000000000e-02,1.15536010202774707e+18
1.91118867473616311e-01,8.20312500000000000e-02,1.14695653257636966e+18
1.91118867473616311e-01,8.98437500000000000e-02,1.13855361963597338e+18
1.91118867473616311e-01,9.76562500000000000e-02,1.13015140505873421e+18
1.91118867473616311e-01,1.05468750000000000e-01,1.12174991043528858e+18
1.91118867473616311e-01,1.13281250000000000e-01,1.11334914168376691e+18
1.91118867473616311e-01,1.21093750000000000e-01,1.10494909285005312e+18
1.91118867473616311e-01,1.28906250000000000e-01,1.09654974917647936e+18
1.91118867473616311e-01,1.36718750000000000e-01,1.08815108953852314e+18
1.91118867473616311e-01,1.44531250000000000e-01,1.07975308835573965e+18
1.91118867473616311e-01,1.52343750000000000e-01,1.07135571707487987e+18
1.91118867473616311e-01,1.60156250000000000e-01,1.06295894530968666e+18
1.91118867473616311e-01,1.67968750000000000e-01,1.05456274170773338e+18
1.91118867473616311e-01,1.75781250000000000e-01,1.04616707460170291e+18
1.91118867473616311e-01,1.83593750000000000e-01,1.03777191249134950e+18
1.91118867473616311e-01,1.91406250000000000e-01,1.02937722439308557e+18
1.91118867473616311e-01,1.99218750000000000e-01,1.02098298008654950e+18
1.91118867473616311e-01,2.07031250000000000e-01,1.01258915028137766e+18
1.91118867473616311e-01,2.14843750000000000e-01,1.00419570672250202e+18
1.91118867473616311e-01,2.22656250000000000e-01,9.95802622248373888e+17
1.91118867473616311e-01,2.30468750000000000e-01,9.87409870813405312e+17
1.91118867473616311e-01,2.38281250000000000e-01,9.79017427483452672e+17
1.91118867473616311e-01,2.46093750000000000e-01,9.70625268411213184e+17
1.91118867473616311e-01,2.53906250000000000e-01,9.62233370796865536e+17
1.91118867473616311e-01,2.61718750000000000e-01,9.53841712838060928e+17
1.91118867473616311e-01,2.69531250000000000e-01,9.45450273672417408e+17
1.91118867473616311e-01,2.77343750000000000e-01,9.37059033314909824e+17
1.91118867473616311e-01,2.85156250000000000e-01,9.28667972591954560e+17
1.91118867473616311e-01,2.92968750000000000e-01,9.20277073073521536e+17
1.91118867473616311e-01,3.00781250000000000e-01,9.11886317004239616e+17
1.91118867473616311e-01,3.08593750000000000e-01,9.03495687234173440e+17
1.91118867473616311e-01,3.16406250000000000e-01,8.95105167149724032e+17
1.91118867473616311e-01,3.24218750000000000e-01,8.86714740604936704e+17
1.91118867473616311e-01,3.32031250000000000e-01,8.78324391853347584e+17
1.91118867473616311e-01,3.39843750000000000e-01,8.69934105480409984e+17
1.91118867473616311e-01,3.47656250000000000e-01,8.61543866336441216e+17
1.91118867473616311e-01,3.55468750000000000e-01,8.53153659469974272e+17
1.91118867473616311e-01,3.63281250000000000e-01,8.44763470061336064e+17
1.91118867473616311e-01,3.71093750000000000e-01,8.36373283356238592e+17
1.91118867473616311e-01,3.78906250000000000e-01,8.27983084599125888e+17
1.91118867473616311e-01,3.86718750000000000e-01,8.19592858965992704e+17
1.91118867473616311e-01,3.94531250000000000e-01,8.11202591496360320e+17
1.91118867473616311e-01,4.02343750000000000e-01,8.02812267024071424e+17
1.91118867473616311e-01,4.10156250000000000e-01,7.94421870106538752e+17
1.91118867473616311e-01,4.17968750000000000e-01,7.86031384952058752e+17
1.91118867473616311e-01,4.25781250000000000e-01,7.77640795344774656e+17
1.91118867473616311e-01,4.33593750000000000e-01,7.69250084566844160e+17
1.91118867473616311e-01,4.41406250000000000e-01,7.60859235317338368e+17
1.91118867473616311e-01,4.49218750000000000e-01,7.52468229627364480e+17
1.91118867473616311e-01,4.57031250000000000e-01,7.44077048770865536e+17
1.91118867473616311e-01,4.64843750000000000e-01,7.35685673170510848e+17
1.91118867473616311e-01,4.72656250000000000e-01,7.27294082298042240e+17
1.91118867473616311e-01,4.80468750000000000e-01,7.18902254568388864e+17
1.91118867473616311e-01,4.88281250000000000e-01,7.10510167226803712e+17
1.91118867473616311e-01,4.96093750000000000e-01,7.02117796228207872e+17
1.91118867473616311e-01,5.03906250000000000e-01,6.93725116107851136e+17
1.91118867473616311e-01,5.11718750000000000e-01,6.85332099842316032e+17
1.91118867473616311e-01,5.19531250000000000e-01,6.76938718699791744e+17
1.91118867473616311e-01,5.27343750000000000e-01,6.68544942078436864e+17
1.91118867473616311e-01,5.35156250000000000e-01,6.60150737331529728e+17
1.91118867473616311e-01,5.42968750000000000e-01,6.51756069577960832e+17
1.91118867473616311e-01,5.50781250000000000e-01,6.43360901496468480e+17
1.91118867473616311e-01,5.58593750000000000e-01,6.34965193101838464e+17
1.91118867473616311e-01,5.66406250000000000e-01,6.26568901501086720e+17
1.91118867473616311e-01,5.74218750000000000e-01,6.18171980627411072e+17
1.91118867473616311e-01,5.82031250000000000e-01,6.09774380949439872e+17
1.91118867473616311e-01,5.89843750000000000e-01,6.01376049153001344e+17
1.91118867473616311e-01,5.97656250000000000e-01,5.92976927792298368e+17
1.91118867473616311e-01,6.05468750000000000e-01,5.84576954906979328e+17
1.91118867473616311e-01,6.13281250000000000e-01,5.76176063601144320e+17
1.91118867473616311e-01,6.21093750000000000e-01,5.67774181579810368e+17
1.91118867473616311e-01,6.28906250000000000e-01,5.59371230637757312e+17
1.91118867473616311e-01,6.36718750000000000e-01,5.50967126094984448e+17
1.91118867473616311e-01,6.44531250000000000e-01,5.42561776172206016e+17
1.91118867473616311e-01,6.52343750000000000e-01,5.34155081298874304e+17
1.91118867473616311e-01,6.60156250000000000e-01,5.25746933345135040e+17
1.91118867473616311e-01,6.67968750000000000e-01,5.17337214767834176e+17
1.91118867473616311e-01,6.75781250000000000e-01,5.08925797659204864e+17
1.91118867473616311e-01,6.83593750000000000e-01,5.00512542685091200e+17
1.91118867473616311e-01,6.91406250000000000e-01,4.92097297897487680e+17
1.91118867473616311e-01,6.99218750000000000e-01,4.83679897403699328e+17
1.91118867473616311e-01,7.07031250000000000e-01,4.75260159871498304e+17
1.91118867473616311e-01,7.14843750000000000e-01,4.66837886846152256e+17
1.91118867473616311e-01,7.22656250000000000e-01,4.58412860851022720e+17
1.91118867473616311e-01,7.30468750000000000e-01,4.49984843238420096e+17
1.91118867473616311e-01,7.38281250000000000e-01,4.41553571751371968e+17
1.91118867473616311e-01,7.46093750000000000e-01,4.33118757749700544e+17
1.91118867473616311e-01,7.53906250000000000e-01,4.24680083045009408e+17
1.91118867473616311e-01,7.61718750000000000e-01,4.16237196278531968e+17
1.91118867473616311e-01,7.69531250000000000e-01,4.07789708762832896e+17
1.91118867473616311e-01,7.77343750000000000e-01,3.99337189692569152e+17
1.91118867473616311e-01,7.85156250000000000e-01,3.90879160610217152e+17
1.91118867473616311e-01,7.92968750000000000e-01,3.82415088989028224e+17
1.91118867473616311e-01,8.00781250000000000e-01,3.73944380766412800e+17
1.91118867473616311e-01,8.08593750000000000e-01,3.65466371625129728e+17
1.91118867473616311e-01,8.16406250000000000e-01,3.56980316775311360e+17
1.91118867473616311e-01,8.24218750000000000e-01,3.48485378935201792e+17
1.91118867473616311e-01,8.32031250000000000e-01,3.39980614139424192e+17
1.91118867473616311e-01,8.39843750000000000e-01,3.31464954916314432e+17
1.91118867473616311e-01,8.47656250000000000e-01,3.22937190264072832e+17
1.91118867473616311e-01,8.55468750000000000e-01,3.14395941709590208e+17
1.91118867473616311e-01,8.63281250000000000e-01,3.05839634538295360e+17
1.91118867473616311e-01,8.71093750000000000e-01,2.97266463011974336e+17
1.91118867473616311e-01,8.78906250000000000e-01,2.88674347997755008e+17
1.91118867473616311e-01,8.86718750000000000e-01,2.80060884830198016e+17
1.91118867473616311e-01,8.94531250000000000e-01,2.71423278259846720e+17
1.91118867473616311e-01,9.02343750000000000e-01,2.62758259699992832e+17
1.91118867473616311e-01,9.10156250000000000e-01,2.54061979077249920e+17
1.91118867473616311e-01,9.17968750000000000e-01,2.45329858266566592e+17
1.91118867473616311e-01,9.25781250000000000e-01,2.36556383083628928e+17
1.91118867473616311e-01,9.33593750000000000e-01,2.27734791661551584e+17
1.91118867473616311e-01,9.41406250000000000e-01,2.18856579965954048e+17
1.91118867473616311e-01,9.49218750000000000e-01,2.09910672844473536e+17
1.91118867473616311e-01,9.57031250000000000e-01,2.00881967047139712e+17
1.91118867473616311e-01,9.64843750000000000e-01,1.91748673213893696e+17
1.91118867473616311e-01,9.72656250000000000e-01,1.82477332589707456e+17
1.91118867473616311e-01,9.80468750000000000e-01,1.73013295360130624e+17
1.91118867473616311e-01,9.88281250000000000e-01,1.63262294782606848e+17
1.91118867473616311e-01,9.96093750000000000e-01,1.53054492986295552e+17
3.15042679696163397e-01,-9.96093750000000000e-01,1.68305491410340506e+18
3.15042679696163397e-01,-9.88281250000000000e-01,1.67794909744004557e+18
3.15042679696163397e-01,-9.80468750000000000e-01,1.67287298295165542e+18
3.15042679696163397e-01,-9.72656250000000000e-01,1.66783661846203725e+18
3.15042679696163397e-01,-9.64843750000000000e-01,1.66284748000806426e+18
3.15042679696163397e-01,-9.57031250000000000e-01,1.65791100690066816e+18
3.15042679696163397e-01,-9.49218750000000000e-01,1.65303102806667034e+18
3.15042679696163397e-01,-9.41406250000000000e-01,1.64821010176887834e+18
3.15042679696163397e-01,-9.33593750000000000e-01,1.64344978630144282e+18
3.15042679696163397e-01,-9.25781250000000000e-01,1.63875085567466598e+18
3.15042679696163397e-01,-9.17968750000000000e-01,1.63411347145107098e+18
3.15042679696163397e-01,-9.10156250000000000e-01,1.62953731962360627e+18
3.15042679696163397e-01,-9.02343750000000000e-01,1.62502171961872640e+18
3.15042679696163397e-01,-8.94531250000000000e-01,1.62056571106742374e+18
3.15042679696163397e-01,-8.86718750000000000e-01,1.61616812284087808e+18
3.15042679696163397e-01,-8.78906250000000000e-01,1.61182762793447219e+18
3.15042679696163397e-01,-8.71093750000000000e-01,1.60754278705689370e+18
3.15042679696163397e-01,-8.63281250000000000e-01,1.60331208320194893e+18
3.15042679696163397e-01,-8.55468750000000000e-01,1.59913394901947853e+18
3.15042679696163397e-01,-8.47656250000000000e-01,1.59500678843429606e+18
3.15042679696163397e-01,-8.39843750000000000e-01,1.59092899366929894e+18
3.15042679696163397e-01,-8.32031250000000000e-01,1.58689895859559194e+18
3.15042679696163397e-01,-8.24218750000000000e-01,1.58291508914653056e+18
3.15042679696163397e-01,-8.16406250000000000e-01,1.57897581138433664e+18
3.15042679696163397e-01,-8.08593750000000000e-01,1.57507957768976333e+18
3.15042679696163397e-01,-8.00781250000000000e-01,1.57122487145100314e+18
3.15042679696163397e-01,-7.92968750000000000e-01,1.56741021055282611e+18
3.15042679696163397e-01,-7.85156250000000000e-01,1.56363414990691661e+18
3.15042679696163397e-01,-7.77343750000000000e-01,1.55989528321644083e+18
3.15042679696163397e-01,-7.69531250000000000e-01,1.55619224412961613e+18
3.15042679696163397e-01,-7.61718750000000000e-01,1.55252370690644326e+18
3.15042679696163397e-01,-7.53906250000000000e-01,1.54888838669831834e+18
3.15042679696163397e-01,-7.46093750000000000e-01,1.54528503952065997e+18
3.15042679696163397e-01,-7.38281250000000000e-01,1.54171246198302106e+18
3.15042679696163397e-01,-7.30468750000000000e-01,1.53816949082859622e+18
3.15042679696163397e-01,-7.22656250000000000e-01,1.53465500232496640e+18
3.15042679696163397e-01,-7.14843750000000000e-01,1.53116791153982950e+18
3.15042679696163397e-01,-7.07031250000000000e-01,1.52770717152897869e+18
3.15042679696163397e-01,-6.99218750000000000e-01,1.52427177245854925e+18
3.15042679696163397e-01,-6.91406250000000000e-01,1.52086074067934310e+18
3.15042679696163397e-01,-6.83593750000000000e-01,1.51747313776764518e+18
3.15042679696163397e-01,-6.75781250000000000e-01,1.51410805954418714e+18
3.15042679696163397e-01,-6.67968750000000000e-01,1.51076463508069914e+18
3.15042679696163397e-01,-6.60156250000000000e-01,1.50744202570166963e+18
3.15042679696163397e-01,-6.52343750000000000e-01,1.50413942398748518e+18
3.15042679696163397e-01,-6.44531250000000000e-01,1.50085605278390886e+18
3.15042679696163397e-01,-6.36718750000000000e-01,1.49759116422189082e+18
3.15042679696163397e-01,-6.28906250000000000e-01,1.49434403875090099e+18
3.15042679696163397e-01,-6.21093750000000000e-01,1.49111398418832358e+18
3.15042679696163397e-01,-6.13281250000000000e-01,1.48790033478691226e+18
3.15042679696163397e-01,-6.05468750000000000e-01,1.48470245032186214e+18
3.15042679696163397e-01,-5.97656250000000000e-01,1.48151971519868749e+18
3.15042679696163397e-01,-5.89843750000000000e-01,1.47835153758279680e+18
3.15042679696163397e-01,-5.82031250000000000e-01,1.47519734855139866e+18
3.15042679696163397e-01,-5.74218750000000000e-01,1.47205660126817024e+18
3.15042679696163397e-01,-5.66406250000000000e-01,1.46892877018094054e+18
3.15042679696163397e-01,-5.58593750000000000e-01,1.46581335024250547e+18
3.15042679696163397e-01,-5.50781250000000000e-01,1.46270985615456205e+18
3.15042679696163397e-01,-5.42968750000000000e-01,1.45961782163465805e+18
3.15042679696163397e-01,-5.35156250000000000e-01,1.45653679870596326e+18
3.15042679696163397e-01,-5.27343750000000000e-01,1.45346635700960947e+18
3.15042679696163397e-01,-5.19531250000000000e-01,1.45040608313927603e+18
3.15042679696163397e-01,-5.11718750000000000e-01,1.44735557999766810e+18
3.15042679696163397e-01,-5.03906250000000000e-01,1.44431446617448064e+18
3.15042679696163397e-01,-4.96093750000000000e-01,1.44128237534542182e+18
3.15042679696163397e-01,-4.88281250000000000e-01,1.43825895569184077e+18
3.15042679696163397e-01,-4.80468750000000000e-01,1.43524386934048435e+18
3.15042679696163397e-01,-4.72656250000000000e-01,1.43223679182289536e+18
3.15042679696163397e-01,-4.64843750000000000e-01,1.42923741155395507e+18
3.15042679696163397e-01,-4.57031250000000000e-01,1.42624542932906010e+18
3.15042679696163397e-01,-4.49218750000000000e-01,1.42326055783942579e+18
3.15042679696163397e-01,-4.41406250000000000e-01,1.42028252120500378e+18
3.15042679696163397e-01,-4.33593750000000000e-01,1.41731105452449766e+18
3.15042679696163397e-01,-4.25781250000000000e-01,1.41434590344197350e+18
3.15042679696163397e-01,-4.17968750000000000e-01,1.41138682372954957e+18
3.15042679696163397e-01,-4.10156250000000000e-01,1.40843358088567219e+18
3.15042679696163397e-01,-4.02343750000000000e-01,1.40548594974847718e+18
3.15042679696163397e-01,-3.94531250000000000e-01,1.40254371412374938e+18
3.15042679696163397e-01,-3.86718750000000000e-01,1.39960666642699955e+18
3.15042679696163397e-01,-3.78906250000000000e-01,1.39667460733918874e+18
3.15042679696163397e-01,-3.71093750000000000e-01,1.39374734547563162e+18
3.15042679696163397e-01,-3.63281250000000000e-01,1.39082469706763034e+18
3.15042679696163397e-01,-3.55468750000000000e-01,1.38790648565639219e+18
3.15042679696163397e-01,-3.47656250000000000e-01,1.38499254179879475e+18
3.15042679696163397e-01,-3.39843750000000000e-01,1.38208270278457805e+18
3.15042679696163397e-01,-3.32031250000000000e-01,1.37917681236454400e+18
3.15042679696163397e-01,-3.24218750000000000e-01,1.37627472048936243e+18
3.15042679696163397e-01,-3.16406250000000000e-01,1.37337628305858176e+18
3.15042679696163397e-01,-3.08593750000000000e-01,1.37048136167946598e+18
3.15042679696163397e-01,-3.00781250000000000e-01,1.36758982343526886e+18
3.15042679696163397e-01,-2.92968750000000000e-01,1.36470154066258304e+18
3.15042679696163397e-01,-2.85156250000000000e-01,1.36181639073739674e+18
3.15042679696163397e-01,-2.77343750000000000e-01,1.35893425586949786e+18
3.15042679696163397e-01,-2.69531250000000000e-01,1.35605502290487578e+18
3.15042679696163397e-01,-2.61718750000000000e-01,1.35317858313576730e+18
3.15042679696163397e-01,-2.53906250000000000e-01,1.35030483211799475e+18
3.15042679696163397e-01,-2.46093750000000000e-01,1.34743366949524813e+18
3.15042679696163397e-01,-2.38281250000000000e-01,1.34456499882994842e+18
3.15042679696163397e-01,-2.30468750000000000e-01,1.34169872744033101e+18
3.15042679696163397e-01,-2.22656250000000000e-01,1.33883476624335974e+18
3.15042679696163397e-01,-2.14843750000000000e-01,1.33597302960308019e+18
3.15042679696163397e-01,-2.07031250000000000e-01,1.33311343518397363e+18
3.15042679696163397e-01,-1.99218750000000000e-01,1.33025590380884838e+18
3.15042679696163397e-01,-1.91406250000000000e-01,1.32740035932074931e+18
3.15042679696163397e-01,-1.83593750000000000e-01,1.32454672844830413e+18
3.15042679696163397e-01,-1.75781250000000000e-01,1.32169494067383936e+18
3.15042679696163397e-01,-1.67968750000000000e-01,1.31884492810349082e+18
3.15042679696163397e-01,-1.60156250000000000e-01,1.31599662533839411e+18
3.15042679696163397e-01,-1.52343750000000000e-01,1.31314996934587776e+18
3.15042679696163397e-01,-1.44531250000000000e-01,1.31030489932933709e+18
3.15042679696163397e-01,-1.36718750000000000e-01,1.30746135659521459e+18
3.15042679696163397e-01,-1.28906250000000000e-01,1.30461928441513114e+18
3.15042679696163397e-01,-1.21093750000000000e-01,1.30177862788079232e+18
3.15042679696163397e-01,-1.13281250000000000e-01,1.29893933374870707e+18
3.15042679696163397e-01,-1.05468750000000000e-01,1.29610135027106790e+18
3.15042679696163397e-01,-9.76562500000000000e-02,1.29326462700823680e+18
3.15042679696163397e-01,-8.98437500000000000e-02,1.29042911461716685e+18
3.15042679696163397e-01,-8.20312500000000000e-02,1.28759476460867507e+18
3.15042679696163397e-01,-7.42187500000000000e-02,1.28476152906471270e+18
3.15042679696163397e-01,-6.64062500000000000e-02,1.28192936030454682e+18
3.15042679696163397e-01,-5.85937500000000000e-02,1.27909821048596250e+18
3.15042679696163397e-01,-5.07812500000000000e-02,1.27626803112408525e+18
3.15042679696163397e-01,-4.29687500000000000e-02,1.27343877250598272e+18
3.15042679696163397e-01,-3.51562500000000000e-02,1.27061038297365350e+18
3.15042679696163397e-01,-2.73437500000000000e-02,1.26778280804102323e+18
3.15042679696163397e-01,-1.95312500000000000e-02,1.26495598930178534e+18
3.15042679696163397e-01,-1.17187500000000000e-02,1.26212986307389440e+18
3.15042679696163397e-01,-3.90625000000000000e-03,1.25930435871265971e+18
3.15042679696163397e-01,3.90625000000000000e-03,1.25357033401959270e+18
3.15042679696163397e-01,1.17187500000000000e-02,1.24511767037784397e+18
3.15042679696163397e-01,1.95312500000000000e-02,1.23667181010429978e+18
3.15042679696163397e-01,2.73437500000000000e-02,1.22823148518578995e+18
3.15042679696163397e-01,3.51562500000000000e-02,1.21979585459472307e+18
3.15042679696163397e-01,4.29687500000000000e-02,1.21136431592416666e+18
3.15042679696163397e-01,5.07812500000000000e-02,1.20293640710264806e+18
3.15042679696163397e-01,5.85937500000000000e-02,1.19451175410183731e+18
3.15042679696163397e-01,6.64062500000000000e-02,1.18609004228401280e+18
3.15042679696163397e-01,7.42187500000000000e-02,1.17767100002903091e+18
3.15042679696163397e-01,8.20312500000000000e-02,1.16925438884557850e+18
3.15042679696163397e-01,8.98437500000000000e-02,1.16083999699261850e+18
3.15042679696163397e-01,9.76562500000000000e-02,1.15242763507031066e+18
3.15042679696163397e-01,1.05468750000000000e-01,1.14401713277049779e+18
3.15042679696163397e-01,1.13281250000000000e-01,1.13560833635154829e+18
3.15042679696163397e-01,1.21093750000000000e-01,1.12720110659614720e+18
3.15042679696163397e-01,1.28906250000000000e-01,1.11879531711221773e+18
3.15042679696163397e-01,1.36718750000000000e-01,1.11039085289148198e+18
3.15042679696163397e-01,1.44531250000000000e-01,1.10198760907010125e+18
3.15042679696163397e-01,1.52343750000000000e-01,1.09358548985296998e+18
3.15042679696163397e-01,1.60156250000000000e-01,1.08518440757357760e+18
3.15042679696163397e-01,1.67968750000000000e-01,1.07678428186793523e+18
3.15042679696163397e-01,1.75781250000000000e-01,1.06838503894553997e+18
3.15042679696163397e-01,1.83593750000000000e-01,1.05998661094354675e+18
3.15042679696163397e-01,1.91406250000000000e-01,1.05158893535271309e+18
3.15042679696163397e-01,1.99218750000000000e-01,1.04319195450555392e+18
3.15042679696163397e-01,2.07031250000000000e-01,1.03479561511862221e+18
3.15042679696163397e-01,2.14843750000000000e-01,1.02639986788204442e+18
3.15042679696163397e-01,2.22656250000000000e-01,1.01800466709043405e+18
3.15042679696163397e-01,2.30468750000000000e-01,1.00960997031013197e+18
3.15042679696163397e-01,2.38281250000000000e-01,1.00121573807841190e+18
3.15042679696163397e-01,2.46093750000000000e-01,9.92821933630874624e+17
3.15042679696163397e-01,2.53906250000000000e-01,9.84428522653742208e+17
3.15042679696163397e-01,2.61718750000000000e-01,9.76035473058186496e+17
3.15042679696163397e-01,2.69531250000000000e-01,9.67642754774168064e+17
3.15042679696163397e-01,2.77343750000000000e-01,9.59250339561584384e+17
3.15042679696163397e-01,2.85156250000000000e-01,9.50858200836762240e+17
3.15042679696163397e-01,2.92968750000000000e-01,9.42466313512571520e+17
3.15042679696163397e-01,3.00781250000000000e-01,9.34074653850610944e+17
3.15042679696163397e-01,3.08593750000000000e-01,9.25683199324097408e+17
3.15042679696163397e-01,3.16406250000000000e-01,9.17291928490217088e+17
3.15042679696163397e-01,3.24218750000000000e-01,9.08900820870824320e+17
3.15042679696163397e-01,3.32031250000000000e-01,9.00509856840484992e+17
3.15042679696163397e-01,3.39843750000000000e-01,8.92119017520939136e+17
3.15042679696163397e-01,3.47656250000000000e-01,8.83728284681143040e+17
3.15042679696163397e-01,3.55468750000000000e-01,8.75337640642119808e+17
3.15042679696163397e-01,3.63281250000000000e-01,8.66947068185894144e+17
3.15042679696163397e-01,3.71093750000000000e-01,8.58556550467842304e+17
3.15042679696163397e-01,3.78906250000000000e-01,8.50166070931825792e+17
3.15042679696163397e-01,3.86718750000000000e-01,8.41775613227509632e+17
3.15042679696163397e-01,3.94531250000000000e-01,8.33385161129288576e+17
3.15042679696163397e-01,4.02343750000000000e-01,8.24994698456271616e+17
3.15042679696163397e-01,4.10156250000000000e-01,8.16604208992780416e+17
3.15042679696163397e-01,4.17968750000000000e-01,8.08213676408832384e+17
3.15042679696163397e-01,4.25781250000000000e-01,7.99823084180076800e+17
3.15042679696163397e-01,4.33593750000000000e-01,7.91432415506657152e+17
3.15042679696163397e-01,4.41406250000000000e-01,7.83041653230455296e+17
3.15042679696163397e-01,4.49218750000000000e-01,7.74650779750173696e+17
3.15042679696163397e-01,4.57031250000000000e-01,7.66259776933680512e+17
3.15042679696163397e-01,4.64843750000000000e-01,7.57868626027030400e+17
3.15042679696163397e-01,4.72656250000000000e-01,7.49477307559536896e+17
3.15042679696163397e-01,4.80468750000000000e-01,7.41085801244240768e+17
3.15042679696163397e-01,4.88281250000000000e-01,7.32694085873076096e+17
3.15042679696163397e-01,4.96093750000000000e-01,7.24302139205985792e+17
3.15042679696163397e-01,5.03906250000000000e-01,7.15909937853179648e+17
3.15042679696163397e-01,5.11718750000000000e-01,7.07517457149668480e+17
3.15042679696163397e-01,5.19531250000000000e-01,6.99124671021121792e+17
3.15042679696163397e-01,5.27343750000000000e-01,6.90731551840021504e+17
3.15042679696163397e-01,5.35156250000000000e-01,6.82338070270976896e+17
3.15042679696163397e-01,5.42968750000000000e-01,6.73944195103959424e+17
3.15042679696163397e-01,5.50781250000000000e-01,6.65549893074084736e+17
3.15042679696163397e-01,5.58593750000000000e-01,6.57155128666428032e+17
3.15042679696163397e-01,5.66406250000000000e-01,6.48759863904192512e+17
3.15042679696163397e-01,5.74218750000000000e-01,6.40364058118358656e+17
3.15042679696163397e-01,5.82031250000000000e-01,6.31967667696738432e+17
3.15042679696163397e-01,5.89843750000000000e-01,6.23570645810100864e+17
3.15042679696163397e-01,5.97656250000000000e-01,6.15172942112770304e+17
3.15042679696163397e-01,6.05468750000000000e-01,6.06774502414767616e+17
3.15042679696163397e-01,6.13281250000000000e-01,5.98375268322206336e+17
3.15042679696163397e-01,6.21093750000000000e-01,5.89975176842227840e+17
3.15042679696163397e-01,6.28906250000000000e-01,5.81574159948283904e+17
3.15042679696163397e-01,6.36718750000000000e-01,5.73172144100999104e+17
3.15042679696163397e-01,6.44531250000000000e-01,5.64769049719215360e+17
3.15042679696163397e-01,6.52343750000000000e-01,5.56364790595049792e+17
3.15042679696163397e-01,6.60156250000000000e-01,5.47959273245930240e+17
3.15042679696163397e-01,6.67968750000000000e-01,5.39552396195543552e+17
3.15042679696163397e-01,6.75781250000000000e-01,5.31144049174432000e+17
3.15042679696163397e-01,6.83593750000000000e-01,5.22734112229562304e+17
3.15042679696163397e-01,6.91406250000000000e-01,5.14322454730531648e+17
3.15042679696163397e-01,6.99218750000000000e-01,5.05908934258111488e+17
3.15042679696163397e-01,7.07031250000000000e-01,4.97493395358497856e+17
3.15042679696163397e-01,7.14843750000000000e-01,4.89075668143874240e+17
3.15042679696163397e-01,7.22656250000000000e-01,4.80655566716587392e+17
3.15042679696163397e-01,7.30468750000000000e-01,4.72232887390284928e+17
3.15042679696163397e-01,7.38281250000000000e-01,4.63807406676628480e+17
3.15042679696163397e-01,7.46093750000000000e-01,4.55378879000484928e+17
3.15042679696163397e-01,7.53906250000000000e-01,4.46947034099620480e+17
3.15042679696163397e-01,7.61718750000000000e-01,4.38511574056588800e+17
3.15042679696163397e-01,7.69531250000000000e-01,4.30072169900397760e+17
3.15042679696163397e-01,7.77343750000000000e-01,4.21628457703238656e+17
3.15042679696163397e-01,7.85156250000000000e-01,4.13180034082563968e+17
3.15042679696163397e-01,7.92968750000000000e-01,4.04726451000441024e+17
3.15042679696163397e-01,8.00781250000000000e-01,3.96267209729602432e+17
3.15042679696163397e-01,8.08593750000000000e-01,3.87801753827903040e+17
3.15042679696163397e-01,8.16406250000000000e-01,3.79329460928673728e+17
3.15042679696163397e-01,8.24218750000000000e-01,3.70849633111991680e+17
3.15042679696163397e-01,8.32031250000000000e-01,3.62361485568852480e+17
3.15042679696163397e-01,8.39843750000000000e-01,3.53864133203449280e+17
3.15042679696163397e-01,8.47656250000000000e-01,3.45356574733626816e+17
3.15042679696163397e-01,8.55468750000000000e-01,3.36837673739172096e+17
3.15042679696163397e-01,8.63281250000000000e-01,3.28306135960891904e+17
3.15042679696163397e-01,8.71093750000000000e-01,3.19760481951972928e+17
3.15042679696163397e-01,8.78906250000000000e-01,3.11199013894617088e+17
3.15042679696163397e-01,8.86718750000000000e-01,3.02619774960733824e+17
3.15042679696163397e-01,8.94531250000000000e-01,2.94020498906017664e+17
3.15042679696163397e-01,9.02343750000000000e-01,2.85398546433464064e+17
3.15042679696163397e-01,9.10156250000000000e-01,2.76750822842699168e+17
3.15042679696163397e-01,9.17968750000000000e-01,2.68073667811330336e+17
3.15042679696163397e-01,9.25781250000000000e-01,2.59362701297751968e+17
3.15042679696163397e-01,9.33593750000000000e-01,2.50612596490457280e+17
3.15042679696163397e-01,9.41406250000000000e-01,2.41816725501116576e+17
3.15042679696163397e-01,9.49218750000000000e-01,2.32966574347404288e+17
3.15042679696163397e-01,9.57031250000000000e-01,2.24050727452553920e+17
3.15042679696163397e-01,9.64843750000000000e-01,2.15053032429657536e+17
3.15042679696163397e-01,9.72656250000000000e-01,2.05949182359542336e+17
3.15042679696163397e-01,9.80468750000000000e-01,1.96700215092349856e+17
3.15042679696163397e-01,9.88281250000000000e-01,1.87239970970823232e+17
3.15042679696163397e-01,9.96093750000000000e-01,1.77450666380261056e+17
4.33793507626045127e-01,-9.96093750000000000e-01,1.68375277299013094e+18
4.33793507626045127e-01,-9.88281250000000000e-01,1.67999509053112474e+18
4.33793507626045127e-01,-9.80468750000000000e-01,1.67621141979042995e+18
4.33793507626045127e-01,-9.72656250000000000e-01,1.67241107951189171e+18
4.33793507626045127e-01,-9.64843750000000000e-01,1.66860153346245555e+18
4.33793507626045127e-01,-9.57031250000000000e-01,1.66478875636505626e+18
4.33793507626045127e-01,-9.49218750000000000e-01,1.66097752630816845e+18
4.33793507626045127e-01,-9.41406250000000000e-01,1.65717165854681702e+18
4.33793507626045127e-01,-9.33593750000000000e-01,1.65337419257273984e+18
4.33793507626045127e-01,-9.25781250000000000e-01,1.64958754191363456e+18
4.33793507626045127e-01,-9.17968750000000000e-01,1.64581361419657114e+18
4.33793507626045127e-01,-9.10156250000000000e-01,1.64205390747820954e+18
4.33793507626045127e-01,-9.02343750000000000e-01,1.63830958762436429e+18
4.33793507626045127e-01,-8.94531250000000000e-01,1.63458155054997760e+18
4.33793507626045127e-01,-8.86718750000000000e-01,1.63087047235701658e+18
4.33793507626045127e-01,-8.78906250000000000e-01,1.62717684979181133e+18
4.33793507626045127e-01,-8.71093750000000000e-01,1.62350103295277722e+18
4.33793507626045127e-01,-8.63281250000000000e-01,1.61984325178873600e+18
4.33793507626045127e-01,-8.55468750000000000e-01,1.61620363761683328e+18
4.33793507626045127e-01,-8.47656250000000000e-01,1.61258224064108544e+18
4.33793507626045127e-01,-8.39843750000000000e-01,1.60897904425505485e+18
4.33793507626045127e-01,-8.32031250000000000e-01,1.60539397675471104e+18
4.33793507626045127e-01,-8.24218750000000000e-01,1.60182692096204749e+18
4.33793507626045127e-01,-8.16406250000000000e-01,1.59827772215999206e+18
4.33793507626045127e-01,-8.08593750000000000e-01,1.59474619465935283e+18
4.33793507626045127e-01,-8.00781250000000000e-01,1.59123212725491558e+18
4.33793507626045127e-01,-7.92968750000000000e-01,1.58773528777700275e+18
4.33793507626045127e-01,-7.85156250000000000e-01,1.58425542690426982e+18
4.33793507626045127e-01,-7.77343750000000000e-01,1.58079228137112678e+18
4.33793507626045127e-01,-7.69531250000000000e-01,1.57734557667728154e+18
4.33793507626045127e-01,-7.61718750000000000e-01,1.57391502938621235e+18
4.33793507626045127e-01,-7.53906250000000000e-01,1.57050034908280934e+18
4.33793507626045127e-01,-7.46093750000000000e-01,1.56710124004714496e+18
4.33793507626045127e-01,-7.38281250000000000e-01,1.56371740269070925e+18
4.33793507626045127e-01,-7.30468750000000000e-01,1.56034853479289088e+18
4.33793507626045127e-01,-7.22656250000000000e-01,1.55699433256862848e+18
4.33793507626045127e-01,-7.14843750000000000e-01,1.55365449159262182e+18
4.33793507626045127e-01,-7.07031250000000000e-01,1.55032870760104678e+18
4.33793507626045127e-01,-6.99218750000000000e-01,1.54701667718810086e+18
4.33793507626045127e-01,-6.91406250000000000e-01,1.54371809841180698e+18
4.33793507626045127e-01,-6.83593750000000000e-01,1.54043267132112538e+18
4.33793507626045127e-01,-6.75781250000000000e-01,1.53716009841449626e+18
4.33793507626045127e-01,-6.67968750000000000e-01,1.53390008503837184e+18
4.33793507626045127e-01,-6.60156250000000000e-01,1.53065233973299354e+18
4.33793507626045127e-01,-6.52343750000000000e-01,1.52741657453162368e+18
4.33793507626045127e-01,-6.44531250000000000e-01,1.52419250521855616e+18
4.33793507626045127e-01,-6.36718750000000000e-01,1.52097985155050112e+18
4.33793507626045127e-01,-6.28906250000000000e-01,1.51777833744535347e+18
4.33793507626045127e-01,-6.21093750000000000e-01,1.51458769114181658e+18
4.33793507626045127e-01,-6.13281250000000000e-01,1.51140764533295565e+18
4.33793507626045127e-01,-6.05468750000000000e-01,1.50823793727637325e+18
4.33793507626045127e-01,-5.97656250000000000e-01,1.50507830888340122e+18
4.33793507626045127e-01,-5.89843750000000000e-01,1.50192850678943565e+18
4.33793507626045127e-01,-5.82031250000000000e-01,1.49878828240731930e+18
4.33793507626045127e-01,-5.74218750000000000e-01,1.49565739196546790e+18
4.33793507626045127e-01,-5.66406250000000000e-01,1.49253559653228083e+18
4.33793507626045127e-01,-5.58593750000000000e-01,1.48942266202820966e+18
4.33793507626045127e-01,-5.50781250000000000e-01,1.48631835922674304e+18
4.33793507626045127e-01,-5.42968750000000000e-01,1.48322246374542694e+18
4.33793507626045127e-01,-5.35156250000000000e-01,1.48013475602796416e+18
4.33793507626045127e-01,-5.27343750000000000e-01,1.47705502131831168e+18
4.33793507626045127e-01,-5.19531250000000000e-01,1.47398304962763648e+18
4.33793507626045127e-01,-5.11718750000000000e-01,1.47091863569490381e+18
4.33793507626045127e-01,-5.03906250000000000e-01,1.46786157894179994e+18
4.33793507626045127e-01,-4.96093750000000000e-01,1.46481168342264525e+18
4.33793507626045127e-01,-4.88281250000000000e-01,1.46176875776987725e+18
4.33793507626045127e-01,-4.80468750000000000e-01,1.45873261513565005e+18
4.33793507626045127e-01,-4.72656250000000000e-01,1.45570307313003827e+18
4.33793507626045127e-01,-4.64843750000000000e-01,1.45267995375630054e+18
4.33793507626045127e-01,-4.57031250000000000e-01,1.44966308334360704e+18
4.33793507626045127e-01,-4.49218750000000000e-01,1.44665229247761331e+18
4.33793507626045127e-01,-4.41406250000000000e-01,1.44364741592922010e+18
4.33793507626045127e-01,-4.33593750000000000e-01,1.44064829258182861e+18
4.33793507626045127e-01,-4.25781250000000000e-01,1.43765476535738496e+18
4.33793507626045127e-01,-4.17968750000000000e-01,1.43466668114146534e+18
4.33793507626045127e-01,-4.10156250000000000e-01,1.43168389070763904e+18
4.33793507626045127e-01,-4.02343750000000000e-01,1.42870624864133120e+18
4.33793507626045127e-01,-3.94531250000000000e-01,1.42573361326336845e+18
4.33793507626045127e-01,-3.86718750000000000e-01,1.42276584655339162e+18
4.33793507626045127e-01,-3.78906250000000000e-01,1.41980281407329306e+18
4.33793507626045127e-01,-3.71093750000000000e-01,1.41684438489081933e+18
4.33793507626045127e-01,-3.63281250000000000e-01,1.41389043150346931e+18
4.33793507626045127e-01,-3.55468750000000000e-01,1.41094082976280320e+18
4.33793507626045127e-01,-3.47656250000000000e-01,1.40799545879926502e+18
4.33793507626045127e-01,-3.39843750000000000e-01,1.40505420094760653e+18
4.33793507626045127e-01,-3.32031250000000000e-01,1.40211694167299507e+18
4.33793507626045127e-01,-3.24218750000000000e-01,1.39918356949787238e+18
4.33793507626045127e-01,-3.16406250000000000e-01,1.39625397592962534e+18
4.33793507626045127e-01,-3.08593750000000000e-01,1.39332805538911462e+18
4.33793507626045127e-01,-3.00781250000000000e-01,1.39040570514010650e+18
4.33793507626045127e-01,-2.92968750000000000e-01,1.38748682521963443e+18
4.33793507626045127e-01,-2.85156250000000000e-01,1.38457131836931302e+18
4.33793507626045127e-01,-2.77343750000000000e-01,1.38165908996761958e+18
4.33793507626045127e-01,-2.69531250000000000e-01,1.37875004796314394e+18
4.33793507626045127e-01,-2.61718750000000000e-01,1.37584410280879590e+18
4.33793507626045127e-01,-2.53906250000000000e-01,1.37294116739695667e+18
4.33793507626045127e-01,-2.46093750000000000e-01,1.37004115699553357e+18
4.33793507626045127e-01,-2.38281250000000000e-01,1.36714398918487859e+18
4.33793507626045127e-01,-2.30468750000000000e-01,1.36424958379549594e+18
4.33793507626045127e-01,-2.22656250000000000e-01,1.36135786284645939e+18
4.33793507626045127e-01,-2.14843750000000000e-01,1.35846875048442470e+18
4.33793507626045127e-01,-2.07031250000000000e-01,1.35558217292308941e+18
4.33793507626045127e-01,-1.99218750000000000e-01,1.35269805838292915e+18
4.33793507626045127e-01,-1.91406250000000000e-01,1.34981633703097165e+18
4.33793507626045127e-01,-1.83593750000000000e-01,1.34693694092033229e+18
4.33793507626045127e-01,-1.75781250000000000e-01,1.34405980392914842e+18
4.33793507626045127e-01,-1.67968750000000000e-01,1.34118486169846835e+18
4.33793507626045127e-01,-1.60156250000000000e-01,1.33831205156853504e+18
4.33793507626045127e-01,-1.52343750000000000e-01,1.33544131251276339e+18
4.33793507626045127e-01,-1.44531250000000000e-01,1.33257258506854093e+18
4.33793507626045127e-01,-1.36718750000000000e-01,1.32970581126375117e+18
4.33793507626045127e-01,-1.28906250000000000e-01,1.32684093453765453e+18
4.33793507626045127e-01,-1.21093750000000000e-01,1.32397789965440358e+18
4.33793507626045127e-01,-1.13281250000000000e-01,1.32111665260704384e+18
4.33793507626045127e-01,-1.05468750000000000e-01,1.31825714050930022e+18
4.33793507626045127e-01,-9.76562500000000000e-02,1.31539931147176602e+18
4.33793507626045127e-01,-8.98437500000000000e-02,1.31254311445824870e+18
4.33793507626045127e-01,-8.20312500000000000e-02,1.30968849911694490e+18
4.33793507626045127e-01,-7.42187500000000000e-02,1.30683541557976218e+18
4.33793507626045127e-01,-6.64062500000000000e-02,1.30398381422139750e+18
4.33793507626045127e-01,-5.85937500000000000e-02,1.30113364536763136e+18
4.33793507626045127e-01,-5.07812500000000000e-02,1.29828485893962035e+18
4.33793507626045127e-01,-4.29687500000000000e-02,1.29543740401757210e+18
4.33793507626045127e-01,-3.51562500000000000e-02,1.29259122830294630e+18
4.33793507626045127e-01,-2.73437500000000000e-02,1.28974627745298458e+18
4.33793507626045127e-01,-1.95312500000000000e-02,1.28690249425466522e+18
4.33793507626045127e-01,-1.17187500000000000e-02,1.28405981759675418e+18
4.33793507626045127e-01,-3.90625000000000000e-03,1.28121818118803200e+18
4.33793507626045127e-01,3.90625000000000000e-03,1.27547524432464333e+18
4.33793507626045127e-01,1.17187500000000000e-02,1.26697223690192717e+18
4.33793507626045127e-01,1.95312500000000000e-02,1.25847942759786266e+18
4.33793507626045127e-01,2.73437500000000000e-02,1.24999552841820877e+18
4.33793507626045127e-01,3.51562500000000000e-02,1.24151957019123866e+18
4.33793507626045127e-01,4.29687500000000000e-02,1.23305077387704090e+18
4.33793507626045127e-01,5.07812500000000000e-02,1.22458848260847130e+18
4.33793507626045127e-01,5.85937500000000000e-02,1.21613212475450291e+18
4.33793507626045127e-01,6.64062500000000000e-02,1.20768119295198157e+18
4.33793507626045127e-01,7.42187500000000000e-02,1.19923523146161536e+18
4.33793507626045127e-01,8.20312500000000000e-02,1.19079382795300275e+18
4.33793507626045127e-01,8.98437500000000000e-02,1.18235660772236902e+18
4.33793507626045127e-01,9.76562500000000000e-02,1.17392322931015219e+18
4.33793507626045127e-01,1.05468750000000000e-01,1.16549338097586509e+18
4.33793507626045127e-01,1.13281250000000000e-01,1.15706677773831373e+18
4.33793507626045127e-01,1.21093750000000000e-01,1.14864315881837914e+18
4.33793507626045127e-01,1.28906250000000000e-01,1.14022228538888691e+18
4.33793507626045127e-01,1.36718750000000000e-01,1.13180393857186509e+18
4.33793507626045127e-01,1.44531250000000000e-01,1.12338791764303936e+18
4.33793507626045127e-01,1.52343750000000000e-01,1.11497403841455821e+18
4.33793507626045127e-01,1.60156250000000000e-01,1.10656213177363366e+18
4.33793507626045127e-01,1.67968750000000000e-01,1.09815204235908173e+18
4.33793507626045127e-01,1.75781250000000000e-01,1.08974362736069901e+18
4.33793507626045127e-01,1.83593750000000000e-01,1.08133675542859072e+18
4.33793507626045127e-01,1.91406250000000000e-01,1.07293130568123328e+18
4.33793507626045127e-01,1.99218750000000000e-01,1.06452716680242662e+18
4.33793507626045127e-01,2.07031250000000000e-01,1.05612423621841613e+18
4.33793507626045127e-01,2.14843750000000000e-01,1.04772241934742144e+18
4.33793507626045127e-01,2.22656250000000000e-01,1.03932162891464730e+18
4.33793507626045127e-01,2.30468750000000000e-01,1.03092178432655910e+18
4.33793507626045127e-01,2.38281250000000000e-01,1.02252281109884813e+18
4.33793507626045127e-01,2.46093750000000000e-01,1.01412464033305920e+18
4.33793507626045127e-01,2.53906250000000000e-01,1.00572720823735245e+18
4.33793507626045127e-01,2.61718750000000000e-01,9.97330455687297024e+17
4.33793507626045127e-01,2.69531250000000000e-01,9.88934327822997120e+17
4.33793507626045127e-01,2.77343750000000000e-01,9.80538773679182336e+17
4.33793507626045127e-01,2.85156250000000000e-01,9.72143745845213568e+17
4.33793507626045127e-01,2.92968750000000000e-01,9.63749200152229760e+17
4.33793507626045127e-01,3.00781250000000000e-01,9.55355095384908672e+17
4.33793507626045127e-01,3.08593750000000000e-01,9.46961393015534720e+17
4.33793507626045127e-01,3.16406250000000000e-01,9.38568056958275712e+17
4.33793507626045127e-01,3.24218750000000000e-01,9.30175053341734912e+17
4.33793507626045127e-01,3.32031250000000000e-01,9.21782350298021248e+17
4.33793507626045127e-01,3.39843750000000000e-01,9.13389917766712448e+17
4.33793507626045127e-01,3.47656250000000000e-01,9.04997727312222848e+17
4.33793507626045127e-01,3.55468750000000000e-01,8.96605751953198720e+17
4.33793507626045127e-01,3.63281250000000000e-01,8.88213966002670208e+17
4.33793507626045127e-01,3.71093750000000000e-01,8.79822344917778560e+17
4.33793507626045127e-01,3.78906250000000000e-01,8.71430865157979776e+17
4.33793507626045127e-01,3.86718750000000000e-01,8.63039504050698496e+17
4.33793507626045127e-01,3.94531250000000000e-01,8.54648239663466880e+17
4.33793507626045127e-01,4.02343750000000000e-01,8.46257050681638528e+17
4.33793507626045127e-01,4.10156250000000000e-01,8.37865916290815104e+17
4.33793507626045127e-01,4.17968750000000000e-01,8.29474816063162368e+17
4.33793507626045127e-01,4.25781250000000000e-01,8.21083729846821376e+17
4.33793507626045127e-01,4.33593750000000000e-01,8.12692637657652224e+17
4.33793507626045127e-01,4.41406250000000000e-01,8.04301519572560128e+17
4.33793507626045127e-01,4.49218750000000000e-01,7.95910355623668352e+17
4.33793507626045127e-01,4.57031250000000000e-01,7.87519125692610304e+17
4.33793507626045127e-01,4.64843750000000000e-01,7.79127809404208768e+17
4.33793507626045127e-01,4.72656250000000000e-01,7.70736386018804864e+17
4.33793507626045127e-01,4.80468750000000000e-01,7.62344834322483712e+17
4.33793507626045127e-01,4.88281250000000000e-01,7.53953132514424448e+17
4.33793507626045127e-01,4.96093750000000000e-01,7.45561258090573440e+17
4.33793507626045127e-01,5.03906250000000000e-01,7.37169187722797440e+17
4.33793507626045127e-01,5.11718750000000000e-01,7.28776897132635904e+17
4.33793507626045127e-01,5.19531250000000000e-01,7.20384360958714752e+17
4.33793507626045127e-01,5.27343750000000000e-01,7.11991552616812416e+17
4.33793507626045127e-01,5.35156250000000000e-01,7.03598444151504512e+17
4.33793507626045127e-01,5.42968750000000000e-01,6.95205006078217344e+17
4.33793507626045127e-01,5.50781250000000000e-01,6.86811207214418048e+17
4.33793507626045127e-01,5.58593750000000000e-01,6.78417014498558848e+17
4.33793507626045127e-01,5.66406250000000000e-01,6.70022392795248768e+17
4.33793507626045127e-01,5.74218750000000000e-01,6.61627304684976128e+17
4.33793507626045127e-01,5.82031250000000000e-01,6.53231710236527872e+17
4.33793507626045127e-01,5.89843750000000000e-01,6.44835566760043904e+17
4.33793507626045127e-01,5.97656250000000000e-01,6.36438828538414208e+17
4.33793507626045127e-01,6.05468750000000000e-01,6.28041446534456704e+17
4.33793507626045127e-01,6.13281250000000000e-01,6.19643368071006720e+17
4.33793507626045127e-01,6.21093750000000000e-01,6.11244536480689664e+17
4.33793507626045127e-01,6.28906250000000000e-01,6.02844890721748480e+17
4.33793507626045127e-01,6.36718750000000000e-01,5.94444364955812608e+17
4.33793507626045127e-01,6.44531250000000000e-01,5.86042888082958592e+17
4.33793507626045127e-01,6.52343750000000000e-01,5.77640383228770816e+17
4.33793507626045127e-01,6.60156250000000000e-01,5.69236767177376256e+17
4.33793507626045127e-01,6.67968750000000000e-01,5.60831949743559680e+17
4.33793507626045127e-01,6.75781250000000000e-01,5.52425833076062784e+17
4.33793507626045127e-01,6.83593750000000000e-01,5.44018310882983104e+17
4.33793507626045127e-01,6.91406250000000000e-01,5.35609267568796736e+17
4.33793507626045127e-01,6.99218750000000000e-01,5.27198577270886784e+17
4.33793507626045127e-01,7.07031250000000000e-01,5.18786102781508800e+17
4.33793507626045127e-01,7.14843750000000000e-01,5.10371694338818112e+17
4.33793507626045127e-01,7.22656250000000000e-01,5.01955188267826752e+17
4.33793507626045127e-01,7.30468750000000000e-01,4.93536405448870336e+17
4.33793507626045127e-01,7.38281250000000000e-01,4.85115149587224320e+17
4.33793507626045127e-01,7.46093750000000000e-01,4.76691205252769856e+17
4.33793507626045127e-01,7.53906250000000000e-01,4.68264335652903808e+17
4.33793507626045127e-01,7.61718750000000000e-01,4.59834280094987456e+17
4.33793507626045127e-01,7.69531250000000000e-01,4.51400751086262016e+17
4.33793507626045127e-01,7.77343750000000000e-01,4.42963431009007808e+17
4.33793507626045127e-01,7.85156250000000000e-01,4.34521968296329152e+17
4.33793507626045127e-01,7.92968750000000000e-01,4.26075973018830912e+17
4.33793507626045127e-01,8.00781250000000000e-01,4.17625011773905088e+17
4.33793507626045127e-01,8.08593750000000000e-01,4.09168601746563328e+17
4.33793507626045127e-01,8.16406250000000000e-01,4.00706203782635584e+17
4.33793507626045127e-01,8.24218750000000000e-01,3.92237214280312512e+17
4.33793507626045127e-01,8.32031250000000000e-01,3.83760955662570432e+17
4.33793507626045127e-01,8.39843750000000000e-01,3.75276665138421056e+17
4.33793507626045127e-01,8.47656250000000000e-01,3.66783481391508992e+17
4.33793507626045127e-01,8.55468750000000000e-01,3.58280428744850624e+17
4.33793507626045127e-01,8.63281250000000000e-01,3.49766398231815104e+17
4.33793507626045127e-01,8.71093750000000000e-01,3.41240124841394624e+17
4.33793507626045127e-01,8.78906250000000000e-01,3.32700159975360512e+17
4.33793507626045127e-01,8.86718750000000000e-01,3.24144837810780800e+17
4.33793507626045127e-01,8.94531250000000000e-01,3.15572233719341568e+17
4.33793507626045127e-01,9.02343750000000000e-01,3.06980111994953088e+17
4.33793507626045127e-01,9.10156250000000000e-01,2.98365858574845952e+17
4.33793507626045127e-01,9.17968750000000000e-01,2.89726391606834112e+17
4.33793507626045127e-01,9.25781250000000000e-01,2.81058037442051200e+17
4.33793507626045127e-01,9.33593750000000000e-01,2.72356349609327296e+17
4.33793507626045127e-01,9.41406250000000000e-01,2.63615829003770720e+17
4.33793507626045127e-01,9.49218750000000000e-01,2.54829465914066688e+17
4.33793507626045127e-01,9.57031250000000000e-01,2.45987950865393696e+17
4.33793507626045127e-01,9.64843750000000000e-01,2.37078256454360576e+17
4.33793507626045127e-01,9.72656250000000000e-01,2.28081006927300448e+17
4.33793507626045127e-01,9.80468750000000000e-01,2.18965488716414464e+17
4.33793507626045127e-01,9.88281250000000000e-01,2.09680041359723680e+17
4.33793507626045127e-01,9.96093750000000000e-01,2.00133365461998624e+17
5.45421471388839563e-01,-9.96093750000000000e-01,1.68413433322383386e+18
5.45421471388839563e-01,-9.88281250000000000e-01,1.68112403978808576e+18
5.45421471388839563e-01,-9.80468750000000000e-01,1.67807188937429990e+18
5.45421471388839563e-01,-9.72656250000000000e-01,1.67498576971917414e+18
5.45421471388839563e-01,-9.64843750000000000e-01,1.67187212805964467e+18
5.45421471388839563e-01,-9.57031250000000000e-01,1.66873625156932582e+18
5.45421471388839563e-01,-9.49218750000000000e-01,1.66558249151218739e+18
5.45421471388839563e-01,-9.41406250000000000e-01,1.66241444253379021e+18
5.45421471388839563e-01,-9.33593750000000000e-01,1.65923508618443443e+18
5.45421471388839563e-01,-9.25781250000000000e-01,1.65604690591693440e+18
5.45421471388839563e-01,-9.17968750000000000e-01,1.65285197932767590e+18
5.45421471388839563e-01,-9.10156250000000000e-01,1.64965205223605171e+18
5.45421471388839563e-01,-9.02343750000000000e-01,1.64644859826307226e+18
5.45421471388839563e-01,-8.94531250000000000e-01,1.64324286682603264e+18
5.45421471388839563e-01,-8.86718750000000000e-01,1.64003592187382502e+18
5.45421471388839563e-01,-8.78906250000000000e-01,1.63682867321582848e+18
5.45421471388839563e-01,-8.71093750000000000e-01,1.63362190192171059e+18
5.45421471388839563e-01,-8.63281250000000000e-01,1.63041628097036902e+18
5.45421471388839563e-01,-8.55468750000000000e-01,1.62721239208797670e+18
5.45421471388839563e-01,-8.47656250000000000e-01,1.62401073952531533e+18
5.45421471388839563e-01,-8.39843750000000000e-01,1.62081176137339469e+18
5.45421471388839563e-01,-8.32031250000000000e-01,1.61761583889586381e+18
5.45421471388839563e-01,-8.24218750000000000e-01,1.61442330426071962e+18
5.45421471388839563e-01,-8.16406250000000000e-01,1.61123444697727718e+18
5.45421471388839563e-01,-8.08593750000000000e-01,1.60804951928334541e+18
5.45421471388839563e-01,-8.00781250000000000e-01,1.60486874067888256e+18
5.45421471388839563e-01,-7.92968750000000000e-01,1.60169230176357786e+18
5.45421471388839563e-01,-7.85156250000000000e-01,1.59852036750481664e+18
5.45421471388839563e-01,-7.77343750000000000e-01,1.59535308003773542e+18
5.45421471388839563e-01,-7.69531250000000000e-01,1.59219056107931392e+18
5.45421471388839563e-01,-7.61718750000000000e-01,1.58903291402263910e+18
5.45421471388839563e-01,-7.53906250000000000e-01,1.58588022576483814e+18
5.45421471388839563e-01,-7.46093750000000000e-01,1.58273256831205606e+18
5.45421471388839563e-01,-7.38281250000000000e-01,1.57959000019674547e+18
5.45421471388839563e-01,-7.30468750000000000e-01,1.57645256773602048e+18
5.45421471388839563e-01,-7.22656250000000000e-01,1.57332030615461581e+18
5.45421471388839563e-01,-7.14843750000000000e-01,1.57019324059177395e+18
5.45421471388839563e-01,-7.07031250000000000e-01,1.56707138700800077e+18
5.45421471388839563e-01,-6.99218750000000000e-01,1.56395475300490598e+18
5.45421471388839563e-01,-6.91406250000000000e-01,1.56084333856911411e+18
5.45421471388839563e-01,-6.83593750000000000e-01,1.55773713674945587e+18
5.45421471388839563e-01,-6.75781250000000000e-01,1.55463613427518771e+18
5.45421471388839563e-01,-6.67968750000000000e-01,1.55154031212178662e+18
5.45421471388839563e-01,-6.60156250000000000e-01,1.54844964602991437e+18
5.45421471388839563e-01,-6.52343750000000000e-01,1.54536410698232909e+18
5.45421471388839563e-01,-6.44531250000000000e-01,1.54228366164287334e+18
5.45421471388839563e-01,-6.36718750000000000e-01,1.53920827276111590e+18
5.45421471388839563e-01,-6.28906250000000000e-01,1.53613789954577408e+18
5.45421471388839563e-01,-6.21093750000000000e-01,1.53307249800966221e+18
5.45421471388839563e-01,-6.13281250000000000e-01,1.53001202128859034e+18
5.45421471388839563e-01,-6.05468750000000000e-01,1.52695641993636838e+18
5.45421471388839563e-01,-5.97656250000000000e-01,1.52390564219783603e+18
5.45421471388839563e-01,-5.89843750000000000e-01,1.52085963426165325e+18
5.45421471388839563e-01,-5.82031250000000000e-01,1.51781834049439949e+18
5.45421471388839563e-01,-5.74218750000000000e-01,1.51478170365739238e+18
5.45421471388839563e-01,-5.66406250000000000e-01,1.51174966510751334e+18
5.45421471388839563e-01,-5.58593750000000000e-01,1.50872216498319411e+18
5.45421471388839563e-01,-5.50781250000000000e-01,1.50569914237664563e+18
5.45421471388839563e-01,-5.42968750000000000e-01,1.50268053549329920e+18
5.45421471388839563e-01,-5.35156250000000000e-01,1.49966628179936230e+18
5.45421471388839563e-01,-5.27343750000000000e-01,1.49665631815832269e+18
5.45421471388839563e-01,-5.19531250000000000e-01,1.49365058095715712e+18
5.45421471388839563e-01,-5.11718750000000000e-01,1.49064900622296474e+18
5.45421471388839563e-01,-5.03906250000000000e-01,1.48765152973066854e+18
5.45421471388839563e-01,-4.96093750000000000e-01,1.48465808710240256e+18
5.45421471388839563e-01,-4.88281250000000000e-01,1.48166861389914266e+18
5.45421471388839563e-01,-4.80468750000000000e-01,1.47868304570510848e+18
5.45421471388839563e-01,-4.72656250000000000e-01,1.47570131820542208e+18
5.45421471388839563e-01,-4.64843750000000000e-01,1.47272336725748275e+18
5.45421471388839563e-01,-4.57031250000000000e-01,1.46974912895646899e+18
5.45421471388839563e-01,-4.49218750000000000e-01,1.46677853969537664e+18
5.45421471388839563e-01,-4.41406250000000000e-01,1.46381153621994778e+18
5.45421471388839563e-01,-4.33593750000000000e-01,1.46084805567883981e+18
5.45421471388839563e-01,-4.25781250000000000e-01,1.45788803566935398e+18
5.45421471388839563e-01,-4.17968750000000000e-01,1.45493141427901645e+18
5.45421471388839563e-01,-4.10156250000000000e-01,1.45197813012329933e+18
5.45421471388839563e-01,-4.02343750000000000e-01,1.44902812237973197e+18
5.45421471388839563e-01,-3.94531250000000000e-01,1.44608133081865267e+18
5.45421471388839563e-01,-3.86718750000000000e-01,1.44313769583082368e+18
5.45421471388839563e-01,-3.78906250000000000e-01,1.44019715845212314e+18
5.45421471388839563e-01,-3.71093750000000000e-01,1.43725966038550886e+18
5.45421471388839563e-01,-3.63281250000000000e-01,1.43432514402044134e+18
5.45421471388839563e-01,-3.55468750000000000e-01,1.43139355244993741e+18
5.45421471388839563e-01,-3.47656250000000000e-01,1.42846482948541210e+18
5.45421471388839563e-01,-3.39843750000000000e-01,1.42553891966945869e+18
5.45421471388839563e-01,-3.32031250000000000e-01,1.42261576828671206e+18
5.45421471388839563e-01,-3.24218750000000000e-01,1.41969532137291085e+18
5.45421471388839563e-01,-3.16406250000000000e-01,1.41677752572229197e+18
5.45421471388839563e-01,-3.08593750000000000e-01,1.41386232889341619e+18
5.45421471388839563e-01,-3.00781250000000000e-01,1.41094967921352986e+18
5.45421471388839563e-01,-2.92968750000000000e-01,1.40803952578155648e+18
5.45421471388839563e-01,-2.85156250000000000e-01,1.40513181846979482e+18
5.45421471388839563e-01,-2.77343750000000000e-01,1.40222650792440294e+18
5.45421471388839563e-01,-2.69531250000000000e-01,1.39932354556472576e+18
5.45421471388839563e-01,-2.61718750000000000e-01,1.39642288358152832e+18
5.45421471388839563e-01,-2.53906250000000000e-01,1.39352447493416397e+18
5.45421471388839563e-01,-2.46093750000000000e-01,1.39062827334672205e+18
5.45421471388839563e-01,-2.38281250000000000e-01,1.38773423330316237e+18
5.45421471388839563e-01,-2.30468750000000000e-01,1.38484231004143744e+18
5.45421471388839563e-01,-2.22656250000000000e-01,1.38195245954658662e+18
5.45421471388839563e-01,-2.14843750000000000e-01,1.37906463854276275e+18
5.45421471388839563e-01,-2.07031250000000000e-01,1.37617880448411955e+18
5.45421471388839563e-01,-1.99218750000000000e-01,1.37329491554446336e+18
5.45421471388839563e-01,-1.91406250000000000e-01,1.37041293060553062e+18
5.45421471388839563e-01,-1.83593750000000000e-01,1.36753280924370304e+18
5.45421471388839563e-01,-1.75781250000000000e-01,1.36465451171490842e+18
5.45421471388839563e-01,-1.67968750000000000e-01,1.36177799893739366e+18
5.45421471388839563e-01,-1.60156250000000000e-01,1.35890323247194522e+18
5.45421471388839563e-01,-1.52343750000000000e-01,1.35603017449903002e+18
5.45421471388839563e-01,-1.44531250000000000e-01,1.35315878779218227e+18
5.45421471388839563e-01,-1.36718750000000000e-01,1.35028903568677197e+18
5.45421471388839563e-01,-1.28906250000000000e-01,1.34742088204307917e+18
5.45421471388839563e-01,-1.21093750000000000e-01,1.34455429120229811e+18
5.45421471388839563e-01,-1.13281250000000000e-01,1.34168922793374438e+18
5.45421471388839563e-01,-1.05468750000000000e-01,1.33882565737109862e+18
5.45421471388839563e-01,-9.76562500000000000e-02,1.33596354493494144e+18
5.45421471388839563e-01,-8.98437500000000000e-02,1.33310285623814374e+18
5.45421471388839563e-01,-8.20312500000000000e-02,1.33024355696978406e+18
5.45421471388839563e-01,-7.42187500000000000e-02,1.32738561275215053e+18
5.45421471388839563e-01,-6.64062500000000000e-02,1.32452898896399667e+18
5.45421471388839563e-01,-5.85937500000000000e-02,1.32167365052145126e+18
5.45421471388839563e-01,-5.07812500000000000e-02,1.31881956160579789e+18
5.45421471388839563e-01,-4.29687500000000000e-02,1.31596668532454938e+18
5.45421471388839563e-01,-3.51562500000000000e-02,1.31311498328878643e+18
5.45421471388839563e-01,-2.73437500000000000e-02,1.31026441508534426e+18
5.45421471388839563e-01,-1.95312500000000000e-02,1.30741493761695232e+18
5.45421471388839563e-01,-1.17187500000000000e-02,1.30456650427653427e+18
5.45421471388839563e-01,-3.90625000000000000e-03,1.30171906391321421e+18
5.45421471388839563e-01,3.90625000000000000e-03,1.29597673302612454e+18
5.45421471388839563e-01,1.17187500000000000e-02,1.28745291965318835e+18
5.45421471388839563e-01,1.95312500000000000e-02,1.27893901992287693e+18
5.45421471388839563e-01,2.73437500000000000e-02,1.27043402129526707e+18
5.45421471388839563e-01,3.51562500000000000e-02,1.26193714508082662e+18
5.45421471388839563e-01,4.29687500000000000e-02,1.25344774987208474e+18
5.45421471388839563e-01,5.07812500000000000e-02,1.24496528120685082e+18
5.45421471388839563e-01,5.85937500000000000e-02,1.23648924474681318e+18
5.45421471388839563e-01,6.64062500000000000e-02,1.22801919147417626e+18
5.45421471388839563e-01,7.42187500000000000e-02,1.21955470907960192e+18
5.45421471388839563e-01,8.20312500000000000e-02,1.21109541658226202e+18
5.45421471388839563e-01,8.98437500000000000e-02,1.20264096067395123e+18
5.45421471388839563e-01,9.76562500000000000e-02,1.19419101301440154e+18
5.45421471388839563e-01,1.05468750000000000e-01,1.18574526807811610e+18
5.45421471388839563e-01,1.13281250000000000e-01,1.17730344134298675e+18
5.45421471388839563e-01,1.21093750000000000e-01,1.16886526770812083e+18
5.45421471388839563e-01,1.28906250000000000e-01,1.16043050007833549e+18
5.45421471388839563e-01,1.36718750000000000e-01,1.15199890807885350e+18
5.45421471388839563e-01,1.44531250000000000e-01,1.14357027687755904e+18
5.45421471388839563e-01,1.52343750000000000e-01,1.13514440609969062e+18
5.45421471388839563e-01,1.60156250000000000e-01,1.12672110882408934e+18
5.45421471388839563e-01,1.67968750000000000e-01,1.11830021065264026e+18
5.45421471388839563e-01,1.75781250000000000e-01,1.10988154884612403e+18
5.45421471388839563e-01,1.83593750000000000e-01,1.10146497152076147e+18
5.45421471388839563e-01,1.91406250000000000e-01,1.09305033690049216e+18
5.45421471388839563e-01,1.99218750000000000e-01,1.08463751262061248e+18
5.45421471388839563e-01,2.07031250000000000e-01,1.07622637507884774e+18
5.45421471388839563e-01,2.14843750000000000e-01,1.06781680883031923e+18
5.45421471388839563e-01,2.22656250000000000e-01,1.05940870602317990e+18
5.45421471388839563e-01,2.30468750000000000e-01,1.05100196587196979e+18
5.45421471388839563e-01,2.38281250000000000e-01,1.04259649416597837e+18
5.45421471388839563e-01,2.46093750000000000e-01,1.03419220281011021e+18
5.45421471388839563e-01,2.53906250000000000e-01,1.02578900939594598e+18
5.45421471388839563e-01,2.61718750000000000e-01,1.01738683680084992e+18
5.45421471388839563e-01,2.69531250000000000e-01,1.00898561281313011e+18
5.45421471388839563e-01,2.77343750000000000e-01,1.00058526978139686e+18
5.45421471388839563e-01,2.85156250000000000e-01,9.92185744286386304e+17
5.45421471388839563e-01,2.92968750000000000e-01,9.83786976833632000e+17
5.45421471388839563e-01,3.00781250000000000e-01,9.75388911565471616e+17
5.45421471388839563e-01,3.08593750000000000e-01,9.66991495990971648e+17
5.45421471388839563e-01,3.16406250000000000e-01,9.58594680732436480e+17
5.45421471388839563e-01,3.24218750000000000e-01,9.50198419287256320e+17
5.45421471388839563e-01,3.32031250000000000e-01,9.41802667803913344e+17
5.45421471388839563e-01,3.39843750000000000e-01,9.33407384871042176e+17
5.45421471388839563e-01,3.47656250000000000e-01,9.25012531318492160e+17
5.45421471388839563e-01,3.55468750000000000e-01,9.16618070029403648e+17
5.45421471388839563e-01,3.63281250000000000e-01,9.08223965762361600e+17
5.45421471388839563e-01,3.71093750000000000e-01,8.99830184982727296e+17
5.45421471388839563e-01,3.78906250000000000e-01,8.91436695702302592e+17
5.45421471388839563e-01,3.86718750000000000e-01,8.83043467326511616e+17
5.45421471388839563e-01,3.94531250000000000e-01,8.74650470508316032e+17
5.45421471388839563e-01,4.02343750000000000e-01,8.66257677008116992e+17
5.45421471388839563e-01,4.10156250000000000e-01,8.57865059558910336e+17
5.45421471388839563e-01,4.17968750000000000e-01,8.49472591735995648e+17
5.45421471388839563e-01,4.25781250000000000e-01,8.41080247830538496e+17
5.45421471388839563e-01,4.33593750000000000e-01,8.32688002726317312e+17
5.45421471388839563e-01,4.41406250000000000e-01,8.24295831778975104e+17
5.45421471388839563e-01,4.49218750000000000e-01,8.15903710697115136e+17
5.45421471388839563e-01,4.57031250000000000e-01,8.07511615424568576e+17
5.45421471388839563e-01,4.64843750000000000e-01,7.99119522023161216e+17
5.45421471388839563e-01,4.72656250000000000e-01,7.90727406555293568e+17
5.45421471388839563e-01,4.80468750000000000e-01,7.82335244965635968e+17
5.45421471388839563e-01,4.88281250000000000e-01,7.73943012961214976e+17
5.45421471388839563e-01,4.96093750000000000e-01,7.65550685889140992e+17
5.45421471388839563e-01,5.03906250000000000e-01,7.57158238611196672e+17
5.45421471388839563e-01,5.11718750000000000e-01,7.48765645374459392e+17
5.45421471388839563e-01,5.19531250000000000e-01,7.40372879677086208e+17
5.45421471388839563e-01,5.27343750000000000e-01,7.31979914128329344e+17
5.45421471388839563e-01,5.35156250000000000e-01,7.23586720301787392e+17
5.45421471388839563e-01,5.42968750000000000e-01,7.15193268580814336e+17
5.45421471388839563e-01,5.50781250000000000e-01,7.06799527994923392e+17
5.45421471388839563e-01,5.58593750000000000e-01,6.98405466045917184e+17
5.45421471388839563e-01,5.66406250000000000e-01,6.90011048522357888e+17
5.45421471388839563e-01,5.74218750000000000e-01,6.81616239300855168e+17
5.45421471388839563e-01,5.82031250000000000e-01,6.73221000132493184e+17
5.45421471388839563e-01,5.89843750000000000e-01,6.64825290412541184e+17
5.45421471388839563e-01,5.97656250000000000e-01,6.56429066931385216e+17
5.45421471388839563e-01,6.05468750000000000e-01,6.48032283604385536e+17
5.45421471388839563e-01,6.13281250000000000e-01,6.39634891178094976e+17
5.45421471388839563e-01,6.21093750000000000e-01,6.31236836909958784e+17
5.45421471388839563e-01,6.28906250000000000e-01,6.22838064218266624e+17
5.45421471388839563e-01,6.36718750000000000e-01,6.14438512298707072e+17
5.45421471388839563e-01,6.44531250000000000e-01,6.06038115703401472e+17
5.45421471388839563e-01,6.52343750000000000e-01,5.97636803877738624e+17
5.45421471388839563e-01,6.60156250000000000e-01,5.89234500649687424e+17
5.45421471388839563e-01,6.67968750000000000e-01,5.80831123665515008e+17
5.45421471388839563e-01,6.75781250000000000e-01,5.72426583764957120e+17
5.45421471388839563e-01,6.83593750000000000e-01,5.64020784287860096e+17
5.45421471388839563e-01,6.91406250000000000e-01,5.55613620303106368e+17
5.45421471388839563e-01,6.99218750000000000e-01,5.47204977749200064e+17
5.45421471388839563e-01,7.07031250000000000e-01,5.38794732474212480e+17
5.45421471388839563e-01,7.14843750000000000e-01,5.30382749160775296e+17
5.45421471388839563e-01,7.22656250000000000e-01,5.21968880119430720e+17
5.45421471388839563e-01,7.30468750000000000e-01,5.13552963930805312e+17
5.45421471388839563e-01,7.38281250000000000e-01,5.05134823913663040e+17
5.45421471388839563e-01,7.46093750000000000e-01,4.96714266391811584e+17
5.45421471388839563e-01,7.53906250000000000e-01,4.88291078727910720e+17
5.45421471388839563e-01,7.61718750000000000e-01,4.79865027086283584e+17
5.45421471388839563e-01,7.69531250000000000e-01,4.71435853879639744e+17
5.45421471388839563e-01,7.77343750000000000e-01,4.63003274845875264e+17
5.45421471388839563e-01,7.85156250000000000e-01,4.54566975690473920e+17
5.45421471388839563e-01,7.92968750000000000e-01,4.46126608217040384e+17
5.45421471388839563e-01,8.00781250000000000e-01,4.37681785852592256e+17
5.45421471388839563e-01,8.08593750000000000e-01,4.29232078454695040e+17
5.45421471388839563e-01,8.16406250000000000e-01,4.20777006263437504e+17
5.45421471388839563e-01,8.24218750000000000e-01,4.12316032831420736e+17
5.45421471388839563e-01,8.32031250000000000e-01,4.03848556727788800e+17
5.45421471388839563e-01,8.39843750000000000e-01,3.95373901765697152e+17
5.45421471388839563e-01,8.47656250000000000e-01,3.86891305443421632e+17
5.45421471388839563e-01,8.55468750000000000e-01,3.78399905212955200e+17
5.45421471388839563e-01,8.63281250000000000e-01,3.69898722089215616e+17
5.45421471388839563e-01,8.71093750000000000e-01,3.61386640975948672e+17
5.45421471388839563e-01,8.78906250000000000e-01,3.52862386890381568e+17
5.45421471388839563e-01,8.86718750000000000e-01,3.44324495980343936e+17
5.45421471388839563e-01,8.94531250000000000e-01,3.35771279775710976e+17
5.45421471388839563e-01,9.02343750000000000e-01,3.27200780369284480e+17
5.45421471388839563e-01,9.10156250000000000e-01,3.18610712927804096e+17
5.45421471388839563e-01,9.17968750000000000e-01,3.09998389600153216e+17
5.45421471388839563e-01,9.25781250000000000e-01,3.01360614555129408e+17
5.45421471388839563e-01,9.33593750000000000e-01,2.92693531655158656e+17
5.45421471388839563e-01,9.41406250000000000e-01,2.83992390430272480e+17
5.45421471388839563e-01,9.49218750000000000e-01,2.75251165205957056e+17
5.45421471388839563e-01,9.57031250000000000e-01,2.66461901929263328e+17
5.45421471388839563e-01,9.64843750000000000e-01,2.57613548696292928e+17
5.45421471388839563e-01,9.72656250000000000e-01,2.48689792363291712e+17
5.45421471388839563e-01,9.80468750000000000e-01,2.39664962421698304e+17
5.45421471388839563e-01,9.88281250000000000e-01,2.30496151853925440e+17
5.45421471388839563e-01,9.96093750000000000e-01,2.21107902145839072e+17
6.48093651936975546e-01,-9.96093750000000000e-01,1.68437016798980122e+18
6.48093651936975546e-01,-9.88281250000000000e-01,1.68182546462470656e+18
6.48093651936975546e-01,-9.80468750000000000e-01,1.67923436255316710e+18
6.48093651936975546e-01,-9.72656250000000000e-01,1.67660362355534746e+18
6.48093651936975546e-01,-9.64843750000000000e-01,1.67393882111246438e+18
6.48093651936975546e-01,-9.57031250000000000e-01,1.67124457095931315e+18
6.48093651936975546e-01,-9.49218750000000000e-01,1.66852471534810394e+18
6.48093651936975546e-01,-9.41406250000000000e-01,1.66578247041908122e+18
6.48093651936975546e-01,-9.33593750000000000e-01,1.66302054415957811e+18
6.48093651936975546e-01,-9.25781250000000000e-01,1.66024123090963994e+18
6.48093651936975546e-01,-9.17968750000000000e-01,1.65744648715950950e+18
6.48093651936975546e-01,-9.10156250000000000e-01,1.65463799241870080e+18
6.48093651936975546e-01,-9.02343750000000000e-01,1.65181719816768077e+18
6.48093651936975546e-01,-8.94531250000000000e-01,1.64898536729114598e+18
6.48093651936975546e-01,-8.86718750000000000e-01,1.64614360590457472e+18
6.48093651936975546e-01,-8.78906250000000000e-01,1.64329288909771725e+18
6.48093651936975546e-01,-8.71093750000000000e-01,1.64043408180970701e+18
6.48093651936975546e-01,-8.63281250000000000e-01,1.63756795580439603e+18
6.48093651936975546e-01,-8.55468750000000000e-01,1.63469520351855360e+18
6.48093651936975546e-01,-8.47656250000000000e-01,1.63181644939945062e+18
6.48093651936975546e-01,-8.39843750000000000e-01,1.62893225922400154e+18
6.48093651936975546e-01,-8.32031250000000000e-01,1.62604314779255091e+18
6.48093651936975546e-01,-8.24218750000000000e-01,1.62314958531143936e+18
6.48093651936975546e-01,-8.16406250000000000e-01,1.62025200271553971e+18
6.48093651936975546e-01,-8.08593750000000000e-01,1.61735079613180365e+18
6.48093651936975546e-01,-8.00781250000000000e-01,1.61444633064483302e+18
6.48093651936975546e-01,-7.92968750000000000e-01,1.61153894349358310e+18
6.48093651936975546e-01,-7.85156250000000000e-01,1.60862894680283981e+18
6.48093651936975546e-01,-7.77343750000000000e-01,1.60571662993278234e+18
6.48093651936975546e-01,-7.69531250000000000e-01,1.60280226151370010e+18
6.48093651936975546e-01,-7.61718750000000000e-01,1.59988609121996595e+18
6.48093651936975546e-01,-7.53906250000000000e-01,1.59696835132697805e+18
6.48093651936975546e-01,-7.46093750000000000e-01,1.59404925808649011e+18
6.48093651936975546e-01,-7.38281250000000000e-01,1.59112901294909030e+18
6.48093651936975546e-01,-7.30468750000000000e-01,1.58820780365725722e+18
6.48093651936975546e-01,-7.22656250000000000e-01,1.58528580522814310e+18
6.48093651936975546e-01,-7.14843750000000000e-01,1.58236318084178637e+18
6.48093651936975546e-01,-7.07031250000000000e-01,1.57944008264769178e+18
6.48093651936975546e-01,-6.99218750000000000e-01,1.57651665250047821e+18
6.48093651936975546e-01,-6.91406250000000000e-01,1.57359302263348659e+18
6.48093651936975546e-01,-6.83593750000000000e-01,1.57066931627778662e+18
6.48093651936975546e-01,-6.75781250000000000e-01,1.56774564823281843e+18
6.48093651936975546e-01,-6.67968750000000000e-01,1.56482212539395430e+18
6.48093651936975546e-01,-6.60156250000000000e-01,1.56189884724146688e+18
6.48093651936975546e-01,-6.52343750000000000e-01,1.55897590629473869e+18
6.48093651936975546e-01,-6.44531250000000000e-01,1.55605338853502438e+18
6.48093651936975546e-01,-6.36718750000000000e-01,1.55313137379963085e+18
6.48093651936975546e-01,-6.28906250000000000e-01,1.55020993615000858e+18
6.48093651936975546e-01,-6.21093750000000000e-01,1.54728914421595674e+18
6.48093651936975546e-01,-6.13281250000000000e-01,1.54436906151786931e+18
6.48093651936975546e-01,-6.05468750000000000e-01,1.54144974676874701e+18
6.48093651936975546e-01,-5.97656250000000000e-01,1.53853125415751168e+18
6.48093651936975546e-01,-5.89843750000000000e-01,1.53561363361499571e+18
6.48093651936975546e-01,-5.82031250000000000e-01,1.53269693106385766e+18
6.48093651936975546e-01,-5.74218750000000000e-01,1.52978118865354317e+18
6.48093651936975546e-01,-5.66406250000000000e-01,1.52686644498132198e+18
6.48093651936975546e-01,-5.58593750000000000e-01,1.52395273530032819e+18
6.48093651936975546e-01,-5.50781250000000000e-01,1.52104009171547136e+18
6.48093651936975546e-01,-5.42968750000000000e-01,1.51812854336799462e+18
6.48093651936975546e-01,-5.35156250000000000e-01,1.51521811660941235e+18
6.48093651936975546e-01,-5.27343750000000000e-01,1.51230883516549427e+18
6.48093651936975546e-01,-5.19531250000000000e-01,1.50940072029091482e+18
6.48093651936975546e-01,-5.11718750000000000e-01,1.50649379091514240e+18
6.48093651936975546e-01,-5.03906250000000000e-01,1.50358806378010496e+18
6.48093651936975546e-01,-4.96093750000000000e-01,1.50068355357012147e+18
6.48093651936975546e-01,-4.88281250000000000e-01,1.49778027303456819e+18
6.48093651936975546e-01,-4.80468750000000000e-01,1.49487823310370893e+18
6.48093651936975546e-01,-4.72656250000000000e-01,1.49197744299808256e+18
6.48093651936975546e-01,-4.64843750000000000e-01,1.48907791033184077e+18
6.48093651936975546e-01,-4.57031250000000000e-01,1.48617964121036851e+18
6.48093651936975546e-01,-4.49218750000000000e-01,1.48328264032252877e+18
6.48093651936975546e-01,-4.41406250000000000e-01,1.48038691102783386e+18
6.48093651936975546e-01,-4.33593750000000000e-01,1.47749245543883136e+18
6.48093651936975546e-01,-4.25781250000000000e-01,1.47459927449897779e+18
6.48093651936975546e-01,-4.17968750000000000e-01,1.47170736805624806e+18
6.48093651936975546e-01,-4.10156250000000000e-01,1.46881673493272653e+18
6.48093651936975546e-01,-4.02343750000000000e-01,1.46592737299039411e+18
6.48093651936975546e-01,-3.94531250000000000e-01,1.46303927919332531e+18
6.48093651936975546e-01,-3.86718750000000000e-01,1.46015244966649344e+18
6.48093651936975546e-01,-3.78906250000000000e-01,1.45726687975136486e+18
6.48093651936975546e-01,-3.71093750000000000e-01,1.45438256405845632e+18
6.48093651936975546e-01,-3.63281250000000000e-01,1.45149949651702195e+18
6.48093651936975546e-01,-3.55468750000000000e-01,1.44861767042201907e+18
6.48093651936975546e-01,-3.47656250000000000e-01,1.44573707847849421e+18
6.48093651936975546e-01,-3.39843750000000000e-01,1.44285771284353306e+18
6.48093651936975546e-01,-3.32031250000000000e-01,1.43997956516588954e+18
6.48093651936975546e-01,-3.24218750000000000e-01,1.43710262662341888e+18
6.48093651936975546e-01,-3.16406250000000000e-01,1.43422688795842048e+18
6.48093651936975546e-01,-3.08593750000000000e-01,1.43135233951099853e+18
6.48093651936975546e-01,-3.00781250000000000e-01,1.42847897125052826e+18
6.48093651936975546e-01,-2.92968750000000000e-01,1.42560677280532070e+18
6.48093651936975546e-01,-2.85156250000000000e-01,1.42273573349056205e+18
6.48093651936975546e-01,-2.77343750000000000e-01,1.41986584233460429e+18
6.48093651936975546e-01,-2.69531250000000000e-01,1.41699708810366515e+18
6.48093651936975546e-01,-2.61718750000000000e-01,1.41412945932499917e+18
6.48093651936975546e-01,-2.53906250000000000e-01,1.41126294430857856e+18
6.48093651936975546e-01,-2.46093750000000000e-01,1.40839753116732928e+18
6.48093651936975546e-01,-2.38281250000000000e-01,1.40553320783593626e+18
6.48093651936975546e-01,-2.30468750000000000e-01,1.40266996208823322e+18
6.48093651936975546e-01,-2.22656250000000000e-01,1.39980778155317222e+18
6.48093651936975546e-01,-2.14843750000000000e-01,1.39694665372934272e+18
6.48093651936975546e-01,-2.07031250000000000e-01,1.39408656599800038e+18
6.48093651936975546e-01,-1.99218750000000000e-01,1.39122750563452160e+18
6.48093651936975546e-01,-1.91406250000000000e-01,1.38836945981818189e+18
6.48093651936975546e-01,-1.83593750000000000e-01,1.38551241564010368e+18
6.48093651936975546e-01,-1.75781250000000000e-01,1.38265636010916864e+18
6.48093651936975546e-01,-1.67968750000000000e-01,1.37980128015563315e+18
6.48093651936975546e-01,-1.60156250000000000e-01,1.37694716263209498e+18
6.48093651936975546e-01,-1.52343750000000000e-01,1.37409399431137306e+18
6.48093651936975546e-01,-1.44531250000000000e-01,1.37124176188071731e+18
6.48093651936975546e-01,-1.36718750000000000e-01,1.36839045193163827e+18
6.48093651936975546e-01,-1.28906250000000000e-01,1.36554005094442419e+18
6.48093651936975546e-01,-1.21093750000000000e-01,1.36269054526618701e+18
6.48093651936975546e-01,-1.13281250000000000e-01,1.35984192108096717e+18
6.48093651936975546e-01,-1.05468750000000000e-01,1.35699416437004109e+18
6.48093651936975546e-01,-9.76562500000000000e-02,1.35414726086009574e+18
6.48093651936975546e-01,-8.98437500000000000e-02,1.35130119595633459e+18
6.48093651936975546e-01,-8.20312500000000000e-02,1.34845595465680845e+18
6.48093651936975546e-01,-7.42187500000000000e-02,1.34561152144332749e+18
6.48093651936975546e-01,-6.64062500000000000e-02,1.34276788014309632e+18
6.48093651936975546e-01,-5.85937500000000000e-02,1.33992501375372774e+18
6.48093651936975546e-01,-5.07812500000000000e-02,1.33708290422239053e+18
6.48093651936975546e-01,-4.29687500000000000e-02,1.33424153216747699e+18
6.48093651936975546e-01,-3.51562500000000000e-02,1.33140087652820250e+18
6.48093651936975546e-01,-2.73437500000000000e-02,1.32856091412380032e+18
6.48093651936975546e-01,-1.95312500000000000e-02,1.32572161909927347e+18
6.48093651936975546e-01,-1.17187500000000000e-02,1.32288296222876365e+18
6.48093651936975546e-01,-3.90625000000000000e-03,1.32004491004016640e+18
6.48093651936975546e-01,3.90625000000000000e-03,1.31432785746811955e+18
6.48093651936975546e-01,1.17187500000000000e-02,1.30582628694336256e+18
6.48093651936975546e-01,1.95312500000000000e-02,1.29733156407903974e+18
6.48093651936975546e-01,2.73437500000000000e-02,1.28884304473027917e+18
6.48093651936975546e-01,3.51562500000000000e-02,1.28036025727699661e+18
6.48093651936975546e-01,4.29687500000000000e-02,1.27188282503613696e+18
6.48093651936975546e-01,5.07812500000000000e-02,1.26341042654354074e+18
6.48093651936975546e-01,5.85937500000000000e-02,1.25494277503058867e+18
6.48093651936975546e-01,6.64062500000000000e-02,1.24647960764990438e+18
6.48093651936975546e-01,7.42187500000000000e-02,1.23802067966865613e+18
6.48093651936975546e-01,8.20312500000000000e-02,1.22956576120612224e+18
6.48093651936975546e-01,8.98437500000000000e-02,1.22111463528502502e+18
6.48093651936975546e-01,9.76562500000000000e-02,1.21266709657006438e+18
6.48093651936975546e-01,1.05468750000000000e-01,1.20422295047323366e+18
6.48093651936975546e-01,1.13281250000000000e-01,1.19578201246101811e+18
6.48093651936975546e-01,1.21093750000000000e-01,1.18734410747778918e+18
6.48093651936975546e-01,1.28906250000000000e-01,1.17890906944028262e+18
6.48093651936975546e-01,1.36718750000000000e-01,1.17047674077890765e+18
6.48093651936975546e-01,1.44531250000000000e-01,1.16204697201251968e+18
6.48093651936975546e-01,1.52343750000000000e-01,1.15361962134900890e+18
6.48093651936975546e-01,1.60156250000000000e-01,1.14519455430712973e+18
6.48093651936975546e-01,1.67968750000000000e-01,1.13677164335669773e+18
6.48093651936975546e-01,1.75781250000000000e-01,1.12835076757522662e+18
6.48093651936975546e-01,1.83593750000000000e-01,1.11993181231965158e+18
6.48093651936975546e-01,1.91406250000000000e-01,1.11151466891211840e+18
6.48093651936975546e-01,1.99218750000000000e-01,1.10309923433903834e+18
6.48093651936975546e-01,2.07031250000000000e-01,1.09468541096274099e+18
6.48093651936975546e-01,2.14843750000000000e-01,1.08627310624515942e+18
6.48093651936975546e-01,2.22656250000000000e-01,1.07786223248303462e+18
6.48093651936975546e-01,2.30468750000000000e-01,1.06945270655417434e+18
6.48093651936975546e-01,2.38281250000000000e-01,1.06104444967433088e+18
6.48093651936975546e-01,2.46093750000000000e-01,1.05263738716427917e+18
6.48093651936975546e-01,2.53906250000000000e-01,1.04423144822668954e+18
6.48093651936975546e-01,2.61718750000000000e-01,1.03582656573240486e+18
6.48093651936975546e-01,2.69531250000000000e-01,1.02742267601573120e+18
6.48093651936975546e-01,2.77343750000000000e-01,1.01901971867835904e+18
6.48093651936975546e-01,2.85156250000000000e-01,1.01061763640153254e+18
6.48093651936975546e-01,2.92968750000000000e-01,1.00221637476609152e+18
6.48093651936975546e-01,3.00781250000000000e-01,9.93815882080006528e+17
6.48093651936975546e-01,3.08593750000000000e-01,9.85416109213034112e+17
6.48093651936975546e-01,3.16406250000000000e-01,9.77017009438114816e+17
6.48093651936975546e-01,3.24218750000000000e-01,9.68618538279149568e+17
6.48093651936975546e-01,3.32031250000000000e-01,9.60220653364770688e+17
6.48093651936975546e-01,3.39843750000000000e-01,9.51823314287751168e+17
6.48093651936975546e-01,3.47656250000000000e-01,9.43426482469673856e+17
6.48093651936975546e-01,3.55468750000000000e-01,9.35030121030491392e+17
6.48093651936975546e-01,3.63281250000000000e-01,9.26634194662616576e+17
6.48093651936975546e-01,3.71093750000000000e-01,9.18238669509163264e+17
6.48093651936975546e-01,3.78906250000000000e-01,9.09843513045974144e+17
6.48093651936975546e-01,3.86718750000000000e-01,9.01448693967062016e+17
6.48093651936975546e-01,3.94531250000000000e-01,8.93054182073088768e+17
6.48093651936975546e-01,4.02343750000000000e-01,8.84659948162501120e+17
6.48093651936975546e-01,4.10156250000000000e-01,8.76265963924942336e+17
6.48093651936975546e-01,4.17968750000000000e-01,8.67872201836547968e+17
6.48093651936975546e-01,4.25781250000000000e-01,8.59478635056723072e+17
6.48093651936975546e-01,4.33593750000000000e-01,8.51085237325996544e+17
6.48093651936975546e-01,4.41406250000000000e-01,8.42691982864526208e+17
6.48093651936975546e-01,4.49218750000000000e-01,8.34298846270824704e+17
6.48093651936975546e-01,4.57031250000000000e-01,8.25905802420246016e+17
6.48093651936975546e-01,4.64843750000000000e-01,8.17512826362765056e+17
6.48093651936975546e-01,4.72656250000000000e-01,8.09119893219552896e+17
6.48093651936975546e-01,4.80468750000000000e-01,8.00726978077826048e+17
6.48093651936975546e-01,4.88281250000000000e-01,7.92334055883414528e+17
6.48093651936975546e-01,4.96093750000000000e-01,7.83941101330463104e+17
6.48093651936975546e-01,5.03906250000000000e-01,7.75548088747637888e+17
6.48093651936975546e-01,5.11718750000000000e-01,7.67154991980162816e+17
6.48093651936975546e-01,5.19531250000000000e-01,7.58761784266962048e+17
6.48093651936975546e-01,5.27343750000000000e-01,7.50368438112124800e+17
6.48093651936975546e-01,5.35156250000000000e-01,7.41974925149839872e+17
6.48093651936975546e-01,5.42968750000000000e-01,7.33581216001872768e+17
6.48093651936975546e-01,5.50781250000000000e-01,7.25187280126574208e+17
6.48093651936975546e-01,5.58593750000000000e-01,7.16793085658304640e+17
6.48093651936975546e-01,5.66406250000000000e-01,7.08398599236056704e+17
6.48093651936975546e-01,5.74218750000000000e-01,7.00003785819922432e+17
6.48093651936975546e-01,5.82031250000000000e-01,6.91608608493914240e+17
6.48093651936975546e-01,5.89843750000000000e-01,6.83213028253481472e+17
6.48093651936975546e-01,5.97656250000000000e-01,6.74817003775877760e+17
6.48093651936975546e-01,6.05468750000000000e-01,6.66420491171322112e+17
6.48093651936975546e-01,6.13281250000000000e-01,6.58023443712646784e+17
6.48093651936975546e-01,6.21093750000000000e-01,6.49625811540851584e+17
6.48093651936975546e-01,6.28906250000000000e-01,6.41227541343651968e+17
6.48093651936975546e-01,6.36718750000000000e-01,6.32828576003744768e+17
6.48093651936975546e-01,6.44531250000000000e-01,6.24428854213077248e+17
6.48093651936975546e-01,6.52343750000000000e-01,6.16028310048913024e+17
6.48093651936975546e-01,6.60156250000000000e-01,6.07626872506906112e+17
6.48093651936975546e-01,6.67968750000000000e-01,5.99224464985724928e+17
6.48093651936975546e-01,6.75781250000000000e-01,5.90821004716974720e+17
6.48093651936975546e-01,6.83593750000000000e-01,5.82416402133253760e+17
6.48093651936975546e-01,6.91406250000000000e-01,5.74010560166093312e+17
6.48093651936975546e-01,6.99218750000000000e-01,5.65603373464254080e+17
6.48093651936975546e-01,7.07031250000000000e-01,5.57194727521353536e+17
6.48093651936975546e-01,7.14843750000000000e-01,5.48784497700003712e+17
6.48093651936975546e-01,7.22656250000000000e-01,5.40372548137526144e+17
6.48093651936975546e-01,7.30468750000000000e-01,5.31958730515770304e+17
6.48093651936975546e-01,7.38281250000000000e-01,5.23542882674542528e+17
6.48093651936975546e-01,7.46093750000000000e-01,5.15124827044509440e+17
6.48093651936975546e-01,7.53906250000000000e-01,5.06704368871077248e+17
6.48093651936975546e-01,7.61718750000000000e-01,4.98281294195467968e+17
6.48093651936975546e-01,7.69531250000000000e-01,4.89855367552828992e+17
6.48093651936975546e-01,7.77343750000000000e-01,4.81426329339468288e+17
6.48093651936975546e-01,7.85156250000000000e-01,4.72993892791878656e+17
6.48093651936975546e-01,7.92968750000000000e-01,4.64557740508713920e+17
6.48093651936975546e-01,8.00781250000000000e-01,4.56117520432801536e+17
6.48093651936975546e-01,8.08593750000000000e-01,4.47672841193000704e+17
6.48093651936975546e-01,8.16406250000000000e-01,4.39223266684421696e+17
6.48093651936975546e-01,8.24218750000000000e-01,4.30768309739180736e+17
6.48093651936975546e-01,8.32031250000000000e-01,4.22307424707078848e+17
6.48093651936975546e-01,8.39843750000000000e-01,4.13839998724465152e+17
6.48093651936975546e-01,8.47656250000000000e-01,4.05365341397401792e+17
6.48093651936975546e-01,8.55468750000000000e-01,3.96882672558068864e+17
6.48093651936975546e-01,8.63281250000000000e-01,3.88391107664900544e+17
6.48093651936975546e-01,8.71093750000000000e-01,3.79889640296886912e+17
6.48093651936975546e-01,8.78906250000000000e-01,3.71377121022970560e+17
6.48093651936975546e-01,8.86718750000000000e-01,3.62852231676413440e+17
6.48093651936975546e-01,8.94531250000000000e-01,3.54313453671888256e+17
6.48093651936975546e-01,9.02343750000000000e-01,3.45759028357117696e+17
6.48093651936975546e-01,9.10156250000000000e-01,3.37186906274236224e+17
6.48093651936975546e-01,9.17968750000000000e-01,3.28594680197212352e+17
6.48093651936975546e-01,9.25781250000000000e-01,3.19979493086084928e+17
6.48093651936975546e-01,9.33593750000000000e-01,3.11337905036392448e+17
6.48093651936975546e-01,9.41406250000000000e-01,3.02665689711015296e+17
6.48093651936975546e-01,9.49218750000000000e-01,2.93957504321374272e+17
6.48093651936975546e-01,9.57031250000000000e-01,2.85206325525697632e+17
6.48093651936975546e-01,9.64843750000000000e-01,2.76402442014528352e+17
6.48093651936975546e-01,9.72656250000000000e-01,2.67531594350912800e+17
6.48093651936975546e-01,9.80468750000000000e-01,2.58571457435101440e+17
6.48093651936975546e-01,9.88281250000000000e-01,2.49484879982874496e+17
6.48093651936975546e-01,9.96093750000000000e-01,2.40206750963084640e+17
7.40124191578554358e-01,-9.96093750000000000e-01,1.68452634003225574e+18
7.40124191578554358e-01,-9.88281250000000000e-01,1.68229148887309952e+18
7.40124191578554358e-01,-9.80468750000000000e-01,1.68000947353698918e+18
7.40124191578554358e-01,-9.72656250000000000e-01,1.67768624010116403e+18
7.40124191578554358e-01,-9.64843750000000000e-01,1.67532670953840870e+18
7.40124191578554358e-01,-9.57031250000000000e-01,1.67293497650409677e+18
7.40124191578554358e-01,-9.49218750000000000e-01,1.67051446819128832e+18
7.40124191578554358e-01,-9.41406250000000000e-01,1.66806807136098406e+18
7.40124191578554358e-01,-9.33593750000000000e-01,1.66559823400313114e+18
7.40124191578554358e-01,-9.25781250000000000e-01,1.66310704676926310e+18
7.40124191578554358e-01,-9.17968750000000000e-01,1.66059630827105818e+18
7.40124191578554358e-01,-9.10156250000000000e-01,1.65806757750589747e+18
7.40124191578554358e-01,-9.02343750000000000e-01,1.65552221600717107e+18
7.40124191578554358e-01,-8.94531250000000000e-01,1.65296142178895411e+18
7.40124191578554358e-01,-8.86718750000000000e-01,1.65038625673419366e+18
7.40124191578554358e-01,-8.78906250000000000e-01,1.64779766874072422e+18
7.40124191578554358e-01,-8.71093750000000000e-01,1.64519650967283430e+18
7.40124191578554358e-01,-8.63281250000000000e-01,1.64258354995378022e+18
7.40124191578554358e-01,-8.55468750000000000e-01,1.63995949046555597e+18
7.40124191578554358e-01,-8.47656250000000000e-01,1.63732497228754432e+18
7.40124191578554358e-01,-8.39843750000000000e-01,1.63468058469838490e+18
7.40124191578554358e-01,-8.32031250000000000e-01,1.63202687177991347e+18
7.40124191578554358e-01,-8.24218750000000000e-01,1.62936433789392230e+18
7.40124191578554358e-01,-8.16406250000000000e-01,1.62669345224819251e+18
7.40124191578554358e-01,-8.08593750000000000e-01,1.62401465272499379e+18
7.40124191578554358e-01,-8.00781250000000000e-01,1.62132834911072128e+18
7.40124191578554358e-01,-7.92968750000000000e-01,1.61863492583783066e+18
7.40124191578554358e-01,-7.85156250000000000e-01,1.61593474432826982e+18
7.40124191578554358e-01,-7.77343750000000000e-01,1.61322814501007795e+18
7.40124191578554358e-01,-7.69531250000000000e-01,1.61051544906481997e+18
7.40124191578554358e-01,-7.61718750000000000e-01,1.60779695995234893e+18
7.40124191578554358e-01,-7.53906250000000000e-01,1.60507296475044019e+18
7.40124191578554358e-01,-7.46093750000000000e-01,1.60234373533969280e+18
7.40124191578554358e-01,-7.38281250000000000e-01,1.59960952945835750e+18
7.40124191578554358e-01,-7.30468750000000000e-01,1.59687059164716518e+18
7.40124191578554358e-01,-7.22656250000000000e-01,1.59412715410054221e+18
7.40124191578554358e-01,-7.14843750000000000e-01,1.59137943743763789e+18
7.40124191578554358e-01,-7.07031250000000000e-01,1.58862765140420864e+18
7.40124191578554358e-01,-6.99218750000000000e-01,1.58587199551448115e+18
7.40124191578554358e-01,-6.91406250000000000e-01,1.58311265964056909e+18
7.40124191578554358e-01,-6.83593750000000000e-01,1.58034982455576141e+18
7.40124191578554358e-01,-6.75781250000000000e-01,1.57758366243697946e+18
7.40124191578554358e-01,-6.67968750000000000e-01,1.57481433733087718e+18
7.40124191578554358e-01,-6.60156250000000000e-01,1.57204200558737715e+18
7.40124191578554358e-01,-6.52343750000000000e-01,1.56926681626388659e+18
7.40124191578554358e-01,-6.44531250000000000e-01,1.56648891150297498e+18
7.40124191578554358e-01,-6.36718750000000000e-01,1.56370842688592845e+18
7.40124191578554358e-01,-6.28906250000000000e-01,1.56092549176427725e+18
7.40124191578554358e-01,-6.21093750000000000e-01,1.55814022957113267e+18
7.40124191578554358e-01,-6.13281250000000000e-01,1.55535275811395866e+18
7.40124191578554358e-01,-6.05468750000000000e-01,1.55256318985021184e+18
7.40124191578554358e-01,-5.97656250000000000e-01,1.54977163214713626e+18
7.40124191578554358e-01,-5.89843750000000000e-01,1.54697818752685389e+18
7.40124191578554358e-01,-5.82031250000000000e-01,1.54418295389779891e+18
7.40124191578554358e-01,-5.74218750000000000e-01,1.54138602477341875e+18
7.40124191578554358e-01,-5.66406250000000000e-01,1.53858748947900672e+18
7.40124191578554358e-01,-5.58593750000000000e-01,1.53578743334743501e+18
7.40124191578554358e-01,-5.50781250000000000e-01,1.53298593790450304e+18
7.40124191578554358e-01,-5.42968750000000000e-01,1.53018308104455552e+18
7.40124191578554358e-01,-5.35156250000000000e-01,1.52737893719696870e+18
7.40124191578554358e-01,-5.27343750000000000e-01,1.52457357748406758e+18
7.40124191578554358e-01,-5.19531250000000000e-01,1.52176706987097958e+18
7.40124191578554358e-01,-5.11718750000000000e-01,1.51895947930790912e+18
7.40124191578554358e-01,-5.03906250000000000e-01,1.51615086786527437e+18
7.40124191578554358e-01,-4.96093750000000000e-01,1.51334129486211507e+18
7.40124191578554358e-01,-4.88281250000000000e-01,1.51053081698815846e+18
7.40124191578554358e-01,-4.80468750000000000e-01,1.50771948841990528e+18
7.40124191578554358e-01,-4.72656250000000000e-01,1.50490736093106150e+18
7.40124191578554358e-01,-4.64843750000000000e-01,1.50209448399763661e+18
7.40124191578554358e-01,-4.57031250000000000e-01,1.49928090489799910e+18
7.40124191578554358e-01,-4.49218750000000000e-01,1.49646666880816179e+18
7.40124191578554358e-01,-4.41406250000000000e-01,1.49365181889255501e+18
7.40124191578554358e-01,-4.33593750000000000e-01,1.49083639639053005e+18
7.40124191578554358e-01,-4.25781250000000000e-01,1.48802044069881472e+18
7.40124191578554358e-01,-4.17968750000000000e-01,1.48520398945014144e+18
7.40124191578554358e-01,-4.10156250000000000e-01,1.48238707858823834e+18
7.40124191578554358e-01,-4.02343750000000000e-01,1.47956974243937536e+18
7.40124191578554358e-01,-3.94531250000000000e-01,1.47675201378064410e+18
7.40124191578554358e-01,-3.86718750000000000e-01,1.47393392390512998e+18
7.40124191578554358e-01,-3.78906250000000000e-01,1.47111550268414054e+18
7.40124191578554358e-01,-3.71093750000000000e-01,1.46829677862663117e+18
7.40124191578554358e-01,-3.63281250000000000e-01,1.46547777893596621e+18
7.40124191578554358e-01,-3.55468750000000000e-01,1.46265852956415181e+18
7.40124191578554358e-01,-3.47656250000000000e-01,1.45983905526365056e+18
7.40124191578554358e-01,-3.39843750000000000e-01,1.45701937963690445e+18
7.40124191578554358e-01,-3.32031250000000000e-01,1.45419952518366746e+18
7.40124191578554358e-01,-3.24218750000000000e-01,1.45137951334624845e+18
7.40124191578554358e-01,-3.16406250000000000e-01,1.44855936455275827e+18
7.40124191578554358e-01,-3.08593750000000000e-01,1.44573909825845504e+18
7.40124191578554358e-01,-3.00781250000000000e-01,1.44291873298525926e+18
7.40124191578554358e-01,-2.92968750000000000e-01,1.44009828635952230e+18
7.40124191578554358e-01,-2.85156250000000000e-01,1.43727777514811213e+18
7.40124191578554358e-01,-2.77343750000000000e-01,1.43445721529288269e+18
7.40124191578554358e-01,-2.69531250000000000e-01,1.43163662194357862e+18
7.40124191578554358e-01,-2.61718750000000000e-01,1.42881600948922368e+18
7.40124191578554358e-01,-2.53906250000000000e-01,1.42599539158803891e+18
7.40124191578554358e-01,-2.46093750000000000e-01,1.42317478119591219e+18
7.40124191578554358e-01,-2.38281250000000000e-01,1.42035419059344819e+18
7.40124191578554358e-01,-2.30468750000000000e-01,1.41753363141159936e+18
7.40124191578554358e-01,-2.22656250000000000e-01,1.41471311465588403e+18
7.40124191578554358e-01,-2.14843750000000000e-01,1.41189265072915917e+18
7.40124191578554358e-01,-2.07031250000000000e-01,1.40907224945290906e+18
7.40124191578554358e-01,-1.99218750000000000e-01,1.40625192008698803e+18
7.40124191578554358e-01,-1.91406250000000000e-01,1.40343167134771533e+18
7.40124191578554358e-01,-1.83593750000000000e-01,1.40061151142419149e+18
7.40124191578554358e-01,-1.75781250000000000e-01,1.39779144799265715e+18
7.40124191578554358e-01,-1.67968750000000000e-01,1.39497148822865997e+18
7.40124191578554358e-01,-1.60156250000000000e-01,1.39215163881671910e+18
7.40124191578554358e-01,-1.52343750000000000e-01,1.38933190595710131e+18
7.40124191578554358e-01,-1.44531250000000000e-01,1.38651229536919629e+18
7.40124191578554358e-01,-1.36718750000000000e-01,1.38369281229085338e+18
7.40124191578554358e-01,-1.28906250000000000e-01,1.38087346147286554e+18
7.40124191578554358e-01,-1.21093750000000000e-01,1.37805424716757094e+18
7.40124191578554358e-01,-1.13281250000000000e-01,1.37523517311026688e+18
7.40124191578554358e-01,-1.05468750000000000e-01,1.37241624249179750e+18
7.40124191578554358e-01,-9.76562500000000000e-02,1.36959745792024755e+18
7.40124191578554358e-01,-8.98437500000000000e-02,1.36677882136913766e+18
7.40124191578554358e-01,-8.20312500000000000e-02,1.36396033410883942e+18
7.40124191578554358e-01,-7.42187500000000000e-02,1.36114199661709978e+18
7.40124191578554358e-01,-6.64062500000000000e-02,1.35832380846348262e+18
7.40124191578554358e-01,-5.85937500000000000e-02,1.35550576816121677e+18
7.40124191578554358e-01,-5.07812500000000000e-02,1.35268787297826662e+18
7.40124191578554358e-01,-4.29687500000000000e-02,1.34987011869733018e+18
7.40124191578554358e-01,-3.51562500000000000e-02,1.34705249931183846e+18
7.40124191578554358e-01,-2.73437500000000000e-02,1.34423500664170906e+18
7.40124191578554358e-01,-1.95312500000000000e-02,1.34141762984843827e+18
7.40124191578554358e-01,-1.17187500000000000e-02,1.33860035482388941e+18
7.40124191578554358e-01,-3.90625000000000000e-03,1.33578316342054528e+18
7.40124191578554358e-01,3.90625000000000000e-03,1.33011132248646886e+18
7.40124191578554358e-01,1.17187500000000000e-02,1.32166546050253082e+18
7.40124191578554358e-01,1.95312500000000000e-02,1.31322220275769626e+18
7.40124191578554358e-01,2.73437500000000000e-02,1.30478124299552922e+18
7.40124191578554358e-01,3.51562500000000000e-02,1.29634240602639130e+18
7.40124191578554358e-01,4.29687500000000000e-02,1.28790558200033766e+18
7.40124191578554358e-01,5.07812500000000000e-02,1.27947069327471437e+18
7.40124191578554358e-01,5.85937500000000000e-02,1.27103767776761600e+18
7.40124191578554358e-01,6.64062500000000000e-02,1.26260648065187584e+18
7.40124191578554358e-01,7.42187500000000000e-02,1.25417705026869350e+18
7.40124191578554358e-01,8.20312500000000000e-02,1.24574933617442944e+18
7.40124191578554358e-01,8.98437500000000000e-02,1.23732328826305843e+18
7.40124191578554358e-01,9.76562500000000000e-02,1.22889885642755917e+18
7.40124191578554358e-01,1.05468750000000000e-01,1.22047599048739533e+18
7.40124191578554358e-01,1.13281250000000000e-01,1.21205464024316646e+18
7.40124191578554358e-01,1.21093750000000000e-01,1.20363475558762803e+18
7.40124191578554358e-01,1.28906250000000000e-01,1.19521628663704371e+18
7.40124191578554358e-01,1.36718750000000000e-01,1.18679918386465638e+18
7.40124191578554358e-01,1.44531250000000000e-01,1.17838339822725427e+18
7.40124191578554358e-01,1.52343750000000000e-01,1.16996888128058240e+18
7.40124191578554358e-01,1.60156250000000000e-01,1.16155558528184422e+18
7.40124191578554358e-01,1.67968750000000000e-01,1.15314346327885850e+18
7.40124191578554358e-01,1.75781250000000000e-01,1.14473246918612480e+18
7.40124191578554358e-01,1.83593750000000000e-01,1.13632255784841894e+18
7.40124191578554358e-01,1.91406250000000000e-01,1.12791368509270835e+18
7.40124191578554358e-01,1.99218750000000000e-01,1.11950580776926758e+18
7.40124191578554358e-01,2.07031250000000000e-01,1.11109888378288230e+18
7.40124191578554358e-01,2.14843750000000000e-01,1.10269287211502502e+18
7.40124191578554358e-01,2.22656250000000000e-01,1.09428773283784256e+18
7.40124191578554358e-01,2.30468750000000000e-01,1.08588342712076070e+18
7.40124191578554358e-01,2.38281250000000000e-01,1.07747991723044813e+18
7.40124191578554358e-01,2.46093750000000000e-01,1.06907716652483264e+18
7.40124191578554358e-01,2.53906250000000000e-01,1.06067513944181094e+18
7.40124191578554358e-01,2.61718750000000000e-01,1.05227380148322240e+18
7.40124191578554358e-01,2.69531250000000000e-01,1.04387311919462272e+18
7.40124191578554358e-01,2.77343750000000000e-01,1.03547306014132480e+18
7.40124191578554358e-01,2.85156250000000000e-01,1.02707359288112973e+18
7.40124191578554358e-01,2.92968750000000000e-01,1.01867468693413325e+18
7.40124191578554358e-01,3.00781250000000000e-01,1.01027631274992602e+18
7.40124191578554358e-01,3.08593750000000000e-01,1.00187844167248755e+18
7.40124191578554358e-01,3.16406250000000000e-01,9.93481045903020800e+17
7.40124191578554358e-01,3.24218750000000000e-01,9.85084098460938112e+17
7.40124191578554358e-01,3.32031250000000000e-01,9.76687573143178112e+17
7.40124191578554358e-01,3.39843750000000000e-01,9.68291444482001024e+17
7.40124191578554358e-01,3.47656250000000000e-01,9.59895687701371648e+17
7.40124191578554358e-01,3.55468750000000000e-01,9.51500278672020224e+17
7.40124191578554358e-01,3.63281250000000000e-01,9.43105193865234304e+17
7.40124191578554358e-01,3.71093750000000000e-01,9.34710410305415936e+17
7.40124191578554358e-01,3.78906250000000000e-01,9.26315905521405440e+17
7.40124191578554358e-01,3.86718750000000000e-01,9.17921657496556544e+17
7.40124191578554358e-01,3.94531250000000000e-01,9.09527644617515008e+17
7.40124191578554358e-01,4.02343750000000000e-01,9.01133845621635712e+17
7.40124191578554358e-01,4.10156250000000000e-01,8.92740239542947712e+17
7.40124191578554358e-01,4.17968750000000000e-01,8.84346805656547840e+17
7.40124191578554358e-01,4.25781250000000000e-01,8.75953523421290240e+17
7.40124191578554358e-01,4.33593750000000000e-01,8.67560372420599936e+17
7.40124191578554358e-01,4.41406250000000000e-01,8.59167332301227136e+17
7.40124191578554358e-01,4.49218750000000000e-01,8.50774382709723392e+17
7.40124191578554358e-01,4.57031250000000000e-01,8.42381503226390656e+17
7.40124191578554358e-01,4.64843750000000000e-01,8.33988673296435456e+17
7.40124191578554358e-01,4.72656250000000000e-01,8.25595872158012544e+17
7.40124191578554358e-01,4.80468750000000000e-01,8.17203078766820736e+17
7.40124191578554358e-01,4.88281250000000000e-01,8.08810271716868608e+17
7.40124191578554358e-01,4.96093750000000000e-01,8.00417429156986624e+17
7.40124191578554358e-01,5.03906250000000000e-01,7.92024528702622080e+17
7.40124191578554358e-01,5.11718750000000000e-01,7.83631547342396032e+17
7.40124191578554358e-01,5.19531250000000000e-01,7.75238461338851712e+17
7.40124191578554358e-01,5.27343750000000000e-01,7.66845246122760832e+17
7.40124191578554358e-01,5.35156250000000000e-01,7.58451876180285056e+17
7.40124191578554358e-01,5.42968750000000000e-01,7.50058324932216576e+17
7.40124191578554358e-01,5.50781250000000000e-01,7.41664564604433024e+17
7.40124191578554358e-01,5.58593750000000000e-01,7.33270566088610944e+17
7.40124191578554358e-01,5.66406250000000000e-01,7.24876298792129408e+17
7.40124191578554358e-01,5.74218750000000000e-01,7.16481730475981184e+17
7.40124191578554358e-01,5.82031250000000000e-01,7.08086827079363968e+17
7.40124191578554358e-01,5.89843750000000000e-01,6.99691552529479040e+17
7.40124191578554358e-01,5.97656250000000000e-01,6.91295868534878848e+17
7.40124191578554358e-01,6.05468750000000000e-01,6.82899734360513536e+17
7.40124191578554358e-01,6.13281250000000000e-01,6.74503106582393984e+17
7.40124191578554358e-01,6.21093750000000000e-01,6.66105938819528064e+17
7.40124191578554358e-01,6.28906250000000000e-01,6.57708181440490112e+17
7.40124191578554358e-01,6.36718750000000000e-01,6.49309781241637120e+17
7.40124191578554358e-01,6.44531250000000000e-01,6.40910681093591040e+17
7.40124191578554358e-01,6.52343750000000000e-01,6.32510819552144640e+17
7.40124191578554358e-01,6.60156250000000000e-01,6.24110130429223168e+17
7.40124191578554358e-01,6.67968750000000000e-01,6.15708542318909312e+17
7.40124191578554358e-01,6.75781250000000000e-01,6.07305978072823808e+17
7.40124191578554358e-01,6.83593750000000000e-01,5.98902354218306944e+17
7.40124191578554358e-01,6.91406250000000000e-01,5.90497580311862912e+17
7.40124191578554358e-01,6.99218750000000000e-01,5.82091558219155968e+17
7.40124191578554358e-01,7.07031250000000000e-01,5.73684181311483840e+17
7.40124191578554358e-01,7.14843750000000000e-01,5.65275333567014656e+17
7.40124191578554358e-01,7.22656250000000000e-01,5.56864888563146880e+17
7.40124191578554358e-01,7.30468750000000000e-01,5.48452708344044224e+17
7.40124191578554358e-01,7.38281250000000000e-01,5.40038642144637632e+17
7.40124191578554358e-01,7.46093750000000000e-01,5.31622524949087104e+17
7.40124191578554358e-01,7.53906250000000000e-01,5.23204175857717440e+17
7.40124191578554358e-01,7.61718750000000000e-01,5.14783396231648896e+17
7.40124191578554358e-01,7.69531250000000000e-01,5.06359967578547712e+17
7.40124191578554358e-01,7.77343750000000000e-01,4.97933649135884800e+17
7.40124191578554358e-01,7.85156250000000000e-01,4.89504175099542528e+17
7.40124191578554358e-01,7.92968750000000000e-01,4.81071251435172160e+17
7.40124191578554358e-01,8.00781250000000000e-01,4.72634552196946944e+17
7.40124191578554358e-01,8.08593750000000000e-01,4.64193715262694528e+17
7.40124191578554358e-01,8.16406250000000000e-01,4.55748337375110464e+17
7.40124191578554358e-01,8.24218750000000000e-01,4.47297968354898496e+17
7.40124191578554358e-01,8.32031250000000000e-01,4.38842104322017728e+17
7.40124191578554358e-01,8.39843750000000000e-01,4.30380179724016832e+17
7.40124191578554358e-01,8.47656250000000000e-01,4.21911557923312512e+17
7.40124191578554358e-01,8.55468750000000000e-01,4.13435520034616448e+17
7.40124191578554358e-01,8.63281250000000000e-01,4.04951251623959872e+17
7.40124191578554358e-01,8.71093750000000000e-01,3.96457826772686016e+17
7.40124191578554358e-01,8.78906250000000000e-01,3.87954188857484544e+17
7.40124191578554358e-01,8.86718750000000000e-01,3.79439127172502848e+17
7.40124191578554358e-01,8.94531250000000000e-01,3.70911248168903168e+17
7.40124191578554358e-01,9.02343750000000000e-01,3.62368939510895488e+17
7.40124191578554358e-01,9.10156250000000000e-01,3.53810324152840960e+17
7.40124191578554358e-01,9.17968750000000000e-01,3.45233199855755136e+17
7.40124191578554358e-01,9.25781250000000000e-01,3.36634956252401792e+17
7.40124191578554358e-01,9.33593750000000000e-01,3.28012455302093888e+17
7.40124191578554358e-01,9.41406250000000000e-01,3.19361848920038848e+17
7.40124191578554358e-01,9.49218750000000000e-01,3.10678284137537664e+17
7.40124191578554358e-01,9.57031250000000000e-01,3.01955400314569152e+17
7.40124191578554358e-01,9.64843750000000000e-01,2.93184432866198720e+17
7.40124191578554358e-01,9.72656250000000000e-01,2.84352560512737888e+17
7.40124191578554358e-01,9.80468750000000000e-01,2.75439782796759968e+17
7.40124191578554358e-01,9.88281250000000000e-01,2.66412922445886304e+17
7.40124191578554358e-01,9.96093750000000000e-01,2.57213978389204576e+17
8.20001985973902947e-01,-9.96093750000000000e-01,1.68463365260167091e+18
8.20001985973902947e-01,-9.88281250000000000e-01,1.68261242336160973e+18
8.20001985973902947e-01,-9.80468750000000000e-01,1.68054454780050278e+18
8.20001985973902947e-01,-9.72656250000000000e-01,1.67843538866142592e+18
8.20001985973902947e-01,-9.64843750000000000e-01,1.67628939347103923e+18
8.20001985973902947e-01,-9.57031250000000000e-01,1.67411027207850573e+18
8.20001985973902947e-01,-9.49218750000000000e-01,1.67190113851514240e+18
8.20001985973902947e-01,-9.41406250000000000e-01,1.66966462441966746e+18
8.20001985973902947e-01,-9.33593750000000000e-01,1.66740296979797402e+18
8.20001985973902947e-01,-9.25781250000000000e-01,1.66511809571141965e+18
8.20001985973902947e-01,-9.17968750000000000e-01,1.66281166255229261e+18
8.20001985973902947e-01,-9.10156250000000000e-01,1.66048511682049997e+18
8.20001985973902947e-01,-9.02343750000000000e-01,1.65813972872272307e+18
8.20001985973902947e-01,-8.94531250000000000e-01,1.65577662244332058e+18
8.20001985973902947e-01,-8.86718750000000000e-01,1.65339680056048845e+18
8.20001985973902947e-01,-8.78906250000000000e-01,1.65100116378198272e+18
8.20001985973902947e-01,-8.71093750000000000e-01,1.64859052693646387e+18
8.20001985973902947e-01,-8.63281250000000000e-01,1.64616563196678042e+18
8.20001985973902947e-01,-8.55468750000000000e-01,1.64372715852043341e+18
8.20001985973902947e-01,-8.47656250000000000e-01,1.64127573261207910e+18
8.20001985973902947e-01,-8.39843750000000000e-01,1.63881193373708902e+18
8.20001985973902947e-01,-8.32031250000000000e-01,1.63633630073878528e+18
8.20001985973902947e-01,-8.24218750000000000e-01,1.63384933667112346e+18
8.20001985973902947e-01,-8.16406250000000000e-01,1.63135151285009024e+18
8.20001985973902947e-01,-8.08593750000000000e-01,1.62884327224841395e+18
8.20001985973902947e-01,-8.00781250000000000e-01,1.62632503235737370e+18
8.20001985973902947e-01,-7.92968750000000000e-01,1.62379718761488461e+18
8.20001985973902947e-01,-7.85156250000000000e-01,1.62126011147944832e+18
8.20001985973902947e-01,-7.77343750000000000e-01,1.61871415821387878e+18
8.20001985973902947e-01,-7.69531250000000000e-01,1.61615966443022643e+18
8.20001985973902947e-01,-7.61718750000000000e-01,1.61359695043732736e+18
8.20001985973902947e-01,-7.53906250000000000e-01,1.61102632142443264e+18
8.20001985973902947e-01,-7.46093750000000000e-01,1.60844806850796928e+18
8.20001985973902947e-01,-7.38281250000000000e-01,1.60586246966338611e+18
8.20001985973902947e-01,-7.30468750000000000e-01,1.60326979055993216e+18
8.20001985973902947e-01,-7.22656250000000000e-01,1.60067028531292723e+18
8.20001985973902947e-01,-7.14843750000000000e-01,1.59806419716544973e+18
8.20001985973902947e-01,-7.07031250000000000e-01,1.59545175910923622e+18
8.20001985973902947e-01,-6.99218750000000000e-01,1.59283319445288115e+18
8.20001985973902947e-01,-6.91406250000000000e-01,1.59020871734403584e+18
8.20001985973902947e-01,-6.83593750000000000e-01,1.58757853325120026e+18
8.20001985973902947e-01,-6.75781250000000000e-01,1.58494283940978586e+18
8.20001985973902947e-01,-6.67968750000000000e-01,1.58230182523638605e+18
8.20001985973902947e-01,-6.60156250000000000e-01,1.57965567271461069e+18
8.20001985973902947e-01,-6.52343750000000000e-01,1.57700455675532262e+18
8.20001985973902947e-01,-6.44531250000000000e-01,1.57434864553373312e+18
8.20001985973902947e-01,-6.36718750000000000e-01,1.57168810080545920e+18
8.20001985973902947e-01,-6.28906250000000000e-01,1.56902307820339430e+18
8.20001985973902947e-01,-6.21093750000000000e-01,1.56635372751698458e+18
8.20001985973902947e-01,-6.13281250000000000e-01,1.56368019295534131e+18
8.20001985973902947e-01,-6.05468750000000000e-01,1.56100261339543117e+18
8.20001985973902947e-01,-5.97656250000000000e-01,1.55832112261646720e+18
8.20001985973902947e-01,-5.89843750000000000e-01,1.55563584952149734e+18
8.20001985973902947e-01,-5.82031250000000000e-01,1.55294691834709325e+18
8.20001985973902947e-01,-5.74218750000000000e-01,1.55025444886194995e+18
8.20001985973902947e-01,-5.66406250000000000e-01,1.54755855655513626e+18
8.20001985973902947e-01,-5.58593750000000000e-01,1.54485935281467213e+18
8.20001985973902947e-01,-5.50781250000000000e-01,1.54215694509704166e+18
8.20001985973902947e-01,-5.42968750000000000e-01,1.53945143708821990e+18
8.20001985973902947e-01,-5.35156250000000000e-01,1.53674292885671782e+18
8.20001985973902947e-01,-5.27343750000000000e-01,1.53403151699914445e+18
8.20001985973902947e-01,-5.19531250000000000e-01,1.53131729477871155e+18
8.20001985973902947e-01,-5.11718750000000000e-01,1.52860035225710874e+18
8.20001985973902947e-01,-5.03906250000000000e-01,1.52588077642012186e+18
8.20001985973902947e-01,-4.96093750000000000e-01,1.52315865129735552e+18
8.20001985973902947e-01,-4.88281250000000000e-01,1.52043405807638758e+18
8.20001985973902947e-01,-4.80468750000000000e-01,1.51770707521166746e+18
8.20001985973902947e-01,-4.72656250000000000e-01,1.51497777852844570e+18
8.20001985973902947e-01,-4.64843750000000000e-01,1.51224624132200525e+18
8.20001985973902947e-01,-4.57031250000000000e-01,1.50951253445244621e+18
8.20001985973902947e-01,-4.49218750000000000e-01,1.50677672643526272e+18
8.20001985973902947e-01,-4.41406250000000000e-01,1.50403888352792986e+18
8.20001985973902947e-01,-4.33593750000000000e-01,1.50129906981271194e+18
8.20001985973902947e-01,-4.25781250000000000e-01,1.49855734727588506e+18
8.20001985973902947e-01,-4.17968750000000000e-01,1.49581377588355917e+18
8.20001985973902947e-01,-4.10156250000000000e-01,1.49306841365427072e+18
8.20001985973902947e-01,-4.02343750000000000e-01,1.49032131672850534e+18
8.20001985973902947e-01,-3.94531250000000000e-01,1.48757253943530726e+18
8.20001985973902947e-01,-3.86718750000000000e-01,1.48482213435611750e+18
8.20001985973902947e-01,-3.78906250000000000e-01,1.48207015238596813e+18
8.20001985973902947e-01,-3.71093750000000000e-01,1.47931664279217306e+18
8.20001985973902947e-01,-3.63281250000000000e-01,1.47656165327062042e+18
8.20001985973902947e-01,-3.55468750000000000e-01,1.47380522999978931e+18
8.20001985973902947e-01,-3.47656250000000000e-01,1.47104741769258829e+18
8.20001985973902947e-01,-3.39843750000000000e-01,1.46828825964612070e+18
8.20001985973902947e-01,-3.32031250000000000e-01,1.46552779778946637e+18
8.20001985973902947e-01,-3.24218750000000000e-01,1.46276607272956800e+18
8.20001985973902947e-01,-3.16406250000000000e-01,1.46000312379530240e+18
8.20001985973902947e-01,-3.08593750000000000e-01,1.45723898907981542e+18
8.20001985973902947e-01,-3.00781250000000000e-01,1.45447370548118707e+18
8.20001985973902947e-01,-2.92968750000000000e-01,1.45170730874149658e+18
8.20001985973902947e-01,-2.85156250000000000e-01,1.44893983348434074e+18
8.20001985973902947e-01,-2.77343750000000000e-01,1.44617131325086694e+18
8.20001985973902947e-01,-2.69531250000000000e-01,1.44340178053436134e+18
8.20001985973902947e-01,-2.61718750000000000e-01,1.44063126681343770e+18
8.20001985973902947e-01,-2.53906250000000000e-01,1.43785980258385971e+18
8.20001985973902947e-01,-2.46093750000000000e-01,1.43508741738902272e+18
8.20001985973902947e-01,-2.38281250000000000e-01,1.43231413984911232e+18
8.20001985973902947e-01,-2.30468750000000000e-01,1.42953999768894387e+18
8.20001985973902947e-01,-2.22656250000000000e-01,1.42676501776447923e+18
8.20001985973902947e-01,-2.14843750000000000e-01,1.42398922608799667e+18
8.20001985973902947e-01,-2.07031250000000000e-01,1.42121264785187789e+18
8.20001985973902947e-01,-1.99218750000000000e-01,1.41843530745094502e+18
8.20001985973902947e-01,-1.91406250000000000e-01,1.41565722850326323e+18
8.20001985973902947e-01,-1.83593750000000000e-01,1.41287843386928768e+18
8.20001985973902947e-01,-1.75781250000000000e-01,1.41009894566918221e+18
8.20001985973902947e-01,-1.67968750000000000e-01,1.40731878529810637e+18
8.20001985973902947e-01,-1.60156250000000000e-01,1.40453797343918310e+18
8.20001985973902947e-01,-1.52343750000000000e-01,1.40175653007379123e+18
8.20001985973902947e-01,-1.44531250000000000e-01,1.39897447448872038e+18
8.20001985973902947e-01,-1.36718750000000000e-01,1.39619182527960704e+18
8.20001985973902947e-01,-1.28906250000000000e-01,1.39340860034990899e+18
8.20001985973902947e-01,-1.21093750000000000e-01,1.39062481690447693e+18
8.20001985973902947e-01,-1.13281250000000000e-01,1.38784049143654118e+18
8.20001985973902947e-01,-1.05468750000000000e-01,1.38505563970662016e+18
8.20001985973902947e-01,-9.76562500000000000e-02,1.38227027671146394e+18
8.20001985973902947e-01,-8.98437500000000000e-02,1.37948441664066688e+18
8.20001985973902947e-01,-8.20312500000000000e-02,1.37669807281796198e+18
8.20001985973902947e-01,-7.42187500000000000e-02,1.37391125762345216e+18
8.20001985973902947e-01,-6.64062500000000000e-02,1.37112398239205658e+18
8.20001985973902947e-01,-5.85937500000000000e-02,1.36833625728224666e+18
8.20001985973902947e-01,-5.07812500000000000e-02,1.36554809110761856e+18
8.20001985973902947e-01,-4.29687500000000000e-02,1.36275949112193920e+18
8.20001985973902947e-01,-3.51562500000000000e-02,1.35997046274589491e+18
8.20001985973902947e-01,-2.73437500000000000e-02,1.35718100922076339e+18
8.20001985973902947e-01,-1.95312500000000000e-02,1.35439113117042150e+18
8.20001985973902947e-01,-1.17187500000000000e-02,1.35160082604835686e+18
8.20001985973902947e-01,-3.90625000000000000e-03,1.34881008744034662e+18
8.20001985973902947e-01,3.90625000000000000e-03,1.34319304761040973e+18
8.20001985973902947e-01,1.17187500000000000e-02,1.33481999895565594e+18
8.20001985973902947e-01,1.95312500000000000e-02,1.32644526254612685e+18
8.20001985973902947e-01,2.73437500000000000e-02,1.31806879951134976e+18
8.20001985973902947e-01,3.51562500000000000e-02,1.30969067482150221e+18
8.20001985973902947e-01,4.29687500000000000e-02,1.30131099927646541e+18
8.20001985973902947e-01,5.07812500000000000e-02,1.29292990058448026e+18
8.20001985973902947e-01,5.85937500000000000e-02,1.28454750913671142e+18
8.20001985973902947e-01,6.64062500000000000e-02,1.27616395120062362e+18
8.20001985973902947e-01,7.42187500000000000e-02,1.26777934585142221e+18
8.20001985973902947e-01,8.20312500000000000e-02,1.25939380377877939e+18
8.20001985973902947e-01,8.98437500000000000e-02,1.25100742702547507e+18
8.20001985973902947e-01,9.76562500000000000e-02,1.24262030917987430e+18
8.20001985973902947e-01,1.05468750000000000e-01,1.23423253577987814e+18
8.20001985973902947e-01,1.13281250000000000e-01,1.22584418480557594e+18
8.20001985973902947e-01,1.21093750000000000e-01,1.21745532719860966e+18
8.20001985973902947e-01,1.28906250000000000e-01,1.20906602737727411e+18
8.20001985973902947e-01,1.36718750000000000e-01,1.20067634373221555e+18
8.20001985973902947e-01,1.44531250000000000e-01,1.19228632909575757e+18
8.20001985973902947e-01,1.52343750000000000e-01,1.18389603118208563e+18
8.20001985973902947e-01,1.60156250000000000e-01,1.17550549299769754e+18
8.20001985973902947e-01,1.67968750000000000e-01,1.16711475322266624e+18
8.20001985973902947e-01,1.75781250000000000e-01,1.15872384656381696e+18
8.20001985973902947e-01,1.83593750000000000e-01,1.15033280408121997e+18
8.20001985973902947e-01,1.91406250000000000e-01,1.14194165348950272e+18
8.20001985973902947e-01,1.99218750000000000e-01,1.13355041943552422e+18
8.20001985973902947e-01,2.07031250000000000e-01,1.12515912375393651e+18
8.20001985973902947e-01,2.14843750000000000e-01,1.11676778570210240e+18
8.20001985973902947e-01,2.22656250000000000e-01,1.10837642217578394e+18
8.20001985973902947e-01,2.30468750000000000e-01,1.09998504790693568e+18
8.20001985973902947e-01,2.38281250000000000e-01,1.09159367564486630e+18
8.20001985973902947e-01,2.46093750000000000e-01,1.08320231632194765e+18
8.20001985973902947e-01,2.53906250000000000e-01,1.07481097920497523e+18
8.20001985973902947e-01,2.61718750000000000e-01,1.06641967203321165e+18
8.20001985973902947e-01,2.69531250000000000e-01,1.05802840114405990e+18
8.20001985973902947e-01,2.77343750000000000e-01,1.04963717158725466e+18
8.20001985973902947e-01,2.85156250000000000e-01,1.04124598722838131e+18
8.20001985973902947e-01,2.92968750000000000e-01,1.03285485084247603e+18
8.20001985973902947e-01,3.00781250000000000e-01,1.02446376419839424e+18
8.20001985973902947e-01,3.08593750000000000e-01,1.01607272813457702e+18
8.20001985973902947e-01,3.16406250000000000e-01,1.00768174262679322e+18
8.20001985973902947e-01,3.24218750000000000e-01,9.99290806848380672e+17
8.20001985973902947e-01,3.32031250000000000e-01,9.90899919223460096e+17
8.20001985973902947e-01,3.39843750000000000e-01,9.82509077473554432e+17
8.20001985973902947e-01,3.47656250000000000e-01,9.74118278657995520e+17
8.20001985973902947e-01,3.55468750000000000e-01,9.65727519208464128e+17
8.20001985973902947e-01,3.63281250000000000e-01,9.57336794957965824e+17
8.20001985973902947e-01,3.71093750000000000e-01,9.48946101164511232e+17
8.20001985973902947e-01,3.78906250000000000e-01,9.40555432529728256e+17
8.20001985973902947e-01,3.86718750000000000e-01,9.32164783212605696e+17
8.20001985973902947e-01,3.94531250000000000e-01,9.23774146838524544e+17
8.20001985973902947e-01,4.02343750000000000e-01,9.15383516503710464e+17
8.20001985973902947e-01,4.10156250000000000e-01,9.06992884775200896e+17
8.20001985973902947e-01,4.17968750000000000e-01,8.98602243686391040e+17
8.20001985973902947e-01,4.25781250000000000e-01,8.90211584728193664e+17
8.20001985973902947e-01,4.33593750000000000e-01,8.81820898835808256e+17
8.20001985973902947e-01,4.41406250000000000e-01,8.73430176371073408e+17
8.20001985973902947e-01,4.49218750000000000e-01,8.65039407100331776e+17
8.20001985973902947e-01,4.57031250000000000e-01,8.56648580167711616e+17
8.20001985973902947e-01,4.64843750000000000e-01,8.48257684063688704e+17
8.20001985973902947e-01,4.72656250000000000e-01,8.39866706588757632e+17
8.20001985973902947e-01,4.80468750000000000e-01,8.31475634811999360e+17
8.20001985973902947e-01,4.88281250000000000e-01,8.23084455024296320e+17
8.20001985973902947e-01,4.96093750000000000e-01,8.14693152685892608e+17
8.20001985973902947e-01,5.03906250000000000e-01,8.06301712367958784e+17
8.20001985973902947e-01,5.11718750000000000e-01,7.97910117687761280e+17
8.20001985973902947e-01,5.19531250000000000e-01,7.89518351236983680e+17
8.20001985973902947e-01,5.27343750000000000e-01,7.81126394502683648e+17
8.20001985973902947e-01,5.35156250000000000e-01,7.72734227780302080e+17
8.20001985973902947e-01,5.42968750000000000e-01,7.64341830078064000e+17
8.20001985973902947e-01,5.50781250000000000e-01,7.55949179012030080e+17
8.20001985973902947e-01,5.58593750000000000e-01,7.47556250690961024e+17
8.20001985973902947e-01,5.66406250000000000e-01,7.39163019590055296e+17
8.20001985973902947e-01,5.74218750000000000e-01,7.30769458412505728e+17
8.20001985973902947e-01,5.82031250000000000e-01,7.22375537937684736e+17
8.20001985973902947e-01,5.89843750000000000e-01,7.13981226854626176e+17
8.20001985973902947e-01,5.97656250000000000e-01,7.05586491579299328e+17
8.20001985973902947e-01,6.05468750000000000e-01,6.97191296053986944e+17
8.20001985973902947e-01,6.13281250000000000e-01,6.88795601526857472e+17
8.20001985973902947e-01,6.21093750000000000e-01,6.80399366309579264e+17
8.20001985973902947e-01,6.28906250000000000e-01,6.72002545510546048e+17
8.20001985973902947e-01,6.36718750000000000e-01,6.63605090740951808e+17
8.20001985973902947e-01,6.44531250000000000e-01,6.55206949790591104e+17
8.20001985973902947e-01,6.52343750000000000e-01,6.46808066269825408e+17
8.20001985973902947e-01,6.60156250000000000e-01,6.38408379213660416e+17
8.20001985973902947e-01,6.67968750000000000e-01,6.30007822643307520e+17
8.20001985973902947e-01,6.75781250000000000e-01,6.21606325079920896e+17
8.20001985973902947e-01,6.83593750000000000e-01,6.13203809004425088e+17
8.20001985973902947e-01,6.91406250000000000e-01,6.04800190256423168e+17
8.20001985973902947e-01,6.99218750000000000e-01,5.96395377364091136e+17
8.20001985973902947e-01,7.07031250000000000e-01,5.87989270795686528e+17
8.20001985973902947e-01,7.14843750000000000e-01,5.79581762121788544e+17
8.20001985973902947e-01,7.22656250000000000e-01,5.71172733075585664e+17
8.20001985973902947e-01,7.30468750000000000e-01,5.62762054496389056e+17
8.20001985973902947e-01,7.38281250000000000e-01,5.54349585138992448e+17
8.20001985973902947e-01,7.46093750000000000e-01,5.45935170328431936e+17
8.20001985973902947e-01,7.53906250000000000e-01,5.37518640436015936e+17
8.20001985973902947e-01,7.61718750000000000e-01,5.29099809148051776e+17
8.20001985973902947e-01,7.69531250000000000e-01,5.20678471493324672e+17
8.20001985973902947e-01,7.77343750000000000e-01,5.12254401588873536e+17
8.20001985973902947e-01,7.85156250000000000e-01,5.03827350055687552e+17
8.20001985973902947e-01,7.92968750000000000e-01,4.95397041046294208e+17
8.20001985973902947e-01,8.00781250000000000e-01,4.86963168814407360e+17
8.20001985973902947e-01,8.08593750000000000e-01,4.78525393742314496e+17
8.20001985973902947e-01,8.16406250000000000e-01,4.70083337723863232e+17
8.20001985973902947e-01,8.24218750000000000e-01,4.61636578778852288e+17
8.20001985973902947e-01,8.32031250000000000e-01,4.53184644747229440e+17
8.20001985973902947e-01,8.39843750000000000e-01,4.44727005877143296e+17
8.20001985973902947e-01,8.47656250000000000e-01,4.36263066077401984e+17
8.20001985973902947e-01,8.55468750000000000e-01,4.27792152548954240e+17
8.20001985973902947e-01,8.63281250000000000e-01,4.19313503436507328e+17
8.20001985973902947e-01,8.71093750000000000e-01,4.10826253041920064e+17
8.20001985973902947e-01,8.78906250000000000e-01,4.02329414001035328e+17
8.20001985973902947e-01,8.86718750000000000e-01,3.93821855619105024e+17
8.20001985973902947e-01,8.94531250000000000e-01,3.85302277238735360e+17
8.20001985973902947e-01,9.02343750000000000e-01,3.76769174987157440e+17
8.20001985973902947e-01,9.10156250000000000e-01,3.68220799341386496e+17
8.20001985973902947e-01,9.17968750000000000e-01,3.59655099320151872e+17
8.20001985973902947e-01,9.25781250000000000e-01,3.51069646094857472e+17
8.20001985973902947e-01,9.33593750000000000e-01,3.42461523101018432e+17
8.20001985973902947e-01,9.41406250000000000e-01,3.33827158751361984e+17
8.20001985973902947e-01,9.49218750000000000e-01,3.25162056519533120e+17
8.20001985973902947e-01,9.57031250000000000e-01,3.16460335436385280e+17
8.20001985973902947e-01,9.64843750000000000e-01,3.07713912060594688e+17
8.20001985973902947e-01,9.72656250000000000e-01,2.98910993464711168e+17
8.20001985973902947e-01,9.80468750000000000e-01,2.90033231969813184e+17
8.20001985973902947e-01,9.88281250000000000e-01,2.81050262380434624e+17
8.20001985973902947e-01,9.96093750000000000e-01,2.71909096688975936e+17
8.86415527004401071e-01,-9.96093750000000000e-01,1.68470823768240947e+18
8.86415527004401071e-01,-9.88281250000000000e-01,1.68283582173997594e+18
8.86415527004401071e-01,-9.80468750000000000e-01,1.68091762295532365e+18
8.86415527004401071e-01,-9.72656250000000000e-01,1.67895859081878938e+18
8.86415527004401071e-01,-9.64843750000000000e-01,1.67696283477398758e+18
8.86415527004401071e-01,-9.57031250000000000e-01,1.67493378726232320e+18
8.86415527004401071e-01,-9.49218750000000000e-01,1.67287433399040794e+18
8.86415527004401071e-01,-9.41406250000000000e-01,1.67078691807666842e+18
8.86415527004401071e-01,-9.33593750000000000e-01,1.66867362337734656e+18
8.86415527004401071e-01,-9.25781250000000000e-01,1.66653624121257728e+18
8.86415527004401071e-01,-9.17968750000000000e-01,1.66437632385386598e+18
8.86415527004401071e-01,-9.10156250000000000e-01,1.66219522745014733e+18
8.86415527004401071e-01,-9.02343750000000000e-01,1.65999414652495898e+18
8.86415527004401071e-01,-8.94531250000000000e-01,1.65777414174363059e+18
8.86415527004401071e-01,-8.86718750000000000e-01,1.65553616230415283e+18
8.86415527004401071e-01,-8.78906250000000000e-01,1.65328106403048141e+18
8.86415527004401071e-01,-8.71093750000000000e-01,1.65100962402815693e+18
8.86415527004401071e-01,-8.63281250000000000e-01,1.64872255258779008e+18
8.86415527004401071e-01,-8.55468750000000000e-01,1.64642050288315699e+18
8.86415527004401071e-01,-8.47656250000000000e-01,1.64410407890007014e+18
8.86415527004401071e-01,-8.39843750000000000e-01,1.64177384194411622e+18
8.86415527004401071e-01,-8.32031250000000000e-01,1.63943031600519450e+18
8.86415527004401071e-01,-8.24218750000000000e-01,1.63707399220086272e+18
8.86415527004401071e-01,-8.16406250000000000e-01,1.63470533247595878e+18
8.86415527004401071e-01,-8.08593750000000000e-01,1.63232477270044032e+18
8.86415527004401071e-01,-8.00781250000000000e-01,1.62993272527906842e+18
8.86415527004401071e-01,-7.92968750000000000e-01,1.62752958136398310e+18
8.86415527004401071e-01,-7.85156250000000000e-01,1.62511571274319514e+18
8.86415527004401071e-01,-7.77343750000000000e-01,1.62269147346364672e+18
8.86415527004401071e-01,-7.69531250000000000e-01,1.62025720123600461e+18
8.86415527004401071e-01,-7.61718750000000000e-01,1.61781321865918234e+18
8.86415527004401071e-01,-7.53906250000000000e-01,1.61535983429526349e+18
8.86415527004401071e-01,-7.46093750000000000e-01,1.61289734361961677e+18
8.86415527004401071e-01,-7.38281250000000000e-01,1.61042602986631962e+18
8.86415527004401071e-01,-7.30468750000000000e-01,1.60794616478522598e+18
8.86415527004401071e-01,-7.22656250000000000e-01,1.60545800932401741e+18
8.86415527004401071e-01,-7.14843750000000000e-01,1.60296181424613478e+18
8.86415527004401071e-01,-7.07031250000000000e-01,1.60045782069355008e+18
8.86415527004401071e-01,-6.99218750000000000e-01,1.59794626070176614e+18
8.86415527004401071e-01,-6.91406250000000000e-01,1.59542735767316403e+18
8.86415527004401071e-01,-6.83593750000000000e-01,1.59290132681379379e+18
8.86415527004401071e-01,-6.75781250000000000e-01,1.59036837553787699e+18
8.86415527004401071e-01,-6.67968750000000000e-01,1.58782870384360397e+18
8.86415527004401071e-01,-6.60156250000000000e-01,1.58528250466327936e+18
8.86415527004401071e-01,-6.52343750000000000e-01,1.58272996419039232e+18
8.86415527004401071e-01,-6.44531250000000000e-01,1.58017126218584422e+18
8.86415527004401071e-01,-6.36718750000000000e-01,1.57760657226524160e+18
8.86415527004401071e-01,-6.28906250000000000e-01,1.57503606216892621e+18
8.86415527004401071e-01,-6.21093750000000000e-01,1.57245989401619072e+18
8.86415527004401071e-01,-6.13281250000000000e-01,1.56987822454496486e+18
8.86415527004401071e-01,-6.05468750000000000e-01,1.56729120533809792e+18
8.86415527004401071e-01,-5.97656250000000000e-01,1.56469898303725030e+18
8.86415527004401071e-01,-5.89843750000000000e-01,1.56210169954529178e+18
8.86415527004401071e-01,-5.82031250000000000e-01,1.55949949221801754e+18
8.86415527004401071e-01,-5.74218750000000000e-01,1.55689249404591232e+18
8.86415527004401071e-01,-5.66406250000000000e-01,1.55428083382663091e+18
8.86415527004401071e-01,-5.58593750000000000e-01,1.55166463632879590e+18
8.86415527004401071e-01,-5.50781250000000000e-01,1.54904402244766592e+18
8.86415527004401071e-01,-5.42968750000000000e-01,1.54641910935318477e+18
8.86415527004401071e-01,-5.35156250000000000e-01,1.54379001063087539e+18
8.86415527004401071e-01,-5.27343750000000000e-01,1.54115683641601075e+18
8.86415527004401071e-01,-5.19531250000000000e-01,1.53851969352145843e+18
8.86415527004401071e-01,-5.11718750000000000e-01,1.53587868555956736e+18
8.86415527004401071e-01,-5.03906250000000000e-01,1.53323391305844224e+18
8.86415527004401071e-01,-4.96093750000000000e-01,1.53058547357291904e+18
8.86415527004401071e-01,-4.88281250000000000e-01,1.52793346179054208e+18
8.86415527004401071e-01,-4.80468750000000000e-01,1.52527796963281638e+18
8.86415527004401071e-01,-4.72656250000000000e-01,1.52261908635199411e+18
8.86415527004401071e-01,-4.64843750000000000e-01,1.51995689862363674e+18
8.86415527004401071e-01,-4.57031250000000000e-01,1.51729149063517747e+18
8.86415527004401071e-01,-4.49218750000000000e-01,1.51462294417069568e+18
8.86415527004401071e-01,-4.41406250000000000e-01,1.51195133869210112e+18
8.86415527004401071e-01,-4.33593750000000000e-01,1.50927675141691392e+18
8.86415527004401071e-01,-4.25781250000000000e-01,1.50659925739281178e+18
8.86415527004401071e-01,-4.17968750000000000e-01,1.50391892956911206e+18
8.86415527004401071e-01,-4.10156250000000000e-01,1.50123583886533990e+18
8.86415527004401071e-01,-4.02343750000000000e-01,1.49855005423702400e+18
8.86415527004401071e-01,-3.94531250000000000e-01,1.49586164273886208e+18
8.86415527004401071e-01,-3.86718750000000000e-01,1.49317066958537907e+18
8.86415527004401071e-01,-3.78906250000000000e-01,1.49047719820919552e+18
8.86415527004401071e-01,-3.71093750000000000e-01,1.48778129031702784e+18
8.86415527004401071e-01,-3.63281250000000000e-01,1.48508300594351539e+18
8.86415527004401071e-01,-3.55468750000000000e-01,1.48238240350298496e+18
8.86415527004401071e-01,-3.47656250000000000e-01,1.47967953983923814e+18
8.86415527004401071e-01,-3.39843750000000000e-01,1.47697447027345357e+18
8.86415527004401071e-01,-3.32031250000000000e-01,1.47426724865028762e+18
8.86415527004401071e-01,-3.24218750000000000e-01,1.47155792738224742e+18
8.86415527004401071e-01,-3.16406250000000000e-01,1.46884655749241472e+18
8.86415527004401071e-01,-3.08593750000000000e-01,1.46613318865557811e+18
8.86415527004401071e-01,-3.00781250000000000e-01,1.46341786923784960e+18
8.86415527004401071e-01,-2.92968750000000000e-01,1.46070064633480960e+18
8.86415527004401071e-01,-2.85156250000000000e-01,1.45798156580824320e+18
8.86415527004401071e-01,-2.77343750000000000e-01,1.45526067232151040e+18
8.86415527004401071e-01,-2.69531250000000000e-01,1.45253800937359309e+18
8.86415527004401071e-01,-2.61718750000000000e-01,1.44981361933185382e+18
8.86415527004401071e-01,-2.53906250000000000e-01,1.44708754346354074e+18
8.86415527004401071e-01,-2.46093750000000000e-01,1.44435982196605133e+18
8.86415527004401071e-01,-2.38281250000000000e-01,1.44163049399598131e+18
8.86415527004401071e-01,-2.30468750000000000e-01,1.43889959769694874e+18
8.86415527004401071e-01,-2.22656250000000000e-01,1.43616717022619853e+18
8.86415527004401071e-01,-2.14843750000000000e-01,1.43343324777995674e+18
8.86415527004401071e-01,-2.07031250000000000e-01,1.43069786561749888e+18
8.86415527004401071e-01,-1.99218750000000000e-01,1.42796105808387610e+18
8.86415527004401071e-01,-1.91406250000000000e-01,1.42522285863121075e+18
8.86415527004401071e-01,-1.83593750000000000e-01,1.42248329983844966e+18
8.86415527004401071e-01,-1.75781250000000000e-01,1.41974241342941824e+18
8.86415527004401071e-01,-1.67968750000000000e-01,1.41700023028897792e+18
8.86415527004401071e-01,-1.60156250000000000e-01,1.41425678047702246e+18
8.86415527004401071e-01,-1.52343750000000000e-01,1.41151209323997901e+18
8.86415527004401071e-01,-1.44531250000000000e-01,1.40876619701938458e+18
8.86415527004401071e-01,-1.36718750000000000e-01,1.40601911945699507e+18
8.86415527004401071e-01,-1.28906250000000000e-01,1.40327088739573325e+18
8.86415527004401071e-01,-1.21093750000000000e-01,1.40052152687560269e+18
8.86415527004401071e-01,-1.13281250000000000e-01,1.39777106312346522e+18
8.86415527004401071e-01,-1.05468750000000000e-01,1.39501952053528806e+18
8.86415527004401071e-01,-9.76562500000000000e-02,1.39226692264911411e+18
8.86415527004401071e-01,-8.98437500000000000e-02,1.38951329210653978e+18
8.86415527004401071e-01,-8.20312500000000000e-02,1.38675865059993446e+18
8.86415527004401071e-01,-7.42187500000000000e-02,1.38400301880190464e+18
8.86415527004401071e-01,-6.64062500000000000e-02,1.38124641627261491e+18
8.86415527004401071e-01,-5.85937500000000000e-02,1.37848886133945395e+18
8.86415527004401071e-01,-5.07812500000000000e-02,1.37573037094210150e+18
8.86415527004401071e-01,-4.29687500000000000e-02,1.37297096043429376e+18
8.86415527004401071e-01,-3.51562500000000000e-02,1.37021064333132979e+18
8.86415527004401071e-01,-2.73437500000000000e-02,1.36744943098956518e+18
8.86415527004401071e-01,-1.95312500000000000e-02,1.36468733220060262e+18
8.86415527004401071e-01,-1.17187500000000000e-02,1.36192435267846682e+18
8.86415527004401071e-01,-3.90625000000000000e-03,1.35916049441246694e+18
8.86415527004401071e-01,3.90625000000000000e-03,1.35359825818433126e+18
8.86415527004401071e-01,1.17187500000000000e-02,1.34530030355998413e+18
8.86415527004401071e-01,1.95312500000000000e-02,1.33699691646956902e+18
8.86415527004401071e-01,2.73437500000000000e-02,1.32868825371444122e+18
8.86415527004401071e-01,3.51562500000000000e-02,1.32037455830496794e+18
8.86415527004401071e-01,4.29687500000000000e-02,1.31205610657875405e+18
8.86415527004401071e-01,5.07812500000000000e-02,1.30373318202756557e+18
8.86415527004401071e-01,5.85937500000000000e-02,1.29540606260926259e+18
8.86415527004401071e-01,6.64062500000000000e-02,1.28707501485952486e+18
8.86415527004401071e-01,7.42187500000000000e-02,1.27874029142234982e+18
8.86415527004401071e-01,8.20312500000000000e-02,1.27040213028852736e+18
8.86415527004401071e-01,8.98437500000000000e-02,1.26206075487598925e+18
8.86415527004401071e-01,9.76562500000000000e-02,1.25371637451337856e+18
8.86415527004401071e-01,1.05468750000000000e-01,1.24536918510471731e+18
8.86415527004401071e-01,1.13281250000000000e-01,1.23701936986290074e+18
8.86415527004401071e-01,1.21093750000000000e-01,1.22866710005556429e+18
8.86415527004401071e-01,1.28906250000000000e-01,1.22031253573533542e+18
8.86415527004401071e-01,1.36718750000000000e-01,1.21195582644102042e+18
8.86415527004401071e-01,1.44531250000000000e-01,1.20359711186376422e+18
8.86415527004401071e-01,1.52343750000000000e-01,1.19523652247605094e+18
8.86415527004401071e-01,1.60156250000000000e-01,1.18687418012342323e+18
8.86415527004401071e-01,1.67968750000000000e-01,1.17851019857979674e+18
8.86415527004401071e-01,1.75781250000000000e-01,1.17014468406778419e+18
8.86415527004401071e-01,1.83593750000000000e-01,1.16177773574566323e+18
8.86415527004401071e-01,1.91406250000000000e-01,1.15340944616273946e+18
8.86415527004401071e-01,1.99218750000000000e-01,1.14503990168486387e+18
8.86415527004401071e-01,2.07031250000000000e-01,1.13666918289182848e+18
8.86415527004401071e-01,2.14843750000000000e-01,1.12829736494832512e+18
8.86415527004401071e-01,2.22656250000000000e-01,1.11992451795006822e+18
8.86415527004401071e-01,2.30468750000000000e-01,1.11155070724660966e+18
8.86415527004401071e-01,2.38281250000000000e-01,1.10317599374229568e+18
8.86415527004401071e-01,2.46093750000000000e-01,1.09480043417672858e+18
8.86415527004401071e-01,2.53906250000000000e-01,1.08642408138601536e+18
8.86415527004401071e-01,2.61718750000000000e-01,1.07804698454601190e+18
8.86415527004401071e-01,2.69531250000000000e-01,1.06966918939867878e+18
8.86415527004401071e-01,2.77343750000000000e-01,1.06129073846260902e+18
8.86415527004401071e-01,2.85156250000000000e-01,1.05291167122869926e+18
8.86415527004401071e-01,2.92968750000000000e-01,1.04453202434187789e+18
8.86415527004401071e-01,3.00781250000000000e-01,1.03615183176973888e+18
8.86415527004401071e-01,3.08593750000000000e-01,1.02777112495885645e+18
8.86415527004401071e-01,3.16406250000000000e-01,1.01938993297951565e+18
8.86415527004401071e-01,3.24218750000000000e-01,1.01100828265952282e+18
8.86415527004401071e-01,3.32031250000000000e-01,1.00262619870770982e+18
8.86415527004401071e-01,3.39843750000000000e-01,9.94243703827708928e+17
8.86415527004401071e-01,3.47656250000000000e-01,9.85860818822504832e+17
8.86415527004401071e-01,3.55468750000000000e-01,9.77477562690245248e+17
8.86415527004401071e-01,3.63281250000000000e-01,9.69093952711740032e+17
8.86415527004401071e-01,3.71093750000000000e-01,9.60710004530032896e+17
8.86415527004401071e-01,3.78906250000000000e-01,9.52325732222398848e+17
8.86415527004401071e-01,3.86718750000000000e-01,9.43941148365076480e+17
8.86415527004401071e-01,3.94531250000000000e-01,9.35556264091007360e+17
8.86415527004401071e-01,4.02343750000000000e-01,9.27171089140819968e+17
8.86415527004401071e-01,4.10156250000000000e-01,9.18785631907261184e+17
8.86415527004401071e-01,4.17968750000000000e-01,9.10399899473236480e+17
8.86415527004401071e-01,4.25781250000000000e-01,9.02013897643596672e+17
8.86415527004401071e-01,4.33593750000000000e-01,8.93627630970762240e+17
8.86415527004401071e-01,4.41406250000000000e-01,8.85241102774250496e+17
8.86415527004401071e-01,4.49218750000000000e-01,8.76854315154129024e+17
8.86415527004401071e-01,4.57031250000000000e-01,8.68467268998387200e+17
8.86415527004401071e-01,4.64843750000000000e-01,8.60079963984176128e+17
8.86415527004401071e-01,4.72656250000000000e-01,8.51692398572831872e+17
8.86415527004401071e-01,4.80468750000000000e-01,8.43304569998553216e+17
8.86415527004401071e-01,4.88281250000000000e-01,8.34916474250565888e+17
8.86415527004401071e-01,4.96093750000000000e-01,8.26528106048554368e+17
8.86415527004401071e-01,5.03906250000000000e-01,8.18139458811099264e+17
8.86415527004401071e-01,5.11718750000000000e-01,8.09750524616803584e+17
8.86415527004401071e-01,5.19531250000000000e-01,8.01361294157732352e+17
8.86415527004401071e-01,5.27343750000000000e-01,7.92971756684732160e+17
8.86415527004401071e-01,5.35156250000000000e-01,7.84581899944128896e+17
8.86415527004401071e-01,5.42968750000000000e-01,7.76191710105225088e+17
8.86415527004401071e-01,5.50781250000000000e-01,7.67801171677939456e+17
8.86415527004401071e-01,5.58593750000000000e-01,7.59410267419842176e+17
8.86415527004401071e-01,5.66406250000000000e-01,7.51018978231732096e+17
8.86415527004401071e-01,5.74218750000000000e-01,7.42627283040797440e+17
8.86415527004401071e-01,5.82031250000000000e-01,7.34235158670268800e+17
8.86415527004401071e-01,5.89843750000000000e-01,7.25842579694336000e+17
8.86415527004401071e-01,5.97656250000000000e-01,7.17449518276938112e+17
8.86415527004401071e-01,6.05468750000000000e-01,7.09055943992852480e+17
8.86415527004401071e-01,6.13281250000000000e-01,7.00661823629309312e+17
8.86415527004401071e-01,6.21093750000000000e-01,6.92267120966113408e+17
8.86415527004401071e-01,6.28906250000000000e-01,6.83871796532000384e+17
8.86415527004401071e-01,6.36718750000000000e-01,6.75475807334631424e+17
8.86415527004401071e-01,6.44531250000000000e-01,6.67079106561293952e+17
8.86415527004401071e-01,6.52343750000000000e-01,6.58681643246953344e+17
8.86415527004401071e-01,6.60156250000000000e-01,6.50283361905841408e+17
8.86415527004401071e-01,6.67968750000000000e-01,6.41884202122214016e+17
8.86415527004401071e-01,6.75781250000000000e-01,6.33484098095273472e+17
8.86415527004401071e-01,6.83593750000000000e-01,6.25082978132511104e+17
8.86415527004401071e-01,6.91406250000000000e-01,6.16680764084852736e+17
8.86415527004401071e-01,6.99218750000000000e-01,6.08277370715961984e+17
8.86415527004401071e-01,7.07031250000000000e-01,5.99872704996852608e+17
8.86415527004401071e-01,7.14843750000000000e-01,5.91466665315530752e+17
8.86415527004401071e-01,7.22656250000000000e-01,5.83059140589685504e+17
8.86415527004401071e-01,7.30468750000000000e-01,5.74650009268436224e+17
8.86415527004401071e-01,7.38281250000000000e-01,5.66239138206721024e+17
8.86415527004401071e-01,7.46093750000000000e-01,5.57826381393025408e+17
8.86415527004401071e-01,7.53906250000000000e-01,5.49411578507673664e+17
8.86415527004401071e-01,7.61718750000000000e-01,5.40994553284720256e+17
8.86415527004401071e-01,7.69531250000000000e-01,5.32575111645409856e+17
8.86415527004401071e-01,7.77343750000000000e-01,5.24153039565048448e+17
8.86415527004401071e-01,7.85156250000000000e-01,5.15728100627663552e+17
8.86415527004401071e-01,7.92968750000000000e-01,5.07300033213741056e+17
8.86415527004401071e-01,8.00781250000000000e-01,4.98868547255216128e+17
8.86415527004401071e-01,8.08593750000000000e-01,4.90433320478260864e+17
8.86415527004401071e-01,8.16406250000000000e-01,4.81993994037637184e+17
8.86415527004401071e-01,8.24218750000000000e-01,4.73550167425641920e+17
8.86415527004401071e-01,8.32031250000000000e-01,4.65101392512892480e+17
8.86415527004401071e-01,8.39843750000000000e-01,4.56647166545904384e+17
8.86415527004401071e-01,8.47656250000000000e-01,4.48186923885532224e+17
8.86415527004401071e-01,8.55468750000000000e-01,4.39720026217795392e+17
8.86415527004401071e-01,8.63281250000000000e-01,4.31245750899614592e+17
8.86415527004401071e-01,8.71093750000000000e-01,4.22763277008671872e+17
8.86415527004401071e-01,8.78906250000000000e-01,4.14271668535442496e+17
8.86415527004401071e-01,8.86718750000000000e-01,4.05769853962163008e+17
8.86415527004401071e-01,8.94531250000000000e-01,3.97256601173204352e+17
8.86415527004401071e-01,9.02343750000000000e-01,3.88730486149117952e+17
8.86415527004401071e-01,9.10156250000000000e-01,3.80189853049388160e+17
8.86415527004401071e-01,9.17968750000000000e-01,3.71632761769901504e+17
8.86415527004401071e-01,9.25781250000000000e-01,3.63056916250977536e+17
8.86415527004401071e-01,9.33593750000000000e-01,3.54459561493983872e+17
8.86415527004401071e-01,9.41406250000000000e-01,3.45837327022692992e+17
8.86415527004401071e-01,9.49218750000000000e-01,3.37185974670247296e+17
8.86415527004401071e-01,9.57031250000000000e-01,3.28499969739134976e+17
8.86415527004401071e-01,9.64843750000000000e-01,3.19771718291831040e+17
8.86415527004401071e-01,9.72656250000000000e-01,3.10990163027874880e+17
8.86415527004401071e-01,9.80468750000000000e-01,3.02138133547595968e+17
8.86415527004401071e-01,9.88281250000000000e-01,2.93187260606662400e+17
8.86415527004401071e-01,9.96093750000000000e-01,2.84088104782493216e+17
9.38274552002732798e-01,-9.96093750000000000e-01,1.68475917684853632e+18
9.38274552002732798e-01,-9.88281250000000000e-01,1.68298855600360730e+18
9.38274552002732798e-01,-9.80468750000000000e-01,1.68117298025022592e+18
9.38274552002732798e-01,-9.72656250000000000e-01,1.67931711417996416e+18
9.38274552002732798e-01,-9.64843750000000000e-01,1.67742483307443840e+18
9.38274552002732798e-01,-9.57031250000000000e-01,1.67549937617772365e+18
9.38274552002732798e-01,-9.49218750000000000e-01,1.67354346914910822e+18
9.38274552002732798e-01,-9.41406250000000000e-01,1.67155942195540710e+18
9.38274552002732798e-01,-9.33593750000000000e-01,1.66954920718683827e+18
9.38274552002732798e-01,-9.25781250000000000e-01,1.66751452276532941e+18
9.38274552002732798e-01,-9.17968750000000000e-01,1.66545684220599040e+18
9.38274552002732798e-01,-9.10156250000000000e-01,1.66337745494917555e+18
9.38274552002732798e-01,-9.02343750000000000e-01,1.66127749876836096e+18
9.38274552002732798e-01,-8.94531250000000000e-01,1.65915798585132365e+18
9.38274552002732798e-01,-8.86718750000000000e-01,1.65701982382744192e+18
9.38274552002732798e-01,-8.78906250000000000e-01,1.65486383275544218e+18
9.38274552002732798e-01,-8.71093750000000000e-01,1.65269075888008909e+18
9.38274552002732798e-01,-8.63281250000000000e-01,1.65050128580239642e+18
9.38274552002732798e-01,-8.55468750000000000e-01,1.64829604357740211e+18
9.38274552002732798e-01,-8.47656250000000000e-01,1.64607561614958080e+18
9.38274552002732798e-01,-8.39843750000000000e-01,1.64384054745314790e+18
9.38274552002732798e-01,-8.32031250000000000e-01,1.64159134643853312e+18
9.38274552002732798e-01,-8.24218750000000000e-01,1.63932849123372646e+18
9.38274552002732798e-01,-8.16406250000000000e-01,1.63705243260730752e+18
9.38274552002732798e-01,-8.08593750000000000e-01,1.63476359686657766e+18
9.38274552002732798e-01,-8.00781250000000000e-01,1.63246238829758490e+18
9.38274552002732798e-01,-7.92968750000000000e-01,1.63014919123260083e+18
9.38274552002732798e-01,-7.85156250000000000e-01,1.62782437181367091e+18
9.38274552002732798e-01,-7.77343750000000000e-01,1.62548827950734182e+18
9.38274552002732798e-01,-7.69531250000000000e-01,1.62314124841486899e+18
9.38274552002732798e-01,-7.61718750000000000e-01,1.62078359841359898e+18
9.38274552002732798e-01,-7.53906250000000000e-01,1.61841563615831731e+18
9.38274552002732798e-01,-7.46093750000000000e-01,1.61603765596584883e+18
9.38274552002732798e-01,-7.38281250000000000e-01,1.61364994060177946e+18
9.38274552002732798e-01,-7.30468750000000000e-01,1.61125276198464051e+18
9.38274552002732798e-01,-7.22656250000000000e-01,1.60884638182005350e+18
9.38274552002732798e-01,-7.14843750000000000e-01,1.60643105217506662e+18
9.38274552002732798e-01,-7.07031250000000000e-01,1.60400701600106982e+18
9.38274552002732798e-01,-6.99218750000000000e-01,1.60157450761221632e+18
9.38274552002732798e-01,-6.91406250000000000e-01,1.59913375312507853e+18
9.38274552002732798e-01,-6.83593750000000000e-01,1.59668497086430643e+18
9.38274552002732798e-01,-6.75781250000000000e-01,1.59422837173828019e+18
9.38274552002732798e-01,-6.67968750000000000e-01,1.59176415958811162e+18
9.38274552002732798e-01,-6.60156250000000000e-01,1.58929253151283533e+18
9.38274552002732798e-01,-6.52343750000000000e-01,1.58681367817320934e+18
9.38274552002732798e-01,-6.44531250000000000e-01,1.58432778407619123e+18
9.38274552002732798e-01,-6.36718750000000000e-01,1.58183502784188544e+18
9.38274552002732798e-01,-6.28906250000000000e-01,1.57933558245450163e+18
9.38274552002732798e-01,-6.21093750000000000e-01,1.57682961549868621e+18
9.38274552002732798e-01,-6.13281250000000000e-01,1.57431728938241152e+18
9.38274552002732798e-01,-6.05468750000000000e-01,1.57179876154747930e+18
9.38274552002732798e-01,-5.97656250000000000e-01,1.56927418466856576e+18
9.38274552002732798e-01,-5.89843750000000000e-01,1.56674370684165350e+18
9.38274552002732798e-01,-5.82031250000000000e-01,1.56420747176259584e+18
9.38274552002732798e-01,-5.74218750000000000e-01,1.56166561889649152e+18
9.38274552002732798e-01,-5.66406250000000000e-01,1.55911828363849037e+18
9.38274552002732798e-01,-5.58593750000000000e-01,1.55656559746658150e+18
9.38274552002732798e-01,-5.50781250000000000e-01,1.55400768808688538e+18
9.38274552002732798e-01,-5.42968750000000000e-01,1.55144467957191066e+18
9.38274552002732798e-01,-5.35156250000000000e-01,1.54887669249221069e+18
9.38274552002732798e-01,-5.27343750000000000e-01,1.54630384404184038e+18
9.38274552002732798e-01,-5.19531250000000000e-01,1.54372624815797325e+18
9.38274552002732798e-01,-5.11718750000000000e-01,1.54114401563502848e+18
9.38274552002732798e-01,-5.03906250000000000e-01,1.53855725423361664e+18
9.38274552002732798e-01,-4.96093750000000000e-01,1.53596606878460006e+18
9.38274552002732798e-01,-4.88281250000000000e-01,1.53337056128854170e+18
9.38274552002732798e-01,-4.80468750000000000e-01,1.53077083101079936e+18
9.38274552002732798e-01,-4.72656250000000000e-01,1.52816697457249536e+18
9.38274552002732798e-01,-4.64843750000000000e-01,1.52555908603759437e+18
9.38274552002732798e-01,-4.57031250000000000e-01,1.52294725699628749e+18
9.38274552002732798e-01,-4.49218750000000000e-01,1.52033157664488499e+18
9.38274552002732798e-01,-4.41406250000000000e-01,1.51771213186239283e+18
9.38274552002732798e-01,-4.33593750000000000e-01,1.51508900728394906e+18
9.38274552002732798e-01,-4.25781250000000000e-01,1.51246228537127834e+18
9.38274552002732798e-01,-4.17968750000000000e-01,1.50983204648031360e+18
9.38274552002732798e-01,-4.10156250000000000e-01,1.50719836892612813e+18
9.38274552002732798e-01,-4.02343750000000000e-01,1.50456132904530970e+18
9.38274552002732798e-01,-3.94531250000000000e-01,1.50192100125590323e+18
9.38274552002732798e-01,-3.86718750000000000e-01,1.49927745811503283e+18
9.38274552002732798e-01,-3.78906250000000000e-01,1.49663077037432550e+18
9.38274552002732798e-01,-3.71093750000000000e-01,1.49398100703322573e+18
9.38274552002732798e-01,-3.63281250000000000e-01,1.49132823539031091e+18
9.38274552002732798e-01,-3.55468750000000000e-01,1.48867252109269120e+18
9.38274552002732798e-01,-3.47656250000000000e-01,1.48601392818358272e+18
9.38274552002732798e-01,-3.39843750000000000e-01,1.48335251914813824e+18
9.38274552002732798e-01,-3.32031250000000000e-01,1.48068835495760179e+18
9.38274552002732798e-01,-3.24218750000000000e-01,1.47802149511187149e+18
9.38274552002732798e-01,-3.16406250000000000e-01,1.47535199768052531e+18
9.38274552002732798e-01,-3.08593750000000000e-01,1.47267991934237773e+18
9.38274552002732798e-01,-3.00781250000000000e-01,1.47000531542362291e+18
9.38274552002732798e-01,-2.92968750000000000e-01,1.46732823993461709e+18
9.38274552002732798e-01,-2.85156250000000000e-01,1.46464874560534938e+18
9.38274552002732798e-01,-2.77343750000000000e-01,1.46196688391964083e+18
9.38274552002732798e-01,-2.69531250000000000e-01,1.45928270514811520e+18
9.38274552002732798e-01,-2.61718750000000000e-01,1.45659625837996851e+18
9.38274552002732798e-01,-2.53906250000000000e-01,1.45390759155356826e+18
9.38274552002732798e-01,-2.46093750000000000e-01,1.45121675148589952e+18
9.38274552002732798e-01,-2.38281250000000000e-01,1.44852378390086656e+18
9.38274552002732798e-01,-2.30468750000000000e-01,1.44582873345646285e+18
9.38274552002732798e-01,-2.22656250000000000e-01,1.44313164377078502e+18
9.38274552002732798e-01,-2.14843750000000000e-01,1.44043255744688512e+18
9.38274552002732798e-01,-2.07031250000000000e-01,1.43773151609641165e+18
9.38274552002732798e-01,-1.99218750000000000e-01,1.43502856036198835e+18
9.38274552002732798e-01,-1.91406250000000000e-01,1.43232372993824819e+18
9.38274552002732798e-01,-1.83593750000000000e-01,1.42961706359141299e+18
9.38274552002732798e-01,-1.75781250000000000e-01,1.42690859917727130e+18
9.38274552002732798e-01,-1.67968750000000000e-01,1.42419837365736320e+18
9.38274552002732798e-01,-1.60156250000000000e-01,1.42148642311312154e+18
9.38274552002732798e-01,-1.52343750000000000e-01,1.41877278275765581e+18
9.38274552002732798e-01,-1.44531250000000000e-01,1.41605748694476288e+18
9.38274552002732798e-01,-1.36718750000000000e-01,1.41334056917465549e+18
9.38274552002732798e-01,-1.28906250000000000e-01,1.41062206209574733e+18
9.38274552002732798e-01,-1.21093750000000000e-01,1.40790199750166605e+18
9.38274552002732798e-01,-1.13281250000000000e-01,1.40518040632244762e+18
9.38274552002732798e-01,-1.05468750000000000e-01,1.40245731860859187e+18
9.38274552002732798e-01,-9.76562500000000000e-02,1.39973276350631654e+18
9.38274552002732798e-01,-8.98437500000000000e-02,1.39700676922191437e+18
9.38274552002732798e-01,-8.20312500000000000e-02,1.39427936297258496e+18
9.38274552002732798e-01,-7.42187500000000000e-02,1.39155057092042419e+18
9.38274552002732798e-01,-6.64062500000000000e-02,1.38882041808541158e+18
9.38274552002732798e-01,-5.85937500000000000e-02,1.38608892823216435e+18
9.38274552002732798e-01,-5.07812500000000000e-02,1.38335612372387174e+18
9.38274552002732798e-01,-4.29687500000000000e-02,1.38062202533515827e+18
9.38274552002732798e-01,-3.51562500000000000e-02,1.37788665201347635e+18
9.38274552002732798e-01,-2.73437500000000000e-02,1.37515002057598848e+18
9.38274552002732798e-01,-1.95312500000000000e-02,1.37241214532553523e+18
9.38274552002732798e-01,-1.17187500000000000e-02,1.36967303756509542e+18
9.38274552002732798e-01,-3.90625000000000000e-03,1.36693270498484762e+18
9.38274552002732798e-01,3.90625000000000000e-03,1.36141809722714189e+18
9.38274552002732798e-01,1.17187500000000000e-02,1.35318643804645504e+18
9.38274552002732798e-01,1.95312500000000000e-02,1.34494640859331584e+18
9.38274552002732798e-01,2.73437500000000000e-02,1.33669830035128755e+18
9.38274552002732798e-01,3.51562500000000000e-02,1.32844247981784141e+18
9.38274552002732798e-01,4.29687500000000000e-02,1.32017933901114368e+18
9.38274552002732798e-01,5.07812500000000000e-02,1.31190927108443162e+18
9.38274552002732798e-01,5.85937500000000000e-02,1.30363265861327386e+18
9.38274552002732798e-01,6.64062500000000000e-02,1.29534986826951654e+18
9.38274552002732798e-01,7.42187500000000000e-02,1.28706124870279219e+18
9.38274552002732798e-01,8.20312500000000000e-02,1.27876713002108570e+18
9.38274552002732798e-01,8.98437500000000000e-02,1.27046782405611469e+18
9.38274552002732798e-01,9.76562500000000000e-02,1.26216362500124160e+18
9.38274552002732798e-01,1.05468750000000000e-01,1.25385481021323674e+18
9.38274552002732798e-01,1.13281250000000000e-01,1.24554164107248845e+18
9.38274552002732798e-01,1.21093750000000000e-01,1.23722436384875622e+18
9.38274552002732798e-01,1.28906250000000000e-01,1.22890321054630861e+18
9.38274552002732798e-01,1.36718750000000000e-01,1.22057839971597210e+18
9.38274552002732798e-01,1.44531250000000000e-01,1.21225013722863181e+18
9.38274552002732798e-01,1.52343750000000000e-01,1.20391861700835482e+18
9.38274552002732798e-01,1.60156250000000000e-01,1.19558402172515891e+18
9.38274552002732798e-01,1.67968750000000000e-01,1.18724652344842266e+18
9.38274552002732798e-01,1.75781250000000000e-01,1.17890628426240461e+18
9.38274552002732798e-01,1.83593750000000000e-01,1.17056345684556902e+18
9.38274552002732798e-01,1.91406250000000000e-01,1.16221818501550822e+18
9.38274552002732798e-01,1.99218750000000000e-01,1.15387060424126234e+18
9.38274552002732798e-01,2.07031250000000000e-01,1.14552084212480691e+18
9.38274552002732798e-01,2.14843750000000000e-01,1.13716901885342707e+18
9.38274552002732798e-01,2.22656250000000000e-01,1.12881524762462682e+18
9.38274552002732798e-01,2.30468750000000000e-01,1.12045963504515008e+18
9.38274552002732798e-01,2.38281250000000000e-01,1.11210228150560576e+18
9.38274552002732798e-01,2.46093750000000000e-01,1.10374328153211315e+18
9.38274552002732798e-01,2.53906250000000000e-01,1.09538272411630170e+18
9.38274552002732798e-01,2.61718750000000000e-01,1.08702069302492390e+18
9.38274552002732798e-01,2.69531250000000000e-01,1.07865726709026010e+18
9.38274552002732798e-01,2.77343750000000000e-01,1.07029252048242278e+18
9.38274552002732798e-01,2.85156250000000000e-01,1.06192652296459648e+18
9.38274552002732798e-01,2.92968750000000000e-01,1.05355934013218547e+18
9.38274552002732798e-01,3.00781250000000000e-01,1.04519103363676774e+18
9.38274552002732798e-01,3.08593750000000000e-01,1.03682166139570918e+18
9.38274552002732798e-01,3.16406250000000000e-01,1.02845127778820928e+18
9.38274552002732798e-01,3.24218750000000000e-01,1.02007993383852160e+18
9.38274552002732798e-01,3.32031250000000000e-01,1.01170767738701440e+18
9.38274552002732798e-01,3.39843750000000000e-01,1.00333455324970675e+18
9.38274552002732798e-01,3.47656250000000000e-01,9.94960603366851072e+17
9.38274552002732798e-01,3.55468750000000000e-01,9.86585866941099648e+17
9.38274552002732798e-01,3.63281250000000000e-01,9.78210380565742208e+17
9.38274552002732798e-01,3.71093750000000000e-01,9.69834178343459328e+17
9.38274552002732798e-01,3.78906250000000000e-01,9.61457291995999872e+17
9.38274552002732798e-01,3.86718750000000000e-01,9.53079750965148928e+17
9.38274552002732798e-01,3.94531250000000000e-01,9.44701582505315200e+17
9.38274552002732798e-01,4.02343750000000000e-01,9.36322811768026112e+17
9.38274552002732798e-01,4.10156250000000000e-01,9.27943461878592128e+17
9.38274552002732798e-01,4.17968750000000000e-01,9.19563554005155456e+17
9.38274552002732798e-01,4.25781250000000000e-01,9.11183107420307840e+17
9.38274552002732798e-01,4.33593750000000000e-01,9.02802139555427840e+17
9.38274552002732798e-01,4.41406250000000000e-01,8.94420666047846400e+17
9.38274552002732798e-01,4.49218750000000000e-01,8.86038700780923904e+17
9.38274552002732798e-01,4.57031250000000000e-01,8.77656255917072896e+17
9.38274552002732798e-01,4.64843750000000000e-01,8.69273341923729152e+17
9.38274552002732798e-01,4.72656250000000000e-01,8.60889967592239104e+17
9.38274552002732798e-01,4.80468750000000000e-01,8.52506140049578496e+17
9.38274552002732798e-01,4.88281250000000000e-01,8.44121864762786432e+17
9.38274552002732798e-01,4.96093750000000000e-01,8.35737145535945088e+17
9.38274552002732798e-01,5.03906250000000000e-01,8.27351984499492480e+17
9.38274552002732798e-01,5.11718750000000000e-01,8.18966382091599616e+17
9.38274552002732798e-01,5.19531250000000000e-01,8.10580337031290496e+17
9.38274552002732798e-01,5.27343750000000000e-01,8.02193846282919424e+17
9.38274552002732798e-01,5.35156250000000000e-01,7.93806905011559040e+17
9.38274552002732798e-01,5.42968750000000000e-01,7.85419506528771584e+17
9.38274552002732798e-01,5.50781250000000000e-01,7.77031642228166016e+17
9.38274552002732798e-01,5.58593750000000000e-01,7.68643301510047232e+17
9.38274552002732798e-01,5.66406250000000000e-01,7.60254471694367872e+17
9.38274552002732798e-01,5.74218750000000000e-01,7.51865137921086080e+17
9.38274552002732798e-01,5.82031250000000000e-01,7.43475283036907776e+17
9.38274552002732798e-01,5.89843750000000000e-01,7.35084887467251456e+17
9.38274552002732798e-01,5.97656250000000000e-01,7.26693929072128640e+17
9.38274552002732798e-01,6.05468750000000000e-01,7.18302382984442880e+17
9.38274552002732798e-01,6.13281250000000000e-01,7.09910221429026560e+17
9.38274552002732798e-01,6.21093750000000000e-01,7.01517413520495872e+17
9.38274552002732798e-01,6.28906250000000000e-01,6.93123925037756288e+17
9.38274552002732798e-01,6.36718750000000000e-01,6.84729718172686336e+17
9.38274552002732798e-01,6.44531250000000000e-01,6.76334751250193408e+17
9.38274552002732798e-01,6.52343750000000000e-01,6.67938978416441984e+17
9.38274552002732798e-01,6.60156250000000000e-01,6.59542349291599360e+17
9.38274552002732798e-01,6.67968750000000000e-01,6.51144808582922496e+17
9.38274552002732798e-01,6.75781250000000000e-01,6.42746295653394944e+17
9.38274552002732798e-01,6.83593750000000000e-01,6.34346744040409216e+17
9.38274552002732798e-01,6.91406250000000000e-01,6.25946080918157312e+17
9.38274552002732798e-01,6.99218750000000000e-01,6.17544226496401280e+17
9.38274552002732798e-01,7.07031250000000000e-01,6.09141093347149056e+17
9.38274552002732798e-01,7.14843750000000000e-01,6.00736585649376256e+17
9.38274552002732798e-01,7.22656250000000000e-01,5.92330598340322432e+17
9.38274552002732798e-01,7.30468750000000000e-01,5.83923016159942272e+17
9.38274552002732798e-01,7.38281250000000000e-01,5.75513712572790080e+17
9.38274552002732798e-01,7.46093750000000000e-01,5.67102548548840448e+17
9.38274552002732798e-01,7.53906250000000000e-01,5.58689371181426048e+17
9.38274552002732798e-01,7.61718750000000000e-01,5.50274012116460544e+17
9.38274552002732798e-01,7.69531250000000000e-01,5.41856285762276544e+17
9.38274552002732798e-01,7.77343750000000000e-01,5.33435987243531200e+17
9.38274552002732798e-01,7.85156250000000000e-01,5.25012890055503424e+17
9.38274552002732798e-01,7.92968750000000000e-01,5.16586743366409536e+17
9.38274552002732798e-01,8.00781250000000000e-01,5.08157268904733184e+17
9.38274552002732798e-01,8.08593750000000000e-01,4.99724157355539200e+17
9.38274552002732798e-01,8.16406250000000000e-01,4.91287064173694720e+17
9.38274552002732798e-01,8.24218750000000000e-01,4.82845604702106240e+17
9.38274552002732798e-01,8.32031250000000000e-01,4.74399348458435968e+17
9.38274552002732798e-01,8.39843750000000000e-01,4.65947812422912384e+17
9.38274552002732798e-01,8.47656250000000000e-01,4.57490453120796928e+17
9.38274552002732798e-01,8.55468750000000000e-01,4.49026657242895744e+17
9.38274552002732798e-01,8.63281250000000000e-01,4.40555730481654528e+17
9.38274552002732798e-01,8.71093750000000000e-01,4.32076884171365504e+17
9.38274552002732798e-01,8.78906250000000000e-01,4.23589219195996160e+17
9.38274552002732798e-01,8.86718750000000000e-01,4.15091706444056000e+17
9.38274552002732798e-01,8.94531250000000000e-01,4.06583162804160000e+17
9.38274552002732798e-01,9.02343750000000000e-01,3.98062221226937088e+17
9.38274552002732798e-01,9.10156250000000000e-01,3.89527292573902016e+17
9.38274552002732798e-01,9.17968750000000000e-01,3.80976515531347328e+17
9.38274552002732798e-01,9.25781250000000000e-01,3.72407688199668608e+17
9.38274552002732798e-01,9.33593750000000000e-01,3.63818169921854464e+17
9.38274552002732798e-01,9.41406250000000000e-01,3.55204732216028672e+17
9.38274552002732798e-01,9.49218750000000000e-01,3.46563318839947200e+17
9.38274552002732798e-01,9.57031250000000000e-01,3.37888638176518528e+17
9.38274552002732798e-01,9.64843750000000000e-01,3.29173438761946688e+17
9.38274552002732798e-01,9.72656250000000000e-01,3.20407176208431296e+17
9.38274552002732798e-01,9.80468750000000000e-01,3.11573498385036352e+17
9.38274552002732798e-01,9.88281250000000000e-01,3.02645419700043520e+17
9.38274552002732798e-01,9.96093750000000000e-01,2.93575955825766912e+17
9.74728555971309474e-01,-9.96093750000000000e-01,1.68479175731195264e+18
9.74728555971309474e-01,-9.88281250000000000e-01,1.68308631247419776e+18
9.74728555971309474e-01,-9.80468750000000000e-01,1.68133654389715635e+18
9.74728555971309474e-01,-9.72656250000000000e-01,1.67954693311782298e+18
9.74728555971309474e-01,-9.64843750000000000e-01,1.67772120454994406e+18
9.74728555971309474e-01,-9.57031250000000000e-01,1.67586247255973581e+18
9.74728555971309474e-01,-9.49218750000000000e-01,1.67397335896357555e+18
9.74728555971309474e-01,-9.41406250000000000e-01,1.67205608695499213e+18
9.74728555971309474e-01,-9.33593750000000000e-01,1.67011255624436045e+18
9.74728555971309474e-01,-9.25781250000000000e-01,1.66814440322041728e+18
9.74728555971309474e-01,-9.17968750000000000e-01,1.66615304916709606e+18
9.74728555971309474e-01,-9.10156250000000000e-01,1.66413973895174118e+18
9.74728555971309474e-01,-9.02343750000000000e-01,1.66210557210918912e+18
9.74728555971309474e-01,-8.94531250000000000e-01,1.66005152785485875e+18
9.74728555971309474e-01,-8.86718750000000000e-01,1.65797848524839270e+18
9.74728555971309474e-01,-8.78906250000000000e-01,1.65588723948131021e+18
9.74728555971309474e-01,-8.71093750000000000e-01,1.65377851506457421e+18
9.74728555971309474e-01,-8.63281250000000000e-01,1.65165297653466086e+18
9.74728555971309474e-01,-8.55468750000000000e-01,1.64951123717144371e+18
9.74728555971309474e-01,-8.47656250000000000e-01,1.64735386612141107e+18
9.74728555971309474e-01,-8.39843750000000000e-01,1.64518139424026163e+18
9.74728555971309474e-01,-8.32031250000000000e-01,1.64299431890559360e+18
9.74728555971309474e-01,-8.24218750000000000e-01,1.64079310799995469e+18
9.74728555971309474e-01,-8.16406250000000000e-01,1.63857820322431411e+18
9.74728555971309474e-01,-8.08593750000000000e-01,1.63635002286996480e+18
9.74728555971309474e-01,-8.00781250000000000e-01,1.63410896415131802e+18
9.74728555971309474e-01,-7.92968750000000000e-01,1.63185540518167347e+18
9.74728555971309474e-01,-7.85156250000000000e-01,1.62958970665779763e+18
9.74728555971309474e-01,-7.77343750000000000e-01,1.62731221330615603e+18
9.74728555971309474e-01,-7.69531250000000000e-01,1.62502325513330842e+18
9.74728555971309474e-01,-7.61718750000000000e-01,1.62272314851469056e+18
9.74728555971309474e-01,-7.53906250000000000e-01,1.62041219714938701e+18
9.74728555971309474e-01,-7.46093750000000000e-01,1.61809069290323430e+18
9.74728555971309474e-01,-7.38281250000000000e-01,1.61575891655833139e+18
9.74728555971309474e-01,-7.30468750000000000e-01,1.61341713848366822e+18
9.74728555971309474e-01,-7.22656250000000000e-01,1.61106561923884544e+18
9.74728555971309474e-01,-7.14843750000000000e-01,1.60870461012068710e+18
9.74728555971309474e-01,-7.07031250000000000e-01,1.60633435366078387e+18
9.74728555971309474e-01,-6.99218750000000000e-01,1.60395508408059136e+18
9.74728555971309474e-01,-6.91406250000000000e-01,1.60156702770957670e+18
9.74728555971309474e-01,-6.83593750000000000e-01,1.59917040337096755e+18
9.74728555971309474e-01,-6.75781250000000000e-01,1.59676542273892506e+18
9.74728555971309474e-01,-6.67968750000000000e-01,1.59435229067035187e+18
9.74728555971309474e-01,-6.60156250000000000e-01,1.59193120551404083e+18
9.74728555971309474e-01,-6.52343750000000000e-01,1.58950235939948621e+18
9.74728555971309474e-01,-6.44531250000000000e-01,1.58706593850732442e+18
9.74728555971309474e-01,-6.36718750000000000e-01,1.58462212332311757e+18
9.74728555971309474e-01,-6.28906250000000000e-01,1.58217108887595418e+18
9.74728555971309474e-01,-6.21093750000000000e-01,1.57971300496315776e+18
9.74728555971309474e-01,-6.13281250000000000e-01,1.57724803636224154e+18
9.74728555971309474e-01,-6.05468750000000000e-01,1.57477634303110502e+18
9.74728555971309474e-01,-5.97656250000000000e-01,1.57229808029736653e+18
9.74728555971309474e-01,-5.89843750000000000e-01,1.56981339903762790e+18
9.74728555971309474e-01,-5.82031250000000000e-01,1.56732244584738304e+18
9.74728555971309474e-01,-5.74218750000000000e-01,1.56482536320221850e+18
9.74728555971309474e-01,-5.66406250000000000e-01,1.56232228961088896e+18
9.74728555971309474e-01,-5.58593750000000000e-01,1.55981335976079795e+18
9.74728555971309474e-01,-5.50781250000000000e-01,1.55729870465637632e+18
9.74728555971309474e-01,-5.42968750000000000e-01,1.55477845175079552e+18
9.74728555971309474e-01,-5.35156250000000000e-01,1.55225272507143270e+18
9.74728555971309474e-01,-5.27343750000000000e-01,1.54972164533945805e+18
9.74728555971309474e-01,-5.19531250000000000e-01,1.54718533008390118e+18
9.74728555971309474e-01,-5.11718750000000000e-01,1.54464389375051085e+18
9.74728555971309474e-01,-5.03906250000000000e-01,1.54209744780571418e+18
9.74728555971309474e-01,-4.96093750000000000e-01,1.53954610083595162e+18
9.74728555971309474e-01,-4.88281250000000000e-01,1.53698995864264474e+18
9.74728555971309474e-01,-4.80468750000000000e-01,1.53442912433303859e+18
9.74728555971309474e-01,-4.72656250000000000e-01,1.53186369840715059e+18
9.74728555971309474e-01,-4.64843750000000000e-01,1.52929377884102349e+18
9.74728555971309474e-01,-4.57031250000000000e-01,1.52671946116649242e+18
9.74728555971309474e-01,-4.49218750000000000e-01,1.52414083854764058e+18
9.74728555971309474e-01,-4.41406250000000000e-01,1.52155800185412173e+18
9.74728555971309474e-01,-4.33593750000000000e-01,1.51897103973150694e+18
9.74728555971309474e-01,-4.25781250000000000e-01,1.51638003866881126e+18
9.74728555971309474e-01,-4.17968750000000000e-01,1.51378508306333747e+18
9.74728555971309474e-01,-4.10156250000000000e-01,1.51118625528297779e+18
9.74728555971309474e-01,-4.02343750000000000e-01,1.50858363572608947e+18
9.74728555971309474e-01,-3.94531250000000000e-01,1.50597730287907226e+18
9.74728555971309474e-01,-3.86718750000000000e-01,1.50336733337174938e+18
9.74728555971309474e-01,-3.78906250000000000e-01,1.50075380203066266e+18
9.74728555971309474e-01,-3.71093750000000000e-01,1.49813678193037747e+18
9.74728555971309474e-01,-3.63281250000000000e-01,1.49551634444288947e+18
9.74728555971309474e-01,-3.55468750000000000e-01,1.49289255928521779e+18
9.74728555971309474e-01,-3.47656250000000000e-01,1.49026549456527181e+18
9.74728555971309474e-01,-3.39843750000000000e-01,1.48763521682606131e+18
9.74728555971309474e-01,-3.32031250000000000e-01,1.48500179108832538e+18
9.74728555971309474e-01,-3.24218750000000000e-01,1.48236528089164595e+18
9.74728555971309474e-01,-3.16406250000000000e-01,1.47972574833410944e+18
9.74728555971309474e-01,-3.08593750000000000e-01,1.47708325411057203e+18
9.74728555971309474e-01,-3.00781250000000000e-01,1.47443785754958720e+18
9.74728555971309474e-01,-2.92968750000000000e-01,1.47178961664904166e+18
9.74728555971309474e-01,-2.85156250000000000e-01,1.46913858811054438e+18
9.74728555971309474e-01,-2.77343750000000000e-01,1.46648482737261082e+18
9.74728555971309474e-01,-2.69531250000000000e-01,1.46382838864268032e+18
9.74728555971309474e-01,-2.61718750000000000e-01,1.46116932492799002e+18
9.74728555971309474e-01,-2.53906250000000000e-01,1.45850768806533760e+18
9.74728555971309474e-01,-2.46093750000000000e-01,1.45584352874974771e+18
9.74728555971309474e-01,-2.38281250000000000e-01,1.45317689656204826e+18
9.74728555971309474e-01,-2.30468750000000000e-01,1.45050783999536538e+18
9.74728555971309474e-01,-2.22656250000000000e-01,1.44783640648052301e+18
9.74728555971309474e-01,-2.14843750000000000e-01,1.44516264241032576e+18
9.74728555971309474e-01,-2.07031250000000000e-01,1.44248659316269005e+18
9.74728555971309474e-01,-1.99218750000000000e-01,1.43980830312256666e+18
9.74728555971309474e-01,-1.91406250000000000e-01,1.43712781570257331e+18
9.74728555971309474e-01,-1.83593750000000000e-01,1.43444517336223693e+18
9.74728555971309474e-01,-1.75781250000000000e-01,1.43176041762569600e+18
9.74728555971309474e-01,-1.67968750000000000e-01,1.42907358909768166e+18
9.74728555971309474e-01,-1.60156250000000000e-01,1.42638472747753549e+18
9.74728555971309474e-01,-1.52343750000000000e-01,1.42369387157095680e+18
9.74728555971309474e-01,-1.44531250000000000e-01,1.42100105929908326e+18
9.74728555971309474e-01,-1.36718750000000000e-01,1.41830632770440883e+18
9.74728555971309474e-01,-1.28906250000000000e-01,1.41560971295289933e+18
9.74728555971309474e-01,-1.21093750000000000e-01,1.41291125033151206e+18
9.74728555971309474e-01,-1.13281250000000000e-01,1.41021097424010061e+18
9.74728555971309474e-01,-1.05468750000000000e-01,1.40750891817643750e+18
9.74728555971309474e-01,-9.76562500000000000e-02,1.40480511471274419e+18
9.74728555971309474e-01,-8.98437500000000000e-02,1.40209959546171085e+18
9.74728555971309474e-01,-8.20312500000000000e-02,1.39939239102946253e+18
9.74728555971309474e-01,-7.42187500000000000e-02,1.39668353095227981e+18
9.74728555971309474e-01,-6.64062500000000000e-02,1.39397304361304678e+18
9.74728555971309474e-01,-5.85937500000000000e-02,1.39126095613238912e+18
9.74728555971309474e-01,-5.07812500000000000e-02,1.38854729422813926e+18
9.74728555971309474e-01,-4.29687500000000000e-02,1.38583208203516570e+18
9.74728555971309474e-01,-3.51562500000000000e-02,1.38311534187553203e+18
9.74728555971309474e-01,-2.73437500000000000e-02,1.38039709396640051e+18
9.74728555971309474e-01,-1.95312500000000000e-02,1.37767735604984909e+18
9.74728555971309474e-01,-1.17187500000000000e-02,1.37495614292472653e+18
9.74728555971309474e-01,-3.90625000000000000e-03,1.37223346585556173e+18
9.74728555971309474e-01,3.90625000000000000e-03,1.36675448073072589e+18
9.74728555971309474e-01,1.17187500000000000e-02,1.35857283908364390e+18
9.74728555971309474e-01,1.95312500000000000e-02,1.35038078432486272e+18
9.74728555971309474e-01,2.73437500000000000e-02,1.34217869319478912e+18
9.74728555971309474e-01,3.51562500000000000e-02,1.33396701071537690e+18
9.74728555971309474e-01,4.29687500000000000e-02,1.32574620281532032e+18
9.74728555971309474e-01,5.07812500000000000e-02,1.31751673304901146e+18
9.74728555971309474e-01,5.85937500000000000e-02,1.30927905147500902e+18
9.74728555971309474e-01,6.64062500000000000e-02,1.30103358966084582e+18
9.74728555971309474e-01,7.42187500000000000e-02,1.29278075876306125e+18
9.74728555971309474e-01,8.20312500000000000e-02,1.28452094913873382e+18
9.74728555971309474e-01,8.98437500000000000e-02,1.27625453070710784e+18
9.74728555971309474e-01,9.76562500000000000e-02,1.26798185366566989e+18
9.74728555971309474e-01,1.05468750000000000e-01,1.25970324936044006e+18
9.74728555971309474e-01,1.13281250000000000e-01,1.25141903120937472e+18
9.74728555971309474e-01,1.21093750000000000e-01,1.24312949562814310e+18
9.74728555971309474e-01,1.28906250000000000e-01,1.23483492293322880e+18
9.74728555971309474e-01,1.36718750000000000e-01,1.22653557821042842e+18
9.74728555971309474e-01,1.44531250000000000e-01,1.21823171214356045e+18
9.74728555971309474e-01,1.52343750000000000e-01,1.20992356180167885e+18
9.74728555971309474e-01,1.60156250000000000e-01,1.20161135138486554e+18
9.74728555971309474e-01,1.67968750000000000e-01,1.19329529292961178e+18
9.74728555971309474e-01,1.75781250000000000e-01,1.18497558697525120e+18
9.74728555971309474e-01,1.83593750000000000e-01,1.17665242319313254e+18
9.74728555971309474e-01,1.91406250000000000e-01,1.16832598098030054e+18
9.74728555971309474e-01,1.99218750000000000e-01,1.15999643001947904e+18
9.74728555971309474e-01,2.07031250000000000e-01,1.15166393080710694e+18
9.74728555971309474e-01,2.14843750000000000e-01,1.14332863515113894e+18
9.74728555971309474e-01,2.22656250000000000e-01,1.13499068664025126e+18
9.74728555971309474e-01,2.30468750000000000e-01,1.12665022108602458e+18
9.74728555971309474e-01,2.38281250000000000e-01,1.11830736693959347e+18
9.74728555971309474e-01,2.46093750000000000e-01,1.10996224568418381e+18
9.74728555971309474e-01,2.53906250000000000e-01,1.10161497220487462e+18
9.74728555971309474e-01,2.61718750000000000e-01,1.09326565513684941e+18
9.74728555971309474e-01,2.69531250000000000e-01,1.08491439719332531e+18
9.74728555971309474e-01,2.77343750000000000e-01,1.07656129547428390e+18
9.74728555971309474e-01,2.85156250000000000e-01,1.06820644175704858e+18
9.74728555971309474e-01,2.92968750000000000e-01,1.05984992276969562e+18
9.74728555971309474e-01,3.00781250000000000e-01,1.05149182044822336e+18
9.74728555971309474e-01,3.08593750000000000e-01,1.04313221217833818e+18
9.74728555971309474e-01,3.16406250000000000e-01,1.03477117102266317e+18
9.74728555971309474e-01,3.24218750000000000e-01,1.02640876593412224e+18
9.74728555971309474e-01,3.32031250000000000e-01,1.01804506195619482e+18
9.74728555971309474e-01,3.39843750000000000e-01,1.00968012041069478e+18
9.74728555971309474e-01,3.47656250000000000e-01,1.00131399907366963e+18
9.74728555971309474e-01,3.55468750000000000e-01,9.92946752339981184e+17
9.74728555971309474e-01,3.63281250000000000e-01,9.84578431377080192e+17
9.74728555971309474e-01,3.71093750000000000e-01,9.76209084268443648e+17
9.74728555971309474e-01,3.78906250000000000e-01,9.67838756147109632e+17
9.74728555971309474e-01,3.86718750000000000e-01,9.59467489319697152e+17
9.74728555971309474e-01,3.94531250000000000e-01,9.51095323381272960e+17
9.74728555971309474e-01,4.02343750000000000e-01,9.42722295321373440e+17
9.74728555971309474e-01,4.10156250000000000e-01,9.34348439621471616e+17
9.74728555971309474e-01,4.17968750000000000e-01,9.25973788344129536e+17
9.74728555971309474e-01,4.25781250000000000e-01,9.17598371214045184e+17
9.74728555971309474e-01,4.33593750000000000e-01,9.09222215691177088e+17
9.74728555971309474e-01,4.41406250000000000e-01,9.00845347036072704e+17
9.74728555971309474e-01,4.49218750000000000e-01,8.92467788367516544e+17
9.74728555971309474e-01,4.57031250000000000e-01,8.84089560712554496e+17
9.74728555971309474e-01,4.64843750000000000e-01,8.75710683048929792e+17
9.74728555971309474e-01,4.72656250000000000e-01,8.67331172339915392e+17
9.74728555971309474e-01,4.80468750000000000e-01,8.58951043561495168e+17
9.74728555971309474e-01,4.88281250000000000e-01,8.50570309721798016e+17
9.74728555971309474e-01,4.96093750000000000e-01,8.42188981872647168e+17
9.74728555971309474e-01,5.03906250000000000e-01,8.33807069113037824e+17
9.74728555971309474e-01,5.11718750000000000e-01,8.25424578584302592e+17
9.74728555971309474e-01,5.19531250000000000e-01,8.17041515456676480e+17
9.74728555971309474e-01,5.27343750000000000e-01,8.08657882906902016e+17
9.74728555971309474e-01,5.35156250000000000e-01,8.00273682086459776e+17
9.74728555971309474e-01,5.42968750000000000e-01,7.91888912079932800e+17
9.74728555971309474e-01,5.50781250000000000e-01,7.83503569852937088e+17
9.74728555971309474e-01,5.58593750000000000e-01,7.75117650188961152e+17
9.74728555971309474e-01,5.66406250000000000e-01,7.66731145614364672e+17
9.74728555971309474e-01,5.74218750000000000e-01,7.58344046310676096e+17
9.74728555971309474e-01,5.82031250000000000e-01,7.49956340013211392e+17
9.74728555971309474e-01,5.89843750000000000e-01,7.41568011894900224e+17
9.74728555971309474e-01,5.97656250000000000e-01,7.33179044434053120e+17
9.74728555971309474e-01,6.05468750000000000e-01,7.24789417264636672e+17
9.74728555971309474e-01,6.13281250000000000e-01,7.16399107007424128e+17
9.74728555971309474e-01,6.21093750000000000e-01,7.08008087080171648e+17
9.74728555971309474e-01,6.28906250000000000e-01,6.99616327484716928e+17
9.74728555971309474e-01,6.36718750000000000e-01,6.91223794568611072e+17
9.74728555971309474e-01,6.44531250000000000e-01,6.82830450758557184e+17
9.74728555971309474e-01,6.52343750000000000e-01,6.74436254262558080e+17
9.74728555971309474e-01,6.60156250000000000e-01,6.66041158737223040e+17
9.74728555971309474e-01,6.67968750000000000e-01,6.57645112916181504e+17
9.74728555971309474e-01,6.75781250000000000e-01,6.49248060194948864e+17
9.74728555971309474e-01,6.83593750000000000e-01,6.40849938166905088e+17
9.74728555971309474e-01,6.91406250000000000e-01,6.32450678104219776e+17
9.74728555971309474e-01,6.99218750000000000e-01,6.24050204376616832e+17
9.74728555971309474e-01,7.07031250000000000e-01,6.15648433799735680e+17
9.74728555971309474e-01,7.14843750000000000e-01,6.07245274903516544e+17
9.74728555971309474e-01,7.22656250000000000e-01,5.98840627109460992e+17
9.74728555971309474e-01,7.30468750000000000e-01,5.90434379803731968e+17
9.74728555971309474e-01,7.38281250000000000e-01,5.82026411290820608e+17
9.74728555971309474e-01,7.46093750000000000e-01,5.73616587609809984e+17
9.74728555971309474e-01,7.53906250000000000e-01,5.65204761192042816e+17
9.74728555971309474e-01,7.61718750000000000e-01,5.56790769335104832e+17
9.74728555971309474e-01,7.69531250000000000e-01,5.48374432463335232e+17
9.74728555971309474e-01,7.77343750000000000e-01,5.39955552139378432e+17
9.74728555971309474e-01,7.85156250000000000e-01,5.31533908784366464e+17
9.74728555971309474e-01,7.92968750000000000e-01,5.23109259055887168e+17
9.74728555971309474e-01,8.00781250000000000e-01,5.14681332822578752e+17
9.74728555971309474e-01,8.08593750000000000e-01,5.06249829661549312e+17
9.74728555971309474e-01,8.16406250000000000e-01,4.97814414789266112e+17
9.74728555971309474e-01,8.24218750000000000e-01,4.89374714317327680e+17
9.74728555971309474e-01,8.32031250000000000e-01,4.80930309700643264e+17
9.74728555971309474e-01,8.39843750000000000e-01,4.72480731215625984e+17
9.74728555971309474e-01,8.47656250000000000e-01,4.64025450268149056e+17
9.74728555971309474e-01,8.55468750000000000e-01,4.55563870282383552e+17
9.74728555971309474e-01,8.63281250000000000e-01,4.47095315857828608e+17
9.74728555971309474e-01,8.71093750000000000e-01,4.38619019795635712e+17
9.74728555971309474e-01,8.78906250000000000e-01,4.30134107474283008e+17
9.74728555971309474e-01,8.86718750000000000e-01,4.21639577876525824e+17
9.74728555971309474e-01,8.94531250000000000e-01,4.13134280293183232e+17
9.74728555971309474e-01,9.02343750000000000e-01,4.04616885276936576e+17
9.74728555971309474e-01,9.10156250000000000e-01,3.96085847641515200e+17
9.74728555971309474e-01,9.17968750000000000e-01,3.87539357908366080e+17
9.74728555971309474e-01,9.25781250000000000e-01,3.78975276027081472e+17
9.74728555971309474e-01,9.33593750000000000e-01,3.70391036323773760e+17
9.74728555971309474e-01,9.41406250000000000e-01,3.61783503269452928e+17
9.74728555971309474e-01,9.49218750000000000e-01,3.53148739478923008e+17
9.74728555971309474e-01,9.57031250000000000e-01,3.44481611795577472e+17
9.74728555971309474e-01,9.64843750000000000e-01,3.35775091474141376e+17
9.74728555971309474e-01,9.72656250000000000e-01,3.27018966879440064e+17
9.74728555971309474e-01,9.80468750000000000e-01,3.18197415555183680e+17
9.74728555971309474e-01,9.88281250000000000e-01,3.09284345913689792e+17
9.74728555971309474e-01,9.96093750000000000e-01,3.00234357697564992e+17
9.95187219997021311e-01,-9.96093750000000000e-01,1.68480900187191373e+18
9.95187219997021311e-01,-9.88281250000000000e-01,1.68313807571103206e+18
9.95187219997021311e-01,-9.80468750000000000e-01,1.68142319202378522e+18
9.95187219997021311e-01,-9.72656250000000000e-01,1.67966873525452877e+18
9.95187219997021311e-01,-9.64843750000000000e-01,1.67787834967559782e+18
9.95187219997021311e-01,-9.57031250000000000e-01,1.67605508319992704e+18
9.95187219997021311e-01,-9.49218750000000000e-01,1.67420150226960077e+18
9.95187219997021311e-01,-9.41406250000000000e-01,1.67231978369497984e+18
9.95187219997021311e-01,-9.33593750000000000e-01,1.67041178812214810e+18
9.95187219997021311e-01,-9.25781250000000000e-01,1.66847911885365171e+18
9.95187219997021311e-01,-9.17968750000000000e-01,1.66652316898900992e+18
9.95187219997021311e-01,-9.10156250000000000e-01,1.66454515924766694e+18
9.95187219997021311e-01,-9.02343750000000000e-01,1.66254616835635226e+18
9.95187219997021311e-01,-8.94531250000000000e-01,1.66052715750009062e+18
9.95187219997021311e-01,-8.86718750000000000e-01,1.65848899003141069e+18
9.95187219997021311e-01,-8.78906250000000000e-01,1.65643244738967654e+18
9.95187219997021311e-01,-8.71093750000000000e-01,1.65435824198928691e+18
9.95187219997021311e-01,-8.63281250000000000e-01,1.65226702768164096e+18
9.95187219997021311e-01,-8.55468750000000000e-01,1.65015940827326054e+18
9.95187219997021311e-01,-8.47656250000000000e-01,1.64803594448487885e+18
9.95187219997021311e-01,-8.39843750000000000e-01,1.64589715965857459e+18
9.95187219997021311e-01,-8.32031250000000000e-01,1.64374354445811046e+18
9.95187219997021311e-01,-8.24218750000000000e-01,1.64157556075830349e+18
9.95187219997021311e-01,-8.16406250000000000e-01,1.63939364487992653e+18
9.95187219997021311e-01,-8.08593750000000000e-01,1.63719821029530880e+18
9.95187219997021311e-01,-8.00781250000000000e-01,1.63498964990481894e+18
9.95187219997021311e-01,-7.92968750000000000e-01,1.63276833796447514e+18
9.95187219997021311e-01,-7.85156250000000000e-01,1.63053463172905472e+18
9.95187219997021311e-01,-7.77343750000000000e-01,1.62828887286236493e+18
9.95187219997021311e-01,-7.69531250000000000e-01,1.62603138865623040e+18
9.95187219997021311e-01,-7.61718750000000000e-01,1.62376249309164774e+18
9.95187219997021311e-01,-7.53906250000000000e-01,1.62148248776910054e+18
9.95187219997021311e-01,-7.46093750000000000e-01,1.61919166272985779e+18
9.95187219997021311e-01,-7.38281250000000000e-01,1.61689029718593178e+18
9.95187219997021311e-01,-7.30468750000000000e-01,1.61457866017306266e+18
9.95187219997021311e-01,-7.22656250000000000e-01,1.61225701113843968e+18
9.95187219997021311e-01,-7.14843750000000000e-01,1.60992560047272397e+18
9.95187219997021311e-01,-7.07031250000000000e-01,1.60758466999423002e+18
9.95187219997021311e-01,-6.99218750000000000e-01,1.60523445339174170e+18
9.95187219997021311e-01,-6.91406250000000000e-01,1.60287517663131366e+18
9.95187219997021311e-01,-6.83593750000000000e-01,1.60050705833151770e+18
9.95187219997021311e-01,-6.75781250000000000e-01,1.59813031011085901e+18
9.95187219997021311e-01,-6.67968750000000000e-01,1.59574513691049293e+18
9.95187219997021311e-01,-6.60156250000000000e-01,1.59335173729489306e+18
9.95187219997021311e-01,-6.52343750000000000e-01,1.59095030373272064e+18
9.95187219997021311e-01,-6.44531250000000000e-01,1.58854102285982874e+18
9.95187219997021311e-01,-6.36718750000000000e-01,1.58612407572606106e+18
9.95187219997021311e-01,-6.28906250000000000e-01,1.58369963802728678e+18
9.95187219997021311e-01,-6.21093750000000000e-01,1.58126788032392986e+18
9.95187219997021311e-01,-6.13281250000000000e-01,1.57882896824710093e+18
9.95187219997021311e-01,-6.05468750000000000e-01,1.57638306269329946e+18
9.95187219997021311e-01,-5.97656250000000000e-01,1.57393032000856192e+18
9.95187219997021311e-01,-5.89843750000000000e-01,1.57147089216282650e+18
9.95187219997021311e-01,-5.82031250000000000e-01,1.56900492691520922e+18
9.95187219997021311e-01,-5.74218750000000000e-01,1.56653256797082112e+18
9.95187219997021311e-01,-5.66406250000000000e-01,1.56405395512969651e+18
9.95187219997021311e-01,-5.58593750000000000e-01,1.56156922442834304e+18
9.95187219997021311e-01,-5.50781250000000000e-01,1.55907850827439718e+18
9.95187219997021311e-01,-5.42968750000000000e-01,1.55658193557481037e+18
9.95187219997021311e-01,-5.35156250000000000e-01,1.55407963185796326e+18
9.95187219997021311e-01,-5.27343750000000000e-01,1.55157171939008333e+18
9.95187219997021311e-01,-5.19531250000000000e-01,1.54905831728629427e+18
9.95187219997021311e-01,-5.11718750000000000e-01,1.54653954161661850e+18
9.95187219997021311e-01,-5.03906250000000000e-01,1.54401550550722048e+18
9.95187219997021311e-01,-4.96093750000000000e-01,1.54148631923716326e+18
9.95187219997021311e-01,-4.88281250000000000e-01,1.53895209033092685e+18
9.95187219997021311e-01,-4.80468750000000000e-01,1.53641292364692582e+18
9.95187219997021311e-01,-4.72656250000000000e-01,1.53386892146224179e+18
9.95187219997021311e-01,-4.64843750000000000e-01,1.53132018355378099e+18
9.95187219997021311e-01,-4.57031250000000000e-01,1.52876680727603917e+18
9.95187219997021311e-01,-4.49218750000000000e-01,1.52620888763566131e+18
9.95187219997021311e-01,-4.41406250000000000e-01,1.52364651736295578e+18
9.95187219997021311e-01,-4.33593750000000000e-01,1.52107978698052762e+18
9.95187219997021311e-01,-4.25781250000000000e-01,1.51850878486916915e+18
9.95187219997021311e-01,-4.17968750000000000e-01,1.51593359733115571e+18
9.95187219997021311e-01,-4.10156250000000000e-01,1.51335430865106765e+18
9.95187219997021311e-01,-4.02343750000000000e-01,1.51077100115426381e+18
9.95187219997021311e-01,-3.94531250000000000e-01,1.50818375526312269e+18
9.95187219997021311e-01,-3.86718750000000000e-01,1.50559264955115622e+18
9.95187219997021311e-01,-3.78906250000000000e-01,1.50299776079509632e+18
9.95187219997021311e-01,-3.71093750000000000e-01,1.50039916402505139e+18
9.95187219997021311e-01,-3.63281250000000000e-01,1.49779693257282304e+18
9.95187219997021311e-01,-3.55468750000000000e-01,1.49519113811846298e+18
9.95187219997021311e-01,-3.47656250000000000e-01,1.49258185073515315e+18
9.95187219997021311e-01,-3.39843750000000000e-01,1.48996913893247744e+18
9.95187219997021311e-01,-3.32031250000000000e-01,1.48735306969816397e+18
9.95187219997021311e-01,-3.24218750000000000e-01,1.48473370853835187e+18
9.95187219997021311e-01,-3.16406250000000000e-01,1.48211111951645056e+18
9.95187219997021311e-01,-3.08593750000000000e-01,1.47948536529064576e+18
9.95187219997021311e-01,-3.00781250000000000e-01,1.47685650715010202e+18
9.95187219997021311e-01,-2.92968750000000000e-01,1.47422460504991565e+18
9.95187219997021311e-01,-2.85156250000000000e-01,1.47158971764485606e+18
9.95187219997021311e-01,-2.77343750000000000e-01,1.46895190232193536e+18
9.95187219997021311e-01,-2.69531250000000000e-01,1.46631121523184410e+18
9.95187219997021311e-01,-2.61718750000000000e-01,1.46366771131927962e+18
9.95187219997021311e-01,-2.53906250000000000e-01,1.46102144435219200e+18
9.95187219997021311e-01,-2.46093750000000000e-01,1.45837246694996045e+18
9.95187219997021311e-01,-2.38281250000000000e-01,1.45572083061051725e+18
9.95187219997021311e-01,-2.30468750000000000e-01,1.45306658573641318e+18
9.95187219997021311e-01,-2.22656250000000000e-01,1.45040978165981926e+18
9.95187219997021311e-01,-2.14843750000000000e-01,1.44775046666643994e+18
9.95187219997021311e-01,-2.07031250000000000e-01,1.44508868801830349e+18
9.95187219997021311e-01,-1.99218750000000000e-01,1.44242449197537562e+18
9.95187219997021311e-01,-1.91406250000000000e-01,1.43975792381591245e+18
9.95187219997021311e-01,-1.83593750000000000e-01,1.43708902785545549e+18
9.95187219997021311e-01,-1.75781250000000000e-01,1.43441784746432410e+18
9.95187219997021311e-01,-1.67968750000000000e-01,1.43174442508342374e+18
9.95187219997021311e-01,-1.60156250000000000e-01,1.42906880223813248e+18
9.95187219997021311e-01,-1.52343750000000000e-01,1.42639101954996813e+18
9.95187219997021311e-01,-1.44531250000000000e-01,1.42371111674564326e+18
9.95187219997021311e-01,-1.36718750000000000e-01,1.42102913266301901e+18
9.95187219997021311e-01,-1.28906250000000000e-01,1.41834510525334118e+18
9.95187219997021311e-01,-1.21093750000000000e-01,1.41565907157896320e+18
9.95187219997021311e-01,-1.13281250000000000e-01,1.41297106780557491e+18
9.95187219997021311e-01,-1.05468750000000000e-01,1.41028112918767462e+18
9.95187219997021311e-01,-9.76562500000000000e-02,1.40758929004572467e+18
9.95187219997021311e-01,-8.98437500000000000e-02,1.40489558373299354e+18
9.95187219997021311e-01,-8.20312500000000000e-02,1.40220004258960358e+18
9.95187219997021311e-01,-7.42187500000000000e-02,1.39950269788064230e+18
9.95187219997021311e-01,-6.64062500000000000e-02,1.39680357971440026e+18
9.95187219997021311e-01,-5.85937500000000000e-02,1.39410271693577856e+18
9.95187219997021311e-01,-5.07812500000000000e-02,1.39140013698864358e+18
9.95187219997021311e-01,-4.29687500000000000e-02,1.38869586573930061e+18
9.95187219997021311e-01,-3.51562500000000000e-02,1.38598992725126298e+18
9.95187219997021311e-01,-2.73437500000000000e-02,1.38328234349895526e+18
9.95187219997021311e-01,-1.95312500000000000e-02,1.38057313400483968e+18
9.95187219997021311e-01,-1.17187500000000000e-02,1.37786231538046054e+18
9.95187219997021311e-01,-3.90625000000000000e-03,1.37514990074691302e+18
9.95187219997021311e-01,3.90625000000000000e-03,1.36969158758916096e+18
9.95187219997021311e-01,1.17187500000000000e-02,1.36153910688547942e+18
9.95187219997021311e-01,1.95312500000000000e-02,1.35337508046585830e+18
9.95187219997021311e-01,2.73437500000000000e-02,1.34519992960817587e+18
9.95187219997021311e-01,3.51562500000000000e-02,1.33701414045655501e+18
9.95187219997021311e-01,4.29687500000000000e-02,1.32881821775249485e+18
9.95187219997021311e-01,5.07812500000000000e-02,1.32061266212630861e+18
9.95187219997021311e-01,5.85937500000000000e-02,1.31239795927819520e+18
9.95187219997021311e-01,6.64062500000000000e-02,1.30417457514901862e+18
9.95187219997021311e-01,7.42187500000000000e-02,1.29594295409708928e+18
9.95187219997021311e-01,8.20312500000000000e-02,1.28770351857132109e+18
9.95187219997021311e-01,8.98437500000000000e-02,1.27945666951662336e+18
9.95187219997021311e-01,9.76562500000000000e-02,1.27120278712463590e+18
9.95187219997021311e-01,1.05468750000000000e-01,1.26294223173399578e+18
9.95187219997021311e-01,1.13281250000000000e-01,1.25467534478127693e+18
9.95187219997021311e-01,1.21093750000000000e-01,1.24640244975299046e+18
9.95187219997021311e-01,1.28906250000000000e-01,1.23812385311415936e+18
9.95187219997021311e-01,1.36718750000000000e-01,1.22983984520181504e+18
9.95187219997021311e-01,1.44531250000000000e-01,1.22155070107835418e+18
9.95187219997021311e-01,1.52343750000000000e-01,1.21325668134309581e+18
9.95187219997021311e-01,1.60156250000000000e-01,1.20495803290213350e+18
9.95187219997021311e-01,1.67968750000000000e-01,1.19665498969747763e+18
9.95187219997021311e-01,1.75781250000000000e-01,1.18834777339693926e+18
9.95187219997021311e-01,1.83593750000000000e-01,1.18003659404642253e+18
9.95187219997021311e-01,1.91406250000000000e-01,1.17172165068637568e+18
9.95187219997021311e-01,1.99218750000000000e-01,1.16340313193416883e+18
9.95187219997021311e-01,2.07031250000000000e-01,1.15508121653414221e+18
9.95187219997021311e-01,2.14843750000000000e-01,1.14675607387700710e+18
9.95187219997021311e-01,2.22656250000000000e-01,1.13842786449023590e+18
9.95187219997021311e-01,2.30468750000000000e-01,1.13009674050099482e+18
9.95187219997021311e-01,2.38281250000000000e-01,1.12176284607310438e+18
9.95187219997021311e-01,2.46093750000000000e-01,1.11342631781943309e+18
9.95187219997021311e-01,2.53906250000000000e-01,1.10508728519106317e+18
9.95187219997021311e-01,2.61718750000000000e-01,1.09674587084448102e+18
9.95187219997021311e-01,2.69531250000000000e-01,1.08840219098798733e+18
9.95187219997021311e-01,2.77343750000000000e-01,1.08005635570843802e+18
9.95187219997021311e-01,2.85156250000000000e-01,1.07170846927937178e+18
9.95187219997021311e-01,2.92968750000000000e-01,1.06335863045150733e+18
9.95187219997021311e-01,3.00781250000000000e-01,1.05500693272653811e+18
9.95187219997021311e-01,3.08593750000000000e-01,1.04665346461508787e+18
9.95187219997021311e-01,3.16406250000000000e-01,1.03829830987963840e+18
9.95187219997021311e-01,3.24218750000000000e-01,1.02994154776318605e+18
9.95187219997021311e-01,3.32031250000000000e-01,1.02158325320433139e+18
9.95187219997021311e-01,3.39843750000000000e-01,1.01322349703945792e+18
9.95187219997021311e-01,3.47656250000000000e-01,1.00486234619261018e+18
9.95187219997021311e-01,3.55468750000000000e-01,9.96499863853637248e+17
9.95187219997021311e-01,3.63281250000000000e-01,9.88136109645119360e+17
9.95187219997021311e-01,3.71093750000000000e-01,9.79771139778565632e+17
9.95187219997021311e-01,3.78906250000000000e-01,9.71405007200313984e+17
9.95187219997021311e-01,3.86718750000000000e-01,9.63037761727546752e+17
9.95187219997021311e-01,3.94531250000000000e-01,9.54669450174775296e+17
9.95187219997021311e-01,4.02343750000000000e-01,9.46300116471132416e+17
9.95187219997021311e-01,4.10156250000000000e-01,9.37929801768754816e+17
9.95187219997021311e-01,4.17968750000000000e-01,9.29558544542520960e+17
9.95187219997021311e-01,4.25781250000000000e-01,9.21186380681359360e+17
9.95187219997021311e-01,4.33593750000000000e-01,9.12813343571314816e+17
9.95187219997021311e-01,4.41406250000000000e-01,9.04439464170528640e+17
9.95187219997021311e-01,4.49218750000000000e-01,8.96064771076236672e+17
9.95187219997021311e-01,4.57031250000000000e-01,8.87689290583877504e+17
9.95187219997021311e-01,4.64843750000000000e-01,8.79313046738338048e+17
9.95187219997021311e-01,4.72656250000000000e-01,8.70936061377348096e+17
9.95187219997021311e-01,4.80468750000000000e-01,8.62558354166980608e+17
9.95187219997021311e-01,4.88281250000000000e-01,8.54179942629180544e+17
9.95187219997021311e-01,4.96093750000000000e-01,8.45800842161191936e+17
9.95187219997021311e-01,5.03906250000000000e-01,8.37421066046713472e+17
9.95187219997021311e-01,5.11718750000000000e-01,8.29040625458558336e+17
9.95187219997021311e-01,5.19531250000000000e-01,8.20659529452537088e+17
9.95187219997021311e-01,5.27343750000000000e-01,8.12277784952227968e+17
9.95187219997021311e-01,5.35156250000000000e-01,8.03895396724228864e+17
9.95187219997021311e-01,5.42968750000000000e-01,7.95512367343418752e+17
9.95187219997021311e-01,5.50781250000000000e-01,7.87128697147677696e+17
9.95187219997021311e-01,5.58593750000000000e-01,7.78744384181426816e+17
9.95187219997021311e-01,5.66406250000000000e-01,7.70359424127255168e+17
9.95187219997021311e-01,5.74218750000000000e-01,7.61973810224798464e+17
9.95187219997021311e-01,5.82031250000000000e-01,7.53587533175907840e+17
9.95187219997021311e-01,5.89843750000000000e-01,7.45200581035023744e+17
9.95187219997021311e-01,5.97656250000000000e-01,7.36812939083512192e+17
9.95187219997021311e-01,6.05468750000000000e-01,7.28424589686557696e+17
9.95187219997021311e-01,6.13281250000000000e-01,7.20035512131010560e+17
9.95187219997021311e-01,6.21093750000000000e-01,7.11645682442374784e+17
9.95187219997021311e-01,6.28906250000000000e-01,7.03255073178866816e+17
9.95187219997021311e-01,6.36718750000000000e-01,6.94863653200199680e+17
9.95187219997021311e-01,6.44531250000000000e-01,6.86471387408412032e+17
9.95187219997021311e-01,6.52343750000000000e-01,6.78078236457692928e+17
9.95187219997021311e-01,6.60156250000000000e-01,6.69684156429713792e+17
9.95187219997021311e-01,6.67968750000000000e-01,6.61289098470479104e+17
9.95187219997021311e-01,6.75781250000000000e-01,6.52893008384116480e+17
9.95187219997021311e-01,6.83593750000000000e-01,6.44495826178348544e+17
9.95187219997021311e-01,6.91406250000000000e-01,6.36097485555585024e+17
9.95187219997021311e-01,6.99218750000000000e-01,6.27697913342631296e+17
9.95187219997021311e-01,7.07031250000000000e-01,6.19297028850906240e+17
9.95187219997021311e-01,7.14843750000000000e-01,6.10894743157745920e+17
9.95187219997021311e-01,7.22656250000000000e-01,6.02490958297817216e+17
9.95187219997021311e-01,7.30468750000000000e-01,5.94085566351815296e+17
9.95187219997021311e-01,7.38281250000000000e-01,5.85678448417406464e+17
9.95187219997021311e-01,7.46093750000000000e-01,5.77269473444736896e+17
9.95187219997021311e-01,7.53906250000000000e-01,5.68858496915644160e+17
9.95187219997021311e-01,7.61718750000000000e-01,5.60445359341885248e+17
9.95187219997021311e-01,7.69531250000000000e-01,5.52029884553065280e+17
9.95187219997021311e-01,7.77343750000000000e-01,5.43611877739347392e+17
9.95187219997021311e-01,7.85156250000000000e-01,5.35191123207216000e+17
9.95187219997021311e-01,7.92968750000000000e-01,5.26767381798263680e+17
9.95187219997021311e-01,8.00781250000000000e-01,5.18340387910832064e+17
9.95187219997021311e-01,8.08593750000000000e-01,5.09909846051902720e+17
9.95187219997021311e-01,8.16406250000000000e-01,5.01475426831334080e+17
9.95187219997021311e-01,8.24218750000000000e-01,4.93036762291634624e+17
9.95187219997021311e-01,8.32031250000000000e-01,4.84593440442965312e+17
9.95187219997021311e-01,8.39843750000000000e-01,4.76144998843656192e+17
9.95187219997021311e-01,8.47656250000000000e-01,4.67690917029292480e+17
9.95187219997021311e-01,8.55468750000000000e-01,4.59230607545629376e+17
9.95187219997021311e-01,8.63281250000000000e-01,4.50763405277874432e+17
9.95187219997021311e-01,8.71093750000000000e-01,4.42288554684159936e+17
9.95187219997021311e-01,8.78906250000000000e-01,4.33805194422109120e+17
9.95187219997021311e-01,8.86718750000000000e-01,4.25312338682444480e+17
9.95187219997021311e-01,8.94531250000000000e-01,4.16808854272225152e+17
9.95187219997021311e-01,9.02343750000000000e-01,4.08293432046238848e+17
9.95187219997021311e-01,9.10156250000000000e-01,3.99764550521755008e+17
9.95187219997021311e-01,9.17968750000000000e-01,3.91220428144779904e+17
9.95187219997021311e-01,9.25781250000000000e-01,3.82658958148937664e+17
9.95187219997021311e-01,9.33593750000000000e-01,3.74077615168809024e+17
9.95187219997021311e-01,9.41406250000000000e-01,3.65473313586340544e+17
9.95187219997021311e-01,9.49218750000000000e-01,3.56842179755631424e+17
9.95187219997021311e-01,9.57031250000000000e-01,3.48179165378259648e+17
9.95187219997021311e-01,9.64843750000000000e-01,3.39477360798886784e+17
9.95187219997021311e-01,9.72656250000000000e-01,3.30726732040129536e+17
9.95187219997021311e-01,9.80468750000000000e-01,3.21911739050355136e+17
9.95187219997021311e-01,9.88281250000000000e-01,3.13006766349575488e+17
9.95187219997021311e-01,9.96093750000000000e-01,3.03967256558223040e+17
