# Mach45 analytic profile (Lowrie & Edwards 2008)
# Np=2000  xmin=1950.0  xmax=2450.0  shock_x=2300.0
# x(cm), rho(g/cc), T_gas(K), Erad(erg/cc), v_x(cm/s)
1950.125, 1.0, 1160451.812, 13720169257.024084, 571000000.0
1950.375, 1.0, 1160451.812, 13720169257.024084, 571000000.0
1950.625, 1.0, 1160451.812, 13720169257.024084, 571000000.0
1950.875, 1.0, 1160451.812, 13720169257.024084, 571000000.0
1951.125, 1.0, 1160451.812, 13720169257.024084, 571000000.0
1951.375, 1.0, 1160451.812, 13720169257.024084, 571000000.0
1951.625, 1.0, 1160451.812, 13720169257.024084, 571000000.0
1951.875, 1.0, 1160451.812, 13720169257.024084, 571000000.0
1952.125, 1.0, 1160451.812, 13720169257.024084, 571000000.0
1952.375, 1.0, 1160451.812, 13720169257.024084, 571000000.0
1952.625, 1.0, 1160451.812, 13720169257.024084, 571000000.0
1952.875, 1.0, 1160451.812, 13720169257.024084, 571000000.0
1953.125, 1.0, 1160451.812, 13720169257.024084, 571000000.0
1953.375, 1.0, 1160451.812, 13720169257.024084, 571000000.0
1953.625, 1.0, 1160451.812, 13720169257.024084, 571000000.0
1953.875, 1.0, 1160451.812, 13720169257.024084, 571000000.0
1954.125, 1.0, 1160451.812, 13720169257.024084, 571000000.0
1954.375, 1.0, 1160451.812, 13720169257.024084, 571000000.0
1954.625, 1.0, 1160451.812, 13720169257.024084, 571000000.0
1954.875, 1.0, 1160451.812, 13720169257.024084, 571000000.0
1955.125, 1.0, 1160451.812, 13720169257.024084, 571000000.0
1955.375, 1.0, 1160451.812, 13720169257.024084, 571000000.0
1955.625, 1.0, 1160451.812, 13720169257.024084, 571000000.0
1955.875, 1.0, 1160451.812, 13720169257.024084, 571000000.0
1956.125, 1.0, 1160451.812, 13720169257.024084, 571000000.0
1956.375, 1.0, 1160451.812, 13720169257.024084, 571000000.0
1956.625, 1.0, 1160451.812, 13720169257.024084, 571000000.0
1956.875, 1.0, 1160451.812, 13720169257.024084, 571000000.0
1957.125, 1.0, 1160451.812, 13720169257.024084, 571000000.0
1957.375, 1.0, 1160451.812, 13720169257.024084, 571000000.0
1957.625, 1.0, 1160451.812, 13720169257.024084, 571000000.0
1957.875, 1.0, 1160451.812, 13720169257.024084, 571000000.0
1958.125, 1.0, 1160451.812, 13720169257.024084, 571000000.0
1958.375, 1.0, 1160451.812, 13720169257.024084, 571000000.0
1958.625, 1.0, 1160451.812, 13720169257.024084, 571000000.0
1958.875, 1.0, 1160451.812, 13720169257.024084, 571000000.0
1959.125, 1.0, 1160451.812, 13720169257.024084, 571000000.0
1959.375, 1.0, 1160451.812, 13720169257.024084, 571000000.0
1959.625, 1.0, 1160451.812, 13720169257.024084, 571000000.0
1959.875, 1.0, 1160451.812, 13720169257.024084, 571000000.0
1960.125, 1.0, 1160451.812, 13720169257.024084, 571000000.0
1960.375, 1.0, 1160451.812, 13720169257.024084, 571000000.0
1960.625, 1.0, 1160451.812, 13720169257.024084, 571000000.0
1960.875, 1.0, 1160451.812, 13720169257.024084, 571000000.0
1961.125, 1.0, 1160451.812, 13720169257.024084, 571000000.0
1961.375, 1.0, 1160451.812, 13720169257.024084, 571000000.0
1961.625, 1.0, 1160451.812, 13720169257.024084, 571000000.0
1961.875, 1.0, 1160451.812, 13720169257.024084, 571000000.0
1962.125, 1.0, 1160451.812, 13720169257.024084, 571000000.0
1962.375, 1.0, 1160451.812, 13720169257.024084, 571000000.0
1962.625, 1.0, 1160451.812, 13720169257.024084, 571000000.0
1962.875, 1.0, 1160451.812, 13720169257.024084, 571000000.0
1963.125, 1.0, 1160451.812, 13720169257.024084, 571000000.0
1963.375, 1.0, 1160451.812, 13720169257.024084, 571000000.0
1963.625, 1.0, 1160451.812, 13720169257.024084, 571000000.0
1963.875, 1.0, 1160451.812, 13720169257.024084, 571000000.0
1964.125, 1.0, 1160451.812, 13720169257.024084, 571000000.0
1964.375, 1.0, 1160451.812, 13720169257.024084, 571000000.0
1964.625, 1.0, 1160451.812, 13720169257.024084, 571000000.0
1964.875, 1.0, 1160451.812, 13720169257.024084, 571000000.0
1965.125, 1.0, 1160451.812, 13720169257.024084, 571000000.0
1965.375, 1.0, 1160451.812, 13720169257.024084, 571000000.0
1965.625, 1.0, 1160451.812, 13720169257.024084, 571000000.0
1965.875, 1.0, 1160451.812, 13720169257.024084, 571000000.0
1966.125, 1.0, 1160451.812, 13720169257.024084, 571000000.0
1966.375, 1.0, 1160451.812, 13720169257.024084, 571000000.0
1966.625, 1.0, 1160451.812, 13720169257.024084, 571000000.0
1966.875, 1.0, 1160451.812, 13720169257.024084, 571000000.0
1967.125, 1.0, 1160451.812, 13720169257.024084, 571000000.0
1967.375, 1.0, 1160451.812, 13720169257.024084, 571000000.0
1967.625, 1.0, 1160451.812, 13720169257.024084, 571000000.0
1967.875, 1.0, 1160451.812, 13720169257.024084, 571000000.0
1968.125, 1.0, 1160451.812, 13720169257.024084, 571000000.0
1968.375, 1.0, 1160451.812, 13720169257.024084, 571000000.0
1968.625, 1.0, 1160451.812, 13720169257.024084, 571000000.0
1968.875, 1.0, 1160451.812, 13720169257.024084, 571000000.0
1969.125, 1.0, 1160451.812, 13720169257.024084, 571000000.0
1969.375, 1.0, 1160451.812, 13720169257.024084, 571000000.0
1969.625, 1.0, 1160451.812, 13720169257.024084, 571000000.0
1969.875, 1.0, 1160451.812, 13720169257.024084, 571000000.0
1970.125, 1.0, 1160451.812, 13720169257.024084, 571000000.0
1970.375, 1.0, 1160451.812, 13720169257.024084, 571000000.0
1970.625, 1.0, 1160451.812, 13720169257.024084, 571000000.0
1970.875, 1.0, 1160451.812, 13720169257.024084, 571000000.0
1971.125, 1.0, 1160451.812, 13720169257.024084, 571000000.0
1971.375, 1.0, 1160451.812, 13720169257.024084, 571000000.0
1971.625, 1.0, 1160451.812, 13720169257.024084, 571000000.0
1971.875, 1.0, 1160451.812, 13720169257.024084, 571000000.0
1972.125, 1.0, 1160451.812, 13720169257.024084, 571000000.0
1972.375, 1.0, 1160451.812, 13720169257.024084, 571000000.0
1972.625, 1.0, 1160451.812, 13720169257.024084, 571000000.0
1972.875, 1.0, 1160451.812, 13720169257.024084, 571000000.0
1973.125, 1.0, 1160451.812, 13720169257.024084, 571000000.0
1973.375, 1.0, 1160451.812, 13720169257.024084, 571000000.0
1973.625, 1.0, 1160451.812, 13720169257.024084, 571000000.0
1973.875, 1.0, 1160451.812, 13720169257.024084, 571000000.0
1974.125, 1.0, 1160451.812, 13720169257.024084, 571000000.0
1974.375, 1.0, 1160451.812, 13720169257.024084, 571000000.0
1974.625, 1.0, 1160451.812, 13720169257.024084, 571000000.0
1974.875, 1.0, 1160451.812, 13720169257.024084, 571000000.0
1975.125, 1.0, 1160451.812, 13720169257.024084, 571000000.0
1975.375, 1.0, 1160451.812, 13720169257.024084, 571000000.0
1975.625, 1.0, 1160451.812, 13720169257.024084, 571000000.0
1975.875, 1.0, 1160451.812, 13720169257.024084, 571000000.0
1976.125, 1.0, 1160451.812, 13720169257.024084, 571000000.0
1976.375, 1.0, 1160451.812, 13720169257.024084, 571000000.0
1976.625, 1.0, 1160451.812, 13720169257.024084, 571000000.0
1976.875, 1.0, 1160451.812, 13720169257.024084, 571000000.0
1977.125, 1.0, 1160451.812, 13720169257.024084, 571000000.0
1977.375, 1.0, 1160451.812, 13720169257.024084, 571000000.0
1977.625, 1.0, 1160451.812, 13720169257.024084, 571000000.0
1977.875, 1.0, 1160451.812, 13720169257.024084, 571000000.0
1978.125, 1.0, 1160451.812, 13720169257.024084, 571000000.0
1978.375, 1.0, 1160451.812, 13720169257.024084, 571000000.0
1978.625, 1.0, 1160451.812, 13720169257.024084, 571000000.0
1978.875, 1.0, 1160451.812, 13720169257.024084, 571000000.0
1979.125, 1.0, 1160451.812, 13720169257.024084, 571000000.0
1979.375, 1.0, 1160451.812, 13720169257.024084, 571000000.0
1979.625, 1.0, 1160451.812, 13720169257.024084, 571000000.0
1979.875, 1.0, 1160451.812, 13720169257.024084, 571000000.0
1980.125, 1.0, 1160451.812, 13720169257.024084, 571000000.0
1980.375, 1.0, 1160451.812, 13720169257.024084, 571000000.0
1980.625, 1.0, 1160451.812, 13720169257.024084, 571000000.0
1980.875, 1.0, 1160451.812, 13720169257.024084, 571000000.0
1981.125, 1.0, 1160451.812, 13720169257.024084, 571000000.0
1981.375, 1.0, 1160451.812, 13720169257.024084, 571000000.0
1981.625, 1.0, 1160451.812, 13720169257.024084, 571000000.0
1981.875, 1.0, 1160451.812, 13720169257.024084, 571000000.0
1982.125, 1.0, 1160451.812, 13720169257.024084, 571000000.0
1982.375, 1.0, 1160451.812, 13720169257.024084, 571000000.0
1982.625, 1.0, 1160451.812, 13720169257.024084, 571000000.0
1982.875, 1.0, 1160451.812, 13720169257.024084, 571000000.0
1983.125, 1.0, 1160451.812, 13720169257.024084, 571000000.0
1983.375, 1.0, 1160451.812, 13720169257.024084, 571000000.0
1983.625, 1.0, 1160451.812, 13720169257.024084, 571000000.0
1983.875, 1.0, 1160451.812, 13720169257.024084, 571000000.0
1984.125, 1.0, 1160451.812, 13720169257.024084, 571000000.0
1984.375, 1.0, 1160451.812, 13720169257.024084, 571000000.0
1984.625, 1.0, 1160451.812, 13720169257.024084, 571000000.0
1984.875, 1.0, 1160451.812, 13720169257.024084, 571000000.0
1985.125, 1.0, 1160451.812, 13720169257.024084, 571000000.0
1985.375, 1.0, 1160451.812, 13720169257.024084, 571000000.0
1985.625, 1.0, 1160451.812, 13720169257.024084, 571000000.0
1985.875, 1.0, 1160451.812, 13720169257.024084, 571000000.0
1986.125, 1.0, 1160451.812, 13720169257.024084, 571000000.0
1986.375, 1.0, 1160451.812, 13720169257.024084, 571000000.0
1986.625, 1.0, 1160451.812, 13720169257.024084, 571000000.0
1986.875, 1.0, 1160451.812, 13720169257.024084, 571000000.0
1987.125, 1.0, 1160451.812, 13720169257.024084, 571000000.0
1987.375, 1.0, 1160451.812, 13720169257.024084, 571000000.0
1987.625, 1.0, 1160451.812, 13720169257.024084, 571000000.0
1987.875, 1.0, 1160451.812, 13720169257.024084, 571000000.0
1988.125, 1.0, 1160451.812, 13720169257.024084, 571000000.0
1988.375, 1.0, 1160451.812, 13720169257.024084, 571000000.0
1988.625, 1.0, 1160451.812, 13720169257.024084, 571000000.0
1988.875, 1.0, 1160451.812, 13720169257.024084, 571000000.0
1989.125, 1.0, 1160451.812, 13720169257.024084, 571000000.0
1989.375, 1.0, 1160451.812, 13720169257.024084, 571000000.0
1989.625, 1.0, 1160451.812, 13720169257.024084, 571000000.0
1989.875, 1.0, 1160451.812, 13720169257.024084, 571000000.0
1990.125, 1.0, 1160451.812, 13720169257.024084, 571000000.0
1990.375, 1.0, 1160451.812, 13720169257.024084, 571000000.0
1990.625, 1.0, 1160451.812, 13720169257.024084, 571000000.0
1990.875, 1.0, 1160451.812, 13720169257.024084, 571000000.0
1991.125, 1.0, 1160451.812, 13720169257.024084, 571000000.0
1991.375, 1.0, 1160451.812, 13720169257.024084, 571000000.0
1991.625, 1.0, 1160451.812, 13720169257.024084, 571000000.0
1991.875, 1.0, 1160451.812, 13720169257.024084, 571000000.0
1992.125, 1.0, 1160451.812, 13720169257.024084, 571000000.0
1992.375, 1.0, 1160451.812, 13720169257.024084, 571000000.0
1992.625, 1.0, 1160451.812, 13720169257.024084, 571000000.0
1992.875, 1.0, 1160451.812, 13720169257.024084, 571000000.0
1993.125, 1.0, 1160451.812, 13720169257.024084, 571000000.0
1993.375, 1.0, 1160451.812, 13720169257.024084, 571000000.0
1993.625, 1.0, 1160451.812, 13720169257.024084, 571000000.0
1993.875, 1.0, 1160451.812, 13720169257.024084, 571000000.0
1994.125, 1.0, 1160451.812, 13720169257.024084, 571000000.0
1994.375, 1.0, 1160451.812, 13720169257.024084, 571000000.0
1994.625, 1.0, 1160451.812, 13720169257.024084, 571000000.0
1994.875, 1.0, 1160451.812, 13720169257.024084, 571000000.0
1995.125, 1.0, 1160451.812, 13720169257.024084, 571000000.0
1995.375, 1.0, 1160451.812, 13720169257.024084, 571000000.0
1995.625, 1.0, 1160451.812, 13720169257.024084, 571000000.0
1995.875, 1.0, 1160451.812, 13720169257.024084, 571000000.0
1996.125, 1.0, 1160451.812, 13720169257.024084, 571000000.0
1996.375, 1.0, 1160451.812, 13720169257.024084, 571000000.0
1996.625, 1.0, 1160451.812, 13720169257.024084, 571000000.0
1996.875, 1.0, 1160451.812, 13720169257.024084, 571000000.0
1997.125, 1.0, 1160451.812, 13720169257.024084, 571000000.0
1997.375, 1.0, 1160451.812, 13720169257.024084, 571000000.0
1997.625, 1.0, 1160451.812, 13720169257.024084, 571000000.0
1997.875, 1.0, 1160451.812, 13720169257.024084, 571000000.0
1998.125, 1.0, 1160451.812, 13720169257.024084, 571000000.0
1998.375, 1.0, 1160451.812, 13720169257.024084, 571000000.0
1998.625, 1.0, 1160451.812, 13720169257.024084, 571000000.0
1998.875, 1.0, 1160451.812, 13720169257.024084, 571000000.0
1999.125, 1.0, 1160451.812, 13720169257.024084, 571000000.0
1999.375, 1.0, 1160451.812, 13720169257.024084, 571000000.0
1999.625, 1.0, 1160451.812, 13720169257.024084, 571000000.0
1999.875, 1.0, 1160451.812, 13720169257.024084, 571000000.0
2000.125, 1.0, 1160451.812, 13720169257.024084, 571000000.0
2000.375, 1.0, 1160451.812, 13720169257.024084, 571000000.0
2000.625, 1.0, 1160451.812, 13720169257.024084, 571000000.0
2000.875, 1.0, 1160451.812, 13720169257.024084, 571000000.0
2001.125, 1.0, 1160451.812, 13720169257.024084, 571000000.0
2001.375, 1.0, 1160451.812, 13720169257.024084, 571000000.0
2001.625, 1.0, 1160451.812, 13720169257.024084, 571000000.0
2001.875, 1.0, 1160451.812, 13720169257.024084, 571000000.0
2002.125, 1.0, 1160451.812, 13720169257.024084, 571000000.0
2002.375, 1.0, 1160451.812, 13720169257.024084, 571000000.0
2002.625, 1.0, 1160451.812, 13720169257.024084, 571000000.0
2002.875, 1.0, 1160451.812, 13720169257.024084, 571000000.0
2003.125, 1.0, 1160451.812, 13720169257.024084, 571000000.0
2003.375, 1.0, 1160451.812, 13720169257.024084, 571000000.0
2003.625, 1.0, 1160451.812, 13720169257.024084, 571000000.0
2003.875, 1.0, 1160451.812, 13720169257.024084, 571000000.0
2004.125, 1.0, 1160451.812, 13720169257.024084, 571000000.0
2004.375, 1.0, 1160451.812, 13720169257.024084, 571000000.0
2004.625, 1.0, 1160451.812, 13720169257.024084, 571000000.0
2004.875, 1.0, 1160451.812, 13720169257.024084, 571000000.0
2005.125, 1.0, 1160451.812, 13720169257.024084, 571000000.0
2005.375, 1.0, 1160451.812, 13720169257.024084, 571000000.0
2005.625, 1.0, 1160451.812, 13720169257.024084, 571000000.0
2005.875, 1.0, 1160451.812, 13720169257.024084, 571000000.0
2006.125, 1.0, 1160451.812, 13720169257.024084, 571000000.0
2006.375, 1.0, 1160451.812, 13720169257.024084, 571000000.0
2006.625, 1.0, 1160451.812, 13720169257.024084, 571000000.0
2006.875, 1.0, 1160451.812, 13720169257.024084, 571000000.0
2007.125, 1.0, 1160451.812, 13720169257.024084, 571000000.0
2007.375, 1.0, 1160451.812, 13720169257.024084, 571000000.0
2007.625, 1.0, 1160451.812, 13720169257.024084, 571000000.0
2007.875, 1.0, 1160451.812, 13720169257.024084, 571000000.0
2008.125, 1.0, 1160451.812, 13720169257.024084, 571000000.0
2008.375, 1.0, 1160451.812, 13720169257.024084, 571000000.0
2008.625, 1.0, 1160451.812, 13720169257.024084, 571000000.0
2008.875, 1.0, 1160451.812, 13720169257.024084, 571000000.0
2009.125, 1.0, 1160451.812, 13720169257.024084, 571000000.0
2009.375, 1.0, 1160451.812, 13720169257.024084, 571000000.0
2009.625, 1.0, 1160451.812, 13720169257.024084, 571000000.0
2009.875, 1.0, 1160451.812, 13720169257.024084, 571000000.0
2010.125, 1.0, 1160451.812, 13720169257.024084, 571000000.0
2010.375, 1.0, 1160451.812, 13720169257.024084, 571000000.0
2010.625, 1.0, 1160451.812, 13720169257.024084, 571000000.0
2010.875, 1.0, 1160451.812, 13720169257.024084, 571000000.0
2011.125, 1.0, 1160451.812, 13720169257.024084, 571000000.0
2011.375, 1.0, 1160451.812, 13720169257.024084, 571000000.0
2011.625, 1.0, 1160451.812, 13720169257.024084, 571000000.0
2011.875, 1.0, 1160451.812, 13720169257.024084, 571000000.0
2012.125, 1.0, 1160451.812, 13720169257.024084, 571000000.0
2012.375, 1.0, 1160451.812, 13720169257.024084, 571000000.0
2012.625, 1.0, 1160451.812, 13720169257.024084, 571000000.0
2012.875, 1.0, 1160451.812, 13720169257.024084, 571000000.0
2013.125, 1.0, 1160451.812, 13720169257.024084, 571000000.0
2013.375, 1.0, 1160451.812, 13720169257.024084, 571000000.0
2013.625, 1.0, 1160451.812, 13720169257.024084, 571000000.0
2013.875, 1.0, 1160451.812, 13720169257.024084, 571000000.0
2014.125, 1.0, 1160451.812, 13720169257.024084, 571000000.0
2014.375, 1.0, 1160451.812, 13720169257.024084, 571000000.0
2014.625, 1.0, 1160451.812, 13720169257.024084, 571000000.0
2014.875, 1.0, 1160451.812, 13720169257.024084, 571000000.0
2015.125, 1.0, 1160451.812, 13720169257.024084, 571000000.0
2015.375, 1.0, 1160451.812, 13720169257.024084, 571000000.0
2015.625, 1.0, 1160451.812, 13720169257.024084, 571000000.0
2015.875, 1.0, 1160451.812, 13720169257.024084, 571000000.0
2016.125, 1.0, 1160451.812, 13720169257.024084, 571000000.0
2016.375, 1.0, 1160451.812, 13720169257.024084, 571000000.0
2016.625, 1.0, 1160451.812, 13720169257.024084, 571000000.0
2016.875, 1.0, 1160451.812, 13720169257.024084, 571000000.0
2017.125, 1.0, 1160451.812, 13720169257.024084, 571000000.0
2017.375, 1.0, 1160451.812, 13720169257.024084, 571000000.0
2017.625, 1.0, 1160451.812, 13720169257.024084, 571000000.0
2017.875, 1.0, 1160451.812, 13720169257.024084, 571000000.0
2018.125, 1.0, 1160451.812, 13720169257.024084, 571000000.0
2018.375, 1.0, 1160451.812, 13720169257.024084, 571000000.0
2018.625, 1.0, 1160451.812, 13720169257.024084, 571000000.0
2018.875, 1.0, 1160451.812, 13720169257.024084, 571000000.0
2019.125, 1.0, 1160451.812, 13720169257.024084, 571000000.0
2019.375, 1.0, 1160451.812, 13720169257.024084, 571000000.0
2019.625, 1.0, 1160451.812, 13720169257.024084, 571000000.0
2019.875, 1.0, 1160451.812, 13720169257.024084, 571000000.0
2020.125, 1.0, 1160451.812, 13720169257.024084, 571000000.0
2020.375, 1.0, 1160451.812, 13720169257.024084, 571000000.0
2020.625, 1.0, 1160451.812, 13720169257.024084, 571000000.0
2020.875, 1.0, 1160451.812, 13720169257.024084, 571000000.0
2021.125, 1.0, 1160451.812, 13720169257.024084, 571000000.0
2021.375, 1.0, 1160451.812, 13720169257.024084, 571000000.0
2021.625, 1.0, 1160451.812, 13720169257.024084, 571000000.0
2021.875, 1.0, 1160451.812, 13720169257.024084, 571000000.0
2022.125, 1.0, 1160451.812, 13720169257.024084, 571000000.0
2022.375, 1.0, 1160451.812, 13720169257.024084, 571000000.0
2022.625, 1.0, 1160451.812, 13720169257.024084, 571000000.0
2022.875, 1.0, 1160451.812, 13720169257.024084, 571000000.0
2023.125, 1.0, 1160451.812, 13720169257.024084, 571000000.0
2023.375, 1.0, 1160451.812, 13720169257.024084, 571000000.0
2023.625, 1.0, 1160451.812, 13720169257.024084, 571000000.0
2023.875, 1.0, 1160451.812, 13720169257.024084, 571000000.0
2024.125, 1.0, 1160451.812, 13720169257.024084, 571000000.0
2024.375, 1.0, 1160451.812, 13720169257.024084, 571000000.0
2024.625, 1.0, 1160451.812, 13720169257.024084, 571000000.0
2024.875, 1.0, 1160451.812, 13720169257.024084, 571000000.0
2025.125, 1.0, 1160451.812, 13720169257.024084, 571000000.0
2025.375, 1.0, 1160451.812, 13720169257.024084, 571000000.0
2025.625, 1.0, 1160451.812, 13720169257.024084, 571000000.0
2025.875, 1.0, 1160451.812, 13720169257.024084, 571000000.0
2026.125, 1.0, 1160451.812, 13720169257.024084, 571000000.0
2026.375, 1.0, 1160451.812, 13720169257.024084, 571000000.0
2026.625, 1.0, 1160451.812, 13720169257.024084, 571000000.0
2026.875, 1.0, 1160451.812, 13720169257.024084, 571000000.0
2027.125, 1.0, 1160451.812, 13720169257.024084, 571000000.0
2027.375, 1.0, 1160451.812, 13720169257.024084, 571000000.0
2027.625, 1.0, 1160451.812, 13720169257.024084, 571000000.0
2027.875, 1.0, 1160451.812, 13720169257.024084, 571000000.0
2028.125, 1.0, 1160451.812, 13720169257.024084, 571000000.0
2028.375, 1.0, 1160451.812, 13720169257.024084, 571000000.0
2028.625, 1.0, 1160451.812, 13720169257.024084, 571000000.0
2028.875, 1.0, 1160451.812, 13720169257.024084, 571000000.0
2029.125, 1.0, 1160451.812, 13720169257.024084, 571000000.0
2029.375, 1.0, 1160451.812, 13720169257.024084, 571000000.0
2029.625, 1.0, 1160451.812, 13720169257.024084, 571000000.0
2029.875, 1.0, 1160451.812, 13720169257.024084, 571000000.0
2030.125, 1.0, 1160451.812, 13720169257.024084, 571000000.0
2030.375, 1.0, 1160451.812, 13720169257.024084, 571000000.0
2030.625, 1.0, 1160451.812, 13720169257.024084, 571000000.0
2030.875, 1.0, 1160451.812, 13720169257.024084, 571000000.0
2031.125, 1.0, 1160451.812, 13720169257.024084, 571000000.0
2031.375, 1.0, 1160451.812, 13720169257.024084, 571000000.0
2031.625, 1.0, 1160451.812, 13720169257.024084, 571000000.0
2031.875, 1.0, 1160451.812, 13720169257.024084, 571000000.0
2032.125, 1.0, 1160451.812, 13720169257.024084, 571000000.0
2032.375, 1.0, 1160451.812, 13720169257.024084, 571000000.0
2032.625, 1.0, 1160451.812, 13720169257.024084, 571000000.0
2032.875, 1.0, 1160451.812, 13720169257.024084, 571000000.0
2033.125, 1.0, 1160451.812, 13720169257.024084, 571000000.0
2033.375, 1.0, 1160451.812, 13720169257.024084, 571000000.0
2033.625, 1.0, 1160451.812, 13720169257.024084, 571000000.0
2033.875, 1.0, 1160451.812, 13720169257.024084, 571000000.0
2034.125, 1.0, 1160451.812, 13720169257.024084, 571000000.0
2034.375, 1.0, 1160451.812, 13720169257.024084, 571000000.0
2034.625, 1.0, 1160451.812, 13720169257.024084, 571000000.0
2034.875, 1.0, 1160451.812, 13720169257.024084, 571000000.0
2035.125, 1.0, 1160451.812, 13720169257.024084, 571000000.0
2035.375, 1.0, 1160451.812, 13720169257.024084, 571000000.0
2035.625, 1.0, 1160451.812, 13720169257.024084, 571000000.0
2035.875, 1.0, 1160451.812, 13720169257.024084, 571000000.0
2036.125, 1.0, 1160451.812, 13720169257.024084, 571000000.0
2036.375, 1.0, 1160451.812, 13720169257.024084, 571000000.0
2036.625, 1.0, 1160451.812, 13720169257.024084, 571000000.0
2036.875, 1.0, 1160451.812, 13720169257.024084, 571000000.0
2037.125, 1.0, 1160451.812, 13720169257.024084, 571000000.0
2037.375, 1.0, 1160451.812, 13720169257.024084, 571000000.0
2037.625, 1.0, 1160451.812, 13720169257.024084, 571000000.0
2037.875, 1.0, 1160451.812, 13720169257.024084, 571000000.0
2038.125, 1.0, 1160451.812, 13720169257.024084, 571000000.0
2038.375, 1.0, 1160451.812, 13720169257.024084, 571000000.0
2038.625, 1.0, 1160451.812, 13720169257.024084, 571000000.0
2038.875, 1.0, 1160451.812, 13720169257.024084, 571000000.0
2039.125, 1.0, 1160451.812, 13720169257.024084, 571000000.0
2039.375, 1.0, 1160451.812, 13720169257.024084, 571000000.0
2039.625, 1.0, 1160451.812, 13720169257.024084, 571000000.0
2039.875, 1.0, 1160451.812, 13720169257.024084, 571000000.0
2040.125, 1.0, 1160451.812, 13720169257.024084, 571000000.0
2040.375, 1.0, 1160451.812, 13720169257.024084, 571000000.0
2040.625, 1.0, 1160451.812, 13720169257.024084, 571000000.0
2040.875, 1.0, 1160451.812, 13720169257.024084, 571000000.0
2041.125, 1.0, 1160451.812, 13720169257.024084, 571000000.0
2041.375, 1.0, 1160451.812, 13720169257.024084, 571000000.0
2041.625, 1.0, 1160451.812, 13720169257.024084, 571000000.0
2041.875, 1.0, 1160451.812, 13720169257.024084, 571000000.0
2042.125, 1.0, 1160451.812, 13720169257.024084, 571000000.0
2042.375, 1.0, 1160451.812, 13720169257.024084, 571000000.0
2042.625, 1.0, 1160451.812, 13720169257.024084, 571000000.0
2042.875, 1.0, 1160451.812, 13720169257.024084, 571000000.0
2043.125, 1.0, 1160451.812, 13720169257.024084, 571000000.0
2043.375, 1.0, 1160451.812, 13720169257.024084, 571000000.0
2043.625, 1.0, 1160451.812, 13720169257.024084, 571000000.0
2043.875, 1.0, 1160451.812, 13720169257.024084, 571000000.0
2044.125, 1.0, 1160451.812, 13720169257.024084, 571000000.0
2044.375, 1.0, 1160451.812, 13720169257.024084, 571000000.0
2044.625, 1.0, 1160451.812, 13720169257.024084, 571000000.0
2044.875, 1.0, 1160451.812, 13720169257.024084, 571000000.0
2045.125, 1.0, 1160451.812, 13720169257.024084, 571000000.0
2045.375, 1.0, 1160451.812, 13720169257.024084, 571000000.0
2045.625, 1.0, 1160451.812, 13720169257.024084, 571000000.0
2045.875, 1.0, 1160451.812, 13720169257.024084, 571000000.0
2046.125, 1.0, 1160451.812, 13720169257.024084, 571000000.0
2046.375, 1.0, 1160451.812, 13720169257.024084, 571000000.0
2046.625, 1.0, 1160451.812, 13720169257.024084, 571000000.0
2046.875, 1.0, 1160451.812, 13720169257.024084, 571000000.0
2047.125, 1.0, 1160451.812, 13720169257.024084, 571000000.0
2047.375, 1.0, 1160451.812, 13720169257.024084, 571000000.0
2047.625, 1.0, 1160451.812, 13720169257.024084, 571000000.0
2047.875, 1.0, 1160451.812, 13720169257.024084, 571000000.0
2048.125, 1.0000008005978012, 1163532.2488610412, 25550277982.382507, 570999542.8591689
2048.375, 1.0004117763565197, 2742043.463583909, 7089691935215.163, 570764972.4801972
2048.625, 1.000700484355846, 3844522.0489912163, 13264605783100.723, 570600303.4160149
2048.875, 1.000885172754333, 4544566.022161615, 18351284929331.85, 570495013.3605033
2049.125, 1.0010285122553348, 5083939.155211848, 23194821784411.953, 570413322.9092214
2049.375, 1.0011490429592913, 5534255.199396951, 28014676683177.76, 570344649.4999491
2049.625, 1.0012549384482845, 5927095.84697083, 32903391219025.3, 570284328.2727956
2049.875, 1.0013505783839993, 6279414.283439791, 37901758279608.51, 570229859.8816808
2050.125, 1.0014385852655852, 6601377.886833156, 43030267702946.984, 570179747.8206915
2050.375, 1.0015206631799356, 6899599.721096427, 48300381670749.63, 570133019.713118
2050.625, 1.0015979855294836, 7178638.740116541, 53718488702884.695, 570089006.021501
2050.875, 1.0016713955745653, 7441775.288446535, 59287889483863.7, 570047225.5980687
2051.125, 1.0017415307854303, 7691490.109494737, 65011611616642.71, 570007314.7226539
2051.375, 1.0018088754814163, 7929671.712690119, 70890514062821.52, 569968997.0637575
2051.625, 1.0018738088313752, 8157797.264352627, 76925161209664.44, 569932056.2897525
2051.875, 1.0019366402247718, 8377075.353244688, 83115972779485.73, 569896315.881843
2052.125, 1.001997617694702, 8588482.032742111, 89461260874727.38, 569861634.3257548
2052.375, 1.0020569454788042, 8792814.522308392, 95960787710863.45, 569827895.0991019
2052.625, 1.0021147980669847, 8990757.563382372, 102614113990977.61, 569794998.650289
2052.875, 1.0021713210479473, 9182882.764487585, 109420320557527.38, 569762861.9190813
2053.125, 1.0022266423806396, 9369694.014938224, 116379107411079.19, 569731411.9012718
2053.375, 1.002280868889982, 9551610.928141441, 123489509928496.03, 569700587.6546884
2053.625, 1.0023340928455413, 9728995.390484855, 130750441725059.38, 569670336.5433888
2053.875, 1.0023863952937164, 9902164.99628534, 138160825476730.72, 569640612.3357608
2054.125, 1.002437855487632, 10071435.896161886, 145721039213046.25, 569611369.813196
2054.375, 1.0024885385847873, 10237065.504797207, 153430519416397.75, 569582571.806213
2054.625, 1.0025385024341087, 10399282.091443246, 161288650775991.12, 569554185.3164438
2054.875, 1.002587793154105, 10558262.306504346, 169293517803747.44, 569526184.0496001
2055.125, 1.0026364646885333, 10714224.887833962, 177446049891224.4, 569498537.2245631
2055.375, 1.002684558061581, 10867330.439655501, 185745371112214.66, 569471221.4463587
2055.625, 1.002732107956157, 11017711.28950382, 194189870238838.28, 569444216.9453295
2055.875, 1.0027791576483205, 11165546.686801571, 202781122791823.88, 569417499.0221553
2056.125, 1.0028257363535764, 11310947.92802901, 211517952764753.66, 569391051.0252963
2056.375, 1.0028718738920233, 11454032.837136177, 220399873698421.9, 569364855.9511373
2056.625, 1.0029175960500387, 11594899.595500393, 229426026221666.97, 569338899.104403
2056.875, 1.0029629334213672, 11733676.120333027, 238597679117494.28, 569313163.0251297
2057.125, 1.0030079079776808, 11870445.427372355, 247914167401935.3, 569287635.1948231
2057.375, 1.0030525405348791, 12005288.360571008, 257374679853216.78, 569262303.7518077
2057.625, 1.003096851369982, 12138283.594528522, 266978875430657.8, 569237157.1408166
2057.875, 1.0031408599287273, 12269507.85780086, 276726563087563.03, 569212184.2787124
2058.125, 1.0031845849870011, 12399035.892975764, 286617887811364.06, 569187374.4626067
2058.375, 1.0032280444286976, 12526940.553484822, 296653111849106.1, 569162717.4956188
2058.625, 1.0032712555068488, 12653292.859870221, 306832874550531.75, 569138203.5383973
2058.875, 1.0033142295494037, 12778127.875837987, 317155470566344.2, 569113826.1608741
2059.125, 1.0033569805835179, 12901498.819582613, 327620672986269.44, 569089577.3767288
2059.375, 1.0033995293147997, 13023507.40074213, 338232446871496.3, 569065445.3370897
2059.625, 1.0034418756212904, 13144114.048719577, 348983756202503.6, 569041430.2150986
2059.875, 1.0034840457417868, 13263465.039289117, 359882801069022.5, 569017516.9509506
2060.125, 1.0035260387102543, 13381515.606277552, 370922138990841.0, 568993706.2063177
2060.375, 1.003567874044826, 13498371.318083018, 382107301227490.6, 568969986.7884958
2060.625, 1.0036095610926068, 13614065.176781602, 393438011017834.75, 568946353.3851584
2060.875, 1.0036511030409079, 13728581.52728561, 404909440755879.3, 568922804.2603197
2061.125, 1.0036925159542225, 13842010.068612412, 416526631034793.7, 568899330.195893
2061.375, 1.0037338080892788, 13954379.176726298, 428289387573121.44, 568875926.502909
2061.625, 1.0037749872667172, 14065716.770447327, 440197350145735.8, 568852588.7398934
2061.875, 1.0038160609293534, 14176045.640545094, 452250025707168.3, 568829312.6888826
2062.125, 1.0038570358318453, 14285382.758145034, 464446330851857.25, 568806094.5336232
2062.375, 1.0038979215176624, 14393776.819747576, 476788444538505.9, 568782928.8141508
2062.625, 1.0039387253402223, 14501253.848166034, 489276738628187.2, 568759811.3540283
2062.875, 1.003979454237917, 14607839.467688913, 501911452635477.2, 568736738.211973
2063.125, 1.0040201148496424, 14713558.868090698, 514692819635583.75, 568713705.6162868
2063.375, 1.0040607137491249, 14818436.755984163, 527621310844847.4, 568690709.832024
2063.625, 1.0041012566653664, 14922491.285577843, 540696534200670.75, 568667747.6166111
2063.875, 1.0041417488893012, 15025730.611634936, 553917184405570.5, 568644815.9992325
2064.125, 1.0041821974097327, 15128193.751086798, 567285645448234.2, 568621910.9746246
2064.375, 1.0042226079070928, 15229903.771515809, 580802600232391.8, 568599029.3131492
2064.625, 1.0042629858912642, 15330883.30511125, 594468883224398.6, 568576167.8811641
2064.875, 1.0043033365754315, 15431154.513651686, 608285374356614.5, 568553323.7123237
2065.125, 1.0043436640824788, 15530704.10049318, 622248560699869.0, 568530494.5508015
2065.375, 1.0043839740142462, 15629562.002788158, 636360340620624.9, 568507677.192581
2065.625, 1.0044242717600949, 15727770.805200545, 650624542939672.8, 568484868.5145822
2065.875, 1.0044645615448324, 15825342.816691982, 665041151995513.4, 568462066.1315286
2066.125, 1.0045048474967568, 15922238.640165394, 679602962148844.8, 568439267.8656932
2066.375, 1.0045451343004075, 16018541.367008105, 694319632352439.4, 568416470.8692105
2066.625, 1.0045854259720204, 16114246.015440192, 709189119096204.9, 568393672.9236586
2066.875, 1.0046257277720296, 16209330.834238013, 724207054278088.9, 568370871.1668255
2067.125, 1.0046660426271892, 16303875.893298294, 739383690388975.1, 568348063.7352704
2067.375, 1.0047063762989437, 16397819.818503521, 754708468167971.2, 568325247.6109754
2067.625, 1.004746730453178, 16491238.24073712, 770190872498836.6, 568302421.650159
2067.875, 1.0047871101496693, 16584105.768323282, 785825751003092.4, 568279583.1182882
2068.125, 1.0048275183739726, 16676452.930763511, 801616462497514.0, 568256730.2686634
2068.375, 1.004867958999064, 16768282.886236565, 817562240840365.2, 568233860.9427315
2068.625, 1.0049084355146924, 16859612.21346106, 833664662108514.5, 568210973.1538551
2068.875, 1.0049489518668338, 16950442.42920114, 849922669693550.2, 568188064.7095927
2069.125, 1.0049895098150163, 17040805.729740787, 866340516231403.4, 568165134.5391634
2069.375, 1.0050301161968884, 17130673.2021545, 882912217862833.8, 568142178.9350033
2069.625, 1.0050707674989172, 17220120.538372826, 899649423180804.0, 568119199.6271778
2069.875, 1.0051114776888939, 17309061.450725723, 916536448983993.4, 568096189.1196858
2070.125, 1.0051522391292875, 17397596.509283386, 933589451874297.0, 568073151.3591135
2070.375, 1.0051930603207384, 17485690.681240965, 950801451249160.8, 568050081.7345754
2070.625, 1.0052339451036794, 17573348.207618944, 968172230589450.6, 568026978.1058209
2070.875, 1.0052748899582533, 17660619.356123444, 985709830346547.0, 568003842.2825695
2071.125, 1.0053159070471713, 17747455.28740281, 1003404603161826.6, 567980667.6643584
2071.375, 1.0053569940442229, 17833896.140182734, 1021263008771484.4, 567957455.4276518
2071.625, 1.0053981498120381, 17919969.353390843, 1039289334451120.8, 567934206.1277062
2071.875, 1.0054393859245818, 18005637.458090764, 1057475849552171.8, 567910913.4595119
2072.125, 1.0054807018027927, 18090925.738511793, 1075826532309772.4, 567887577.67487
2072.375, 1.00552209494217, 18175864.47990084, 1094346443157413.2, 567864200.0793793
2072.625, 1.005563570008397, 18260450.64687022, 1113034499506475.6, 567840778.098871
2072.875, 1.0056051402912045, 18344648.025395285, 1131882782718713.8, 567817304.4783947
2073.125, 1.0056467961105648, 18428513.325979654, 1150901825340620.5, 567793784.4238867
2073.375, 1.005688540118988, 18512051.399148695, 1170092200434344.8, 567770216.4551406
2073.625, 1.005730375538932, 18595264.625338748, 1189453838395266.8, 567746598.7853892
2073.875, 1.0057723180372933, 18678115.061694197, 1208978185889969.8, 567722922.8520623
2074.125, 1.0058143566695994, 18760654.92365663, 1228675638393556.5, 567699194.5717272
2074.375, 1.0058564938815058, 18842888.876022786, 1248546697574178.2, 567675412.582448
2074.625, 1.0058987321309694, 18924821.534930903, 1268591903219867.0, 567651575.5157338
2074.875, 1.0059410743516466, 19006456.36716045, 1288811661770688.2, 567627681.742425
2075.125, 1.0059835360529192, 19087763.35156024, 1309198818240466.0, 567603722.7700418
2075.375, 1.006026106301932, 19168784.701216724, 1329762190782421.0, 567579704.5370514
2075.625, 1.0060687875759968, 19249524.795840807, 1350502488579664.0, 567555625.6654285
2075.875, 1.0061115822580802, 19329987.99185117, 1371420353173074.2, 567531484.8307576
2076.125, 1.0061544926940869, 19410178.608211186, 1392516416877979.8, 567507280.7299039
2076.375, 1.0061975212867904, 19490100.898407303, 1413791400891705.0, 567483012.0280279
2076.625, 1.0062406722921113, 19569755.14069357, 1435245107808170.0, 567458676.3770106
2076.875, 1.0062839557525238, 19649129.99058832, 1456874369989154.0, 567434268.2640469
2077.125, 1.0063273642346924, 19728250.827704273, 1478685029108099.0, 567409791.7357807
2077.375, 1.0063709000336454, 19807121.69310976, 1500677861899514.8, 567385245.5193166
2077.625, 1.006414565389541, 19885746.600626413, 1522853619335216.0, 567360628.3730409
2077.875, 1.0064583625235606, 19964129.520547163, 1545213064932059.8, 567335939.0663793
2078.125, 1.0065022937003836, 20042274.35112677, 1567757043162594.8, 567311176.3445716
2078.375, 1.0065463611337127, 20120184.96239323, 1590486377670616.8, 567286338.9819297
2078.625, 1.006590566983663, 20197865.200202245, 1613401868200384.2, 567261425.7832948
2078.875, 1.0066349134377965, 20275318.839204565, 1636504380285878.8, 567236435.5383607
2079.125, 1.0066794026732753, 20352549.603816155, 1659794804671423.5, 567211367.0430001
2079.375, 1.0067240368115018, 20429561.2019529, 1683274005346787.0, 567186219.1248168
2079.625, 1.0067688179580587, 20506357.293698143, 1706942866099829.2, 567160990.6206291
2079.875, 1.0068137482223218, 20582941.473083995, 1730802314436572.8, 567135680.3654147
2080.125, 1.0068588296836025, 20659317.29584226, 1754853282603498.8, 567110287.2113773
2080.375, 1.0069040643951455, 20735488.274794955, 1779096712926470.5, 567084810.0256836
2080.625, 1.0069494544067568, 20811457.89784571, 1803533575482735.2, 567059247.6777099
2080.875, 1.0069950017201594, 20887229.590717603, 1828164835052915.8, 567033599.0641751
2081.125, 1.0070407083131772, 20962806.739881657, 1852991469029765.5, 567007863.095506
2081.375, 1.0070865761361356, 21038192.690997504, 1878014464835395.0, 566982038.6978517
2081.625, 1.0071326071187434, 21113390.74538573, 1903234827869755.5, 566956124.8091972
2081.875, 1.007178803223416, 21188404.147326093, 1928653636247114.2, 566930120.3493348
2082.125, 1.0072251663007585, 21263236.1175058, 1954271894540030.0, 566904024.3012041
2082.375, 1.0072716981943814, 21337889.828474715, 1980090640683212.5, 566877835.6518675
2082.625, 1.00731840071909, 21412368.409508545, 2006110924507983.5, 566851553.4047724
2082.875, 1.0073652756784204, 21486674.939036902, 2032333826872760.0, 566825176.569868
2083.125, 1.0074123248755027, 21560812.43996805, 2058760471778349.8, 566798704.1574795
2083.375, 1.0074595500330492, 21634783.909806248, 2085391943034806.5, 566772135.2233087
2083.625, 1.0075069528438283, 21708592.30101444, 2112229337559116.5, 566745468.8400115
2083.875, 1.0075545349746609, 21782240.519084197, 2139273770609090.2, 566718704.0949277
2084.125, 1.0076022980721941, 21855731.424532954, 2166526381227808.0, 566691840.0868152
2084.375, 1.0076502437605728, 21929067.833059695, 2193988330728726.2, 566664875.9271392
2084.625, 1.0076983736159562, 22002252.51766093, 2221660778413673.8, 566637810.7543803
2084.875, 1.0077466891612794, 22075288.20907041, 2249544876786008.2, 566610643.7369537
2085.125, 1.0077951918926988, 22148177.593552895, 2277641798294841.5, 566583374.0583088
2085.375, 1.0078438832691141, 22220923.31499081, 2305952725350517.0, 566556000.9227959
2085.625, 1.007892779011938, 22293517.741421655, 2334475406744795.0, 566528515.7136254
2085.875, 1.0079418772045223, 22365966.654752556, 2363212074526788.0, 566500919.4881232
2086.125, 1.0079911704064362, 22438279.15613688, 2392166142842096.0, 566473216.3328778
2086.375, 1.0080406600029017, 22510457.76091794, 2421338844706877.5, 566445405.4947575
2086.625, 1.0080903473386813, 22582504.943487868, 2450731422069925.5, 566417486.2432425
2086.875, 1.0081402337305332, 22654423.140762236, 2480345137482060.5, 566389457.863394
2087.125, 1.0081903204548752, 22726214.74944375, 2510181263910221.5, 566361319.6627524
2087.375, 1.0082406087328701, 22797882.12266491, 2540241071913356.5, 566333070.9796802
2087.625, 1.008291099733107, 22869427.57118733, 2570525832649806.5, 566304711.1818144
2087.875, 1.0083418297042115, 22940833.462921992, 2601029558632889.5, 566276220.4128789
2088.125, 1.0083927704703708, 23012119.88761149, 2631759939189908.0, 566247614.126413
2088.375, 1.0084439200191164, 23083290.909900136, 2662718975938077.0, 566218893.4347702
2088.625, 1.0084952794324502, 23154348.7126778, 2693907991692772.5, 566190057.7548788
2088.875, 1.0085468497339547, 23225295.44051523, 2725328306098524.0, 566161106.5360913
2089.125, 1.0085986318943336, 23296133.19832016, 2756981242003762.5, 566132039.2570279
2089.375, 1.0086506302848848, 23366862.37052081, 2788867489125522.0, 566102853.5339797
2089.625, 1.0087028907303774, 23437463.894775156, 2820980232948115.0, 566073524.2832277
2089.875, 1.008755368905179, 23507962.52216821, 2853329509210876.5, 566044075.7963308
2090.125, 1.008808065678705, 23578360.22902018, 2885916687664447.5, 566014507.6090806
2090.375, 1.0088609818556231, 23648658.9533326, 2918743132846263.0, 565984819.2930341
2090.625, 1.0089141181828598, 23718860.593996193, 2951810211663470.5, 565955010.451526
2090.875, 1.0089674851358807, 23788962.928098697, 2985117667263501.0, 565925075.3631886
2091.125, 1.0090211285025055, 23858949.886508837, 3018659629956672.0, 565894988.9853499
2091.375, 1.0090749976689268, 23928845.396480177, 3052446336831858.0, 565864779.03747
2091.625, 1.0091290932768127, 23998651.233516935, 3086479206710932.5, 565834445.1818106
2091.875, 1.0091834158903148, 24068369.13412564, 3120759645607336.5, 565803987.1233033
2092.125, 1.0092379659997786, 24138000.796298828, 3155289050691018.0, 565773404.6074014
2092.375, 1.0092928073626335, 24207525.32425248, 3190059421592571.0, 565742662.7785704
2092.625, 1.0093478934808335, 24276962.653844178, 3225079676722487.5, 565711787.0932947
2092.875, 1.0094032124157766, 24346318.948057402, 3260353131287577.5, 565680784.0968014
2093.125, 1.0094587645557846, 24415595.78971064, 3295881246220404.0, 565649653.5910541
2093.375, 1.009514550242052, 24484794.72701796, 3331665502702978.0, 565618395.4033487
2093.625, 1.0095706513315386, 24553891.75123125, 3367696362548776.5, 565586964.8116659
2093.875, 1.009626997307184, 24622912.189515185, 3403985378254377.0, 565555400.3869054
2094.125, 1.0096835819201462, 24691859.593678057, 3440534905896507.0, 565523705.5604117
2094.375, 1.009740405310738, 24760735.39165094, 3477346406599787.0, 565491880.270844
2094.625, 1.0097975000390982, 24829531.780094534, 3514417266189979.5, 565459906.749061
2094.875, 1.0098549030416173, 24898240.92452543, 3551744767187445.5, 565427764.8502357
2095.125, 1.009912549822439, 24966883.088369742, 3589338789583690.5, 565395489.8239553
2095.375, 1.0099704403888141, 25035459.587242305, 3627200844642777.5, 565363081.6818253
2095.625, 1.0100285746656048, 25103971.70171072, 3665332437057480.0, 565330540.4800407
2095.875, 1.0100870623394627, 25172393.568164572, 3703722647661221.0, 565297806.3738047
2096.125, 1.0101458008307431, 25240753.57012614, 3742385215587918.0, 565264935.38652
2096.375, 1.0102047876660594, 25309053.49399029, 3781321905476857.0, 565231928.8846684
2096.625, 1.0102640225692556, 25377294.510626473, 3820534216620834.5, 565198787.0346905
2096.875, 1.0103236077654754, 25445455.00331878, 3860013018878506.5, 565165454.1010724
2097.125, 1.0103834666282105, 25513554.80703865, 3899768495260907.5, 565131971.9167162
2097.375, 1.010443578128703, 25581599.77246587, 3939804403820023.0, 565098351.9687501
2097.625, 1.010503941825751, 25649590.962982412, 3980122281431552.5, 565064594.5131706
2097.875, 1.0105646718701955, 25717506.60651859, 4020712743636060.5, 565030637.3549472
2098.125, 1.0106256794983774, 25785367.082247626, 4061586425510512.0, 564996528.917417
2098.375, 1.0106869435609942, 25853177.62517536, 4102746866666650.0, 564962280.7457334
2098.625, 1.0107484637243649, 25920939.13471198, 4144195563871317.5, 564927893.0371504
2098.875, 1.0108103868680534, 25988626.34785843, 4185921314228895.5, 564893285.8194214
2099.125, 1.0108725706402353, 26056267.314142104, 4227938754169739.0, 564858536.6695592
2099.375, 1.0109350143047577, 26123862.923181392, 4270249465043569.0, 564823646.0036558
2099.625, 1.0109977614725407, 26191406.744511213, 4312851467474595.0, 564788590.0984278
2099.875, 1.0110608846032119, 26258888.869557388, 4355740894540680.0, 564753329.5594993
2100.125, 1.0111242715700124, 26326329.10331732, 4398928597256949.5, 564717925.4487692
2100.375, 1.0111879213755088, 26393728.23728609, 4442416122537456.5, 564682378.3238705
2100.625, 1.0112519471063497, 26461070.43251033, 4486196721688882.5, 564646626.6969292
2100.875, 1.011316296585803, 26528365.55889322, 4530276441502317.0, 564610699.0010937
2101.125, 1.0113809125903652, 26595622.83767279, 4574661065906287.0, 564574626.3806142
2101.375, 1.011445820149936, 26662839.45377132, 4619350366751213.0, 564538395.2446506
2101.625, 1.011511151650175, 26729999.41861365, 4664337684020695.0, 564501933.6793047
2101.875, 1.0115767533229143, 26797124.64292522, 4709635147527570.0, 564465325.3038962
2102.125, 1.0116426237978338, 26864215.75850465, 4755244309438126.0, 564428570.8764542
2102.375, 1.011708900185702, 26931257.123756193, 4801158459070868.0, 564391595.9504671
2102.625, 1.0117755066718817, 26998259.792611744, 4847384470322485.0, 564354441.7638984
2102.875, 1.0118423852576317, 27065231.25820671, 4893927428752424.0, 564317139.8353826
2103.125, 1.0119096053284866, 27132164.467787936, 4940784999888244.0, 564279652.5196861
2103.375, 1.0119772358094676, 27199053.777824834, 4987955582259107.0, 564241942.468118
2103.625, 1.0120451416014329, 27265914.652112033, 5035448484872043.0, 564204083.0351732
2103.875, 1.012113331133012, 27332746.582837798, 5083264789922219.0, 564166069.6597688
2104.125, 1.0121820051456947, 27399531.422677502, 5131396589127019.0, 564127793.5140746
2104.375, 1.0122509574823795, 27466290.462794106, 5179856103878894.0, 564089366.4604928
2104.625, 1.0123201862310178, 27533024.125232093, 5228644902785819.0, 564050789.5453361
2104.875, 1.0123898795693325, 27599716.91913541, 5277756431530625.0, 564011960.81514
2105.125, 1.012459897431816, 27666382.606381536, 5327199173683774.0, 563972956.2468705
2105.375, 1.0125301944004825, 27733025.364938874, 5376976657384283.0, 563933800.4659922
2105.625, 1.0126009240502842, 27799633.853208084, 5427084499982576.0, 563894410.3241639
2105.875, 1.0126720264979285, 27866214.38493495, 5477527452804943.0, 563854818.3265675
2106.125, 1.0127434106538946, 27932774.308823068, 5528310737509859.0, 563815073.8179039
2106.375, 1.0128152046958174, 27999305.18024173, 5579431645863517.0, 563775107.447225
2106.625, 1.012887411098149, 28065808.466181856, 5630892384648945.0, 563734917.956352
2106.875, 1.0129599015691197, 28132293.34582365, 5682699041185304.0, 563694574.7915246
2107.125, 1.0130327884012444, 28198753.250256766, 5734849847165444.0, 563654017.2409397
2107.375, 1.0131061176911025, 28265186.948236026, 5787345828958481.0, 563613220.4595077
2107.625, 1.0131797332404624, 28331604.32240455, 5840193380628724.0, 563572268.9360241
2107.875, 1.0132537419598249, 28397999.85672378, 5893391353482367.0, 563531104.9101202
2108.125, 1.0133282131243753, 28464371.359977495, 5946940388818294.0, 563489691.034174
2108.375, 1.0134029726156897, 28530728.503866766, 6000846760194806.0, 563448121.4169128
2108.625, 1.0134781331609761, 28597066.206232388, 6055109735680156.0, 563406335.1987842
2108.875, 1.0135537655283058, 28663382.637016885, 6109730264167577.0, 563364294.2586327
2109.125, 1.0136296880667817, 28729686.56216966, 6164713920481885.0, 563322096.7014647
2109.375, 1.0137060310194423, 28795972.92121493, 6220060102555574.0, 563279672.2656906
2109.625, 1.0137828434918696, 28862241.170424815, 6275770465131698.0, 563236994.5523326
2109.875, 1.0138599477664907, 28928498.65980429, 6331849782959935.0, 563194159.4639065
2110.125, 1.013937504244304, 28994740.120286077, 6388297634249476.0, 563151080.5378832
2110.375, 1.0140155157457322, 29060966.83507206, 6445116501375315.0, 563107756.354189
2110.625, 1.0140938204953711, 29127184.42976953, 6502310218511256.0, 563064274.138694
2110.875, 1.0141726223811327, 29193387.383240484, 6559878671212803.0, 563020524.0779215
2111.125, 1.0142518520253996, 29259578.9642714, 6617825205848209.0, 562976543.6452826
2111.375, 1.014331376266557, 29325762.95736859, 6676152641874022.0, 562932404.5761454
2111.625, 1.0144114565460107, 29391933.72492976, 6734861412096171.0, 562887966.1793414
2111.875, 1.0144919233044043, 29458096.350133467, 6793954956823229.0, 562843319.8223869
2112.125, 1.014572685658797, 29524252.82823356, 6853435370726116.0, 562798514.4156044
2112.375, 1.014654077560924, 29590397.706157047, 6913304128496582.0, 562753370.4045234
2112.625, 1.0147358002480895, 29656537.3385367, 6973564190542087.0, 562708048.5587401
2112.875, 1.0148178607046774, 29722671.61461511, 7034217255541083.0, 562662545.1233515
2113.125, 1.014900556991837, 29788797.395269603, 7095266150360277.0, 562616700.0105946
2113.375, 1.014983554455971, 29854919.779376615, 7156712586661267.0, 562570693.1166795
2113.625, 1.015066978108481, 29921037.498381842, 7218558846383325.0, 562524457.3042389
2113.875, 1.0151509676113135, 29987150.35223983, 7280808304189320.0, 562477917.6957893
2114.125, 1.0152352589347575, 30053261.00763552, 7343461516251907.0, 562431216.0884961
2114.375, 1.0153200813156331, 30119368.31635038, 7406522160647775.0, 562384229.499692
2114.625, 1.0154053829656644, 30185473.66993292, 7469992495969013.0, 562336985.8424584
2114.875, 1.0154909868228281, 30251577.938932747, 7533872813885664.0, 562289580.1062943
2115.125, 1.0155772439495534, 30317680.95330648, 7598169188171772.0, 562241824.140421
2115.375, 1.0156638766801969, 30383784.03391126, 7662881034320933.0, 562193866.9044964
2115.625, 1.0157508649654592, 30449887.177211754, 7728009930992392.0, 562145719.1420811
2115.875, 1.0158385405618675, 30515991.84139828, 7793563128377121.0, 562097203.2608106
2116.125, 1.0159265233442183, 30582097.681149043, 7859537472493434.0, 562048522.9195279
2116.375, 1.0160150022465924, 30648205.587093122, 7925938063828265.0, 561999576.9899356
2116.625, 1.0161040471173937, 30714316.937226906, 7992768845878507.0, 561950328.2337967
2116.875, 1.0161933991231904, 30780430.367901143, 8060027188007678.0, 561900915.1734809
2117.125, 1.0162834069194162, 30846549.01167867, 8127722226821203.0, 561851151.4068246
2117.375, 1.0163738400782847, 30912671.80394056, 8195851988143631.0, 561801160.2808424
2117.625, 1.0164646268893993, 30978798.04530838, 8264416864589605.0, 561750980.1252462
2117.875, 1.0165561557898728, 31044932.822632838, 8333428373472094.0, 561700403.5258975
2118.125, 1.0166479963193789, 31111071.634062566, 8402878888570243.0, 561649660.5213255
2118.375, 1.0167403708623857, 31177217.49452385, 8472775989697786.0, 561598632.3843447
2118.625, 1.0168333266866665, 31243371.985098116, 8543123720202015.0, 561547294.043904
2118.875, 1.0169265936711167, 31309531.22557462, 8613917078195072.0, 561495789.6751326
2119.125, 1.0170205965445218, 31375702.538779315, 8685170574755303.0, 561443892.8050015
2119.375, 1.0171149989323214, 31441881.030402813, 8756877185172889.0, 561391782.9646026
2119.625, 1.0172098313826734, 31508067.249330163, 8829039869424070.0, 561339443.8695427
2119.875, 1.017305384242482, 31574267.49050027, 8901670433275720.0, 561286720.9582515
2120.125, 1.0174012523999874, 31640474.152254272, 8974758475101823.0, 561233830.1231221
2120.375, 1.017497775402682, 31706694.508861925, 9048317476323888.0, 561180590.5999534
2120.625, 1.0175948142946152, 31772926.378421754, 9122345653573258.0, 561127076.5363952
2120.875, 1.017692198502356, 31839165.954295423, 9196839215787026.0, 561073378.706382
2121.125, 1.0177904237274846, 31905425.442326907, 9271818668646220.0, 561019233.5721709
2121.375, 1.0178889682047438, 31971692.86826394, 9347267671949768.0, 560964918.7301693
2121.625, 1.0179881072478294, 32037975.153351393, 9423198795743726.0, 560910287.8473235
2121.875, 1.0180878589845583, 32104273.512314156, 9499615875263128.0, 560855331.4774374
2122.125, 1.018187928913541, 32170580.26481369, 9576509512470376.0, 560800206.0831195
2122.375, 1.018288867227977, 32236910.88261639, 9653904669712288.0, 560744619.6482563
2122.625, 1.018390165398888, 32303251.818235364, 9731783254787518.0, 560688842.2755737
2122.875, 1.0184920201005854, 32369608.710722722, 9810155815966786.0, 560632769.6107898
2123.125, 1.0185945628162454, 32435986.12163052, 9889031037127190.0, 560576332.114195
2123.375, 1.018697427295718, 32502373.219651263, 9968395244791306.0, 560519724.0236112
2123.625, 1.0188011490322806, 32568786.83725781, 1.0048275212682564e+16, 560462661.6400124
2123.875, 1.01890527959519, 32635213.541892894, 1.0128653419135118e+16, 560405382.7403822
2124.125, 1.0190099522173173, 32701657.598502725, 1.0209538387453302e+16, 560347816.7640717
2124.375, 1.0191153656087986, 32768126.13651374, 1.0290942608365294e+16, 560289858.7235464
2124.625, 1.0192211042911865, 32834605.522917252, 1.0372848577275974e+16, 560231728.5524106
2124.875, 1.019327714250067, 32901114.52917879, 1.0455286051440562e+16, 560173137.5379213
2125.125, 1.0194347580708747, 32967638.716960683, 1.0538236086105224e+16, 560114317.1921858
2125.375, 1.0195423546204412, 33034182.245602865, 1.0621707123858892e+16, 560055204.6844343
2125.625, 1.0196507207083667, 33100753.416523375, 1.0705713496385954e+16, 559995685.6818279
2125.875, 1.019759415518651, 33167336.48452703, 1.079023465089743e+16, 559935993.072664
2126.125, 1.0198690217740423, 33233953.108785894, 1.0875304535377704e+16, 559875819.3307272
2126.375, 1.0199790615442133, 33300586.068022117, 1.0960900361784772e+16, 559815416.9002043
2126.625, 1.0200896911658046, 33367241.253050983, 1.104703319849217e+16, 559754703.3100771
2126.875, 1.0202010936135284, 33433926.201809134, 1.113371641780835e+16, 559693582.3162031
2127.125, 1.0203128281487062, 33500623.995574247, 1.1220927732650232e+16, 559632286.2840043
2127.375, 1.0204255421607888, 33567360.297435164, 1.1308707225259924e+16, 559570474.2674862
2127.625, 1.0205386627662416, 33634112.89447804, 1.1397024835864698e+16, 559508448.2072204
2127.875, 1.020652438321441, 33700891.74016653, 1.1485897801854686e+16, 559446077.3604709
2128.125, 1.0207669633900363, 33767701.18475409, 1.1575334938774012e+16, 559383312.2273563
2128.375, 1.0208818239313218, 33834524.332631715, 1.1665313828559982e+16, 559320370.6206794
2128.625, 1.0209977612140901, 33901392.20800579, 1.1755883016889432e+16, 559256862.9930376
2128.875, 1.0211140501377505, 33968274.932028234, 1.184700072089596e+16, 559193170.6489037
2129.125, 1.0212310880088815, 34035189.28166046, 1.1938694537342292e+16, 559129084.8836616
2129.375, 1.0213488241263786, 34102133.577188015, 1.2030964541926142e+16, 559064632.5993681
2129.625, 1.0214669759181965, 34169095.69986125, 1.2123795268371056e+16, 558999962.1219479
2129.875, 1.0215861782718765, 34236103.545193784, 1.221723121452665e+16, 558934740.5991266
2130.125, 1.0217057251443353, 34303126.54794996, 1.2311229120603006e+16, 558869338.4730833
2130.375, 1.0218261453189892, 34370188.09120574, 1.2405826956486382e+16, 558803478.622219
2130.625, 1.0219471834895562, 34437277.248803854, 1.2501010944827092e+16, 558737295.1059048
2130.875, 1.0220687584265802, 34504390.39111187, 1.2596778334385948e+16, 558670830.4667658
2131.125, 1.0221913075327684, 34571547.60530151, 1.2693162455945966e+16, 558603856.0136274
2131.375, 1.0223142047694511, 34638720.6512756, 1.2790122986207508e+16, 558536699.4350346
2131.625, 1.0224381310189257, 34705940.800728, 1.2887710635437834e+16, 558469004.7589687
2131.875, 1.0225625650025927, 34773184.447971635, 1.2985891971717984e+16, 558401044.7838907
2132.125, 1.0226876880860898, 34840459.986555636, 1.30846827779495e+16, 558332724.7434344
2132.375, 1.0228136790445719, 34907776.10764172, 1.318409934974038e+16, 558263951.5847298
2132.625, 1.022940021867101, 34975108.68610898, 1.3284107128365478e+16, 558194994.7211163
2132.875, 1.0230675816945842, 35042498.73151899, 1.3384772904442528e+16, 558125402.96805
2133.125, 1.023195508144798, 35109906.25026055, 1.3486037186683252e+16, 558055620.109499
2133.375, 1.0233243082107721, 35177355.40574894, 1.3587940785366316e+16, 557985381.8706638
2133.625, 1.0234538391845154, 35244839.69907424, 1.3690476438402698e+16, 557914762.9523381
2133.875, 1.023583894215877, 35312349.18607227, 1.3793631422876602e+16, 557843871.0885115
2134.125, 1.0237150508413118, 35379912.06676036, 1.3897453453514858e+16, 557772405.956284
2134.375, 1.0238465696312318, 35447492.57410446, 1.4001888705434042e+16, 557700752.4386911
2134.625, 1.0239791794270985, 35515126.371181056, 1.410699716106418e+16, 557628531.6390662
2134.875, 1.0241123517875736, 35582787.846507646, 1.4212740894362572e+16, 557556018.5751417
2135.125, 1.0242462616786867, 35650485.60843504, 1.4319136819571376e+16, 557483122.3483377
2135.375, 1.024381109436944, 35718229.83752511, 1.4426204482510612e+16, 557409739.2974151
2135.625, 1.0245163347659367, 35785992.77357265, 1.4533902017969072e+16, 557336160.2586688
2135.875, 1.024652880036625, 35853821.53503642, 1.4642309237863028e+16, 557261896.6641821
2136.125, 1.0247897986481198, 35921669.02356844, 1.4751352532513518e+16, 557187439.6102674
2136.375, 1.0249277014841474, 35989565.890258275, 1.4861085271012668e+16, 557112472.5596031
2136.625, 1.025066346914582, 36057500.225809, 1.497149111121403e+16, 557037121.0589029
2136.875, 1.0252056121243716, 36125465.83337877, 1.5082563036288572e+16, 556961448.690993
2137.125, 1.025346007221381, 36193488.757292464, 1.519434750058767e+16, 556885191.890856
2137.375, 1.025486780703524, 36261530.90887267, 1.530678442164909e+16, 556808739.432512
2137.625, 1.0256288186743114, 36329637.52725119, 1.5419952690109398e+16, 556731633.5117549
2137.875, 1.025771372163914, 36397770.54916977, 1.5533791868371222e+16, 556654261.4252924
2138.125, 1.0259148208034283, 36465949.41835111, 1.5648337987975846e+16, 556576427.1671289
2138.375, 1.0260591778972574, 36534175.021189235, 1.5763595947429088e+16, 556498124.3018683
2138.625, 1.0262040536328576, 36602427.30453966, 1.5879535079184224e+16, 556419553.9061321
2138.875, 1.0263502382713139, 36670747.19635378, 1.5996228558465292e+16, 556340308.9716041
2139.125, 1.026496814304666, 36739087.35493361, 1.6113598914705446e+16, 556260862.4579835
2139.375, 1.0266445941192692, 36807489.92732174, 1.6231721950450152e+16, 556180796.1659149
2139.625, 1.0267930296457133, 36875926.61632828, 1.6350552426778696e+16, 556100392.5966756
2139.875, 1.026942286761255, 36944406.05252952, 1.6470108738725942e+16, 556019566.4283168
2140.125, 1.0270926065308634, 37012940.953199565, 1.6590416546656558e+16, 555938194.1925709
2140.375, 1.0272433579888713, 37081498.38553681, 1.6711421891890348e+16, 555856600.1245619
2140.625, 1.0273955869948752, 37150133.12662926, 1.6833224368765008e+16, 555774247.5303527
2140.875, 1.0275482218168985, 37218789.157177635, 1.6955729145033616e+16, 555691686.7910573
2141.125, 1.0277020136048147, 37287505.89776167, 1.707900938607293e+16, 555608532.6869761
2141.375, 1.027856591348912, 37356263.97769464, 1.7203034444040624e+16, 555524975.8969772
2141.625, 1.0280119295265817, 37425062.054550536, 1.7327805542804424e+16, 555441029.4976101
2141.875, 1.0281684761357026, 37493923.82652995, 1.7453368782521506e+16, 555356464.5800587
2142.125, 1.0283254359912133, 37562807.385992005, 1.7579652615187178e+16, 555271688.1783198
2142.375, 1.0284839201574827, 37631771.44131261, 1.7706766651276982e+16, 555186132.3741915
2142.625, 1.028642883817097, 37700760.85804122, 1.7834614979014614e+16, 555100331.6504908
2142.875, 1.0288029678791624, 37769809.535203815, 1.7963262895074224e+16, 555013958.6383684
2143.125, 1.02896396213682, 37838906.41725508, 1.8092694079908972e+16, 554927121.1931593
2143.375, 1.029125664202715, 37908040.785553895, 1.8222892670119416e+16, 554839922.5842983
2143.625, 1.0292887162570716, 37977246.73950453, 1.835392531751178e+16, 554752035.8579363
2143.875, 1.029452198854445, 38046475.53112729, 1.8485705851119696e+16, 554663929.7527432
2144.125, 1.0296171921251533, 38115784.50579147, 1.861834457448209e+16, 554575054.4428645
2144.375, 1.0297827694133908, 38185124.50200026, 1.8751753957569936e+16, 554485882.0818019
2144.625, 1.0299494361766561, 38254522.36838673, 1.888598808414826e+16, 554396155.5766753
2144.875, 1.0301171363260808, 38323975.155703135, 1.902104545917513e+16, 554305904.0256097
2145.125, 1.0302854953962952, 38393462.96239946, 1.915689248141637e+16, 554215317.6880932
2145.375, 1.03045534695181, 38463030.13018855, 1.9293617195090784e+16, 554123973.8745124
2145.625, 1.0306256484396967, 38532621.22672244, 1.943111828940097e+16, 554032401.8380263
2145.875, 1.0307974491842917, 38602292.07124733, 1.956950638183367e+16, 553940069.7304758
2146.125, 1.0309699410479345, 38671999.67524489, 1.9708703291380324e+16, 553847387.6407708
2146.375, 1.0311434915199105, 38741763.58485904, 1.984875068594469e+16, 553754169.4726193
2146.625, 1.0313182033573607, 38811589.25819626, 1.998966333746559e+16, 553660363.8533862
2146.875, 1.0314935230387232, 38881447.257880256, 2.0131388200066976e+16, 553566250.7697316
2147.125, 1.0316704848519482, 38951392.56466644, 2.0274036740059812e+16, 553471307.9964309
2147.375, 1.0318479183763734, 39021362.94325123, 2.0417491447997204e+16, 553376127.0792843
2147.625, 1.032026835608737, 39091412.171164796, 2.056186223974543e+16, 553280197.3791379
2147.875, 1.0322065603641621, 39161504.29281593, 2.070708250593486e+16, 553183860.620604
2148.125, 1.0323873062348365, 39231650.6537224, 2.085317894341021e+16, 553087009.1355609
2148.375, 1.0325693532690527, 39301866.08364811, 2.100018544564525e+16, 552989502.5271192
2148.625, 1.0327519479158702, 39372110.58222206, 2.11480263676319e+16, 552891720.20097
2148.875, 1.0329363487736731, 39442450.872278534, 2.1296840080682748e+16, 552793029.5423428
2149.125, 1.0331212457960304, 39512817.45367639, 2.1446491107666156e+16, 552694089.6264607
2149.375, 1.033307599221995, 39583261.19908362, 2.1597086708013896e+16, 552594418.1710521
2149.625, 1.0334948937985506, 39653754.75380036, 2.174857587883937e+16, 552494274.5549825
2149.875, 1.0336831575533074, 39724299.6011556, 2.190096604263934e+16, 552393644.7172345
2150.125, 1.033872882399671, 39794921.6797049, 2.2054314941126324e+16, 552292282.7672156
2150.375, 1.0340631184616527, 39865570.77721572, 2.220852374801282e+16, 552190664.6867743
2150.625, 1.0342552655270083, 39936320.740804784, 2.23637496199705e+16, 552088090.2397401
2150.875, 1.0344479773041018, 40007100.46481307, 2.251984987634795e+16, 551985233.5336868
2151.125, 1.0346420976236526, 40077954.41928479, 2.2676921586378524e+16, 551881672.797974
2151.375, 1.0348373190014502, 40148866.30843388, 2.283493545956873e+16, 551777562.4127744
2151.625, 1.0350334339997111, 40219825.217450835, 2.2993873161260148e+16, 551673005.9312574
2151.875, 1.0352311994013408, 40290870.81487618, 2.315382312645561e+16, 551567626.6124734
2152.125, 1.0354295057595913, 40361944.809292436, 2.3314666683491524e+16, 551461977.7022772
2152.375, 1.0356296749062348, 40433116.46617021, 2.347655588046036e+16, 551355401.2567945
2152.625, 1.0358305736183544, 40504326.297558405, 2.3639368700490292e+16, 551248462.0098823
2152.875, 1.036032802593142, 40575605.734935015, 2.3803177202160336e+16, 551140861.244281
2153.125, 1.0362363292701156, 40646952.92903977, 2.3967982322915864e+16, 551032615.9970517
2153.375, 1.0364406400330364, 40718341.06250563, 2.413373089043183e+16, 550923981.3469274
2153.625, 1.0366468306828542, 40789827.12923519, 2.4300551524019148e+16, 550814414.3174449
2153.875, 1.0368535956085068, 40861343.07168723, 2.446830102812772e+16, 550704562.6916473
2154.125, 1.0370621366910926, 40932951.33387815, 2.4637120915217116e+16, 550593831.3050109
2154.375, 1.0372716168759506, 41004608.28994303, 2.480692051416828e+16, 550482635.3903977
2154.625, 1.0374823069201182, 41076327.97904402, 2.4977735679637068e+16, 550370841.0175395
2154.875, 1.0376945398515052, 41148127.46741088, 2.5149609365412436e+16, 550258284.4895194
2155.125, 1.0379074016009333, 41219959.47871097, 2.5322441409069656e+16, 550145417.338072
2155.375, 1.038122425292899, 41291903.013942555, 2.549641344909797e+16, 550031483.6933745
2155.625, 1.038338060548801, 41363878.017062716, 2.5671351354852972e+16, 549917248.7575145
2155.875, 1.0385553345964111, 41435937.33179725, 2.584737906287876e+16, 549802206.5195035
2156.125, 1.0387738148296222, 41508058.533434786, 2.6024451183144196e+16, 549686570.9211696
2156.375, 1.0389933297108875, 41580232.82073655, 2.62025528546441e+16, 549570426.3471829
2156.625, 1.0392146943223524, 41652501.734044, 2.638178411665396e+16, 549453373.1129228
2156.875, 1.0394366953600782, 41724803.17105589, 2.65620082169869e+16, 549336007.3959578
2157.125, 1.0396607625179288, 41797209.98965863, 2.674339783594473e+16, 549217628.1624705
2157.375, 1.0398857046508232, 41869661.29942981, 2.6925818123854816e+16, 549098820.3336698
2157.625, 1.0401120835362763, 41942185.66591334, 2.7109340434852176e+16, 548979308.7300386
2157.875, 1.0403400076620202, 42014788.35836311, 2.729398256605618e+16, 548859041.305984
2158.125, 1.0405687222408673, 42087431.11772248, 2.7479660523264716e+16, 548738387.249117
2158.375, 1.0407996698070774, 42160186.702316426, 2.7666550426811344e+16, 548616642.571581
2158.625, 1.041031298674325, 42232976.62435603, 2.7854473263781572e+16, 548494565.5380303
2158.875, 1.0412647570631273, 42305858.7008887, 2.804357093431008e+16, 548371596.263202
2159.125, 1.0414994693700255, 42378803.719104856, 2.8233779977185776e+16, 548248016.3717548
2159.375, 1.0417353363163306, 42451806.69561057, 2.8425093978104824e+16, 548123874.2091249
2159.625, 1.041973175126077, 42524908.31342323, 2.861761595139522e+16, 547998773.255434
2159.875, 1.0422117259736519, 42598045.50675173, 2.8811200210373056e+16, 547873326.267847
2160.125, 1.0424524841994023, 42671292.737571634, 2.9006031915274988e+16, 547746807.5985359
2160.375, 1.0426942243223323, 42744588.74164506, 2.9201968815590988e+16, 547619812.9464126
2160.625, 1.0429374656336041, 42817959.313444264, 2.939907914009804e+16, 547492090.580773
2160.875, 1.043182439664113, 42891415.64156619, 2.9597396124013236e+16, 547363529.5591197
2161.125, 1.0434281892693102, 42964910.3546912, 2.9796809447398236e+16, 547234593.1504084
2161.375, 1.0436764421368052, 43038528.506492525, 2.9997533988446252e+16, 547104447.0299628
2161.625, 1.0439254607085913, 43112184.27940411, 3.019936431845231e+16, 546973931.4358726
2161.875, 1.0441763026904824, 43185929.62804459, 3.0402434819771684e+16, 546842536.0498039
2162.125, 1.0444286667265625, 43259749.462561704, 3.0606714118742496e+16, 546710407.4367229
2162.375, 1.0446820934647856, 43333621.303309135, 3.0812151919826256e+16, 546577766.8826592
2162.625, 1.0449378498688764, 43407606.71033266, 3.101890869936187e+16, 546444005.8377285
2162.875, 1.0451944094511787, 43481631.17027944, 3.122680317947634e+16, 546309858.8953573
2163.125, 1.0454530835458649, 43555758.30203406, 3.1436002079356028e+16, 546174696.5805842
2163.375, 1.0457131049404897, 43629950.59126162, 3.164641660999259e+16, 546038888.3529394
2163.625, 1.045974442000162, 43704206.50805068, 3.1858048848881144e+16, 545902449.3785956
2163.875, 1.046237973855901, 43778568.137555555, 3.2071012748092724e+16, 545764959.9130144
2164.125, 1.046502349421817, 43852970.336624235, 3.22851473667055e+16, 545627066.901621
2164.375, 1.046769091563985, 43927486.06209594, 3.250064675927783e+16, 545488043.0623435
2164.625, 1.0470370496382992, 44002059.87310614, 3.2717374221999616e+16, 545348439.1774632
2164.875, 1.0473065342656234, 44076706.60813095, 3.29353743758165e+16, 545208107.0690854
2165.125, 1.0475781253405367, 44151453.54263017, 3.315472486554047e+16, 545066771.7907233
2165.375, 1.0478506039203597, 44226242.6483493, 3.3375280268078636e+16, 544925014.0300273
2165.625, 1.0481256546321376, 44301153.58263627, 3.359725627530399e+16, 544782033.3976324
2165.875, 1.0484018417609666, 44376118.11033425, 3.382047980909152e+16, 544638513.3998142
2166.125, 1.048679716346829, 44451162.21848053, 3.404502590158066e+16, 544494192.5023826
2166.375, 1.048959664266546, 44526303.67699494, 3.4270948501007516e+16, 544348889.2549748
2166.625, 1.049240546937437, 44601488.99278499, 3.4498111437273164e+16, 544203143.2493819
2166.875, 1.0495241518386509, 44676801.56072369, 3.4726744731728576e+16, 544056109.6839254
2167.125, 1.049808873982586, 44752166.12991866, 3.49566530770304e+16, 543908548.6133643
2167.375, 1.0500953854874178, 44827613.983625375, 3.518792724613162e+16, 543760142.6977315
2167.625, 1.0503840009800343, 44903159.33505128, 3.542061255137405e+16, 543610745.1431367
2167.875, 1.0506736019763157, 44978750.320809044, 3.565457478006977e+16, 543460883.2365234
2168.125, 1.0509660106698206, 45054470.80885151, 3.589004967393714e+16, 543309700.3714684
2168.375, 1.051259587144865, 45130244.91327311, 3.612683665941408e+16, 543157969.0769385
2168.625, 1.0515549868778904, 45206102.72897796, 3.6365025038619016e+16, 543005381.5191574
2168.875, 1.0518525948931305, 45282061.465426736, 3.660466941242909e+16, 542851758.7527962
2169.125, 1.0521512430455027, 45358067.688455746, 3.684562868166824e+16, 542697648.5817426
2169.375, 1.0524527105006245, 45434202.15608817, 3.708813444150985e+16, 542542219.1734182
2169.625, 1.0527554756677502, 45510395.37657488, 3.733200018950024e+16, 542386183.6414431
2169.875, 1.053060020163833, 45586669.15473124, 3.757729377327012e+16, 542229317.0365034
2170.125, 1.053366960393445, 45663050.889708616, 3.782409950419977e+16, 542071333.5270838
2170.375, 1.0536749992475105, 45739482.05232848, 3.807225934838356e+16, 541912838.1722196
2170.625, 1.0539857846592249, 45816036.424056865, 3.832198925929288e+16, 541753064.7575426
2170.875, 1.0542980872650365, 45892658.51908038, 3.857313929001218e+16, 541592586.6679392
2171.125, 1.0546120371152012, 45969354.1424782, 3.8825732971960024e+16, 541431343.500357
2171.375, 1.0549286637443023, 46046168.67502607, 3.907990775097401e+16, 541268859.4341098
2171.625, 1.0552464516199158, 46123034.65443808, 3.93354772421469e+16, 541105837.6084801
2171.875, 1.055566819069168, 46200014.6698647, 3.9592629284671e+16, 540941622.230175
2172.125, 1.0558890236071434, 46277075.502023496, 3.985127543325841e+16, 540776558.4778631
2172.375, 1.0562126445709679, 46354198.64522202, 4.0111369089006104e+16, 540610840.6151329
2172.625, 1.0565393280115518, 46431455.85080308, 4.037312725657765e+16, 540443711.2315466
2172.875, 1.056867239593454, 46508766.60146071, 4.063632212975522e+16, 540276016.6939828
2173.125, 1.0571974579064785, 46586177.832248874, 4.090109894096964e+16, 540107261.0413952
2173.375, 1.0575299447454882, 46663687.42451359, 4.116745916893104e+16, 539937463.9059778
2173.625, 1.057863696546205, 46741251.82326526, 4.1435281472599224e+16, 539767086.1975324
2173.875, 1.0582006335844456, 46818953.63784747, 4.170481902368052e+16, 539595249.0405017
2174.125, 1.0585390595000228, 46896719.36054313, 4.197586097980714e+16, 539422731.0542089
2174.375, 1.05887940197288, 46974567.348954804, 4.2248469675189896e+16, 539249336.6704806
2174.625, 1.0592225678801364, 47052535.92557662, 4.252276823096455e+16, 539074653.7922109
2174.875, 1.0595670729843174, 47130561.5437384, 4.279857320797572e+16, 538899360.433258
2175.125, 1.0599143192808969, 47208703.65164114, 4.307607220335485e+16, 538722818.6457287
2175.375, 1.0602636672587, 47286934.62382066, 4.3355189680138184e+16, 538545321.6367887
2175.625, 1.0606144123063876, 47365224.667568, 4.363584256570218e+16, 538367189.6547371
2175.875, 1.0609686713120479, 47443662.54062805, 4.39183104886737e+16, 538187463.8481133
2176.125, 1.061324348452648, 47522159.77198796, 4.4202330656621544e+16, 538007096.1352557
2176.375, 1.0616821855420833, 47600747.40612511, 4.448800635508194e+16, 537825750.7639314
2176.625, 1.062042880057266, 47679453.943837434, 4.477543396606344e+16, 537643114.76208
2176.875, 1.0624050369755669, 47758221.167745896, 4.506444133709198e+16, 537459818.9222815
2177.125, 1.0627700913809761, 47837108.29456201, 4.535522081925703e+16, 537275217.1250151
2177.375, 1.0631373739516963, 47916087.13043032, 4.564769304162893e+16, 537089613.180529
2177.625, 1.0635061652935305, 47995128.048184164, 4.5941773238557336e+16, 536903330.7234999
2177.875, 1.0638785643080806, 48074316.66620934, 4.623773910348652e+16, 536715429.1321562
2178.125, 1.0642525929556292, 48153571.65511015, 4.653534311140217e+16, 536526797.7260139
2178.375, 1.0646287127398428, 48232911.81077652, 4.6834652768945384e+16, 536337229.82528347
2178.625, 1.065008051884075, 48312382.38197611, 4.7135820554800104e+16, 536146223.2885362
2178.875, 1.065388989613839, 48391917.48005063, 4.743864531743548e+16, 535954503.42902255
2179.125, 1.065772648406237, 48471562.2162324, 4.774327972097272e+16, 535761570.25905746
2179.375, 1.066159012502854, 48551315.36990813, 4.804972881537354e+16, 535567433.45322853
2179.625, 1.0665470268904127, 48631134.544583425, 4.835786471334643e+16, 535372562.9329656
2179.875, 1.0669383557647527, 48711085.83501406, 4.866790976037007e+16, 535176221.0004424
2180.125, 1.0673319151348883, 48791125.54957114, 4.897973153106549e+16, 534978891.07921565
2180.375, 1.0677271786004938, 48871232.809307635, 4.929327052987434e+16, 534780806.3857023
2180.625, 1.0681263099227518, 48951492.57395185, 4.9608813220080504e+16, 534581012.280009
2180.875, 1.0685272397340635, 49031822.86383881, 4.992610059973975e+16, 534380425.1189817
2181.125, 1.0689303223104656, 49112237.57140972, 5.024518678445926e+16, 534178888.68232
2181.375, 1.0693369969718243, 49192792.36734021, 5.056626464800064e+16, 533975771.8895472
2181.625, 1.0697454773061335, 49273417.28054139, 5.088911214115435e+16, 533771862.1027955
2181.875, 1.0701565632378962, 49354143.252080835, 5.121384076393775e+16, 533566808.5907011
2182.125, 1.0705709141276643, 49434995.15916165, 5.154054284405617e+16, 533360325.2252602
2182.375, 1.0709871300481373, 49515918.77309094, 5.186904653570658e+16, 533153026.18312305
2182.625, 1.0714063548173045, 49596957.799282394, 5.219950749461348e+16, 532944412.5012872
2182.875, 1.0718285697796768, 49678110.88725381, 5.253193082376835e+16, 532734495.37772554
2183.125, 1.0722527113474012, 49759337.29837465, 5.286618834877258e+16, 532523739.2506539
2183.375, 1.0726802116463006, 49840691.12155644, 5.320247262703844e+16, 532311522.46959215
2183.625, 1.073110483657878, 49922149.50474588, 5.354071587350615e+16, 532098103.1649146
2183.875, 1.0735427461356142, 50003682.855658524, 5.38808265332705e+16, 531883820.87532604
2184.125, 1.0739786600215775, 50085353.18353614, 5.422302634089514e+16, 531667958.1650173
2184.375, 1.074417187325624, 50167120.99993523, 5.456718987929843e+16, 531450967.0060794
2184.625, 1.0748577712659844, 50248965.449306145, 5.491325467757114e+16, 531233088.2391614
2184.875, 1.0753022380245254, 50330953.92852529, 5.5261463358119976e+16, 531013536.94860953
2185.125, 1.0757492239110842, 50413035.32758625, 5.561164904507121e+16, 530792903.17540616
2185.375, 1.076198334837844, 50495195.04442653, 5.596377038013878e+16, 530571356.5913629
2185.625, 1.076651494695315, 50577503.263221465, 5.631808218527254e+16, 530348074.4011286
2185.875, 1.0771071476799998, 50659902.40188397, 5.667439346776605e+16, 530123726.1326647
2186.125, 1.0775649965408414, 50742381.55990113, 5.703267547124175e+16, 529898439.19776624
2186.375, 1.0780269912402876, 50825011.04530253, 5.7393186054770104e+16, 529671383.84653676
2186.625, 1.0784915254173004, 50907732.08319652, 5.775572822329125e+16, 529443247.963025
2186.875, 1.0789583287237978, 50990534.85817849, 5.812027683442175e+16, 529214146.93785757
2187.125, 1.0794293012375362, 51073487.08936057, 5.8487083023065656e+16, 528983276.37575454
2187.375, 1.0799029359038927, 51156534.215374656, 5.885596285210372e+16, 528751278.7603061
2187.625, 1.0803789152354026, 51239664.824566334, 5.922688535549951e+16, 528518289.0002968
2187.875, 1.0808590093329637, 51322941.27023307, 5.96000847975431e+16, 528283561.6104
2188.125, 1.081341969099855, 51406318.69983456, 5.997541059992671e+16, 528047627.1503604
2188.375, 1.0818273516127466, 51489781.36886609, 6.03528160198839e+16, 527810672.9123487
2188.625, 1.0823167126312054, 51573383.43218873, 6.073250785044382e+16, 527572047.14326715
2188.875, 1.0828092279232662, 51657095.374990344, 6.111438986071758e+16, 527332099.5439002
2189.125, 1.0833042465409326, 51740894.32711261, 6.149838908194598e+16, 527091103.9523346
2189.375, 1.083803021067108, 51824823.36373635, 6.1884673668588376e+16, 526848538.48500496
2189.625, 1.0843053276589782, 51908874.02913052, 6.227322362262086e+16, 526604500.55446684
2189.875, 1.0848102205085481, 51993013.4837774, 6.2663928892122936e+16, 526359385.93431103
2190.125, 1.0853185558099798, 52077270.79592329, 6.305690738315775e+16, 526112839.9679788
2190.375, 1.0858308948846047, 52161664.38873154, 6.3452238534839704e+16, 525864633.645945
2190.625, 1.0863459057732419, 52246148.56106523, 6.384976382120372e+16, 525615321.3483717
2190.875, 1.0868639506720323, 52330735.405107185, 6.424953887347761e+16, 525364754.18491006
2191.125, 1.0873865693750868, 52415476.12613607, 6.46517664144266e+16, 525112300.33264375
2191.375, 1.0879119501678347, 52500309.50499692, 6.505622922906452e+16, 524858709.6478372
2191.625, 1.0884401189459214, 52585236.26584976, 6.546294058926358e+16, 524603972.1572076
2191.875, 1.0889730073909196, 52670319.34656455, 6.5872146728439e+16, 524347298.72797024
2192.125, 1.0895090071391342, 52755505.351799525, 6.62836596236623e+16, 524089352.18873775
2192.375, 1.09004788517273, 52840786.3782491, 6.66974602290134e+16, 523830228.9683271
2192.625, 1.0905908618560485, 52926202.1631412, 6.711371108625361e+16, 523569433.21979797
2192.875, 1.091137746685689, 53011745.66403984, 6.753239711891593e+16, 523307047.06605697
2193.125, 1.0916876037878058, 53097385.947285704, 6.795341148390774e+16, 523043453.35608333
2193.375, 1.0922408202767622, 53183135.35300055, 6.837681276270888e+16, 522778496.3294628
2193.625, 1.0927988559177322, 53269040.364291176, 6.8802791861462216e+16, 522511588.999124
2193.875, 1.09335996060662, 53355043.95553803, 6.9231140679106296e+16, 522243442.69142306
2194.125, 1.0939241644158089, 53441146.91195051, 6.9661873487055944e+16, 521974046.34579355
2194.375, 1.0944930285595278, 53527398.58091802, 7.009519380230816e+16, 521702774.4971898
2194.625, 1.095065655607441, 53613769.6258329, 7.053099976140178e+16, 521429992.55719197
2194.875, 1.0956414826487155, 53700241.87621282, 7.0969232186544536e+16, 521155928.321366
2195.125, 1.096220972986337, 53786829.656845436, 7.1409958890562856e+16, 520880398.12361884
2195.375, 1.0968054033264885, 53873572.28978626, 7.1853346596048024e+16, 520602896.69792163
2195.625, 1.0973931369926961, 53960417.94256676, 7.229920371428562e+16, 520324080.4000374
2195.875, 1.0979842070283576, 54047367.42050537, 7.274754515779643e+16, 520043937.4804985
2196.125, 1.0985799305327693, 54134461.06638906, 7.319854314081293e+16, 519761948.2602924
2196.375, 1.0991798606291432, 54221684.24847171, 7.36521520948872e+16, 519478294.8794634
2196.625, 1.0997832342773217, 54309013.07330346, 7.410828916006795e+16, 519193281.6838787
2196.875, 1.100390086183384, 54396448.34802212, 7.456696952972592e+16, 518906896.5822379
2197.125, 1.1010023989799202, 54484049.79977044, 7.502844537015371e+16, 518618363.6407206
2197.375, 1.1016183741245293, 54571762.02582965, 7.549250706227648e+16, 518328394.48496014
2197.625, 1.1022379389062913, 54659582.5404848, 7.59591569216939e+16, 518037019.5093887
2197.875, 1.1028615114509834, 54747523.57822921, 7.642845691986907e+16, 517744077.4508872
2198.125, 1.1034903923575416, 54835623.259960346, 7.690057422634814e+16, 517449065.96565944
2198.375, 1.104122976818693, 54923833.046606526, 7.737532503932091e+16, 517152614.5008182
2198.625, 1.1047593025750697, 55012153.75685335, 7.785272516301824e+16, 516854710.37327754
2198.875, 1.1054000667640125, 55100605.55324375, 7.833286976523069e+16, 516555086.21714437
2199.125, 1.1060459839012493, 55189208.62335497, 7.881585479806323e+16, 516253471.13936186
2199.375, 1.1066957601081908, 55277924.41935759, 7.93015352450987e+16, 515950368.78024113
2199.625, 1.1073494348336854, 55366753.75681908, 7.978992718321898e+16, 515645766.1685679
2199.875, 1.1080077569469373, 55455717.88902691, 8.028113143906086e+16, 515339378.8155699
2200.125, 1.1086713046437482, 55544832.67065143, 8.077522718256506e+16, 515030990.79410154
2200.375, 1.1093388726730904, 55634062.78862819, 8.127208140094467e+16, 514721067.41608775
2200.625, 1.1100105023220568, 55723409.064076856, 8.177171052767003e+16, 514409595.38973784
2200.875, 1.1106867520605102, 55812886.94623798, 8.227419233162024e+16, 514096365.33212405
2201.125, 1.1113685438624208, 55902521.744625375, 8.277964651860862e+16, 513781032.92953914
2201.375, 1.1120545230270336, 55992274.473102175, 8.328792336539418e+16, 513464116.40124667
2201.625, 1.1127447326134323, 56082145.94911497, 8.379903959819608e+16, 513145602.19365364
2201.875, 1.1134392833794007, 56172138.8583807, 8.431301993798533e+16, 512825451.4145372
2202.125, 1.1141399510335126, 56262301.84183285, 8.483008416309768e+16, 512503001.8543534
2202.375, 1.1148449790073487, 56352585.33708679, 8.53500364400025e+16, 512178918.71858805
2202.625, 1.1155544121815186, 56442990.15880729, 8.587289381135486e+16, 511853188.19711083
2202.875, 1.116268295998669, 56533517.12208969, 8.639867340753202e+16, 511525796.38094926
2203.125, 1.1169878356743996, 56624198.497841135, 8.692752726767128e+16, 511196299.11059415
2203.375, 1.1177125691506078, 56715020.8139416, 8.745941211148222e+16, 510864874.55101895
2203.625, 1.1184418884160638, 56805967.007588685, 8.799426882522173e+16, 510531752.3874461
2203.875, 1.1191758407375592, 56897037.89030099, 8.853211484017286e+16, 510196918.4897724
2204.125, 1.1199145673092672, 56988236.7607036, 8.907297844694789e+16, 509860324.3276245
2204.375, 1.1206596816832992, 57079605.83310827, 8.961705697984366e+16, 509521382.58271587
2204.625, 1.121409568339664, 57171101.303450495, 9.016417526149394e+16, 509180692.5461886
2204.875, 1.1221642763743287, 57262723.97747619, 9.071435101609875e+16, 508838239.8919824
2205.125, 1.1229238554538232, 57354474.65994055, 9.12676020521418e+16, 508494010.2118716
2205.375, 1.1236887651103313, 57446364.79651911, 9.182399292415832e+16, 508147840.55009526
2205.625, 1.1244599193765432, 57538417.302093394, 9.238363901992509e+16, 507799405.71405405
2205.875, 1.1252360892636601, 57630599.48898753, 9.29464118301665e+16, 507449157.0120195
2206.125, 1.1260173262856155, 57722912.153607294, 9.351232945488826e+16, 507097079.86742705
2206.375, 1.126803682526896, 57815356.09114714, 9.40814100730971e+16, 506743159.6330756
2206.625, 1.1275954694643753, 57907938.662135996, 9.465370108704355e+16, 506387288.94715804
2206.875, 1.1283938263725546, 58000687.92215298, 9.522934224303283e+16, 506029066.50350535
2207.125, 1.1291974524486292, 58093570.08816608, 9.580819878923931e+16, 505668963.93568885
2207.375, 1.1300064016342208, 58186585.94389014, 9.639028918916006e+16, 505306966.45912325
2207.625, 1.1308207284454976, 58279736.27076494, 9.69756319836047e+16, 504943059.22813714
2207.875, 1.1316404879734476, 58373021.848085545, 9.756424578964598e+16, 504577227.33859676
2208.125, 1.1324668608214572, 58466471.13101485, 9.815627386173117e+16, 504209059.9008808
2208.375, 1.1332991591641253, 58560066.192015916, 9.875165132369896e+16, 503838806.9422511
2208.625, 1.1341370468596348, 58653798.084831595, 9.935035333801443e+16, 503466592.133952
2208.875, 1.1349805808610547, 58747667.576718375, 9.995239879191802e+16, 503092400.47532773
2209.125, 1.135829818698437, 58841675.43181335, 1.0055780664605952e+17, 502716216.9173882
2209.375, 1.136684818479224, 58935822.41096819, 1.0116659593371646e+17, 502338026.365312
2209.625, 1.1375468921521188, 59030139.164331205, 1.0177892218083774e+17, 501957380.1195985
2209.875, 1.13841498800369, 59124599.55992217, 1.0239468238130622e+17, 501574650.52557164
2210.125, 1.139289009163364, 59219200.598012805, 1.0301387867495262e+17, 501189876.7169409
2210.375, 1.140169015611379, 59313943.025569856, 1.0363653035643008e+17, 500803043.5395255
2210.625, 1.1410550679067166, 59408827.58561149, 1.0426265678971126e+17, 500414135.80351436
2210.875, 1.141947227187455, 59503855.0171199, 1.0489227740730707e+17, 500023138.2859201
2211.125, 1.1428461334818554, 59599039.426252596, 1.0552547357466062e+17, 499629839.1493278
2211.375, 1.1437519652840553, 59694383.96472694, 1.0616227641993704e+17, 499234185.84147596
2211.625, 1.144664074187753, 59789872.82337118, 1.0680262918897456e+17, 498836405.6332181
2211.875, 1.1455825232152814, 59885506.725529395, 1.0744655156779149e+17, 498436483.2778159
2212.125, 1.1465073759681048, 59981286.38969146, 1.0809406330685784e+17, 498034403.5058124
2212.375, 1.1474386966280725, 60077212.52958308, 1.0874518422097562e+17, 497630151.0270114
2212.625, 1.1483765499575818, 60173285.85403847, 1.093999341884271e+17, 497223710.53291744
2212.875, 1.1493211732358495, 60269510.89586298, 1.1005835114052754e+17, 496815009.49520206
2213.125, 1.1502734069576763, 60365905.42524072, 1.1072053553290397e+17, 496403776.42364603
2213.375, 1.1512323515560192, 60462448.49986462, 1.1138640594166784e+17, 495990318.47399443
2213.625, 1.1521980736878223, 60559140.81058313, 1.1205598248689275e+17, 495574620.3564067
2213.875, 1.1531706405914104, 60655983.04281207, 1.1272928534864794e+17, 495156666.77243197
2214.125, 1.1541501200869313, 60752975.87645786, 1.1340633476636253e+17, 494736442.4172388
2214.375, 1.1551365805761062, 60850119.98575479, 1.1408715103772048e+17, 494313931.9821243
2214.625, 1.1561300910477765, 60947416.03966159, 1.1477175452154664e+17, 493889120.15452963
2214.875, 1.1571307210930641, 61044864.70316091, 1.1546016564723382e+17, 493461991.61396635
2215.125, 1.158138924679338, 61142474.764572084, 1.1615244382792918e+17, 493032407.03973186
2215.375, 1.1591549060544408, 61240249.53175252, 1.168486225460573e+17, 492600309.53088206
2215.625, 1.1601781959718105, 61338178.14201353, 1.1754866737209586e+17, 492165859.0042726
2215.875, 1.1612088659043733, 61436261.237137325, 1.1825259894317222e+17, 491729040.2226418
2216.125, 1.1622469879070167, 61534499.45247528, 1.18960437949013e+17, 491289837.9588771
2216.375, 1.163292634616591, 61632893.41682918, 1.196722051310304e+17, 490848236.99827665
2216.625, 1.164345879287852, 61731443.755099274, 1.2038792130595963e+17, 490404222.12565875
2216.875, 1.165406795790141, 61830151.08784491, 1.2110760736241578e+17, 489957778.12912613
2217.125, 1.1664754585699724, 61929016.02826515, 1.218312842342753e+17, 489508889.8180988
2217.375, 1.1675519426394723, 62028039.18123041, 1.2255897289195427e+17, 489057542.0303184
2217.625, 1.1686363235954398, 62127221.14464999, 1.2329069435453294e+17, 488603719.6259801
2217.875, 1.169728677618517, 62226562.50930778, 1.2402646968826242e+17, 488147407.49023145
2218.125, 1.1708293223789425, 62326068.61501592, 1.2476634332688283e+17, 487688515.8698657
2218.375, 1.1719384236921853, 62425741.68218857, 1.255103446270033e+17, 487227003.2526919
2218.625, 1.1730557018269323, 62525575.18854926, 1.2625846010106008e+17, 486762965.77725714
2218.875, 1.174181234924499, 62625569.70272803, 1.270107110408269e+17, 486296388.45370287
2219.125, 1.1753151016918428, 62725725.7846416, 1.2776711876845222e+17, 485827256.3333234
2219.375, 1.1764573814201058, 62826043.986538425, 1.2852770464815326e+17, 485355554.5028812
2219.625, 1.1776081539861667, 62926524.85299855, 1.292924900863137e+17, 484881268.0859903
2219.875, 1.1787674998515765, 63027168.920778275, 1.3006149652980637e+17, 484404382.24556273
2220.125, 1.1799355000693335, 63127976.71905906, 1.3083474546958594e+17, 483924882.1830128
2220.375, 1.181112236352472, 63228948.77283993, 1.316122584856407e+17, 483442753.11217564
2220.625, 1.1822977910224814, 63330085.60015297, 1.3239405721101922e+17, 482957980.28262454
2220.875, 1.1834922469587128, 63431387.70939408, 1.3318016329687141e+17, 482470549.0023237
2221.125, 1.184695687619269, 63532855.600314625, 1.3397059842559138e+17, 481980444.6309171
2221.375, 1.1859081970506824, 63634489.76442867, 1.3476538431631973e+17, 481487652.57765025
2221.625, 1.1871298598866808, 63736290.68486615, 1.355645427231116e+17, 480992158.30374414
2221.875, 1.1883607612866998, 63838258.83362058, 1.363680953931668e+17, 480493947.3490913
2222.125, 1.1896009872016198, 63940394.68297482, 1.3717606424196245e+17, 479993005.22665733
2222.375, 1.1908506242809063, 64042698.70126856, 1.3798847128993331e+17, 479489317.4624359
2222.625, 1.1921097594356431, 64145171.33401109, 1.3880533837204618e+17, 478982869.7733529
2222.875, 1.1933784803357608, 64247813.02527457, 1.3962668746646352e+17, 478473647.8682609
2223.125, 1.1946568752372555, 64350624.21013646, 1.4045254057880694e+17, 477961637.51953757
2223.375, 1.1959450329820465, 64453605.31459857, 1.4128291974102835e+17, 477446824.56485665
2223.625, 1.1972430430036252, 64556756.75572743, 1.4211784701406344e+17, 476929194.9066305
2223.875, 1.1985509954288243, 64660078.94540662, 1.4295734455317763e+17, 476408734.4732657
2224.125, 1.1998689810711982, 64763572.28995779, 1.4380143460195222e+17, 475885429.2238747
2224.375, 1.2011970912576027, 64867237.18353727, 1.44650139377626e+17, 475359265.218982
2224.625, 1.202535417875763, 64971074.00988636, 1.4550348110141046e+17, 474830228.6030382
2224.875, 1.2038840534136879, 65075083.14374832, 1.463614820231314e+17, 474298305.5903668
2225.125, 1.205243090960593, 65179264.95083553, 1.472241644206383e+17, 473763482.4664273
2225.375, 1.206612624207855, 65283619.78779926, 1.4809155059921808e+17, 473225745.58905166
2225.625, 1.2079927474500127, 65388148.00220292, 1.489636628910233e+17, 472685081.38964456
2225.875, 1.2093835555858015, 65492849.93249815, 1.4984052365450506e+17, 472141476.37435645
2226.125, 1.2107851441192432, 65597725.90800505, 1.5072215527386627e+17, 471594917.1252179
2226.375, 1.2121976091607554, 65702776.24889349, 1.5160858015850784e+17, 471045390.3012527
2226.625, 1.2136210474283264, 65808001.26616948, 1.5249982074250384e+17, 470492882.639549
2226.875, 1.2150555562487284, 65913401.26166385, 1.5339589948407923e+17, 469937380.9563022
2227.125, 1.2165015462790671, 66018981.39924247, 1.5429686429505693e+17, 469378788.3333964
2227.375, 1.2179592250983657, 66124743.545812555, 1.552027462177796e+17, 468817063.6886846
2227.625, 1.2194283150254077, 66230682.04897001, 1.5611353701261155e+17, 468252295.63794786
2227.875, 1.220908916377421, 66336797.167227745, 1.570292592683988e+17, 467684471.3162653
2228.125, 1.2224011300990587, 66443089.14980296, 1.5794993560208618e+17, 467113577.93975955
2228.375, 1.2239050577646993, 66549558.236625805, 1.58875588658692e+17, 466539602.806179
2228.625, 1.2254208015808008, 66656204.65834993, 1.598062411112932e+17, 465962533.29545134
2228.875, 1.2269484643883493, 66763028.63636746, 1.607419156610437e+17, 465382356.87019324
2229.125, 1.2284881496653797, 66870030.382826395, 1.616826350372127e+17, 464799061.07618564
2229.375, 1.2300399615295778, 66977210.10065139, 1.6262842199724765e+17, 464212633.5428111
2229.625, 1.2316040047409655, 67084567.9835676, 1.6357929932686374e+17, 463623061.98345405
2229.875, 1.2331813021629576, 67192117.37747495, 1.6453535970589603e+17, 463030100.60334927
2230.125, 1.2347713672886056, 67299849.74283314, 1.6549658000826157e+17, 462433890.5342382
2230.375, 1.2363740318247605, 67407761.25934973, 1.664629619837828e+17, 461834490.22326577
2230.625, 1.2379894033359204, 67515852.06543194, 1.674345283569959e+17, 461231887.8572035
2230.875, 1.2396175899503923, 67624122.28612019, 1.6841130182536096e+17, 460626071.743324
2231.125, 1.2412587006227522, 67732572.0456142, 1.693933052166772e+17, 460017030.21301264
2231.375, 1.2429128449581237, 67841201.4586245, 1.703805613804232e+17, 459404751.6888453
2231.625, 1.2445807008753522, 67950018.32854618, 1.7137313444641398e+17, 458789085.1221229
2231.875, 1.2462628399595406, 68059028.79083653, 1.72371079949733e+17, 458169908.20253056
2232.125, 1.247958398835828, 68168219.6018042, 1.7337434948231203e+17, 457547450.54935384
2232.375, 1.2496674901591627, 68277590.82953836, 1.7438296592818448e+17, 456921701.0164151
2232.625, 1.251390227235657, 68387142.53214079, 1.753969521841105e+17, 456292648.5558342
2232.875, 1.2531267240246573, 68496874.75773516, 1.7641633115908227e+17, 455660282.2184519
2233.125, 1.25487784850878, 68606797.26401588, 1.774411782956865e+17, 455024411.5958537
2233.375, 1.256644129455427, 68716915.16661, 1.784715443484266e+17, 454384930.227024
2233.625, 1.25842457248755, 68827214.04184839, 1.795073743712759e+17, 453742093.4427837
2233.875, 1.2602192946082973, 68937693.88459505, 1.8054869125492384e+17, 453095890.76808393
2234.125, 1.2620284134858817, 69048354.67993905, 1.8159551789961907e+17, 452446311.8289314
2234.375, 1.2638526929239087, 69159204.3784051, 1.8264792058919277e+17, 451793196.5994723
2234.625, 1.2656931668337, 69270253.99196744, 1.8370598266190525e+17, 451136325.6302479
2234.875, 1.2675484538167998, 69381484.78761533, 1.8476962559894528e+17, 450476038.8451211
2235.125, 1.2694186747183667, 69492896.70537896, 1.858388723137442e+17, 449812326.32881826
2235.375, 1.2713039510565987, 69604489.67501432, 1.8691374572357974e+17, 449145178.2708066
2235.625, 1.2732063274688432, 69716286.33714604, 1.8799439312647664e+17, 448474150.9461576
2235.875, 1.2751245882181896, 69828270.39329554, 1.8908074923951478e+17, 447799541.5240837
2236.125, 1.2770583349577205, 69940435.51541625, 1.90172802973374e+17, 447121459.0438277
2236.375, 1.27900769240977, 70052781.58511728, 1.9127057722665923e+17, 446439894.1752485
2236.625, 1.2809746959227528, 70165330.22071578, 1.923742145144328e+17, 445754416.2743344
2236.875, 1.2829584094328192, 70278068.78318785, 1.9348366953747363e+17, 445065255.32753074
2237.125, 1.2849581760048212, 70390988.10274744, 1.9459891573056944e+17, 444372576.22885484
2237.375, 1.2869741235695409, 70504088.0043004, 1.9571997593786195e+17, 443676370.1512969
2237.625, 1.2890092406614027, 70617399.65157267, 1.9684704629200458e+17, 442976011.78223026
2237.875, 1.2910609562863216, 70730892.75810865, 1.9797998395273805e+17, 442272080.5767447
2238.125, 1.293129307334757, 70844566.07531138, 1.9911880601425504e+17, 441564588.37668234
2238.375, 1.2952160206578769, 70958436.33820267, 2.0026362932262458e+17, 440853189.19296753
2238.625, 1.297321260328085, 71072503.25658022, 2.0141447689609616e+17, 440137872.7656312
2238.875, 1.2994435994611717, 71186749.86470503, 2.0257127898725754e+17, 439418962.7207219
2239.125, 1.3015840688975435, 71301185.1383931, 2.0373410975041123e+17, 438696264.8352393
2239.375, 1.3037444429294693, 71415825.34623572, 2.0490308443262445e+17, 437969434.97127366
2239.625, 1.305922390197099, 71530644.57275958, 2.0607808345472022e+17, 437238980.2733187
2239.875, 1.308118840257774, 71645650.41519186, 2.0725917700780394e+17, 436504730.7118585
2240.125, 1.3103359921554845, 71760862.82370538, 2.084464932343974e+17, 435766265.03097606
2240.375, 1.3125712015064663, 71876253.43806005, 2.0963990362528502e+17, 435024144.5197923
2240.625, 1.3148258934883073, 71991834.34652537, 2.1083950033415005e+17, 434278104.9233512
2240.875, 1.3171015093156966, 72107617.37429918, 2.1204537461907062e+17, 433527883.9470385
2241.125, 1.319395675655912, 72223577.63510728, 2.1325741190373104e+17, 432773979.9600187
2241.375, 1.321710953510971, 72339737.3880955, 2.1447576191547136e+17, 432015911.6931622
2241.625, 1.324046750706248, 72456088.85980608, 2.1570040630631053e+17, 431253822.80961573
2241.875, 1.3264016018322418, 72572616.44474919, 2.1693128228493584e+17, 430488024.08803236
2242.125, 1.328779859929454, 72689357.84041296, 2.181686272433351e+17, 429717699.3897999
2242.375, 1.3311775937653065, 72806275.03883307, 2.1941225253815053e+17, 428943634.88061357
2242.625, 1.3335970679434657, 72923386.28156623, 2.206622861210953e+17, 428165423.0475294
2242.875, 1.3360385892230875, 73040692.01386449, 2.219187561007115e+17, 427383033.87970245
2243.125, 1.3385004764947857, 73158175.31366915, 2.2318159213487946e+17, 426596811.9253589
2243.375, 1.3409867042297419, 73275868.26745966, 2.2445100127050896e+17, 425806041.24501747
2243.625, 1.3434932544829623, 73393734.13454652, 2.2572680111374326e+17, 425011499.38629997
2243.875, 1.3460240925328966, 73511804.1455159, 2.2700919410671702e+17, 424212481.96508765
2244.125, 1.3485766687806688, 73630054.63732952, 2.282980718294466e+17, 423409486.8501308
2244.375, 1.35115294578773, 73748499.4385085, 2.2959353828099206e+17, 422602185.96287453
2244.625, 1.3537525020923276, 73867132.74950875, 2.3089558637955184e+17, 421790685.43797666
2244.875, 1.3563754936785368, 73985953.37402496, 2.322042348961171e+17, 420974988.2153599
2245.125, 1.359022999075797, 74104967.4772644, 2.3351954498424976e+17, 420154932.10680026
2245.375, 1.3616940050659765, 74224164.57554846, 2.3484148283754182e+17, 419330728.5511958
2245.625, 1.3643904443825199, 74343557.19100867, 2.361701459654554e+17, 418502068.4673916
2245.875, 1.3671107884319427, 74463131.05380793, 2.375054787344532e+17, 417669251.67152923
2246.125, 1.3698571610673977, 74582899.70536606, 2.3884758463791734e+17, 416831941.4321283
2246.375, 1.3726281904784379, 74702850.2772291, 2.401964159619295e+17, 415990407.7290172
2246.625, 1.3754255109436189, 74822992.27244012, 2.4155205324236406e+17, 415144403.2447004
2246.875, 1.3782485970460427, 74943319.14095737, 2.4291448486743312e+17, 414294052.1813112
2247.125, 1.3810978950594806, 75063831.57124025, 2.4428374093544832e+17, 413439311.47055036
2247.375, 1.3839744341509188, 75184533.95997407, 2.4565987302760403e+17, 412580045.61501837
2247.625, 1.38687675692071, 75305413.68125103, 2.4704283512339635e+17, 411716528.1709711
2247.875, 1.3898081717192492, 75426490.43943547, 2.4843276680676925e+17, 410848252.7795994
2248.125, 1.3927651851186518, 75547738.06269006, 2.4982954371289946e+17, 409975823.10716724
2248.375, 1.3957523189196461, 75669183.72438192, 2.512333487391819e+17, 409098544.1313007
2248.625, 1.3987664769856012, 75790804.24625504, 2.526440744887777e+17, 408216950.7803282
2248.875, 1.4018094254015452, 75912608.39260064, 2.5406179788108886e+17, 407330795.58435184
2249.125, 1.4048822150899936, 76034599.7376509, 2.5548656578694586e+17, 406439952.6158136
2249.375, 1.4079827250359211, 76156762.36142541, 2.569183125775418e+17, 405544788.9940114
2249.625, 1.4111150172426028, 76279118.16989353, 2.5835719186680704e+17, 404644712.7497512
2249.875, 1.414276536856425, 76401648.59309644, 2.5980312267227347e+17, 403740158.24747187
2250.125, 1.4174675469760196, 76524352.55852075, 2.6125612526150723e+17, 402831119.6126163
2250.375, 1.4206916322500454, 76647247.74934678, 2.6271632873600432e+17, 401917096.29676896
2250.625, 1.4239456678413571, 76770313.07992128, 2.6418363714368483e+17, 400998598.7121645
2250.875, 1.4272307418436292, 76893551.95440799, 2.6565809671244445e+17, 400075500.6881688
2251.125, 1.4305498303774995, 77016977.52881989, 2.6713981038857808e+17, 399147406.85051477
2251.375, 1.4339002763394335, 77140572.09943958, 2.6862870158319738e+17, 398214748.47633606
2251.625, 1.4372825881478244, 77264335.56739128, 2.701247964354674e+17, 397277488.6880273
2251.875, 1.4407004642201036, 77388283.94168389, 2.7162821520759667e+17, 396335140.43613905
2252.125, 1.4441513301400817, 77512400.4969316, 2.7313888688087062e+17, 395388116.0694265
2252.375, 1.4476355286869556, 77636683.97519258, 2.746568306369856e+17, 394436406.67332345
2252.625, 1.451154693917718, 77761139.28777689, 2.761821017164711e+17, 393479825.84253937
2252.875, 1.45471010298481, 77885769.0756677, 2.777147420624382e+17, 392518243.82653785
2253.125, 1.458300354247293, 78010563.24909016, 2.7925471907009187e+17, 391551898.429748
2253.375, 1.4619259942950291, 78135521.19066529, 2.808020555066726e+17, 390580757.4690579
2253.625, 1.465588170779408, 78260644.82640398, 2.8235678923379382e+17, 389604710.3656441
2253.875, 1.4692887588683767, 78385938.85116158, 2.8391897473783952e+17, 388623555.640186
2254.125, 1.4730263078358405, 78511393.2713613, 2.8548857987524262e+17, 387637533.60951287
2254.375, 1.4768013877314, 78637007.15766013, 2.8706562563120723e+17, 386646614.66108704
2254.625, 1.4806145749809485, 78762779.4975454, 2.886501324504016e+17, 385650769.914712
2254.875, 1.4844666696434596, 78888710.05813621, 2.902421253116904e+17, 384649943.6939096
2255.125, 1.4883597436540206, 79014803.33458404, 2.918416569925186e+17, 383643923.5581015
2255.375, 1.492292576476338, 79141050.71366149, 2.934487029547288e+17, 382632914.9648224
2255.625, 1.496265768822644, 79267450.87253542, 2.950632817932758e+17, 381616891.5855955
2255.875, 1.5002799284548314, 79394002.39195536, 2.966854117311981e+17, 380595827.7078146
2256.125, 1.5043356693757328, 79520703.7854791, 2.9831511024532506e+17, 379569698.45319885
2256.375, 1.508433612268321, 79647553.48659271, 2.99952394231502e+17, 378538479.67593044
2256.625, 1.512574384588622, 79774549.84770337, 3.01597280018397e+17, 377502147.9503998
2256.875, 1.516758792688603, 79901691.69870059, 3.032497866656685e+17, 376460660.4540378
2257.125, 1.5209880299940697, 80028978.92362636, 3.049099393736757e+17, 375413931.985543
2257.375, 1.525261887077693, 80156406.81436868, 3.0657773602307437e+17, 374362042.0807327
2257.625, 1.5295810173390578, 80283973.41243145, 3.082531910431098e+17, 373304969.7687662
2257.875, 1.5339460814306556, 80411676.67105243, 3.0993631836513e+17, 372242694.73530424
2258.125, 1.538357746715301, 80539514.4807578, 3.1162713117072186e+17, 371175197.4659071
2258.375, 1.542816687699782, 80667484.65379319, 3.133256420457469e+17, 370102459.1501525
2258.625, 1.5473235861006904, 80795584.92425571, 3.1503186297972934e+17, 369024461.6766766
2258.875, 1.5518791308963529, 80923812.94886078, 3.1674580535921184e+17, 367941187.63161397
2259.125, 1.5564840183791089, 81052166.3077358, 3.184674799610433e+17, 366852620.29693604
2259.375, 1.5611389522778922, 81180642.50167553, 3.201968969736403e+17, 365758743.6323005
2259.625, 1.5658446444782943, 81309238.91928424, 3.219340662552194e+17, 364659542.1182769
2259.875, 1.5706018142155818, 81437952.88221404, 3.23678996977221e+17, 363555000.9586694
2260.125, 1.5754111880911006, 81566781.64776897, 3.254316976040068e+17, 362445106.08625484
2260.375, 1.5802737184190485, 81695722.84116249, 3.271921786140139e+17, 361329822.2551835
2260.625, 1.5851908872958842, 81824774.96345052, 3.2896045550812166e+17, 360209064.12715834
2260.875, 1.590162652262159, 81953933.34048873, 3.3073652468732806e+17, 359082900.4400287
2261.125, 1.5951897733745597, 82083194.9041094, 3.325203918968608e+17, 357951320.07013637
2261.375, 1.6002730189108096, 82212556.4960349, 3.34312062354254e+17, 356814312.4851284
2261.625, 1.605413165655587, 82342014.85581267, 3.36111540825719e+17, 355671867.6930174
2261.875, 1.6106109980610883, 82471566.67602818, 3.379188312704118e+17, 354523976.44107413
2262.125, 1.6158673086766961, 82601208.58103852, 3.397339369775428e+17, 353370630.12951505
2262.375, 1.6211847702827247, 82730939.71796937, 3.4155687591766285e+17, 352211650.3251283
2262.625, 1.626563005514142, 82860754.61146215, 3.433876384027903e+17, 351047142.29919297
2262.875, 1.6320023335032874, 82990648.91941807, 3.452262212095611e+17, 349877145.7526045
2263.125, 1.6375035827807483, 83120618.95924148, 3.4707262478090035e+17, 348701654.8667826
2263.375, 1.6430681451158082, 83250661.5310593, 3.489268525569469e+17, 347520616.38411343
2263.625, 1.6486990656969127, 83380774.87277979, 3.5078891592617856e+17, 346333839.19461066
2263.875, 1.6543946448950047, 83510952.1448083, 3.52658796124734e+17, 345141543.2672086
2264.125, 1.660155748870495, 83641189.35007454, 3.545364907666459e+17, 343943725.4237216
2264.375, 1.6659854308562518, 83771484.10362022, 3.564220063486899e+17, 342740204.1561126
2264.625, 1.6718843252154547, 83901831.68702523, 3.583153354728127e+17, 341531003.91681725
2264.875, 1.6778516074754972, 84032226.44116667, 3.602164652288555e+17, 340316266.4946215
2265.125, 1.6838904011095484, 84162665.26639922, 3.621253970641113e+17, 339095816.2681621
2265.375, 1.6900019218132845, 84293143.54345754, 3.64042123172175e+17, 337869635.7777852
2265.625, 1.6961847945875967, 84423655.42579317, 3.65966628762181e+17, 336637909.4679177
2265.875, 1.7024440331109993, 84554197.7895003, 3.6789891295792474e+17, 335400329.91509426
2266.125, 1.7087778264944191, 84684764.59365298, 3.698389591833388e+17, 334157116.0952798
2266.375, 1.7151880409036202, 84815351.15127045, 3.717867573146633e+17, 332908207.29867977
2266.625, 1.721677495593068, 84945952.64970279, 3.737422958375693e+17, 331653477.3582949
2266.875, 1.7282443139255672, 85076563.40268159, 3.757055596747668e+17, 330393145.11216086
2267.125, 1.7348942911268668, 85207178.42561366, 3.77676533768385e+17, 329126878.0171635
2267.375, 1.7416234958909198, 85337792.1796111, 3.796552039368339e+17, 327855039.0079004
2267.625, 1.7484389785096308, 85468398.8108772, 3.816415478827988e+17, 326577221.41350424
2267.875, 1.7553365098117735, 85598993.24455984, 3.836355536588101e+17, 325293803.0723592
2268.125, 1.762322605486792, 85729568.7919117, 3.8563719280089235e+17, 324004429.08256346
2268.375, 1.7693945650482008, 85860120.40269615, 3.876464522004415e+17, 322709369.2823334
2268.625, 1.7765565095276676, 85990641.2919818, 3.896633030989546e+17, 321408440.16368634
2268.875, 1.7838091642738492, 86121125.42151153, 3.9168772276770003e+17, 320101687.01224136
2269.125, 1.7911523231318955, 86251567.40213487, 3.9371969270794816e+17, 318789211.2230985
2269.375, 1.7985921081837484, 86381958.39059418, 3.957591675596064e+17, 317470722.9730694
2269.625, 1.8061255620491579, 86512294.23638995, 3.978061372548474e+17, 316146499.74611175
2269.875, 1.8137555024699774, 86642567.68696547, 3.998605677193089e+17, 314816460.7483818
2270.125, 1.821486316954396, 86772769.85158247, 4.019224123832225e+17, 313480441.4969296
2270.375, 1.8293163858983965, 86902896.09082367, 4.039916554891585e+17, 312138634.70912945
2270.625, 1.8372477032433623, 87032939.26660386, 4.06068261946782e+17, 310791018.8014463
2270.875, 1.8452849165836689, 87162889.59278126, 4.0815217651213e+17, 309437428.83137566
2271.125, 1.85342809512918, 87292741.06462929, 4.102433711110677e+17, 308077963.1335539
2271.375, 1.8616784431092708, 87422486.79328893, 4.123418104538613e+17, 306712654.8345655
2271.625, 1.8700380770951812, 87552118.90394288, 4.144474514480518e+17, 305341489.2709221
2271.875, 1.878509146931185, 87681629.36390257, 4.165602488642783e+17, 303964453.59084946
2272.125, 1.8870959174578532, 87811007.47630219, 4.1868013699353056e+17, 302581431.0332005
2272.375, 1.895798308964224, 87940247.41176313, 4.20807085004827e+17, 301192532.71545583
2272.625, 1.9046185046041637, 88069340.75979257, 4.229410421542161e+17, 299797753.77872473
2272.875, 1.9135587844325963, 88198278.8572393, 4.2508195495998214e+17, 298397087.9059657
2273.125, 1.922621463898518, 88327052.89002614, 4.2722976776013024e+17, 296990530.4802223
2273.375, 1.9318088942998155, 88455653.89710017, 4.293844226996886e+17, 295578078.5623177
2273.625, 1.9411234632152605, 88584072.77170643, 4.315458597124979e+17, 294159730.8727277
2273.875, 1.9505675949765613, 88712300.2665792, 4.337140165095037e+17, 292735487.7679533
2274.125, 1.9601437508372286, 88840326.97695433, 4.3588882850591206e+17, 291305351.2627651
2274.375, 1.969854429595293, 88968143.35770077, 4.3807022883922726e+17, 289869324.9838237
2274.625, 1.9797021683818024, 89095739.7501204, 4.402581484161507e+17, 288427414.10129493
2274.875, 1.9896895429903572, 89223106.37479995, 4.4245251586694976e+17, 286979625.33005583
2275.125, 1.9998191683879685, 89350233.33743984, 4.446532575347344e+17, 285525966.90444034
2275.375, 2.010093698945452, 89477110.6233206, 4.468602974069738e+17, 284066448.5936298
2275.625, 2.020516222509945, 89603727.3852823, 4.490735516404755e+17, 282601066.42857593
2275.875, 2.031091486454968, 89730069.6760141, 4.5129291090069664e+17, 281129757.4423161
2276.125, 2.0418202535306778, 89856130.69505449, 4.535183188411367e+17, 279652616.2724794
2276.375, 2.052705350226057, 89981899.99156733, 4.557496896197669e+17, 278169658.9228948
2276.625, 2.063749645223766, 90107367.02946186, 4.579869349820573e+17, 276680902.79782885
2276.875, 2.074959192886109, 90232515.01906355, 4.6022991595144557e+17, 275186257.0129513
2277.125, 2.0863354667374905, 90357335.9555368, 4.6247855978955315e+17, 273685798.95234793
2277.375, 2.097880240640541, 90481821.42819484, 4.647327890236082e+17, 272179594.4457476
2277.625, 2.1095999806265584, 90605953.60447451, 4.6699244981954016e+17, 270667555.20044327
2277.875, 2.121497064395398, 90729722.82865278, 4.6925745037508384e+17, 269149735.3908304
2278.125, 2.1335728708701085, 90853121.64579323, 4.715277144956676e+17, 267626221.29882568
2278.375, 2.145836685531482, 90976126.09340857, 4.738030313118324e+17, 266096855.52997458
2278.625, 2.1582856918783446, 91098737.67173651, 4.760833919285274e+17, 264561859.9654042
2278.875, 2.1709303465036336, 91220929.77773629, 4.783685581149856e+17, 263021056.77194846
2279.125, 2.1837681673236915, 91342703.5941096, 4.806585143290328e+17, 261474656.15937984
2279.375, 2.1968103998295905, 91464030.6125538, 4.829529996059664e+17, 259922475.63086155
2279.625, 2.2100547537928827, 91584911.96194388, 4.852519933948429e+17, 258364720.28658506
2279.875, 2.2235103391592, 91705323.79795639, 4.875552661060765e+17, 256801282.1399768
2280.125, 2.237179712128861, 91825256.82512346, 4.898627052200409e+17, 255232238.0696937
2280.375, 2.2510659752326125, 91944700.7470398, 4.9217418723357664e+17, 253657649.83653066
2280.625, 2.265178049602109, 92063632.18475991, 4.9448947427699136e+17, 252077438.45334443
2280.875, 2.2795183211206447, 92182042.67647895, 4.9680845103954234e+17, 250491694.3817347
2281.125, 2.2940911099245525, 92299919.58034548, 4.991309636346108e+17, 248900461.11480635
2281.375, 2.3089019842551237, 92417247.54149358, 5.0145683077234144e+17, 247303756.97430363
2281.625, 2.3239578769059115, 92534008.18990533, 5.03785840363736e+17, 245701576.01256958
2281.875, 2.3392643270424656, 92650186.54530573, 5.0611780522571e+17, 244093950.08373708
2282.125, 2.3548257121471, 92765770.55641784, 5.084525599677956e+17, 242480939.28421408
2282.375, 2.370648043049292, 92880744.59062342, 5.107899029539198e+17, 240862572.70768753
2282.625, 2.3867374493373106, 92995092.96406008, 5.1312962708308634e+17, 239238882.237799
2282.875, 2.403100183217011, 93108799.9618409, 5.154715200296444e+17, 237609902.29318494
2283.125, 2.4197426207753936, 93221849.84980948, 5.178153640836239e+17, 235975669.84415725
2283.375, 2.4366712631111738, 93334226.88468829, 5.201609359790834e+17, 234336224.43909425
2283.625, 2.4538927369092844, 93445915.32229908, 5.225080066537665e+17, 232691608.27953404
2283.875, 2.471413799839857, 93556899.44416325, 5.2485634167356064e+17, 231041865.83522698
2284.125, 2.48924398505998, 93667157.36394258, 5.272056414079622e+17, 229387001.4234682
2284.375, 2.507388985061363, 93776676.57868785, 5.2955568890070496e+17, 227727088.82730383
2284.625, 2.5258553727398687, 93885442.88907172, 5.319062454083967e+17, 226062190.07853973
2284.875, 2.5446504670552867, 93993440.75024946, 5.3425705302682726e+17, 224392359.20022914
2285.125, 2.563786437790587, 94100643.74911721, 5.366077384513875e+17, 222717586.18119594
2285.375, 2.5832683789917503, 94207042.41163583, 5.3895808843333965e+17, 221037969.68630096
2285.625, 2.603103538075506, 94312622.68309857, 5.413078383059497e+17, 219353579.26376033
2285.875, 2.62330655167929, 94417353.97119503, 5.4365654589074406e+17, 217664393.75764763
2286.125, 2.6438787650358813, 94521236.83674002, 5.460040805431895e+17, 215970568.98378924
2286.375, 2.664838561969957, 94624233.23685588, 5.483499029432841e+17, 214272053.05507532
2286.625, 2.686187411935706, 94726344.43001299, 5.506938757098931e+17, 212569004.81446335
2286.875, 2.7079412789445807, 94827540.18885483, 5.530355144378182e+17, 210861414.86785093
2287.125, 2.7301081129796865, 94927805.57338566, 5.553745091558281e+17, 209149381.4577363
2287.375, 2.7526972847106626, 95027127.71811274, 5.577105342464319e+17, 207432977.55377114
2287.625, 2.775722913315512, 95125481.44870357, 5.60043133808371e+17, 205712240.0215023
2287.875, 2.7991965534083585, 95222848.23593558, 5.6237191206193005e+17, 203987239.04471236
2288.125, 2.8231281691039523, 95319213.73113121, 5.646965101844776e+17, 202258063.89737782
2288.375, 2.847530505526911, 95414558.50371653, 5.6701649900025434e+17, 200524782.16007742
2288.625, 2.872416615123601, 95508863.21252975, 5.693314383613766e+17, 198787465.15380442
2288.875, 2.897799853739444, 95602108.42394206, 5.716408762549879e+17, 197046188.4913692
2289.125, 2.9236939237197492, 95694275.3568969, 5.739443516050733e+17, 195301029.42638123
2289.375, 2.9501128406691675, 95785345.02040838, 5.762413910144975e+17, 193552069.48067755
2289.625, 2.977070953678749, 95875298.54562765, 5.78531509748975e+17, 191799393.35313413
2289.875, 3.004582980592774, 95964117.76769379, 5.8081421361149e+17, 190043086.9822094
2290.125, 3.032666103254424, 96051779.80520557, 5.830889397596276e+17, 188283228.24984208
2290.375, 3.0613378858869735, 96138262.49771647, 5.853551141638642e+17, 186519899.0863961
2290.625, 3.090611091665785, 96223554.56049559, 5.87612286263428e+17, 184753212.74104768
2290.875, 3.120505627557471, 96307630.74829376, 5.898598159801843e+17, 182983248.94464782
2291.125, 3.1510408532911267, 96390468.70224461, 5.920970767970268e+17, 181210096.62896726
2291.375, 3.182232282871344, 96472054.36808395, 5.943235395262845e+17, 179433869.01644003
2291.625, 3.214103031627302, 96552360.7667099, 5.965384764079158e+17, 177654648.12643263
2291.875, 3.2466718553913525, 96631370.03398277, 5.987412707745887e+17, 175872542.6409935
2292.125, 3.279957588059567, 96709065.50524472, 6.009313037533327e+17, 174087663.41060656
2292.375, 3.3139866549063806, 96785417.73369575, 6.031077556253583e+17, 172300098.67624262
2292.625, 3.3487802905864212, 96860408.19479705, 6.052699420469193e+17, 170509961.98228556
2292.875, 3.38436086852992, 96934017.6609327, 6.074171488194225e+17, 168717366.1831897
2293.125, 3.420753539964881, 97006223.01845765, 6.095485875849844e+17, 166922420.45807922
2293.375, 3.457984206317854, 97077001.67688657, 6.116634506255502e+17, 165125236.47225025
2293.625, 3.496079540908703, 97146331.50287543, 6.137609105486706e+17, 163325928.13157862
2293.875, 3.535067000840657, 97214190.21065834, 6.158401198715428e+17, 161524611.8229289
2294.125, 3.5749748641070656, 97280555.88420495, 6.179002110010857e+17, 159721405.50241187
2294.375, 3.615839266152354, 97345395.55071099, 6.1994011022642e+17, 157916416.89479846
2294.625, 3.6576852180129897, 97408695.64324391, 6.219590406004657e+17, 156109777.5852898
2294.875, 3.700545687271438, 97470431.57569076, 6.239560179624612e+17, 154301606.61924192
2295.125, 3.744461300821609, 97530569.42965095, 6.259298598398424e+17, 152492015.93691227
2295.375, 3.7894609487144963, 97589094.81079662, 6.278796986842893e+17, 150681135.39404124
2295.625, 3.835586598580163, 97645975.60125609, 6.298043273688216e+17, 148869080.0605538
2295.875, 3.8828784651537225, 97701184.66023538, 6.31702591818031e+17, 147055969.74585614
2296.125, 3.9313748820403154, 97754699.56760417, 6.335733962121078e+17, 145241925.33982697
2296.375, 3.9811204410286347, 97806491.73098603, 6.35415489695485e+17, 143427061.83043566
2296.625, 4.0321614532874355, 97856532.72274648, 6.372275879886766e+17, 141611492.17071784
2296.875, 4.084546045375089, 97904794.34759954, 6.390083726687967e+17, 139795326.11336088
2297.125, 4.138324291367241, 97951248.87068209, 6.40756491053795e+17, 137978668.08999524
2297.375, 4.193548342845692, 97995869.33503994, 6.424705552350703e+17, 136161615.5654362
2297.625, 4.250276376529797, 98038624.78905468, 6.441490433484748e+17, 134344256.7376853
2297.875, 4.308570301177387, 98079484.10823393, 6.457903647798633e+17, 132526668.87744962
2298.125, 4.368486872965921, 98118427.23708507, 6.473930941069961e+17, 130708915.19989902
2298.375, 4.430101395024394, 98155418.00760497, 6.489553691253356e+17, 128891039.02116999
2298.625, 4.493481781098103, 98190436.06891325, 6.504755662993984e+17, 127073060.11438593
2298.875, 4.558704856171719, 98223459.72634351, 6.519518964812942e+17, 125254964.70278189
2299.125, 4.625855814382886, 98254469.03243342, 6.533824305542702e+17, 123436699.63651165
2299.375, 4.695026253580298, 98283452.26742631, 6.547651789368558e+17, 121618153.67192723
2299.625, 4.766315581211054, 98310410.80616714, 6.560980882076364e+17, 119799135.27928367
2299.875, 4.839833458874188, 98335366.67359594, 6.573790436336465e+17, 117979329.87753667
2300.125, 4.9256054311170505, 98361182.9556301, 6.587588330466796e+17, 115924836.11284783
2300.375, 5.004319978337595, 98382135.60694937, 6.59921286093928e+17, 114101417.1663096
2300.625, 5.0857383758990755, 98401417.22632214, 6.61024112803066e+17, 112274749.46390909
2300.875, 5.170010482105922, 98418597.22054628, 6.620645594291003e+17, 110444650.4129102
2301.125, 5.257135895203624, 98431814.4442382, 6.630397729718761e+17, 108614274.70915478
2301.375, 5.346826570085744, 98437471.026834, 6.639469822229836e+17, 106792317.82380407
2301.625, 5.438421650172786, 98430869.7211461, 6.647837696005036e+17, 104993698.38879442
2301.875, 5.530887412078447, 98407506.54378262, 6.655483918781955e+17, 103238406.19980793
2302.125, 5.62289653541171, 98364387.57951316, 6.662400718545752e+17, 101549085.71790853
2302.375, 5.712958962093274, 98300854.00081891, 6.66859212808985e+17, 99948206.1564966
2302.625, 5.79957222525667, 98218716.04702662, 6.674074881903843e+17, 98455537.63047524
2302.875, 5.88136502462901, 98121795.97699574, 6.678878188433024e+17, 97086305.56597671
2303.125, 5.957212743972587, 98015124.78678574, 6.68304226400664e+17, 95850194.71987964
2303.375, 6.026312600032744, 97904068.35807557, 6.686616052199314e+17, 94751142.00534081
2303.625, 6.0882131868157785, 97793589.55600274, 6.689654430490985e+17, 93787780.2931855
2303.875, 6.142801381169076, 97687757.02536951, 6.692215287363442e+17, 92954332.46521844
2304.125, 6.1902565469992785, 97589519.31665866, 6.694356826306726e+17, 92241734.76987943
2304.375, 6.230984757268887, 97500699.66207291, 6.696135299829105e+17, 91638805.68508594
2304.625, 6.2655456129164655, 97422139.74998643, 6.69760327311303e+17, 91133324.70873834
2304.875, 6.294586803036615, 97353909.75314477, 6.698808647717623e+17, 90712864.86272138
2305.125, 6.318784526390141, 97295541.11260565, 6.699793958492993e+17, 90365480.92752624
2305.375, 6.338803482879606, 97246225.8477094, 6.700596369302715e+17, 90080092.26544511
2305.625, 6.3552671049079335, 97204981.82829209, 6.701247807022803e+17, 89846735.22570595
2305.875, 6.368737767266657, 97170779.29445712, 6.701775227760938e+17, 89656698.50066434
2306.125, 6.379716057513969, 97142604.30545531, 6.702201397135318e+17, 89502416.08439042
2306.375, 6.38863048626112, 97119528.70251837, 6.70254505055881e+17, 89377528.36204258
2306.625, 6.395850781964828, 97100709.8098886, 6.702821835564223e+17, 89276629.83975644
2306.875, 6.401689518166405, 97085408.21079499, 6.703044648784741e+17, 89195203.60709333
2307.125, 6.406393894400419, 97073024.84880045, 6.703223514574394e+17, 89129705.54719223
2307.375, 6.4101823091991745, 97063017.49394664, 6.703367131553014e+17, 89077030.07642767
2307.625, 6.413229835138152, 97054944.60544659, 6.703482389165193e+17, 89034701.30747332
2307.875, 6.415680371486524, 97048438.57682945, 6.703574893386678e+17, 89000693.50060387
2308.125, 6.417644637886681, 97043214.10164592, 6.703648927828227e+17, 88973452.88808107
2308.375, 6.419228820320891, 97038994.61633825, 6.703708565280108e+17, 88951495.17494291
2308.625, 6.420484425063309, 97035646.2445075, 6.70375578450493e+17, 88934099.84628004
2308.875, 6.421497629021689, 97032941.91518113, 6.703793859288248e+17, 88920067.52284712
2309.125, 6.422303692780665, 97030788.85747193, 6.703824130788568e+17, 88908907.18285951
2309.375, 6.422958470396643, 97029038.954297, 6.703848709483716e+17, 88899843.355345
2309.625, 6.423481323250924, 97027640.88199234, 6.703868327178063e+17, 88892607.18918489
2309.875, 6.423879189028726, 97026576.64215223, 6.703883250820609e+17, 88887101.56368645
2310.125, 6.424193753963152, 97025734.89352182, 6.703895045984283e+17, 88882749.30140506
2310.375, 6.424508318897579, 97024893.14489138, 6.70390684116352e+17, 88878397.03912367
2310.625, 6.424666033543941, 97024470.99729763, 6.703912753707835e+17, 88876215.15118402
2310.875, 6.424749071976157, 97024248.62120098, 6.70391586553348e+17, 88875066.57559036
2311.125, 6.424832110408372, 97024026.24510434, 6.703918977360204e+17, 88873917.99999669
2311.375, 6.424915148840587, 97023803.86900769, 6.703922089188014e+17, 88872769.42440303
2311.625, 6.424998187272802, 97023581.49291106, 6.703925201016905e+17, 88871620.84880936
2311.875, 6.425081225705017, 97023359.1168144, 6.703928312846883e+17, 88870472.2732157
2312.125, 6.425164264137233, 97023136.74071778, 6.703931424677939e+17, 88869323.69762203
2312.375, 6.425247302569447, 97022914.36462112, 6.703934536510084e+17, 88868175.12202837
2312.625, 6.425330341001663, 97022691.9885245, 6.703937648343308e+17, 88867026.5464347
2312.875, 6.425413379433878, 97022469.61242785, 6.703940760177619e+17, 88865877.97084102
2313.125, 6.425496417866093, 97022247.23633121, 6.70394387201301e+17, 88864729.39524736
2313.375, 6.425540849488232, 97022128.25090341, 6.70394553669018e+17, 88864114.8483676
2313.625, 6.425559914647555, 97022077.19793503, 6.703946250516909e+17, 88863851.18309364
2313.875, 6.425578979806879, 97022026.14496663, 6.703946964343688e+17, 88863587.51781967
2314.125, 6.425598044966202, 97021975.09199822, 6.703947678170527e+17, 88863323.85254571
2314.375, 6.43, 97013771.48319998, 6.701693764699955e+17, 88863089.2674178
2314.625, 6.43, 97013771.48319998, 6.701693764699955e+17, 88863089.2674178
2314.875, 6.43, 97013771.48319998, 6.701693764699955e+17, 88863089.2674178
2315.125, 6.43, 97013771.48319998, 6.701693764699955e+17, 88863089.2674178
2315.375, 6.43, 97013771.48319998, 6.701693764699955e+17, 88863089.2674178
2315.625, 6.43, 97013771.48319998, 6.701693764699955e+17, 88863089.2674178
2315.875, 6.43, 97013771.48319998, 6.701693764699955e+17, 88863089.2674178
2316.125, 6.43, 97013771.48319998, 6.701693764699955e+17, 88863089.2674178
2316.375, 6.43, 97013771.48319998, 6.701693764699955e+17, 88863089.2674178
2316.625, 6.43, 97013771.48319998, 6.701693764699955e+17, 88863089.2674178
2316.875, 6.43, 97013771.48319998, 6.701693764699955e+17, 88863089.2674178
2317.125, 6.43, 97013771.48319998, 6.701693764699955e+17, 88863089.2674178
2317.375, 6.43, 97013771.48319998, 6.701693764699955e+17, 88863089.2674178
2317.625, 6.43, 97013771.48319998, 6.701693764699955e+17, 88863089.2674178
2317.875, 6.43, 97013771.48319998, 6.701693764699955e+17, 88863089.2674178
2318.125, 6.43, 97013771.48319998, 6.701693764699955e+17, 88863089.2674178
2318.375, 6.43, 97013771.48319998, 6.701693764699955e+17, 88863089.2674178
2318.625, 6.43, 97013771.48319998, 6.701693764699955e+17, 88863089.2674178
2318.875, 6.43, 97013771.48319998, 6.701693764699955e+17, 88863089.2674178
2319.125, 6.43, 97013771.48319998, 6.701693764699955e+17, 88863089.2674178
2319.375, 6.43, 97013771.48319998, 6.701693764699955e+17, 88863089.2674178
2319.625, 6.43, 97013771.48319998, 6.701693764699955e+17, 88863089.2674178
2319.875, 6.43, 97013771.48319998, 6.701693764699955e+17, 88863089.2674178
2320.125, 6.43, 97013771.48319998, 6.701693764699955e+17, 88863089.2674178
2320.375, 6.43, 97013771.48319998, 6.701693764699955e+17, 88863089.2674178
2320.625, 6.43, 97013771.48319998, 6.701693764699955e+17, 88863089.2674178
2320.875, 6.43, 97013771.48319998, 6.701693764699955e+17, 88863089.2674178
2321.125, 6.43, 97013771.48319998, 6.701693764699955e+17, 88863089.2674178
2321.375, 6.43, 97013771.48319998, 6.701693764699955e+17, 88863089.2674178
2321.625, 6.43, 97013771.48319998, 6.701693764699955e+17, 88863089.2674178
2321.875, 6.43, 97013771.48319998, 6.701693764699955e+17, 88863089.2674178
2322.125, 6.43, 97013771.48319998, 6.701693764699955e+17, 88863089.2674178
2322.375, 6.43, 97013771.48319998, 6.701693764699955e+17, 88863089.2674178
2322.625, 6.43, 97013771.48319998, 6.701693764699955e+17, 88863089.2674178
2322.875, 6.43, 97013771.48319998, 6.701693764699955e+17, 88863089.2674178
2323.125, 6.43, 97013771.48319998, 6.701693764699955e+17, 88863089.2674178
2323.375, 6.43, 97013771.48319998, 6.701693764699955e+17, 88863089.2674178
2323.625, 6.43, 97013771.48319998, 6.701693764699955e+17, 88863089.2674178
2323.875, 6.43, 97013771.48319998, 6.701693764699955e+17, 88863089.2674178
2324.125, 6.43, 97013771.48319998, 6.701693764699955e+17, 88863089.2674178
2324.375, 6.43, 97013771.48319998, 6.701693764699955e+17, 88863089.2674178
2324.625, 6.43, 97013771.48319998, 6.701693764699955e+17, 88863089.2674178
2324.875, 6.43, 97013771.48319998, 6.701693764699955e+17, 88863089.2674178
2325.125, 6.43, 97013771.48319998, 6.701693764699955e+17, 88863089.2674178
2325.375, 6.43, 97013771.48319998, 6.701693764699955e+17, 88863089.2674178
2325.625, 6.43, 97013771.48319998, 6.701693764699955e+17, 88863089.2674178
2325.875, 6.43, 97013771.48319998, 6.701693764699955e+17, 88863089.2674178
2326.125, 6.43, 97013771.48319998, 6.701693764699955e+17, 88863089.2674178
2326.375, 6.43, 97013771.48319998, 6.701693764699955e+17, 88863089.2674178
2326.625, 6.43, 97013771.48319998, 6.701693764699955e+17, 88863089.2674178
2326.875, 6.43, 97013771.48319998, 6.701693764699955e+17, 88863089.2674178
2327.125, 6.43, 97013771.48319998, 6.701693764699955e+17, 88863089.2674178
2327.375, 6.43, 97013771.48319998, 6.701693764699955e+17, 88863089.2674178
2327.625, 6.43, 97013771.48319998, 6.701693764699955e+17, 88863089.2674178
2327.875, 6.43, 97013771.48319998, 6.701693764699955e+17, 88863089.2674178
2328.125, 6.43, 97013771.48319998, 6.701693764699955e+17, 88863089.2674178
2328.375, 6.43, 97013771.48319998, 6.701693764699955e+17, 88863089.2674178
2328.625, 6.43, 97013771.48319998, 6.701693764699955e+17, 88863089.2674178
2328.875, 6.43, 97013771.48319998, 6.701693764699955e+17, 88863089.2674178
2329.125, 6.43, 97013771.48319998, 6.701693764699955e+17, 88863089.2674178
2329.375, 6.43, 97013771.48319998, 6.701693764699955e+17, 88863089.2674178
2329.625, 6.43, 97013771.48319998, 6.701693764699955e+17, 88863089.2674178
2329.875, 6.43, 97013771.48319998, 6.701693764699955e+17, 88863089.2674178
2330.125, 6.43, 97013771.48319998, 6.701693764699955e+17, 88863089.2674178
2330.375, 6.43, 97013771.48319998, 6.701693764699955e+17, 88863089.2674178
2330.625, 6.43, 97013771.48319998, 6.701693764699955e+17, 88863089.2674178
2330.875, 6.43, 97013771.48319998, 6.701693764699955e+17, 88863089.2674178
2331.125, 6.43, 97013771.48319998, 6.701693764699955e+17, 88863089.2674178
2331.375, 6.43, 97013771.48319998, 6.701693764699955e+17, 88863089.2674178
2331.625, 6.43, 97013771.48319998, 6.701693764699955e+17, 88863089.2674178
2331.875, 6.43, 97013771.48319998, 6.701693764699955e+17, 88863089.2674178
2332.125, 6.43, 97013771.48319998, 6.701693764699955e+17, 88863089.2674178
2332.375, 6.43, 97013771.48319998, 6.701693764699955e+17, 88863089.2674178
2332.625, 6.43, 97013771.48319998, 6.701693764699955e+17, 88863089.2674178
2332.875, 6.43, 97013771.48319998, 6.701693764699955e+17, 88863089.2674178
2333.125, 6.43, 97013771.48319998, 6.701693764699955e+17, 88863089.2674178
2333.375, 6.43, 97013771.48319998, 6.701693764699955e+17, 88863089.2674178
2333.625, 6.43, 97013771.48319998, 6.701693764699955e+17, 88863089.2674178
2333.875, 6.43, 97013771.48319998, 6.701693764699955e+17, 88863089.2674178
2334.125, 6.43, 97013771.48319998, 6.701693764699955e+17, 88863089.2674178
2334.375, 6.43, 97013771.48319998, 6.701693764699955e+17, 88863089.2674178
2334.625, 6.43, 97013771.48319998, 6.701693764699955e+17, 88863089.2674178
2334.875, 6.43, 97013771.48319998, 6.701693764699955e+17, 88863089.2674178
2335.125, 6.43, 97013771.48319998, 6.701693764699955e+17, 88863089.2674178
2335.375, 6.43, 97013771.48319998, 6.701693764699955e+17, 88863089.2674178
2335.625, 6.43, 97013771.48319998, 6.701693764699955e+17, 88863089.2674178
2335.875, 6.43, 97013771.48319998, 6.701693764699955e+17, 88863089.2674178
2336.125, 6.43, 97013771.48319998, 6.701693764699955e+17, 88863089.2674178
2336.375, 6.43, 97013771.48319998, 6.701693764699955e+17, 88863089.2674178
2336.625, 6.43, 97013771.48319998, 6.701693764699955e+17, 88863089.2674178
2336.875, 6.43, 97013771.48319998, 6.701693764699955e+17, 88863089.2674178
2337.125, 6.43, 97013771.48319998, 6.701693764699955e+17, 88863089.2674178
2337.375, 6.43, 97013771.48319998, 6.701693764699955e+17, 88863089.2674178
2337.625, 6.43, 97013771.48319998, 6.701693764699955e+17, 88863089.2674178
2337.875, 6.43, 97013771.48319998, 6.701693764699955e+17, 88863089.2674178
2338.125, 6.43, 97013771.48319998, 6.701693764699955e+17, 88863089.2674178
2338.375, 6.43, 97013771.48319998, 6.701693764699955e+17, 88863089.2674178
2338.625, 6.43, 97013771.48319998, 6.701693764699955e+17, 88863089.2674178
2338.875, 6.43, 97013771.48319998, 6.701693764699955e+17, 88863089.2674178
2339.125, 6.43, 97013771.48319998, 6.701693764699955e+17, 88863089.2674178
2339.375, 6.43, 97013771.48319998, 6.701693764699955e+17, 88863089.2674178
2339.625, 6.43, 97013771.48319998, 6.701693764699955e+17, 88863089.2674178
2339.875, 6.43, 97013771.48319998, 6.701693764699955e+17, 88863089.2674178
2340.125, 6.43, 97013771.48319998, 6.701693764699955e+17, 88863089.2674178
2340.375, 6.43, 97013771.48319998, 6.701693764699955e+17, 88863089.2674178
2340.625, 6.43, 97013771.48319998, 6.701693764699955e+17, 88863089.2674178
2340.875, 6.43, 97013771.48319998, 6.701693764699955e+17, 88863089.2674178
2341.125, 6.43, 97013771.48319998, 6.701693764699955e+17, 88863089.2674178
2341.375, 6.43, 97013771.48319998, 6.701693764699955e+17, 88863089.2674178
2341.625, 6.43, 97013771.48319998, 6.701693764699955e+17, 88863089.2674178
2341.875, 6.43, 97013771.48319998, 6.701693764699955e+17, 88863089.2674178
2342.125, 6.43, 97013771.48319998, 6.701693764699955e+17, 88863089.2674178
2342.375, 6.43, 97013771.48319998, 6.701693764699955e+17, 88863089.2674178
2342.625, 6.43, 97013771.48319998, 6.701693764699955e+17, 88863089.2674178
2342.875, 6.43, 97013771.48319998, 6.701693764699955e+17, 88863089.2674178
2343.125, 6.43, 97013771.48319998, 6.701693764699955e+17, 88863089.2674178
2343.375, 6.43, 97013771.48319998, 6.701693764699955e+17, 88863089.2674178
2343.625, 6.43, 97013771.48319998, 6.701693764699955e+17, 88863089.2674178
2343.875, 6.43, 97013771.48319998, 6.701693764699955e+17, 88863089.2674178
2344.125, 6.43, 97013771.48319998, 6.701693764699955e+17, 88863089.2674178
2344.375, 6.43, 97013771.48319998, 6.701693764699955e+17, 88863089.2674178
2344.625, 6.43, 97013771.48319998, 6.701693764699955e+17, 88863089.2674178
2344.875, 6.43, 97013771.48319998, 6.701693764699955e+17, 88863089.2674178
2345.125, 6.43, 97013771.48319998, 6.701693764699955e+17, 88863089.2674178
2345.375, 6.43, 97013771.48319998, 6.701693764699955e+17, 88863089.2674178
2345.625, 6.43, 97013771.48319998, 6.701693764699955e+17, 88863089.2674178
2345.875, 6.43, 97013771.48319998, 6.701693764699955e+17, 88863089.2674178
2346.125, 6.43, 97013771.48319998, 6.701693764699955e+17, 88863089.2674178
2346.375, 6.43, 97013771.48319998, 6.701693764699955e+17, 88863089.2674178
2346.625, 6.43, 97013771.48319998, 6.701693764699955e+17, 88863089.2674178
2346.875, 6.43, 97013771.48319998, 6.701693764699955e+17, 88863089.2674178
2347.125, 6.43, 97013771.48319998, 6.701693764699955e+17, 88863089.2674178
2347.375, 6.43, 97013771.48319998, 6.701693764699955e+17, 88863089.2674178
2347.625, 6.43, 97013771.48319998, 6.701693764699955e+17, 88863089.2674178
2347.875, 6.43, 97013771.48319998, 6.701693764699955e+17, 88863089.2674178
2348.125, 6.43, 97013771.48319998, 6.701693764699955e+17, 88863089.2674178
2348.375, 6.43, 97013771.48319998, 6.701693764699955e+17, 88863089.2674178
2348.625, 6.43, 97013771.48319998, 6.701693764699955e+17, 88863089.2674178
2348.875, 6.43, 97013771.48319998, 6.701693764699955e+17, 88863089.2674178
2349.125, 6.43, 97013771.48319998, 6.701693764699955e+17, 88863089.2674178
2349.375, 6.43, 97013771.48319998, 6.701693764699955e+17, 88863089.2674178
2349.625, 6.43, 97013771.48319998, 6.701693764699955e+17, 88863089.2674178
2349.875, 6.43, 97013771.48319998, 6.701693764699955e+17, 88863089.2674178
2350.125, 6.43, 97013771.48319998, 6.701693764699955e+17, 88863089.2674178
2350.375, 6.43, 97013771.48319998, 6.701693764699955e+17, 88863089.2674178
2350.625, 6.43, 97013771.48319998, 6.701693764699955e+17, 88863089.2674178
2350.875, 6.43, 97013771.48319998, 6.701693764699955e+17, 88863089.2674178
2351.125, 6.43, 97013771.48319998, 6.701693764699955e+17, 88863089.2674178
2351.375, 6.43, 97013771.48319998, 6.701693764699955e+17, 88863089.2674178
2351.625, 6.43, 97013771.48319998, 6.701693764699955e+17, 88863089.2674178
2351.875, 6.43, 97013771.48319998, 6.701693764699955e+17, 88863089.2674178
2352.125, 6.43, 97013771.48319998, 6.701693764699955e+17, 88863089.2674178
2352.375, 6.43, 97013771.48319998, 6.701693764699955e+17, 88863089.2674178
2352.625, 6.43, 97013771.48319998, 6.701693764699955e+17, 88863089.2674178
2352.875, 6.43, 97013771.48319998, 6.701693764699955e+17, 88863089.2674178
2353.125, 6.43, 97013771.48319998, 6.701693764699955e+17, 88863089.2674178
2353.375, 6.43, 97013771.48319998, 6.701693764699955e+17, 88863089.2674178
2353.625, 6.43, 97013771.48319998, 6.701693764699955e+17, 88863089.2674178
2353.875, 6.43, 97013771.48319998, 6.701693764699955e+17, 88863089.2674178
2354.125, 6.43, 97013771.48319998, 6.701693764699955e+17, 88863089.2674178
2354.375, 6.43, 97013771.48319998, 6.701693764699955e+17, 88863089.2674178
2354.625, 6.43, 97013771.48319998, 6.701693764699955e+17, 88863089.2674178
2354.875, 6.43, 97013771.48319998, 6.701693764699955e+17, 88863089.2674178
2355.125, 6.43, 97013771.48319998, 6.701693764699955e+17, 88863089.2674178
2355.375, 6.43, 97013771.48319998, 6.701693764699955e+17, 88863089.2674178
2355.625, 6.43, 97013771.48319998, 6.701693764699955e+17, 88863089.2674178
2355.875, 6.43, 97013771.48319998, 6.701693764699955e+17, 88863089.2674178
2356.125, 6.43, 97013771.48319998, 6.701693764699955e+17, 88863089.2674178
2356.375, 6.43, 97013771.48319998, 6.701693764699955e+17, 88863089.2674178
2356.625, 6.43, 97013771.48319998, 6.701693764699955e+17, 88863089.2674178
2356.875, 6.43, 97013771.48319998, 6.701693764699955e+17, 88863089.2674178
2357.125, 6.43, 97013771.48319998, 6.701693764699955e+17, 88863089.2674178
2357.375, 6.43, 97013771.48319998, 6.701693764699955e+17, 88863089.2674178
2357.625, 6.43, 97013771.48319998, 6.701693764699955e+17, 88863089.2674178
2357.875, 6.43, 97013771.48319998, 6.701693764699955e+17, 88863089.2674178
2358.125, 6.43, 97013771.48319998, 6.701693764699955e+17, 88863089.2674178
2358.375, 6.43, 97013771.48319998, 6.701693764699955e+17, 88863089.2674178
2358.625, 6.43, 97013771.48319998, 6.701693764699955e+17, 88863089.2674178
2358.875, 6.43, 97013771.48319998, 6.701693764699955e+17, 88863089.2674178
2359.125, 6.43, 97013771.48319998, 6.701693764699955e+17, 88863089.2674178
2359.375, 6.43, 97013771.48319998, 6.701693764699955e+17, 88863089.2674178
2359.625, 6.43, 97013771.48319998, 6.701693764699955e+17, 88863089.2674178
2359.875, 6.43, 97013771.48319998, 6.701693764699955e+17, 88863089.2674178
2360.125, 6.43, 97013771.48319998, 6.701693764699955e+17, 88863089.2674178
2360.375, 6.43, 97013771.48319998, 6.701693764699955e+17, 88863089.2674178
2360.625, 6.43, 97013771.48319998, 6.701693764699955e+17, 88863089.2674178
2360.875, 6.43, 97013771.48319998, 6.701693764699955e+17, 88863089.2674178
2361.125, 6.43, 97013771.48319998, 6.701693764699955e+17, 88863089.2674178
2361.375, 6.43, 97013771.48319998, 6.701693764699955e+17, 88863089.2674178
2361.625, 6.43, 97013771.48319998, 6.701693764699955e+17, 88863089.2674178
2361.875, 6.43, 97013771.48319998, 6.701693764699955e+17, 88863089.2674178
2362.125, 6.43, 97013771.48319998, 6.701693764699955e+17, 88863089.2674178
2362.375, 6.43, 97013771.48319998, 6.701693764699955e+17, 88863089.2674178
2362.625, 6.43, 97013771.48319998, 6.701693764699955e+17, 88863089.2674178
2362.875, 6.43, 97013771.48319998, 6.701693764699955e+17, 88863089.2674178
2363.125, 6.43, 97013771.48319998, 6.701693764699955e+17, 88863089.2674178
2363.375, 6.43, 97013771.48319998, 6.701693764699955e+17, 88863089.2674178
2363.625, 6.43, 97013771.48319998, 6.701693764699955e+17, 88863089.2674178
2363.875, 6.43, 97013771.48319998, 6.701693764699955e+17, 88863089.2674178
2364.125, 6.43, 97013771.48319998, 6.701693764699955e+17, 88863089.2674178
2364.375, 6.43, 97013771.48319998, 6.701693764699955e+17, 88863089.2674178
2364.625, 6.43, 97013771.48319998, 6.701693764699955e+17, 88863089.2674178
2364.875, 6.43, 97013771.48319998, 6.701693764699955e+17, 88863089.2674178
2365.125, 6.43, 97013771.48319998, 6.701693764699955e+17, 88863089.2674178
2365.375, 6.43, 97013771.48319998, 6.701693764699955e+17, 88863089.2674178
2365.625, 6.43, 97013771.48319998, 6.701693764699955e+17, 88863089.2674178
2365.875, 6.43, 97013771.48319998, 6.701693764699955e+17, 88863089.2674178
2366.125, 6.43, 97013771.48319998, 6.701693764699955e+17, 88863089.2674178
2366.375, 6.43, 97013771.48319998, 6.701693764699955e+17, 88863089.2674178
2366.625, 6.43, 97013771.48319998, 6.701693764699955e+17, 88863089.2674178
2366.875, 6.43, 97013771.48319998, 6.701693764699955e+17, 88863089.2674178
2367.125, 6.43, 97013771.48319998, 6.701693764699955e+17, 88863089.2674178
2367.375, 6.43, 97013771.48319998, 6.701693764699955e+17, 88863089.2674178
2367.625, 6.43, 97013771.48319998, 6.701693764699955e+17, 88863089.2674178
2367.875, 6.43, 97013771.48319998, 6.701693764699955e+17, 88863089.2674178
2368.125, 6.43, 97013771.48319998, 6.701693764699955e+17, 88863089.2674178
2368.375, 6.43, 97013771.48319998, 6.701693764699955e+17, 88863089.2674178
2368.625, 6.43, 97013771.48319998, 6.701693764699955e+17, 88863089.2674178
2368.875, 6.43, 97013771.48319998, 6.701693764699955e+17, 88863089.2674178
2369.125, 6.43, 97013771.48319998, 6.701693764699955e+17, 88863089.2674178
2369.375, 6.43, 97013771.48319998, 6.701693764699955e+17, 88863089.2674178
2369.625, 6.43, 97013771.48319998, 6.701693764699955e+17, 88863089.2674178
2369.875, 6.43, 97013771.48319998, 6.701693764699955e+17, 88863089.2674178
2370.125, 6.43, 97013771.48319998, 6.701693764699955e+17, 88863089.2674178
2370.375, 6.43, 97013771.48319998, 6.701693764699955e+17, 88863089.2674178
2370.625, 6.43, 97013771.48319998, 6.701693764699955e+17, 88863089.2674178
2370.875, 6.43, 97013771.48319998, 6.701693764699955e+17, 88863089.2674178
2371.125, 6.43, 97013771.48319998, 6.701693764699955e+17, 88863089.2674178
2371.375, 6.43, 97013771.48319998, 6.701693764699955e+17, 88863089.2674178
2371.625, 6.43, 97013771.48319998, 6.701693764699955e+17, 88863089.2674178
2371.875, 6.43, 97013771.48319998, 6.701693764699955e+17, 88863089.2674178
2372.125, 6.43, 97013771.48319998, 6.701693764699955e+17, 88863089.2674178
2372.375, 6.43, 97013771.48319998, 6.701693764699955e+17, 88863089.2674178
2372.625, 6.43, 97013771.48319998, 6.701693764699955e+17, 88863089.2674178
2372.875, 6.43, 97013771.48319998, 6.701693764699955e+17, 88863089.2674178
2373.125, 6.43, 97013771.48319998, 6.701693764699955e+17, 88863089.2674178
2373.375, 6.43, 97013771.48319998, 6.701693764699955e+17, 88863089.2674178
2373.625, 6.43, 97013771.48319998, 6.701693764699955e+17, 88863089.2674178
2373.875, 6.43, 97013771.48319998, 6.701693764699955e+17, 88863089.2674178
2374.125, 6.43, 97013771.48319998, 6.701693764699955e+17, 88863089.2674178
2374.375, 6.43, 97013771.48319998, 6.701693764699955e+17, 88863089.2674178
2374.625, 6.43, 97013771.48319998, 6.701693764699955e+17, 88863089.2674178
2374.875, 6.43, 97013771.48319998, 6.701693764699955e+17, 88863089.2674178
2375.125, 6.43, 97013771.48319998, 6.701693764699955e+17, 88863089.2674178
2375.375, 6.43, 97013771.48319998, 6.701693764699955e+17, 88863089.2674178
2375.625, 6.43, 97013771.48319998, 6.701693764699955e+17, 88863089.2674178
2375.875, 6.43, 97013771.48319998, 6.701693764699955e+17, 88863089.2674178
2376.125, 6.43, 97013771.48319998, 6.701693764699955e+17, 88863089.2674178
2376.375, 6.43, 97013771.48319998, 6.701693764699955e+17, 88863089.2674178
2376.625, 6.43, 97013771.48319998, 6.701693764699955e+17, 88863089.2674178
2376.875, 6.43, 97013771.48319998, 6.701693764699955e+17, 88863089.2674178
2377.125, 6.43, 97013771.48319998, 6.701693764699955e+17, 88863089.2674178
2377.375, 6.43, 97013771.48319998, 6.701693764699955e+17, 88863089.2674178
2377.625, 6.43, 97013771.48319998, 6.701693764699955e+17, 88863089.2674178
2377.875, 6.43, 97013771.48319998, 6.701693764699955e+17, 88863089.2674178
2378.125, 6.43, 97013771.48319998, 6.701693764699955e+17, 88863089.2674178
2378.375, 6.43, 97013771.48319998, 6.701693764699955e+17, 88863089.2674178
2378.625, 6.43, 97013771.48319998, 6.701693764699955e+17, 88863089.2674178
2378.875, 6.43, 97013771.48319998, 6.701693764699955e+17, 88863089.2674178
2379.125, 6.43, 97013771.48319998, 6.701693764699955e+17, 88863089.2674178
2379.375, 6.43, 97013771.48319998, 6.701693764699955e+17, 88863089.2674178
2379.625, 6.43, 97013771.48319998, 6.701693764699955e+17, 88863089.2674178
2379.875, 6.43, 97013771.48319998, 6.701693764699955e+17, 88863089.2674178
2380.125, 6.43, 97013771.48319998, 6.701693764699955e+17, 88863089.2674178
2380.375, 6.43, 97013771.48319998, 6.701693764699955e+17, 88863089.2674178
2380.625, 6.43, 97013771.48319998, 6.701693764699955e+17, 88863089.2674178
2380.875, 6.43, 97013771.48319998, 6.701693764699955e+17, 88863089.2674178
2381.125, 6.43, 97013771.48319998, 6.701693764699955e+17, 88863089.2674178
2381.375, 6.43, 97013771.48319998, 6.701693764699955e+17, 88863089.2674178
2381.625, 6.43, 97013771.48319998, 6.701693764699955e+17, 88863089.2674178
2381.875, 6.43, 97013771.48319998, 6.701693764699955e+17, 88863089.2674178
2382.125, 6.43, 97013771.48319998, 6.701693764699955e+17, 88863089.2674178
2382.375, 6.43, 97013771.48319998, 6.701693764699955e+17, 88863089.2674178
2382.625, 6.43, 97013771.48319998, 6.701693764699955e+17, 88863089.2674178
2382.875, 6.43, 97013771.48319998, 6.701693764699955e+17, 88863089.2674178
2383.125, 6.43, 97013771.48319998, 6.701693764699955e+17, 88863089.2674178
2383.375, 6.43, 97013771.48319998, 6.701693764699955e+17, 88863089.2674178
2383.625, 6.43, 97013771.48319998, 6.701693764699955e+17, 88863089.2674178
2383.875, 6.43, 97013771.48319998, 6.701693764699955e+17, 88863089.2674178
2384.125, 6.43, 97013771.48319998, 6.701693764699955e+17, 88863089.2674178
2384.375, 6.43, 97013771.48319998, 6.701693764699955e+17, 88863089.2674178
2384.625, 6.43, 97013771.48319998, 6.701693764699955e+17, 88863089.2674178
2384.875, 6.43, 97013771.48319998, 6.701693764699955e+17, 88863089.2674178
2385.125, 6.43, 97013771.48319998, 6.701693764699955e+17, 88863089.2674178
2385.375, 6.43, 97013771.48319998, 6.701693764699955e+17, 88863089.2674178
2385.625, 6.43, 97013771.48319998, 6.701693764699955e+17, 88863089.2674178
2385.875, 6.43, 97013771.48319998, 6.701693764699955e+17, 88863089.2674178
2386.125, 6.43, 97013771.48319998, 6.701693764699955e+17, 88863089.2674178
2386.375, 6.43, 97013771.48319998, 6.701693764699955e+17, 88863089.2674178
2386.625, 6.43, 97013771.48319998, 6.701693764699955e+17, 88863089.2674178
2386.875, 6.43, 97013771.48319998, 6.701693764699955e+17, 88863089.2674178
2387.125, 6.43, 97013771.48319998, 6.701693764699955e+17, 88863089.2674178
2387.375, 6.43, 97013771.48319998, 6.701693764699955e+17, 88863089.2674178
2387.625, 6.43, 97013771.48319998, 6.701693764699955e+17, 88863089.2674178
2387.875, 6.43, 97013771.48319998, 6.701693764699955e+17, 88863089.2674178
2388.125, 6.43, 97013771.48319998, 6.701693764699955e+17, 88863089.2674178
2388.375, 6.43, 97013771.48319998, 6.701693764699955e+17, 88863089.2674178
2388.625, 6.43, 97013771.48319998, 6.701693764699955e+17, 88863089.2674178
2388.875, 6.43, 97013771.48319998, 6.701693764699955e+17, 88863089.2674178
2389.125, 6.43, 97013771.48319998, 6.701693764699955e+17, 88863089.2674178
2389.375, 6.43, 97013771.48319998, 6.701693764699955e+17, 88863089.2674178
2389.625, 6.43, 97013771.48319998, 6.701693764699955e+17, 88863089.2674178
2389.875, 6.43, 97013771.48319998, 6.701693764699955e+17, 88863089.2674178
2390.125, 6.43, 97013771.48319998, 6.701693764699955e+17, 88863089.2674178
2390.375, 6.43, 97013771.48319998, 6.701693764699955e+17, 88863089.2674178
2390.625, 6.43, 97013771.48319998, 6.701693764699955e+17, 88863089.2674178
2390.875, 6.43, 97013771.48319998, 6.701693764699955e+17, 88863089.2674178
2391.125, 6.43, 97013771.48319998, 6.701693764699955e+17, 88863089.2674178
2391.375, 6.43, 97013771.48319998, 6.701693764699955e+17, 88863089.2674178
2391.625, 6.43, 97013771.48319998, 6.701693764699955e+17, 88863089.2674178
2391.875, 6.43, 97013771.48319998, 6.701693764699955e+17, 88863089.2674178
2392.125, 6.43, 97013771.48319998, 6.701693764699955e+17, 88863089.2674178
2392.375, 6.43, 97013771.48319998, 6.701693764699955e+17, 88863089.2674178
2392.625, 6.43, 97013771.48319998, 6.701693764699955e+17, 88863089.2674178
2392.875, 6.43, 97013771.48319998, 6.701693764699955e+17, 88863089.2674178
2393.125, 6.43, 97013771.48319998, 6.701693764699955e+17, 88863089.2674178
2393.375, 6.43, 97013771.48319998, 6.701693764699955e+17, 88863089.2674178
2393.625, 6.43, 97013771.48319998, 6.701693764699955e+17, 88863089.2674178
2393.875, 6.43, 97013771.48319998, 6.701693764699955e+17, 88863089.2674178
2394.125, 6.43, 97013771.48319998, 6.701693764699955e+17, 88863089.2674178
2394.375, 6.43, 97013771.48319998, 6.701693764699955e+17, 88863089.2674178
2394.625, 6.43, 97013771.48319998, 6.701693764699955e+17, 88863089.2674178
2394.875, 6.43, 97013771.48319998, 6.701693764699955e+17, 88863089.2674178
2395.125, 6.43, 97013771.48319998, 6.701693764699955e+17, 88863089.2674178
2395.375, 6.43, 97013771.48319998, 6.701693764699955e+17, 88863089.2674178
2395.625, 6.43, 97013771.48319998, 6.701693764699955e+17, 88863089.2674178
2395.875, 6.43, 97013771.48319998, 6.701693764699955e+17, 88863089.2674178
2396.125, 6.43, 97013771.48319998, 6.701693764699955e+17, 88863089.2674178
2396.375, 6.43, 97013771.48319998, 6.701693764699955e+17, 88863089.2674178
2396.625, 6.43, 97013771.48319998, 6.701693764699955e+17, 88863089.2674178
2396.875, 6.43, 97013771.48319998, 6.701693764699955e+17, 88863089.2674178
2397.125, 6.43, 97013771.48319998, 6.701693764699955e+17, 88863089.2674178
2397.375, 6.43, 97013771.48319998, 6.701693764699955e+17, 88863089.2674178
2397.625, 6.43, 97013771.48319998, 6.701693764699955e+17, 88863089.2674178
2397.875, 6.43, 97013771.48319998, 6.701693764699955e+17, 88863089.2674178
2398.125, 6.43, 97013771.48319998, 6.701693764699955e+17, 88863089.2674178
2398.375, 6.43, 97013771.48319998, 6.701693764699955e+17, 88863089.2674178
2398.625, 6.43, 97013771.48319998, 6.701693764699955e+17, 88863089.2674178
2398.875, 6.43, 97013771.48319998, 6.701693764699955e+17, 88863089.2674178
2399.125, 6.43, 97013771.48319998, 6.701693764699955e+17, 88863089.2674178
2399.375, 6.43, 97013771.48319998, 6.701693764699955e+17, 88863089.2674178
2399.625, 6.43, 97013771.48319998, 6.701693764699955e+17, 88863089.2674178
2399.875, 6.43, 97013771.48319998, 6.701693764699955e+17, 88863089.2674178
2400.125, 6.43, 97013771.48319998, 6.701693764699955e+17, 88863089.2674178
2400.375, 6.43, 97013771.48319998, 6.701693764699955e+17, 88863089.2674178
2400.625, 6.43, 97013771.48319998, 6.701693764699955e+17, 88863089.2674178
2400.875, 6.43, 97013771.48319998, 6.701693764699955e+17, 88863089.2674178
2401.125, 6.43, 97013771.48319998, 6.701693764699955e+17, 88863089.2674178
2401.375, 6.43, 97013771.48319998, 6.701693764699955e+17, 88863089.2674178
2401.625, 6.43, 97013771.48319998, 6.701693764699955e+17, 88863089.2674178
2401.875, 6.43, 97013771.48319998, 6.701693764699955e+17, 88863089.2674178
2402.125, 6.43, 97013771.48319998, 6.701693764699955e+17, 88863089.2674178
2402.375, 6.43, 97013771.48319998, 6.701693764699955e+17, 88863089.2674178
2402.625, 6.43, 97013771.48319998, 6.701693764699955e+17, 88863089.2674178
2402.875, 6.43, 97013771.48319998, 6.701693764699955e+17, 88863089.2674178
2403.125, 6.43, 97013771.48319998, 6.701693764699955e+17, 88863089.2674178
2403.375, 6.43, 97013771.48319998, 6.701693764699955e+17, 88863089.2674178
2403.625, 6.43, 97013771.48319998, 6.701693764699955e+17, 88863089.2674178
2403.875, 6.43, 97013771.48319998, 6.701693764699955e+17, 88863089.2674178
2404.125, 6.43, 97013771.48319998, 6.701693764699955e+17, 88863089.2674178
2404.375, 6.43, 97013771.48319998, 6.701693764699955e+17, 88863089.2674178
2404.625, 6.43, 97013771.48319998, 6.701693764699955e+17, 88863089.2674178
2404.875, 6.43, 97013771.48319998, 6.701693764699955e+17, 88863089.2674178
2405.125, 6.43, 97013771.48319998, 6.701693764699955e+17, 88863089.2674178
2405.375, 6.43, 97013771.48319998, 6.701693764699955e+17, 88863089.2674178
2405.625, 6.43, 97013771.48319998, 6.701693764699955e+17, 88863089.2674178
2405.875, 6.43, 97013771.48319998, 6.701693764699955e+17, 88863089.2674178
2406.125, 6.43, 97013771.48319998, 6.701693764699955e+17, 88863089.2674178
2406.375, 6.43, 97013771.48319998, 6.701693764699955e+17, 88863089.2674178
2406.625, 6.43, 97013771.48319998, 6.701693764699955e+17, 88863089.2674178
2406.875, 6.43, 97013771.48319998, 6.701693764699955e+17, 88863089.2674178
2407.125, 6.43, 97013771.48319998, 6.701693764699955e+17, 88863089.2674178
2407.375, 6.43, 97013771.48319998, 6.701693764699955e+17, 88863089.2674178
2407.625, 6.43, 97013771.48319998, 6.701693764699955e+17, 88863089.2674178
2407.875, 6.43, 97013771.48319998, 6.701693764699955e+17, 88863089.2674178
2408.125, 6.43, 97013771.48319998, 6.701693764699955e+17, 88863089.2674178
2408.375, 6.43, 97013771.48319998, 6.701693764699955e+17, 88863089.2674178
2408.625, 6.43, 97013771.48319998, 6.701693764699955e+17, 88863089.2674178
2408.875, 6.43, 97013771.48319998, 6.701693764699955e+17, 88863089.2674178
2409.125, 6.43, 97013771.48319998, 6.701693764699955e+17, 88863089.2674178
2409.375, 6.43, 97013771.48319998, 6.701693764699955e+17, 88863089.2674178
2409.625, 6.43, 97013771.48319998, 6.701693764699955e+17, 88863089.2674178
2409.875, 6.43, 97013771.48319998, 6.701693764699955e+17, 88863089.2674178
2410.125, 6.43, 97013771.48319998, 6.701693764699955e+17, 88863089.2674178
2410.375, 6.43, 97013771.48319998, 6.701693764699955e+17, 88863089.2674178
2410.625, 6.43, 97013771.48319998, 6.701693764699955e+17, 88863089.2674178
2410.875, 6.43, 97013771.48319998, 6.701693764699955e+17, 88863089.2674178
2411.125, 6.43, 97013771.48319998, 6.701693764699955e+17, 88863089.2674178
2411.375, 6.43, 97013771.48319998, 6.701693764699955e+17, 88863089.2674178
2411.625, 6.43, 97013771.48319998, 6.701693764699955e+17, 88863089.2674178
2411.875, 6.43, 97013771.48319998, 6.701693764699955e+17, 88863089.2674178
2412.125, 6.43, 97013771.48319998, 6.701693764699955e+17, 88863089.2674178
2412.375, 6.43, 97013771.48319998, 6.701693764699955e+17, 88863089.2674178
2412.625, 6.43, 97013771.48319998, 6.701693764699955e+17, 88863089.2674178
2412.875, 6.43, 97013771.48319998, 6.701693764699955e+17, 88863089.2674178
2413.125, 6.43, 97013771.48319998, 6.701693764699955e+17, 88863089.2674178
2413.375, 6.43, 97013771.48319998, 6.701693764699955e+17, 88863089.2674178
2413.625, 6.43, 97013771.48319998, 6.701693764699955e+17, 88863089.2674178
2413.875, 6.43, 97013771.48319998, 6.701693764699955e+17, 88863089.2674178
2414.125, 6.43, 97013771.48319998, 6.701693764699955e+17, 88863089.2674178
2414.375, 6.43, 97013771.48319998, 6.701693764699955e+17, 88863089.2674178
2414.625, 6.43, 97013771.48319998, 6.701693764699955e+17, 88863089.2674178
2414.875, 6.43, 97013771.48319998, 6.701693764699955e+17, 88863089.2674178
2415.125, 6.43, 97013771.48319998, 6.701693764699955e+17, 88863089.2674178
2415.375, 6.43, 97013771.48319998, 6.701693764699955e+17, 88863089.2674178
2415.625, 6.43, 97013771.48319998, 6.701693764699955e+17, 88863089.2674178
2415.875, 6.43, 97013771.48319998, 6.701693764699955e+17, 88863089.2674178
2416.125, 6.43, 97013771.48319998, 6.701693764699955e+17, 88863089.2674178
2416.375, 6.43, 97013771.48319998, 6.701693764699955e+17, 88863089.2674178
2416.625, 6.43, 97013771.48319998, 6.701693764699955e+17, 88863089.2674178
2416.875, 6.43, 97013771.48319998, 6.701693764699955e+17, 88863089.2674178
2417.125, 6.43, 97013771.48319998, 6.701693764699955e+17, 88863089.2674178
2417.375, 6.43, 97013771.48319998, 6.701693764699955e+17, 88863089.2674178
2417.625, 6.43, 97013771.48319998, 6.701693764699955e+17, 88863089.2674178
2417.875, 6.43, 97013771.48319998, 6.701693764699955e+17, 88863089.2674178
2418.125, 6.43, 97013771.48319998, 6.701693764699955e+17, 88863089.2674178
2418.375, 6.43, 97013771.48319998, 6.701693764699955e+17, 88863089.2674178
2418.625, 6.43, 97013771.48319998, 6.701693764699955e+17, 88863089.2674178
2418.875, 6.43, 97013771.48319998, 6.701693764699955e+17, 88863089.2674178
2419.125, 6.43, 97013771.48319998, 6.701693764699955e+17, 88863089.2674178
2419.375, 6.43, 97013771.48319998, 6.701693764699955e+17, 88863089.2674178
2419.625, 6.43, 97013771.48319998, 6.701693764699955e+17, 88863089.2674178
2419.875, 6.43, 97013771.48319998, 6.701693764699955e+17, 88863089.2674178
2420.125, 6.43, 97013771.48319998, 6.701693764699955e+17, 88863089.2674178
2420.375, 6.43, 97013771.48319998, 6.701693764699955e+17, 88863089.2674178
2420.625, 6.43, 97013771.48319998, 6.701693764699955e+17, 88863089.2674178
2420.875, 6.43, 97013771.48319998, 6.701693764699955e+17, 88863089.2674178
2421.125, 6.43, 97013771.48319998, 6.701693764699955e+17, 88863089.2674178
2421.375, 6.43, 97013771.48319998, 6.701693764699955e+17, 88863089.2674178
2421.625, 6.43, 97013771.48319998, 6.701693764699955e+17, 88863089.2674178
2421.875, 6.43, 97013771.48319998, 6.701693764699955e+17, 88863089.2674178
2422.125, 6.43, 97013771.48319998, 6.701693764699955e+17, 88863089.2674178
2422.375, 6.43, 97013771.48319998, 6.701693764699955e+17, 88863089.2674178
2422.625, 6.43, 97013771.48319998, 6.701693764699955e+17, 88863089.2674178
2422.875, 6.43, 97013771.48319998, 6.701693764699955e+17, 88863089.2674178
2423.125, 6.43, 97013771.48319998, 6.701693764699955e+17, 88863089.2674178
2423.375, 6.43, 97013771.48319998, 6.701693764699955e+17, 88863089.2674178
2423.625, 6.43, 97013771.48319998, 6.701693764699955e+17, 88863089.2674178
2423.875, 6.43, 97013771.48319998, 6.701693764699955e+17, 88863089.2674178
2424.125, 6.43, 97013771.48319998, 6.701693764699955e+17, 88863089.2674178
2424.375, 6.43, 97013771.48319998, 6.701693764699955e+17, 88863089.2674178
2424.625, 6.43, 97013771.48319998, 6.701693764699955e+17, 88863089.2674178
2424.875, 6.43, 97013771.48319998, 6.701693764699955e+17, 88863089.2674178
2425.125, 6.43, 97013771.48319998, 6.701693764699955e+17, 88863089.2674178
2425.375, 6.43, 97013771.48319998, 6.701693764699955e+17, 88863089.2674178
2425.625, 6.43, 97013771.48319998, 6.701693764699955e+17, 88863089.2674178
2425.875, 6.43, 97013771.48319998, 6.701693764699955e+17, 88863089.2674178
2426.125, 6.43, 97013771.48319998, 6.701693764699955e+17, 88863089.2674178
2426.375, 6.43, 97013771.48319998, 6.701693764699955e+17, 88863089.2674178
2426.625, 6.43, 97013771.48319998, 6.701693764699955e+17, 88863089.2674178
2426.875, 6.43, 97013771.48319998, 6.701693764699955e+17, 88863089.2674178
2427.125, 6.43, 97013771.48319998, 6.701693764699955e+17, 88863089.2674178
2427.375, 6.43, 97013771.48319998, 6.701693764699955e+17, 88863089.2674178
2427.625, 6.43, 97013771.48319998, 6.701693764699955e+17, 88863089.2674178
2427.875, 6.43, 97013771.48319998, 6.701693764699955e+17, 88863089.2674178
2428.125, 6.43, 97013771.48319998, 6.701693764699955e+17, 88863089.2674178
2428.375, 6.43, 97013771.48319998, 6.701693764699955e+17, 88863089.2674178
2428.625, 6.43, 97013771.48319998, 6.701693764699955e+17, 88863089.2674178
2428.875, 6.43, 97013771.48319998, 6.701693764699955e+17, 88863089.2674178
2429.125, 6.43, 97013771.48319998, 6.701693764699955e+17, 88863089.2674178
2429.375, 6.43, 97013771.48319998, 6.701693764699955e+17, 88863089.2674178
2429.625, 6.43, 97013771.48319998, 6.701693764699955e+17, 88863089.2674178
2429.875, 6.43, 97013771.48319998, 6.701693764699955e+17, 88863089.2674178
2430.125, 6.43, 97013771.48319998, 6.701693764699955e+17, 88863089.2674178
2430.375, 6.43, 97013771.48319998, 6.701693764699955e+17, 88863089.2674178
2430.625, 6.43, 97013771.48319998, 6.701693764699955e+17, 88863089.2674178
2430.875, 6.43, 97013771.48319998, 6.701693764699955e+17, 88863089.2674178
2431.125, 6.43, 97013771.48319998, 6.701693764699955e+17, 88863089.2674178
2431.375, 6.43, 97013771.48319998, 6.701693764699955e+17, 88863089.2674178
2431.625, 6.43, 97013771.48319998, 6.701693764699955e+17, 88863089.2674178
2431.875, 6.43, 97013771.48319998, 6.701693764699955e+17, 88863089.2674178
2432.125, 6.43, 97013771.48319998, 6.701693764699955e+17, 88863089.2674178
2432.375, 6.43, 97013771.48319998, 6.701693764699955e+17, 88863089.2674178
2432.625, 6.43, 97013771.48319998, 6.701693764699955e+17, 88863089.2674178
2432.875, 6.43, 97013771.48319998, 6.701693764699955e+17, 88863089.2674178
2433.125, 6.43, 97013771.48319998, 6.701693764699955e+17, 88863089.2674178
2433.375, 6.43, 97013771.48319998, 6.701693764699955e+17, 88863089.2674178
2433.625, 6.43, 97013771.48319998, 6.701693764699955e+17, 88863089.2674178
2433.875, 6.43, 97013771.48319998, 6.701693764699955e+17, 88863089.2674178
2434.125, 6.43, 97013771.48319998, 6.701693764699955e+17, 88863089.2674178
2434.375, 6.43, 97013771.48319998, 6.701693764699955e+17, 88863089.2674178
2434.625, 6.43, 97013771.48319998, 6.701693764699955e+17, 88863089.2674178
2434.875, 6.43, 97013771.48319998, 6.701693764699955e+17, 88863089.2674178
2435.125, 6.43, 97013771.48319998, 6.701693764699955e+17, 88863089.2674178
2435.375, 6.43, 97013771.48319998, 6.701693764699955e+17, 88863089.2674178
2435.625, 6.43, 97013771.48319998, 6.701693764699955e+17, 88863089.2674178
2435.875, 6.43, 97013771.48319998, 6.701693764699955e+17, 88863089.2674178
2436.125, 6.43, 97013771.48319998, 6.701693764699955e+17, 88863089.2674178
2436.375, 6.43, 97013771.48319998, 6.701693764699955e+17, 88863089.2674178
2436.625, 6.43, 97013771.48319998, 6.701693764699955e+17, 88863089.2674178
2436.875, 6.43, 97013771.48319998, 6.701693764699955e+17, 88863089.2674178
2437.125, 6.43, 97013771.48319998, 6.701693764699955e+17, 88863089.2674178
2437.375, 6.43, 97013771.48319998, 6.701693764699955e+17, 88863089.2674178
2437.625, 6.43, 97013771.48319998, 6.701693764699955e+17, 88863089.2674178
2437.875, 6.43, 97013771.48319998, 6.701693764699955e+17, 88863089.2674178
2438.125, 6.43, 97013771.48319998, 6.701693764699955e+17, 88863089.2674178
2438.375, 6.43, 97013771.48319998, 6.701693764699955e+17, 88863089.2674178
2438.625, 6.43, 97013771.48319998, 6.701693764699955e+17, 88863089.2674178
2438.875, 6.43, 97013771.48319998, 6.701693764699955e+17, 88863089.2674178
2439.125, 6.43, 97013771.48319998, 6.701693764699955e+17, 88863089.2674178
2439.375, 6.43, 97013771.48319998, 6.701693764699955e+17, 88863089.2674178
2439.625, 6.43, 97013771.48319998, 6.701693764699955e+17, 88863089.2674178
2439.875, 6.43, 97013771.48319998, 6.701693764699955e+17, 88863089.2674178
2440.125, 6.43, 97013771.48319998, 6.701693764699955e+17, 88863089.2674178
2440.375, 6.43, 97013771.48319998, 6.701693764699955e+17, 88863089.2674178
2440.625, 6.43, 97013771.48319998, 6.701693764699955e+17, 88863089.2674178
2440.875, 6.43, 97013771.48319998, 6.701693764699955e+17, 88863089.2674178
2441.125, 6.43, 97013771.48319998, 6.701693764699955e+17, 88863089.2674178
2441.375, 6.43, 97013771.48319998, 6.701693764699955e+17, 88863089.2674178
2441.625, 6.43, 97013771.48319998, 6.701693764699955e+17, 88863089.2674178
2441.875, 6.43, 97013771.48319998, 6.701693764699955e+17, 88863089.2674178
2442.125, 6.43, 97013771.48319998, 6.701693764699955e+17, 88863089.2674178
2442.375, 6.43, 97013771.48319998, 6.701693764699955e+17, 88863089.2674178
2442.625, 6.43, 97013771.48319998, 6.701693764699955e+17, 88863089.2674178
2442.875, 6.43, 97013771.48319998, 6.701693764699955e+17, 88863089.2674178
2443.125, 6.43, 97013771.48319998, 6.701693764699955e+17, 88863089.2674178
2443.375, 6.43, 97013771.48319998, 6.701693764699955e+17, 88863089.2674178
2443.625, 6.43, 97013771.48319998, 6.701693764699955e+17, 88863089.2674178
2443.875, 6.43, 97013771.48319998, 6.701693764699955e+17, 88863089.2674178
2444.125, 6.43, 97013771.48319998, 6.701693764699955e+17, 88863089.2674178
2444.375, 6.43, 97013771.48319998, 6.701693764699955e+17, 88863089.2674178
2444.625, 6.43, 97013771.48319998, 6.701693764699955e+17, 88863089.2674178
2444.875, 6.43, 97013771.48319998, 6.701693764699955e+17, 88863089.2674178
2445.125, 6.43, 97013771.48319998, 6.701693764699955e+17, 88863089.2674178
2445.375, 6.43, 97013771.48319998, 6.701693764699955e+17, 88863089.2674178
2445.625, 6.43, 97013771.48319998, 6.701693764699955e+17, 88863089.2674178
2445.875, 6.43, 97013771.48319998, 6.701693764699955e+17, 88863089.2674178
2446.125, 6.43, 97013771.48319998, 6.701693764699955e+17, 88863089.2674178
2446.375, 6.43, 97013771.48319998, 6.701693764699955e+17, 88863089.2674178
2446.625, 6.43, 97013771.48319998, 6.701693764699955e+17, 88863089.2674178
2446.875, 6.43, 97013771.48319998, 6.701693764699955e+17, 88863089.2674178
2447.125, 6.43, 97013771.48319998, 6.701693764699955e+17, 88863089.2674178
2447.375, 6.43, 97013771.48319998, 6.701693764699955e+17, 88863089.2674178
2447.625, 6.43, 97013771.48319998, 6.701693764699955e+17, 88863089.2674178
2447.875, 6.43, 97013771.48319998, 6.701693764699955e+17, 88863089.2674178
2448.125, 6.43, 97013771.48319998, 6.701693764699955e+17, 88863089.2674178
2448.375, 6.43, 97013771.48319998, 6.701693764699955e+17, 88863089.2674178
2448.625, 6.43, 97013771.48319998, 6.701693764699955e+17, 88863089.2674178
2448.875, 6.43, 97013771.48319998, 6.701693764699955e+17, 88863089.2674178
2449.125, 6.43, 97013771.48319998, 6.701693764699955e+17, 88863089.2674178
2449.375, 6.43, 97013771.48319998, 6.701693764699955e+17, 88863089.2674178
2449.625, 6.43, 97013771.48319998, 6.701693764699955e+17, 88863089.2674178
2449.875, 6.43, 97013771.48319998, 6.701693764699955e+17, 88863089.2674178
