# xi rho_shape velocity_shape temperature_shape; duplicate xi=1 preserves shock
0.00000000000000000e+00 5.95693645215589096e-01 0.00000000000000000e+00 1.13271516334479141e-01
2.00000000000000004e-02 5.95693645215589096e-01 1.41260429053670332e-02 1.13271516334479141e-01
2.00326267754663626e-02 5.95695429994859915e-01 1.41488509297623653e-02 1.13271516047892540e-01
2.00653067762565779e-02 5.95697220651336123e-01 1.41716969895617408e-02 1.13271515760408059e-01
2.00980400891992046e-02 5.95699017203619841e-01 1.41945811444049007e-02 1.13271515472011183e-01
2.01308268012644065e-02 5.95700819663960490e-01 1.42175034540378987e-02 1.13271515182630900e-01
2.01636669995642580e-02 5.95702628042662941e-01 1.42404639783134512e-02 1.13271514892179917e-01
2.01965607713529074e-02 5.95704442352645192e-01 1.42634627771911805e-02 1.13271514600597492e-01
2.02295082040268893e-02 5.95706262614118631e-01 1.42864999107379445e-02 1.13271514307891022e-01
2.02625093851252630e-02 5.95708088859418727e-01 1.43095754391280774e-02 1.13271514014179842e-01
2.02955644023299353e-02 5.95709921129074504e-01 1.43326894226434715e-02 1.13271513719659198e-01
2.03286733434658307e-02 5.95711759433585009e-01 1.43558419216725346e-02 1.13271513424248044e-01
2.03618362965011304e-02 5.95713603795131830e-01 1.43790329967115275e-02 1.13271513127957649e-01
2.03950533495475678e-02 5.95715454229574726e-01 1.44022627083643072e-02 1.13271512830740800e-01
2.04283245908605630e-02 5.95717310746650353e-01 1.44255311173424380e-02 1.13271512532496468e-01
2.04616501088395568e-02 5.95719173354395393e-01 1.44488382844655226e-02 1.13271512233111063e-01
2.04950299920281624e-02 5.95721042063702022e-01 1.44721842706614558e-02 1.13271511932499888e-01
2.05284643291144750e-02 5.95722916893014820e-01 1.44955691369667451e-02 1.13271511630649885e-01
2.05619532089312343e-02 5.95724797873167566e-01 1.45189929445267655e-02 1.13271511327663069e-01
2.05954967204561024e-02 5.95726685052358929e-01 1.45424557545960620e-02 1.13271511023800314e-01
2.06290949528119272e-02 5.95728578463365577e-01 1.45659576285375875e-02 1.13271510719180291e-01
2.06627479952668953e-02 5.95730478108680850e-01 1.45894986278222796e-02 1.13271510413634077e-01
2.06964559372348721e-02 5.95732384010803639e-01 1.46130788140308252e-02 1.13271510107168669e-01
2.07302188682755434e-02 5.95734296183510592e-01 1.46366982488529262e-02 1.13271509799712608e-01
2.07640368780947285e-02 5.95736214636041317e-01 1.46603569940876501e-02 1.13271509491155498e-01
2.07979100565445565e-02 5.95738139377568920e-01 1.46840551116436731e-02 1.13271509181389007e-01
2.08318384936237791e-02 5.95740070421809209e-01 1.47077926635396112e-02 1.13271508870349383e-01
2.08658222794779261e-02 5.95742007791766892e-01 1.47315697119042473e-02 1.13271508558060188e-01
2.08998615043995903e-02 5.95743951524621562e-01 1.47553863189768663e-02 1.13271508244675703e-01
2.09339562588286912e-02 5.95745901673482070e-01 1.47792425471074598e-02 1.13271507930495119e-01
2.09681066333526518e-02 5.95747858249047857e-01 1.48031384587551749e-02 1.13271507615427397e-01
2.10023127187067039e-02 5.95749821267091528e-01 1.48270741164898221e-02 1.13271507299414181e-01
2.10365746057740721e-02 5.95751790747215959e-01 1.48510495829920191e-02 1.13271506982430353e-01
2.10708923855862651e-02 5.95753766701703324e-01 1.48750649210530883e-02 1.13271506664385541e-01
2.11052661493232735e-02 5.95755749139901813e-01 1.48991201935753277e-02 1.13271506345164960e-01
2.11396959883138613e-02 5.95757738072750231e-01 1.49232154635723108e-02 1.13271506024671703e-01
2.11741819940357498e-02 5.95759733517427614e-01 1.49473507941691470e-02 1.13271505702868258e-01
2.12087242581159019e-02 5.95761735502160272e-01 1.49715262486027883e-02 1.13271505379820461e-01
2.12433228723307756e-02 5.95763744071147627e-01 1.49957418902223333e-02 1.13271505055740324e-01
2.12779779286065111e-02 5.95765759272086637e-01 1.50199977824887979e-02 1.13271504730871414e-01
2.13126895190192504e-02 5.95767781105862038e-01 1.50442939889739048e-02 1.13271504405021983e-01
2.13474577357953034e-02 5.95769809595785294e-01 1.50686305733620952e-02 1.13271504078194335e-01
2.13822826713114741e-02 5.95771844758990476e-01 1.50930075994500246e-02 1.13271503750335054e-01
2.14171644180952310e-02 5.95773886606860703e-01 1.51174251311466928e-02 1.13271503421339861e-01
2.14521030688249841e-02 5.95775935149470803e-01 1.51418832324737487e-02 1.13271503091095682e-01
2.14870987163303731e-02 5.95777990400150892e-01 1.51663819675658101e-02 1.13271502759521872e-01
2.15221514535924204e-02 5.95780052380198710e-01 1.51909214006706785e-02 1.13271502426613352e-01
2.15572613737438877e-02 5.95782121123721753e-01 1.52155015961497123e-02 1.13271502092483406e-01
2.15924285700694156e-02 5.95784196682618505e-01 1.52401226184780293e-02 1.13271501757407994e-01
2.16276531360058699e-02 5.95786279085698478e-01 1.52647845322436606e-02 1.13271501421450843e-01
2.16629351651424981e-02 5.95788368340618990e-01 1.52894874021476321e-02 1.13271501084469900e-01
2.16982747512212693e-02 5.95790464471137593e-01 1.53142312930052392e-02 1.13271500746465123e-01
2.17336719881370440e-02 5.95792567492501202e-01 1.53390162697455406e-02 1.13271500407359615e-01
2.17691269699378555e-02 5.95794677415802165e-01 1.53638423974116773e-02 1.13271500067041148e-01
2.18046397908251977e-02 5.95796794252460016e-01 1.53887097411611710e-02 1.13271499725403485e-01
2.18402105451541914e-02 5.95798918018835999e-01 1.54136183662661550e-02 1.13271499382387994e-01
2.18758393274339283e-02 5.95801048740998485e-01 1.54385683381137312e-02 1.13271499038027412e-01
2.19115262323276334e-02 5.95803186459613277e-01 1.54635597222061907e-02 1.13271498692488481e-01
2.19472713546530057e-02 5.95805331229481983e-01 1.54885925841612287e-02 1.13271498346067034e-01
2.19830747893823703e-02 5.95807483059667242e-01 1.55136669897104739e-02 1.13271497998636353e-01
2.20189366316430393e-02 5.95809641970209358e-01 1.55387830047011566e-02 1.13271497650157413e-01
2.20548569767174685e-02 5.95811807982015940e-01 1.55639406950960207e-02 1.13271497300597587e-01
2.20908359200435618e-02 5.95813981109044266e-01 1.55891401269733516e-02 1.13271496949862299e-01
2.21268735572149322e-02 5.95816161362703878e-01 1.56143813665272704e-02 1.13271496597836585e-01
2.21629699839811095e-02 5.95818348756383065e-01 1.56396644800679725e-02 1.13271496244426187e-01
2.21991252962478632e-02 5.95820543310123685e-01 1.56649895340220772e-02 1.13271495889600740e-01
2.22353395900773652e-02 5.95822745055421765e-01 1.56903565949328347e-02 1.13271495533435837e-01
2.22716129616885514e-02 5.95824954040185095e-01 1.57157657294605090e-02 1.13271495176157880e-01
2.23079455074572837e-02 5.95827170311024279e-01 1.57412170043820174e-02 1.13271494817980434e-01
2.23443373239166528e-02 5.95829393870729973e-01 1.57667104865900354e-02 1.13271494458707794e-01
2.23807885077572551e-02 5.95831624745394195e-01 1.57922462430948561e-02 1.13271494098347761e-01
2.24172991558273769e-02 5.95833862953656035e-01 1.58178243410238284e-02 1.13271493736840298e-01
2.24538693651333450e-02 5.95836108508785767e-01 1.58434448476216447e-02 1.13271493374078866e-01
2.24904992328396926e-02 5.95838361423122409e-01 1.58691078302505527e-02 1.13271493009950749e-01
2.25271888562695033e-02 5.95840621712662610e-01 1.58948133563907266e-02 1.13271492644379967e-01
2.25639383329045810e-02 5.95842889401771214e-01 1.59205614936404685e-02 1.13271492277368949e-01
2.26007477603858038e-02 5.95845164528048588e-01 1.59463523097165619e-02 1.13271491909042801e-01
2.26376172365133008e-02 5.95847447146951814e-01 1.59721858724545078e-02 1.13271491539689462e-01
2.26745468592467435e-02 5.95849737283739911e-01 1.59980622498075500e-02 1.13271491169319033e-01
2.27115367267056514e-02 5.95852034951517950e-01 1.60239815098472335e-02 1.13271490797817703e-01
2.27485869371695480e-02 5.95854340175392849e-01 1.60499437207641746e-02 1.13271490425176841e-01
2.27856975890783492e-02 5.95856652972331813e-01 1.60759489508678771e-02 1.13271490051315121e-01
2.28228687810324987e-02 5.95858973355515076e-01 1.61019972685869303e-02 1.13271489676118400e-01
2.28601006117933464e-02 5.95861301338840410e-01 1.61280887424693591e-02 1.13271489299482470e-01
2.28973931802833007e-02 5.95863636941547536e-01 1.61542234411828529e-02 1.13271488921354552e-01
2.29347465855862034e-02 5.95865980192988198e-01 1.61804014335151305e-02 1.13271488541776280e-01
2.29721609269474929e-02 5.95868331137536011e-01 1.62066227883741372e-02 1.13271488160927233e-01
2.30096363037745125e-02 5.95870689831305422e-01 1.62328875747881941e-02 1.13271487779093877e-01
2.30471728156368058e-02 5.95873056282711144e-01 1.62591958619047704e-02 1.13271487396121723e-01
2.30847705622663005e-02 5.95875430515890869e-01 1.62855477189920370e-02 1.13271487011986929e-01
2.31224296435576758e-02 5.95877812553313624e-01 1.63119432154388219e-02 1.13271486626650042e-01
2.31601501595685155e-02 5.95880202410860149e-01 1.63383824207545998e-02 1.13271486240012695e-01
2.31979322105196895e-02 5.95882600102242477e-01 1.63648654045698526e-02 1.13271485851959702e-01
2.32357758967955096e-02 5.95885005643541410e-01 1.63913922366362950e-02 1.13271485462400262e-01
2.32736813189440700e-02 5.95887419057886336e-01 1.64179629868271906e-02 1.13271485071310324e-01
2.33116485776775073e-02 5.95889840380279368e-01 1.64445777251376705e-02 1.13271484678776388e-01
2.33496777738722260e-02 5.95892269662551488e-01 1.64712365216849420e-02 1.13271484285038485e-01
2.33877690085692244e-02 5.95894706949749775e-01 1.64979394467080209e-02 1.13271483890274041e-01
2.34259223829742964e-02 5.95897152247717110e-01 1.65246865705670244e-02 1.13271483494291933e-01
2.34641379984583780e-02 5.95899605585139547e-01 1.65514779637448740e-02 1.13271483097101541e-01
2.35024159565577380e-02 5.95902066982424872e-01 1.65783136968467790e-02 1.13271482698637085e-01
2.35407563589743150e-02 5.95904536454977429e-01 1.66051938406005344e-02 1.13271482298789347e-01
2.35791593075759427e-02 5.95907014017655001e-01 1.66321184658567989e-02 1.13271481897447027e-01
2.36176249043966204e-02 5.95909499689355249e-01 1.66590876435893515e-02 1.13271481494538057e-01
2.36561532516368460e-02 5.95911993497755255e-01 1.66861014448954521e-02 1.13271481090073345e-01
2.36947444516637795e-02 5.95914495484174522e-01 1.67131599409960398e-02 1.13271480684189435e-01
2.37333986070116416e-02 5.95917005707350511e-01 1.67402632032360790e-02 1.13271480277181508e-01
2.37721158203818561e-02 5.95919524189899241e-01 1.67674113030834779e-02 1.13271479869012467e-01
2.38108961946434522e-02 5.95922050950224658e-01 1.67946043121299723e-02 1.13271479459593205e-01
2.38497398328332104e-02 5.95924586015055380e-01 1.68218423020916122e-02 1.13271479048907359e-01
2.38886468381560579e-02 5.95927129403334921e-01 1.68491253448086846e-02 1.13271478636868608e-01
2.39276173139852423e-02 5.95929681130597078e-01 1.68764535122459640e-02 1.13271478223362074e-01
2.39666513638626504e-02 5.95932241213466996e-01 1.69038268764930000e-02 1.13271477808285392e-01
2.40057490914991137e-02 5.95934809674307675e-01 1.69312455097644400e-02 1.13271477391591477e-01
2.40449106007746063e-02 5.95937386545998371e-01 1.69587094844002688e-02 1.13271476973331314e-01
2.40841359957386127e-02 5.95939971876854435e-01 1.69862188728661448e-02 1.13271476553697265e-01
2.41234253806103145e-02 5.95942565723951101e-01 1.70137737477534003e-02 1.13271476132961332e-01
2.41627788597789453e-02 5.95945168096059574e-01 1.70413741817780143e-02 1.13271475710947492e-01
2.42021965378040119e-02 5.95947779021289037e-01 1.70690202477821705e-02 1.13271475287644752e-01
2.42416785194155826e-02 5.95950398523935609e-01 1.70967120187340664e-02 1.13271474863006455e-01
2.42812249095146135e-02 5.95953026622078275e-01 1.71244495677281040e-02 1.13271474436931321e-01
2.43208358131731459e-02 5.95955663331990904e-01 1.71522329679851156e-02 1.13271474009303791e-01
2.43605113356346777e-02 5.95958308672703274e-01 1.71800622928527172e-02 1.13271473580036572e-01
2.44002515823143369e-02 5.95960962670688543e-01 1.72079376158055172e-02 1.13271473149112706e-01
2.44400566587992807e-02 5.95963625364693494e-01 1.72358590104454978e-02 1.13271472716628741e-01
2.44799266708488547e-02 5.95966296810716889e-01 1.72638265505022197e-02 1.13271472282839111e-01
2.45198617243949923e-02 5.95968977051785531e-01 1.72918403098324680e-02 1.13271471847878127e-01
2.45598619255423950e-02 5.95971666097973030e-01 1.73199003624198676e-02 1.13271471411568264e-01
2.45999273805688548e-02 5.95974363980400046e-01 1.73480067823762983e-02 1.13271470973916627e-01
2.46400581959255842e-02 5.95977070721522062e-01 1.73761596439415619e-02 1.13271470534852023e-01
2.46802544782373963e-02 5.95979786339154716e-01 1.74043590214835835e-02 1.13271470094263194e-01
2.47205163343031005e-02 5.95982510850935787e-01 1.74326049894987962e-02 1.13271469652039630e-01
2.47608438710956759e-02 5.95985244278934623e-01 1.74608976226123466e-02 1.13271469208114373e-01
2.48012371957626668e-02 5.95987986654388346e-01 1.74892369955784686e-02 1.13271468762506017e-01
2.48416964156263596e-02 5.95990738022589062e-01 1.75176231832806784e-02 1.13271468315362889e-01
2.48822216381841647e-02 5.95993498445300363e-01 1.75460562607321104e-02 1.13271467866982917e-01
2.49228129711088243e-02 5.95996267943422864e-01 1.75745363030744700e-02 1.13271467417287802e-01
2.49634705222487353e-02 5.95999046540547361e-01 1.76030633855790604e-02 1.13271466966209960e-01
2.50041943996282615e-02 5.96001834265313835e-01 1.76316375836471431e-02 1.13271466513725480e-01
2.50449847114479415e-02 5.96004631138931873e-01 1.76602589728098829e-02 1.13271466059743892e-01
2.50858415660848814e-02 5.96007437179561617e-01 1.76889276287286838e-02 1.13271465604149121e-01
2.51267650720929346e-02 5.96010252406834917e-01 1.77176436271954257e-02 1.13271465146841457e-01
2.51677553382030940e-02 5.96013076846502399e-01 1.77464070441328177e-02 1.13271464687779405e-01
2.52088124733236829e-02 5.96015910535230176e-01 1.77752179555946202e-02 1.13271464227023222e-01
2.52499365865407055e-02 5.96018753525529243e-01 1.78040764377659852e-02 1.13271463764778049e-01
2.52911277871181520e-02 5.96021605875107108e-01 1.78329825669634560e-02 1.13271463301295922e-01
2.53323861844982033e-02 5.96024467594137852e-01 1.78619364196340204e-02 1.13271462836386963e-01
2.53737118883016408e-02 5.96027338714587684e-01 1.78909380723567268e-02 1.13271462370048953e-01
2.54151050083280122e-02 5.96030219262885907e-01 1.79199876018423868e-02 1.13271461902229295e-01
2.54565656545560487e-02 5.96033109259593297e-01 1.79490850849338482e-02 1.13271461432823239e-01
2.54980939371438273e-02 5.96036008723836330e-01 1.79782305986062145e-02 1.13271460961715795e-01
2.55396899664291945e-02 5.96038917677868429e-01 1.80074242199672191e-02 1.13271460488822875e-01
2.55813538529299500e-02 5.96041836151776860e-01 1.80366660262574370e-02 1.13271460014134587e-01
2.56230857073441870e-02 5.96044764188322751e-01 1.80659560948506250e-02 1.13271459537758079e-01
2.56648856405506283e-02 5.96047701847924105e-01 1.80952945032540370e-02 1.13271459059961388e-01
2.57067537636088174e-02 5.96050649171181890e-01 1.81246813291078314e-02 1.13271458580830237e-01
2.57486901877595313e-02 5.96053606173589934e-01 1.81541166501851745e-02 1.13271458100208555e-01
2.57906950244249610e-02 5.96056572888579383e-01 1.81836005443932677e-02 1.13271457618098009e-01
2.58327683852091275e-02 5.96059549340956507e-01 1.82131330897731709e-02 1.13271457134422215e-01
2.58749103818980489e-02 5.96062535551242445e-01 1.82427143645000345e-02 1.13271456649067875e-01
2.59171211264601666e-02 5.96065531540151738e-01 1.82723444468834532e-02 1.13271456161926173e-01
2.59594007310465398e-02 5.96068537333201309e-01 1.83020234153677200e-02 1.13271455672934465e-01
2.60017493079911823e-02 5.96071552965471430e-01 1.83317513485321201e-02 1.13271455182119798e-01
2.60441669698114019e-02 5.96074578486490259e-01 1.83615283250912684e-02 1.13271454689641712e-01
2.60866538292080091e-02 5.96077613960826924e-01 1.83913544238952648e-02 1.13271454195796803e-01
2.61292099990657195e-02 5.96080659408617763e-01 1.84212297239288413e-02 1.13271453700471189e-01
2.61718355924533512e-02 5.96083714858567260e-01 1.84511543043123921e-02 1.13271453203616201e-01
2.62145307226242241e-02 5.96086780341539946e-01 1.84811282443022931e-02 1.13271452705200448e-01
2.62572955030163750e-02 5.96089855881320019e-01 1.85111516232908564e-02 1.13271452205129519e-01
2.63001300472529009e-02 5.96092941499001716e-01 1.85412245208067088e-02 1.13271451703286813e-01
2.63430344691422888e-02 5.96096037217512920e-01 1.85713470165150690e-02 1.13271451199574824e-01
2.63860088826786410e-02 5.96099143066285753e-01 1.86015191902179945e-02 1.13271450693958206e-01
2.64290534020420673e-02 5.96102259086051744e-01 1.86317411218547592e-02 1.13271450186506181e-01
2.64721681415988966e-02 5.96105385333793536e-01 1.86620128915020653e-02 1.13271449677436895e-01
2.65153532159020794e-02 5.96108521867561358e-01 1.86923345793740640e-02 1.13271449166976929e-01
2.65586087396913889e-02 5.96111668699992991e-01 1.87227062658215822e-02 1.13271448654929469e-01
2.66019348278938306e-02 5.96114825866846276e-01 1.87531280313336483e-02 1.13271448141298539e-01
2.66453315956238501e-02 5.96117993396999002e-01 1.87835999565372017e-02 1.13271447626025132e-01
2.66887991581836945e-02 5.96121171313815923e-01 1.88141221221973867e-02 1.13271447109002082e-01
2.67323376310637344e-02 5.96124359639579215e-01 1.88446946092178554e-02 1.13271446590114372e-01
2.67759471299427038e-02 5.96127558400073476e-01 1.88753174986410303e-02 1.13271446069281995e-01
2.68196277706880919e-02 5.96130767629291181e-01 1.89059908716484280e-02 1.13271445546501731e-01
2.68633796693563548e-02 5.96133987374292351e-01 1.89367148095609360e-02 1.13271445021891209e-01
2.69072029421933388e-02 5.96137217700063893e-01 1.89674893938391494e-02 1.13271444495731038e-01
2.69510977056344608e-02 5.96140458644811466e-01 1.89983147060827466e-02 1.13271443968055524e-01
2.69950640763051454e-02 5.96143710230267576e-01 1.90291908280308397e-02 1.13271443438735409e-01
2.70391021710210261e-02 5.96146972492210603e-01 1.90601178415627584e-02 1.13271442907764142e-01
2.70832121067883028e-02 5.96150245458129335e-01 1.90910958286979807e-02 1.13271442375060802e-01
2.71273940008041024e-02 5.96153529151572936e-01 1.91221248715964590e-02 1.13271441840510204e-01
2.71716479704566735e-02 5.96156823596644236e-01 1.91532050525588457e-02 1.13271441304005099e-01
2.72159741333258265e-02 5.96160128822619373e-01 1.91843364540268679e-02 1.13271440765487660e-01
2.72603726071831282e-02 5.96163444868716086e-01 1.92155191585835529e-02 1.13271440224992914e-01
2.73048435099923215e-02 5.96166771788996797e-01 1.92467532489536131e-02 1.13271439682692154e-01
2.73493869599095510e-02 5.96170109650639879e-01 1.92780388080035538e-02 1.13271439138875385e-01
2.73940030752837134e-02 5.96173458474004381e-01 1.93093759187408787e-02 1.13271438593400081e-01
2.74386919746568182e-02 5.96176818292863286e-01 1.93407646643152936e-02 1.13271438046232673e-01
2.74834537767641891e-02 5.96180189140654737e-01 1.93722051280187414e-02 1.13271437497335301e-01
2.75282886005349184e-02 5.96183571044071492e-01 1.94036973932856516e-02 1.13271436946609655e-01
2.75731965650920438e-02 5.96186964027467514e-01 1.94352415436931415e-02 1.13271436393938482e-01
2.76181777897529963e-02 5.96190368117394232e-01 1.94668376629614018e-02 1.13271435839227219e-01
2.76632323940298117e-02 5.96193783347271689e-01 1.94984858349539318e-02 1.13271435282446112e-01
2.77083604976294841e-02 5.96197209762207359e-01 1.95301861436778731e-02 1.13271434723673833e-01
2.77535622204543378e-02 5.96200647423945629e-01 1.95619386732843216e-02 1.13271434163140769e-01
2.77988376826022454e-02 5.96204096390645422e-01 1.95937435080681885e-02 1.13271433601043497e-01
2.78441870043670478e-02 5.96207556678488682e-01 1.96256007324677392e-02 1.13271433037185384e-01
2.78896103062387726e-02 5.96211028326986470e-01 1.96575104310658701e-02 1.13271432471572855e-01
2.79351077089040681e-02 5.96214511367824662e-01 1.96894726885900075e-02 1.13271431904141739e-01
2.79806793332464041e-02 5.96218005827506947e-01 1.97214875899122989e-02 1.13271431334781889e-01
2.80263253003465058e-02 5.96221511731813925e-01 1.97535552200500016e-02 1.13271430763379213e-01
2.80720457314825693e-02 5.96225029110381333e-01 1.97856756641657180e-02 1.13271430189857039e-01
2.81178407481306944e-02 5.96228558001432152e-01 1.98178490075677574e-02 1.13271429614219529e-01
2.81637104719651005e-02 5.96232098456631054e-01 1.98500753357103814e-02 1.13271429036594179e-01
2.82096550248585043e-02 5.96235650545433815e-01 1.98823547341941340e-02 1.13271428457270645e-01
2.82556745288824809e-02 5.96239214304568277e-01 1.99146872887652794e-02 1.13271427876237119e-01
2.83017691063076858e-02 5.96242789761998626e-01 1.99470730853162151e-02 1.13271427293387822e-01
2.83479388796042953e-02 5.96246376956214297e-01 1.99795122098862243e-02 1.13271426708709044e-01
2.83941839714422287e-02 5.96249975917739650e-01 2.00120047486614001e-02 1.13271426122114938e-01
2.84405045046915682e-02 5.96253586673506142e-01 2.00445507879750302e-02 1.13271425533489248e-01
2.84869006024227947e-02 5.96257209251343179e-01 2.00771504143078053e-02 1.13271424942725921e-01
2.85333723879071695e-02 5.96260843684622066e-01 2.01098037142881970e-02 1.13271424349772235e-01
2.85799199846170811e-02 5.96264490017023974e-01 2.01425107746927602e-02 1.13271423754671294e-01
2.86265435162262986e-02 5.96268148307455004e-01 2.01752716824463892e-02 1.13271423157605425e-01
2.86732431066103952e-02 5.96271818625569439e-01 2.02080865246225573e-02 1.13271422558854459e-01
2.87200188798469661e-02 5.96275500992942575e-01 2.02409553884424949e-02 1.13271421958252419e-01
2.87668709602160837e-02 5.96279195448425892e-01 2.02738783612764484e-02 1.13271421355778751e-01
2.88137994722005193e-02 5.96282902028399175e-01 2.03068555306437255e-02 1.13271420751388824e-01
2.88608045404861145e-02 5.96286620762834563e-01 2.03398869842128932e-02 1.13271420144981164e-01
2.89078862899621626e-02 5.96290351679701569e-01 2.03729728098021312e-02 1.13271419536437934e-01
2.89550448457216308e-02 5.96294094809520447e-01 2.04061130953794474e-02 1.13271418925667208e-01
2.90022803330616183e-02 5.96297850190045442e-01 2.04393079290631045e-02 1.13271418312645422e-01
2.90495928774835641e-02 5.96301617871083600e-01 2.04725573991218109e-02 1.13271417697459964e-01
2.90969826046937052e-02 5.96305397919469460e-01 2.05058615939751401e-02 1.13271417080353945e-01
2.91444496406032851e-02 5.96309190393286448e-01 2.05392206021932748e-02 1.13271416461488597e-01
2.91919941113290143e-02 5.96312995313352912e-01 2.05726345124968082e-02 1.13271415840674280e-01
2.92396161431932797e-02 5.96316812722949341e-01 2.06061034137578238e-02 1.13271415217917337e-01
2.92873158627246048e-02 5.96320642656946953e-01 2.06396273949998980e-02 1.13271414593148254e-01
2.93350933966578797e-02 5.96324485145366290e-01 2.06732065453983198e-02 1.13271413966254481e-01
2.93829488719347387e-02 5.96328340217845865e-01 2.07068409542804227e-02 1.13271413337122540e-01
2.94308824157039454e-02 5.96332207908234824e-01 2.07405307111259429e-02 1.13271412705679808e-01
2.94788941553216291e-02 5.96336088259324271e-01 2.07742759055672480e-02 1.13271412071936931e-01
2.95269842183517421e-02 5.96339981327729030e-01 2.08080766273897391e-02 1.13271411436031991e-01
2.95751527325662719e-02 5.96343887187302135e-01 2.08419329665320424e-02 1.13271410798259253e-01
2.96233998259457093e-02 5.96347805874260728e-01 2.08758450130855366e-02 1.13271410158566344e-01
2.96717256266792774e-02 5.96351737422823103e-01 2.09098128572948842e-02 1.13271409516868399e-01
2.97201302631653168e-02 5.96355681874582988e-01 2.09438365895586280e-02 1.13271408873144283e-01
2.97686138640116775e-02 5.96359639263496222e-01 2.09779163004292848e-02 1.13271408227304249e-01
2.98171765580359585e-02 5.96363609620250812e-01 2.10120520806136094e-02 1.13271407579230349e-01
2.98658184742659483e-02 5.96367592976782768e-01 2.10462440209729582e-02 1.13271406928818666e-01
2.99145397419398815e-02 5.96371589370914834e-01 2.10804922125235571e-02 1.13271406276021003e-01
2.99633404905068693e-02 5.96375598851144773e-01 2.11147967464368688e-02 1.13271405620888346e-01
3.00122208496271629e-02 5.96379621481570088e-01 2.11491577140398498e-02 1.13271404963614472e-01
3.00611809491725251e-02 5.96383657334228157e-01 2.11835752068151098e-02 1.13271404304464043e-01
3.01102209192266393e-02 5.96387706432938369e-01 2.12180493164003461e-02 1.13271403643254540e-01
3.01593408900853281e-02 5.96391768821673662e-01 2.12525801345893883e-02 1.13271402979974650e-01
3.02085409922570394e-02 5.96395844540170472e-01 2.12871677533323991e-02 1.13271402314574082e-01
3.02578213564630577e-02 5.96399933622070999e-01 2.13218122647360203e-02 1.13271401646947739e-01
3.03071821136379864e-02 5.96404036099355106e-01 2.13565137610637786e-02 1.13271400976977896e-01
3.03566233949299560e-02 5.96408152006891457e-01 2.13912723347363005e-02 1.13271400304575359e-01
3.04061453317011170e-02 5.96412281387131982e-01 2.14260880783317433e-02 1.13271399629722047e-01
3.04557480555278474e-02 5.96416424294950231e-01 2.14609610845859951e-02 1.13271398952514674e-01
3.05054316982012325e-02 5.96420580802611178e-01 2.14958914463931026e-02 1.13271398273208063e-01
3.05551963917273135e-02 5.96424750968029160e-01 2.15308792568050036e-02 1.13271397591924436e-01
3.06050422683274669e-02 5.96428934817743839e-01 2.15659246090314158e-02 1.13271396908486990e-01
3.06549694604388266e-02 5.96433132398875521e-01 2.16010275964409505e-02 1.13271396222899709e-01
3.07049781007145035e-02 5.96437343749892102e-01 2.16361883125610020e-02 1.13271395535087513e-01
3.07550683220240775e-02 5.96441568904742092e-01 2.16714068510781496e-02 1.13271394844936119e-01
3.08052402574538232e-02 5.96445807897316937e-01 2.17066833058383972e-02 1.13271394152332575e-01
3.08554940403071853e-02 5.96450060766064105e-01 2.17420177708475652e-02 1.13271393457208019e-01
3.09058298041050214e-02 5.96454327558726072e-01 2.17774103402715510e-02 1.13271392759580217e-01
3.09562476825860078e-02 5.96458608337223861e-01 2.18128611084366618e-02 1.13271392059596632e-01
3.10067478097070456e-02 5.96462903179804438e-01 2.18483701698299615e-02 1.13271391357553250e-01
3.10573303196434967e-02 5.96467212123159007e-01 2.18839376190986153e-02 1.13271390653362086e-01
3.11079953467896762e-02 5.96471535207831693e-01 2.19195635510507116e-02 1.13271389946956499e-01
3.11587430257590746e-02 5.96475872478957392e-01 2.19552480606556404e-02 1.13271389238308609e-01
3.12095734913848469e-02 5.96480223974342305e-01 2.19909912430443222e-02 1.13271388527324351e-01
3.12604868787200590e-02 5.96484589728854098e-01 2.20267931935094682e-02 1.13271387813884974e-01
3.13114833230380973e-02 5.96488969778932954e-01 2.20626540075059205e-02 1.13271387097888004e-01
3.13625629598330707e-02 5.96493364167253293e-01 2.20985737806510263e-02 1.13271386379290281e-01
3.14137259248200573e-02 5.96497772947512828e-01 2.21345526087248605e-02 1.13271385658150550e-01
3.14649723539355969e-02 5.96502196189367728e-01 2.21705905876706556e-02 1.13271384934673133e-01
3.15163023833379338e-02 5.96506633967230360e-01 2.22066878135948470e-02 1.13271384209104417e-01
3.15677161494074890e-02 5.96511086308187943e-01 2.22428443827665939e-02 1.13271383481250279e-01
3.16192137887470956e-02 5.96515553261447340e-01 2.22790603916188552e-02 1.13271382751106806e-01
3.16707954381825127e-02 5.96520034870537841e-01 2.23153359367485940e-02 1.13271382018617597e-01
3.17224612347626264e-02 5.96524531173214911e-01 2.23516711149169198e-02 1.13271381283674949e-01
3.17742113157599704e-02 5.96529042205885651e-01 2.23880660230495500e-02 1.13271380546160635e-01
3.18260458186709685e-02 5.96533568008181692e-01 2.24245207582370182e-02 1.13271379805988351e-01
3.18779648812163446e-02 5.96538108627660213e-01 2.24610354177350660e-02 1.13271379063145897e-01
3.19299686413415384e-02 5.96542664124644961e-01 2.24976100989649902e-02 1.13271378317738453e-01
3.19820572372169695e-02 5.96547234577215701e-01 2.25342448995138889e-02 1.13271377570032583e-01
3.20342308072385229e-02 5.96551820043102921e-01 2.25709399171345505e-02 1.13271376820107114e-01
3.20864894900277711e-02 5.96556420555655387e-01 2.26076952497453534e-02 1.13271376067804991e-01
3.21388334244325086e-02 5.96561036165950798e-01 2.26445109954313585e-02 1.13271375313124159e-01
3.21912627495269943e-02 5.96565666916517578e-01 2.26813872524442607e-02 1.13271374555985294e-01
3.22437776046123475e-02 5.96570312845667305e-01 2.27183241192027326e-02 1.13271373796271640e-01
3.22963781292169988e-02 5.96574973991983892e-01 2.27553216942928127e-02 1.13271373033871511e-01
3.23490644630969118e-02 5.96579650398932460e-01 2.27923800764681349e-02 1.13271372268719597e-01
3.24018367462361248e-02 5.96584342119613087e-01 2.28294993646503859e-02 1.13271371500840087e-01
3.24546951188469587e-02 5.96589049221658785e-01 2.28666796579294930e-02 1.13271370730390397e-01
3.25076397213705515e-02 5.96593771787754745e-01 2.29039210555640610e-02 1.13271369957663959e-01
3.25606706944770730e-02 5.96598509856085979e-01 2.29412236569806992e-02 1.13271369182543172e-01
3.26137881790661971e-02 5.96603263473641343e-01 2.29785875617749061e-02 1.13271368404976314e-01
3.26669923162674833e-02 5.96608032689571965e-01 2.30160128697114788e-02 1.13271367624929176e-01
3.27202832474406749e-02 5.96612817546002483e-01 2.30534996807246831e-02 1.13271366842303933e-01
3.27736611141761780e-02 5.96617618082429302e-01 2.30910480949186557e-02 1.13271366056980821e-01
3.28271260582952973e-02 5.96622434340243757e-01 2.31286582125676231e-02 1.13271365268859309e-01
3.28806782218507912e-02 5.96627266367396936e-01 2.31663301341163801e-02 1.13271364477900663e-01
3.29343177471270732e-02 5.96632114223205834e-01 2.32040639601804911e-02 1.13271363684171247e-01
3.29880447766407389e-02 5.96636977983292072e-01 2.32418597915467311e-02 1.13271362887885751e-01
3.30418594531408025e-02 5.96641857724511837e-01 2.32797177291730988e-02 1.13271362089268773e-01
3.30957619196092373e-02 5.96646753478255576e-01 2.33176378741884772e-02 1.13271361288119987e-01
3.31497523192611915e-02 5.96651665299127054e-01 2.33556203278936399e-02 1.13271360484440087e-01
3.32038307955454734e-02 5.96656593234937693e-01 2.33936651917614584e-02 1.13271359678167274e-01
3.32579974921449403e-02 5.96661537328026292e-01 2.34317725674372153e-02 1.13271358869190986e-01
3.33122525529767691e-02 5.96666497619695702e-01 2.34699425567388431e-02 1.13271358057393162e-01
3.33665961221930041e-02 5.96671474154788939e-01 2.35081752616573998e-02 1.13271357242689982e-01
3.34210283441807587e-02 5.96676466986403753e-01 2.35464707843572665e-02 1.13271356425074812e-01
3.34755493635627843e-02 5.96681476180744075e-01 2.35848292271766229e-02 1.13271355604661228e-01
3.35301593251976851e-02 5.96686501822009885e-01 2.36232506926276689e-02 1.13271354781726188e-01
3.35848583741803902e-02 5.96691543968167037e-01 2.36617352833964345e-02 1.13271353956304652e-01
3.36396466558425838e-02 5.96696602660109710e-01 2.37002831023429977e-02 1.13271353128261559e-01
3.36945243157529550e-02 5.96701677953183074e-01 2.37388942525022205e-02 1.13271352297588085e-01
3.37494914997177528e-02 5.96706769894463585e-01 2.37775688370840121e-02 1.13271351464200073e-01
3.38045483537809874e-02 5.96711878527118933e-01 2.38163069594735481e-02 1.13271350627979328e-01
3.38596950242250130e-02 5.96717003894891684e-01 2.38551087232317140e-02 1.13271349788814688e-01
3.39149316575707571e-02 5.96722146046727242e-01 2.38939742320953795e-02 1.13271348946644576e-01
3.39702584005781641e-02 5.96727305041533485e-01 2.39329035899777526e-02 1.13271348101499705e-01
3.40256754002466605e-02 5.96732480953083511e-01 2.39718969009687713e-02 1.13271347253546428e-01
3.40811828038153977e-02 5.96737673868635521e-01 2.40109542693352981e-02 1.13271346403073139e-01
3.41367807587637934e-02 5.96742883828892512e-01 2.40500757995207246e-02 1.13271345549936869e-01
3.41924694128118087e-02 5.96748110887479810e-01 2.40892615961457411e-02 1.13271344694098955e-01
3.42482489139204135e-02 5.96753355098082028e-01 2.41285117640087643e-02 1.13271343835518887e-01
3.43041194102919195e-02 5.96758616507650275e-01 2.41678264080861793e-02 1.13271342974095468e-01
3.43600810503704585e-02 5.96763895160803304e-01 2.42072056335327461e-02 1.13271342109707754e-01
3.44161339828422605e-02 5.96769191104365437e-01 2.42466495456818421e-02 1.13271341242257129e-01
3.44722783566361810e-02 5.96774504392038718e-01 2.42861582500459028e-02 1.13271340371709509e-01
3.45285143209239712e-02 5.96779835089209509e-01 2.43257318523167065e-02 1.13271339498138057e-01
3.45848420251207433e-02 5.96785183277910969e-01 2.43653704583657454e-02 1.13271338621767775e-01
3.46412616188853939e-02 5.96790549037608309e-01 2.44050741742443435e-02 1.13271337742798267e-01
3.46977732521209156e-02 5.96795932405031371e-01 2.44448431061832436e-02 1.13271336861028180e-01
3.47543770749748973e-02 5.96801333440412418e-01 2.44846773605937700e-02 1.13271335976460288e-01
3.48110732378398013e-02 5.96806752196378465e-01 2.45245770440679148e-02 1.13271335089027841e-01
3.48678618913535049e-02 5.96812188720368231e-01 2.45645422633787476e-02 1.13271334198617485e-01
3.49247431863995636e-02 5.96817643059084579e-01 2.46045731254807103e-02 1.13271333305111174e-01
3.49817172741076904e-02 5.96823115263078297e-01 2.46446697375099742e-02 1.13271332408427891e-01
3.50387843058541926e-02 5.96828605391465539e-01 2.46848322067848500e-02 1.13271331508566067e-01
3.50959444332622425e-02 5.96834113516794496e-01 2.47250606408060403e-02 1.13271330605647369e-01
3.51531978082024327e-02 5.96839639729562221e-01 2.47653551472570843e-02 1.13271329699956222e-01
3.52105445827930533e-02 5.96845184089019876e-01 2.48057158340040280e-02 1.13271328791488407e-01
3.52679849094006057e-02 5.96850746643809660e-01 2.48461428090957712e-02 1.13271327880128309e-01
3.53255189406401007e-02 5.96856327454091451e-01 2.48866361807647853e-02 1.13271326965860369e-01
3.53831468293755308e-02 5.96861926572039847e-01 2.49271960574273706e-02 1.13271326048596480e-01
3.54408687287202928e-02 5.96867544046201903e-01 2.49678225476840029e-02 1.13271325128216374e-01
3.54986847920375145e-02 5.96873179926000641e-01 2.50085157603196565e-02 1.13271324204610030e-01
3.55565951729405541e-02 5.96878834266363345e-01 2.50492758043041990e-02 1.13271323277719216e-01
3.56146000252933262e-02 5.96884507132491970e-01 2.50901027887927008e-02 1.13271322347580666e-01
3.56726995032108016e-02 5.96890198604776101e-01 2.51309968231258618e-02 1.13271321414369547e-01
3.57308937610593055e-02 5.96895908775261885e-01 2.51719580168302016e-02 1.13271320478365939e-01
3.57891829534570105e-02 5.96901637688222686e-01 2.52129864796176752e-02 1.13271319539406973e-01
3.58475672352743385e-02 5.96907385404167212e-01 2.52540823213865222e-02 1.13271318597463852e-01
3.59060467616343637e-02 5.96913151981885548e-01 2.52952456522216838e-02 1.13271317652490544e-01
3.59646216879131869e-02 5.96918937473708389e-01 2.53364765823950767e-02 1.13271316704382355e-01
3.60232921697403730e-02 5.96924741929923286e-01 2.53777752223659607e-02 1.13271315753017812e-01
3.60820583629994363e-02 5.96930565403312574e-01 2.54191416827813411e-02 1.13271314798299688e-01
3.61409204238280976e-02 5.96936407953839177e-01 2.54605760744762363e-02 1.13271313840198132e-01
3.61998785086188879e-02 5.96942269653463531e-01 2.55020785084741769e-02 1.13271312878793273e-01
3.62589327740193840e-02 5.96948150591108839e-01 2.55436490959874002e-02 1.13271311914319522e-01
3.63180833769327707e-02 5.96954050849132889e-01 2.55852879484170723e-02 1.13271310946949144e-01
3.63773304745181533e-02 5.96959970470626988e-01 2.56269951773529479e-02 1.13271309976483964e-01
3.64366742241910221e-02 5.96965909521766314e-01 2.56687708945744185e-02 1.13271309002927145e-01
3.64961147836236968e-02 5.96971868060572231e-01 2.57106152120507962e-02 1.13271308026206982e-01
3.65556523107456732e-02 5.96977846140153812e-01 2.57525282419416059e-02 1.13271307046207692e-01
3.66152869637441231e-02 5.96983843813168380e-01 2.57945100965969940e-02 1.13271306062811328e-01
3.66750189010642200e-02 5.96989861136407507e-01 2.58365608885580376e-02 1.13271305075938952e-01
3.67348482814096947e-02 5.96995898175535999e-01 2.58786807305572027e-02 1.13271304085594424e-01
3.67947752637431125e-02 5.97001955009951457e-01 2.59208697355186105e-02 1.13271303091906680e-01
3.68548000072863591e-02 5.97008031736700029e-01 2.59631280165584233e-02 1.13271302095164728e-01
3.69149226715211123e-02 5.97014128417414081e-01 2.60054556869846604e-02 1.13271301095330110e-01
3.69751434161891962e-02 5.97020245108741854e-01 2.60478528602974650e-02 1.13271300092304156e-01
3.70354624012930178e-02 5.97026381876266776e-01 2.60903196501899096e-02 1.13271299086064814e-01
3.70958797870959908e-02 5.97032538777852562e-01 2.61328561705482243e-02 1.13271298076519908e-01
3.71563957341230211e-02 5.97038715868012826e-01 2.61754625354522381e-02 1.13271297063547965e-01
3.72170104031608467e-02 5.97044913202411931e-01 2.62181388591756596e-02 1.13271296047039338e-01
3.72777239552584821e-02 5.97051130842510158e-01 2.62608852561864899e-02 1.13271295026939181e-01
3.73385365517277176e-02 5.97057368860337778e-01 2.63037018411474040e-02 1.13271294003289738e-01
3.73994483541435010e-02 5.97063627343421666e-01 2.63465887289161434e-02 1.13271292976274723e-01
3.74604595243443195e-02 5.97069906388915550e-01 2.63895460345456960e-02 1.13271291946163463e-01
3.75215702244326779e-02 5.97076206045717983e-01 2.64325738732839738e-02 1.13271290912777101e-01
3.75827806167755643e-02 5.97082526381556455e-01 2.64756723605746973e-02 1.13271289876095124e-01
3.76440908640047964e-02 5.97088867460945139e-01 2.65188416120577634e-02 1.13271288836065756e-01
3.77055011290175490e-02 5.97095229342207601e-01 2.65620817435696863e-02 1.13271287792581499e-01
3.77670115749766874e-02 5.97101612081888056e-01 2.66053928711438500e-02 1.13271286745519728e-01
3.78286223653112944e-02 5.97108015739308273e-01 2.66487751110110090e-02 1.13271285694784965e-01
3.78903336637170310e-02 5.97114440381255274e-01 2.66922285795995508e-02 1.13271284640351327e-01
3.79521456341565880e-02 5.97120886086805247e-01 2.67357533935359305e-02 1.13271283582305121e-01
3.80140584408601989e-02 5.97127352952302348e-01 2.67793496696450695e-02 1.13271282520889818e-01
3.80760722483259317e-02 5.97133841063409054e-01 2.68230175249503551e-02 1.13271281456248249e-01
3.81381872213202786e-02 5.97140350470588110e-01 2.68667570766735059e-02 1.13271280388189774e-01
3.82004035248784610e-02 5.97146881246351735e-01 2.69105684422355738e-02 1.13271279316715531e-01
3.82627213243049852e-02 5.97153433454755134e-01 2.69544517392572638e-02 1.13271278241749346e-01
3.83251407851739889e-02 5.97160007155199901e-01 2.69984070855592596e-02 1.13271277163173117e-01
3.83876620733296925e-02 5.97166602406902114e-01 2.70424345991626160e-02 1.13271276080868635e-01
3.84502853548869261e-02 5.97173219273492650e-01 2.70865343982891957e-02 1.13271274994759710e-01
3.85130107962314908e-02 5.97179857827748628e-01 2.71307066013619820e-02 1.13271273904854225e-01
3.85758385640205953e-02 5.97186518156479829e-01 2.71749513270054810e-02 1.13271272811288529e-01
3.86387688251833214e-02 5.97193200363624332e-01 2.72192686940460997e-02 1.13271271714353319e-01
3.87018017469211162e-02 5.97199904514323920e-01 2.72636588215119206e-02 1.13271270613980790e-01
3.87649374967081323e-02 5.97206630673563277e-01 2.73081218286330279e-02 1.13271269510086398e-01
3.88281762422917412e-02 5.97213378913018289e-01 2.73526578348423574e-02 1.13271268402642136e-01
3.88915181516929914e-02 5.97220149296896929e-01 2.73972669597759844e-02 1.13271267291552152e-01
3.89549633932070524e-02 5.97226941886310425e-01 2.74419493232735297e-02 1.13271266176693197e-01
3.90185121354035755e-02 5.97233756743789979e-01 2.74867050453784685e-02 1.13271265057956594e-01
3.90821645471272142e-02 5.97240593937928166e-01 2.75315342463385848e-02 1.13271263935290065e-01
3.91459207974981377e-02 5.97247453548174323e-01 2.75764370466063842e-02 1.13271262808741502e-01
3.92097810559123086e-02 5.97254335669751946e-01 2.76214135668393854e-02 1.13271261678501697e-01
3.92737454920421281e-02 5.97261240405368099e-01 2.76664639279004983e-02 1.13271260544828029e-01
3.93378142758366994e-02 5.97268167809611450e-01 2.77115882508575766e-02 1.13271259407529329e-01
3.94019875775224529e-02 5.97275117957840940e-01 2.77567866569843648e-02 1.13271258266591068e-01
3.94662655676034577e-02 5.97282090920983277e-01 2.78020592677609563e-02 1.13271257121956695e-01
3.95306484168619354e-02 5.97289086764015598e-01 2.78474062048741436e-02 1.13271255973515297e-01
3.95951362963587669e-02 5.97296105550395917e-01 2.78928275902178731e-02 1.13271254821143724e-01
3.96597293774338042e-02 5.97303147346617491e-01 2.79383235458935536e-02 1.13271253664747829e-01
3.97244278317065089e-02 5.97310212226905612e-01 2.79838941942105422e-02 1.13271252504305059e-01
3.97892318310762230e-02 5.97317300278051855e-01 2.80295396576864184e-02 1.13271251339907675e-01
3.98541415477228003e-02 5.97324411604397199e-01 2.80752600590475250e-02 1.13271250171807045e-01
3.99191571541069046e-02 5.97331546295480353e-01 2.81210555212288819e-02 1.13271249000116397e-01
3.99842788229705509e-02 5.97338704410107391e-01 2.81669261673741268e-02 1.13271247824654711e-01
4.00495067273375985e-02 5.97345886027630391e-01 2.82128721208365664e-02 1.13271246645420195e-01
4.01148410405141598e-02 5.97353091218834065e-01 2.82588935051794991e-02 1.13271245462332040e-01
4.01802819360890379e-02 5.97360320050099203e-01 2.83049904441765796e-02 1.13271244275270300e-01
4.02458295879342121e-02 5.97367572587866102e-01 2.83511630618122241e-02 1.13271243084116374e-01
4.03114841702053583e-02 5.97374848903247213e-01 2.83974114822820763e-02 1.13271241888795920e-01
4.03772458573422102e-02 5.97382149076770119e-01 2.84437358299933218e-02 1.13271240689321304e-01
4.04431148240690583e-02 5.97389473203258747e-01 2.84901362295651023e-02 1.13271239485834840e-01
4.05090912453952984e-02 5.97396821393998412e-01 2.85366128058289759e-02 1.13271238278627312e-01
4.05751752966157855e-02 5.97404193718798160e-01 2.85831656838285882e-02 1.13271237067605571e-01
4.06413671533113266e-02 5.97411590251394897e-01 2.86297949888201231e-02 1.13271235852696869e-01
4.07076669913491590e-02 5.97419011070290606e-01 2.86765008462731147e-02 1.13271234633867707e-01
4.07740749868834643e-02 5.97426456246752391e-01 2.87232833818708740e-02 1.13271233411018565e-01
4.08405913163557219e-02 5.97433925849192082e-01 2.87701427215107490e-02 1.13271232184024837e-01
4.09072161564953268e-02 5.97441419947682850e-01 2.88170789913046836e-02 1.13271230952778051e-01
4.09739496843198950e-02 5.97448938618618919e-01 2.88640923175794775e-02 1.13271229717228861e-01
4.10407920771359014e-02 5.97456481949502516e-01 2.89111828268773415e-02 1.13271228477429348e-01
4.11077435125390203e-02 5.97464050043884809e-01 2.89583506459561747e-02 1.13271227233577507e-01
4.11748041684146110e-02 5.97471643010590192e-01 2.90055959017898740e-02 1.13271225985916851e-01
4.12419742229383213e-02 5.97479260910979471e-01 2.90529187215680974e-02 1.13271224734247777e-01
4.13092538545763582e-02 5.97486903828544857e-01 2.91003192326969966e-02 1.13271223478559654e-01
4.13766432420861682e-02 5.97494571841375777e-01 2.91477975627999243e-02 1.13271222218791129e-01
4.14441425645167075e-02 5.97502265021842671e-01 2.91953538397176984e-02 1.13271220954828805e-01
4.15117520012091221e-02 5.97509983441027015e-01 2.92429881915091359e-02 1.13271219686548255e-01
4.15794717317970533e-02 5.97517727173291102e-01 2.92907007464513411e-02 1.13271218413856609e-01
4.16473019362071928e-02 5.97525496300974512e-01 2.93384916330402014e-02 1.13271217136734201e-01
4.17152427946597890e-02 5.97533290919243343e-01 2.93863609799907763e-02 1.13271215855278745e-01
4.17832944876690912e-02 5.97541111141067671e-01 2.94343089162377204e-02 1.13271214569748521e-01
4.18514571960437870e-02 5.97548957060594410e-01 2.94823355709352905e-02 1.13271213280226810e-01
4.19197311008875292e-02 5.97556828745927637e-01 2.95304410734573003e-02 1.13271211986544898e-01
4.19881163835994706e-02 5.97564726283856928e-01 2.95786255533981822e-02 1.13271210688696194e-01
4.20566132258746242e-02 5.97572649752673213e-01 2.96268891405733273e-02 1.13271209386596225e-01
4.21252218097044120e-02 5.97580599226479769e-01 2.96752319650195572e-02 1.13271208080122379e-01
4.21939423173771852e-02 5.97588574779678972e-01 2.97236541569955368e-02 1.13271206769156238e-01
4.22627749314786610e-02 5.97596576491574716e-01 2.97721558469821873e-02 1.13271205453624721e-01
4.23317198348923951e-02 5.97604604451132615e-01 2.98207371656830783e-02 1.13271204133543815e-01
4.24007772108002667e-02 5.97612658761866533e-01 2.98693982440248612e-02 1.13271202809061583e-01
4.24699472426830621e-02 5.97620739542973456e-01 2.99181392131577066e-02 1.13271201480466849e-01
4.25392301143208001e-02 5.97628846870129737e-01 2.99669602044549989e-02 1.13271200147645315e-01
4.26086260097933850e-02 5.97636980826323327e-01 3.00158613495138601e-02 1.13271198810533408e-01
4.26781351134809459e-02 5.97645141497694543e-01 3.00648427801559447e-02 1.13271197469092880e-01
4.27477576100644685e-02 5.97653328963354991e-01 3.01139046284279177e-02 1.13271196123220577e-01
4.28174936845261700e-02 5.97661543299784714e-01 3.01630470266018059e-02 1.13271194772790351e-01
4.28873435221500121e-02 5.97669784585352137e-01 3.02122701071754207e-02 1.13271193417694163e-01
4.29573073085223051e-02 5.97678052904973778e-01 3.02615740028728888e-02 1.13271192057884482e-01
4.30273852295320128e-02 5.97686348354918295e-01 3.03109588466449267e-02 1.13271190693417734e-01
4.30975774713714330e-02 5.97694671047741322e-01 3.03604247716693955e-02 1.13271189324497409e-01
4.31678842205365371e-02 5.97703021099108556e-01 3.04099719113515056e-02 1.13271187951353103e-01
4.32383056638276017e-02 5.97711398578232522e-01 3.04596003993235359e-02 1.13271186573779159e-01
4.33088419883495765e-02 5.97719803577350772e-01 3.05093103694457288e-02 1.13271185191767640e-01
4.33794933815126529e-02 5.97728236182541561e-01 3.05591019558069145e-02 1.13271183805252751e-01
4.34502600310327780e-02 5.97736696474371776e-01 3.06089752927249728e-02 1.13271182414118113e-01
4.35211421249321537e-02 5.97745184532336826e-01 3.06589305147472457e-02 1.13271181018238493e-01
4.35921398515396394e-02 5.97753700439431324e-01 3.07089677566509019e-02 1.13271179617521561e-01
4.36632533994913349e-02 5.97762244286857425e-01 3.07590871534434394e-02 1.13271178211950499e-01
4.37344829577311286e-02 5.97770816178869291e-01 3.08092888403631408e-02 1.13271176801627030e-01
4.38058287155110929e-02 5.97779416237763761e-01 3.08595729528794369e-02 1.13271175386815845e-01
4.38772908623920113e-02 5.97788044563240195e-01 3.09099396266929831e-02 1.13271173967571470e-01
4.39488695882439551e-02 5.97796701233582861e-01 3.09603889977356009e-02 1.13271172543737766e-01
4.40205650832467543e-02 5.97805386343758127e-01 3.10109212021714049e-02 1.13271171115303104e-01
4.40923775378904217e-02 5.97814099980404690e-01 3.10615363763971711e-02 1.13271169682179040e-01
4.41643071429757353e-02 5.97822842226182982e-01 3.11122346570428428e-02 1.13271168244241133e-01
4.42363540896148003e-02 5.97831613164253817e-01 3.11630161809720065e-02 1.13271166801370032e-01
4.43085185692313893e-02 5.97840412882902350e-01 3.12138810852822177e-02 1.13271165353494255e-01
4.43808007735616572e-02 5.97849241480289839e-01 3.12648295073055735e-02 1.13271163900632424e-01
4.44532008946544460e-02 5.97858099069354720e-01 3.13158615846090282e-02 1.13271162442937209e-01
4.45257191248719861e-02 5.97866985777908200e-01 3.13669774549949210e-02 1.13271160980694674e-01
4.45983556568902567e-02 5.97875901688727951e-01 3.14181772565006456e-02 1.13271159513772562e-01
4.46711106836995483e-02 5.97884846894661592e-01 3.14694611273991579e-02 1.13271158042115044e-01
4.47439843986050453e-02 5.97893821490367849e-01 3.15208292061999670e-02 1.13271156565678641e-01
4.48169769952272007e-02 5.97902825563677465e-01 3.15722816316494695e-02 1.13271155084357450e-01
4.48900886675024161e-02 5.97911859199981910e-01 3.16238185427315105e-02 1.13271153598023339e-01
4.49633196096833679e-02 5.97920922486767425e-01 3.16754400786676896e-02 1.13271152106568351e-01
4.50366700163397360e-02 5.97930015518277624e-01 3.17271463789179711e-02 1.13271150609946539e-01
4.51101400823585158e-02 5.97939138400319870e-01 3.17789375831809898e-02 1.13271149108217423e-01
4.51837300029446498e-02 5.97948291255213427e-01 3.18308138313945638e-02 1.13271147601589711e-01
4.52574399736215618e-02 5.97957474206340933e-01 3.18827752637360212e-02 1.13271146090278441e-01
4.53312701902316428e-02 5.97966687331865088e-01 3.19348220206218322e-02 1.13271144574074722e-01
4.54052208489367226e-02 5.97975930733484207e-01 3.19869542427085388e-02 1.13271143052971382e-01
4.54792921462186389e-02 5.97985204506175871e-01 3.20391720708935110e-02 1.13271141526898461e-01
4.55534842788798203e-02 5.97994508739596364e-01 3.20914756463154052e-02 1.13271139995737166e-01
4.56277974440436884e-02 5.98003843522518896e-01 3.21438651103545595e-02 1.13271138459360959e-01
4.57022318391552343e-02 5.98013208947415942e-01 3.21963406046334583e-02 1.13271136917677914e-01
4.57767876619815869e-02 5.98022605115166805e-01 3.22489022710172255e-02 1.13271135370672973e-01
4.58514651106125271e-02 5.98032032139914183e-01 3.23015502516141098e-02 1.13271133818451442e-01
4.59262643834609033e-02 5.98041490153973454e-01 3.23542846887758043e-02 1.13271132261282215e-01
4.60011856792632706e-02 5.98050979263941129e-01 3.24071057250976263e-02 1.13271130699195310e-01
4.60762291970804524e-02 5.98060499558938918e-01 3.24600135034184278e-02 1.13271129132045068e-01
4.61513951362979152e-02 5.98070051143041348e-01 3.25130081668216914e-02 1.13271127559815152e-01
4.62266836966264763e-02 5.98079634112168246e-01 3.25660898586361547e-02 1.13271125982413290e-01
4.63020950781026647e-02 5.98089248558443698e-01 3.26192587224361508e-02 1.13271124399712805e-01
4.63776294810894288e-02 5.98098894574681461e-01 3.26725149020422184e-02 1.13271122811593947e-01
4.64532871062765113e-02 5.98108572259004490e-01 3.27258585415214354e-02 1.13271121217985563e-01
4.65290681546810247e-02 5.98118281719612455e-01 3.27792897851879178e-02 1.13271119618908622e-01
4.66049728276481112e-02 5.98128023079678828e-01 3.28328087776033548e-02 1.13271118014519348e-01
4.66810013268512611e-02 5.98137796476465922e-01 3.28864156635773411e-02 1.13271116405099889e-01
4.67571538542930626e-02 5.98147602001146694e-01 3.29401105881672179e-02 1.13271114790503821e-01
4.68334306123055419e-02 5.98157439757129983e-01 3.29938936966784682e-02 1.13271113170680449e-01
4.69098318035508915e-02 5.98167309848579465e-01 3.30477651346658685e-02 1.13271111545582323e-01
4.69863576310218523e-02 5.98177212372994926e-01 3.31017250479338360e-02 1.13271109915100074e-01
4.70630082980422956e-02 5.98187147425617294e-01 3.31557735825369765e-02 1.13271108279104082e-01
4.71397840082678557e-02 5.98197115103956678e-01 3.32099108847805566e-02 1.13271106637485727e-01
4.72166849656863799e-02 5.98207115512467413e-01 3.32641371012209544e-02 1.13271104990200225e-01
4.72937113746184426e-02 5.98217148767355100e-01 3.33184523786660969e-02 1.13271103337309442e-01
4.73708634397179418e-02 5.98227215001527424e-01 3.33728568641759940e-02 1.13271101679025599e-01
4.74481413659727097e-02 5.98237314347148219e-01 3.34273507050630581e-02 1.13271100015550769e-01
4.75255453587048945e-02 5.98247446892432033e-01 3.34819340488916734e-02 1.13271098346673454e-01
4.76030756235716057e-02 5.98257612749385492e-01 3.35366070434792579e-02 1.13271096672386828e-01
4.76807323665655036e-02 5.98267812022887813e-01 3.35913698368971100e-02 1.13271094992616894e-01
4.77585157940152785e-02 5.98278044812664223e-01 3.36462225774708176e-02 1.13271093307242290e-01
4.78364261125861709e-02 5.98288311217722746e-01 3.37011654137806885e-02 1.13271091616135008e-01
4.79144635292805751e-02 5.98298611340942865e-01 3.37561984946623261e-02 1.13271089919203025e-01
4.79926282514386154e-02 5.98308945293787864e-01 3.38113219692070810e-02 1.13271088216432517e-01
4.80709204867386039e-02 5.98319313201162606e-01 3.38665359867624874e-02 1.13271086507931162e-01
4.81493404431977065e-02 5.98329715206200374e-01 3.39218406969328326e-02 1.13271084793970592e-01
4.82278883291723526e-02 5.98340151423894628e-01 3.39772362495790736e-02 1.13271083074560366e-01
4.83065643533589842e-02 5.98350621954891304e-01 3.40327227948189551e-02 1.13271081349563263e-01
4.83853687247943962e-02 5.98361126913421804e-01 3.40883004830280292e-02 1.13271079618957965e-01
4.84643016528564161e-02 5.98371666405723590e-01 3.41439694648403985e-02 1.13271077882649229e-01
4.85433633472645010e-02 5.98382240534387488e-01 3.41997298911491943e-02 1.13271076140507923e-01
4.86225540180801330e-02 5.98392849402855975e-01 3.42555819131069791e-02 1.13271074392413115e-01
4.87018738757075756e-02 5.98403493120048591e-01 3.43115256821263509e-02 1.13271072638294029e-01
4.87813231308942344e-02 5.98414171805122685e-01 3.43675613498803031e-02 1.13271070878172619e-01
4.88609019947314135e-02 5.98424885592387601e-01 3.44236890683028499e-02 1.13271069112207856e-01
4.89406106786547113e-02 5.98435634629545854e-01 3.44799089895893793e-02 1.13271067340677462e-01
4.90204493944446373e-02 5.98446419017519937e-01 3.45362212661964318e-02 1.13271065563423881e-01
4.91004183542272377e-02 5.98457238871100250e-01 3.45926260508422137e-02 1.13271063780399958e-01
4.91805177704746285e-02 5.98468094305032117e-01 3.46491234965077485e-02 1.13271061991553998e-01
4.92607478560054546e-02 5.98478985427547405e-01 3.47057137564373216e-02 1.13271060196773951e-01
4.93411088239855758e-02 5.98489912344761454e-01 3.47623969841390074e-02 1.13271058395928007e-01
4.94216008879286434e-02 5.98500875165216550e-01 3.48191733333852657e-02 1.13271056588907015e-01
4.95022242616965646e-02 5.98511874004549194e-01 3.48760429582132617e-02 1.13271054775666083e-01
4.95829791595001276e-02 5.98522908990310465e-01 3.49330060129255035e-02 1.13271052956268589e-01
4.96638657958996116e-02 5.98533980266913734e-01 3.49900626520903008e-02 1.13271051130929057e-01
4.97448843858053283e-02 5.98545087976552259e-01 3.50472130305421181e-02 1.13271049299838250e-01
4.98260351444781077e-02 5.98556232218628859e-01 3.51044573033811105e-02 1.13271047462783048e-01
4.99073182875299781e-02 5.98567413116424696e-01 3.51617956259742889e-02 1.13271045619755553e-01
4.99887340309247488e-02 5.98578630785836840e-01 3.52192281539563876e-02 1.13271043770678440e-01
5.00702825909784474e-02 5.98589885337737715e-01 3.52767550432303012e-02 1.13271041915427431e-01
5.01519641843601038e-02 5.98601176882430641e-01 3.53343764499677304e-02 1.13271040053873159e-01
5.02337790280920765e-02 5.98612505534228956e-01 3.53920925306094869e-02 1.13271038185922879e-01
5.03157273395508919e-02 5.98623871416175679e-01 3.54499034418662290e-02 1.13271036311562850e-01
5.03978093364675986e-02 5.98635274664910622e-01 3.55078093407187878e-02 1.13271034430902320e-01
5.04800252369284330e-02 5.98646715435310228e-01 3.55658103844187432e-02 1.13271032544213654e-01
5.05623752593755069e-02 5.98658193852376730e-01 3.56239067304885484e-02 1.13271030651491342e-01
5.06448596226071537e-02 5.98669710029063551e-01 3.56820985367212670e-02 1.13271028752602906e-01
5.07274785457787619e-02 5.98681264090933030e-01 3.57403859611820987e-02 1.13271026847523409e-01
5.08102322484031213e-02 5.98692856155669584e-01 3.57987691622088655e-02 1.13271024936154110e-01
5.08931209503512352e-02 5.98704486337448327e-01 3.58572482984126986e-02 1.13271023018363767e-01
5.09761448718527022e-02 5.98716154751423812e-01 3.59158235286784339e-02 1.13271021094030033e-01
5.10593042334964026e-02 5.98727861518358662e-01 3.59744950121651391e-02 1.13271019163081174e-01
5.11425992562311166e-02 5.98739606769398192e-01 3.60332629083067318e-02 1.13271017225539880e-01
5.12260301613660721e-02 5.98751390650972604e-01 3.60921273768124093e-02 1.13271015281565884e-01
5.13095971705714651e-02 5.98763213322384358e-01 3.61510885776671273e-02 1.13271013331433204e-01
5.13933005058791192e-02 5.98775074895733228e-01 3.62101466711313297e-02 1.13271011374975555e-01
5.14771403896831445e-02 5.98786975498130980e-01 3.62693018177415449e-02 1.13271009412147405e-01
5.15611170447403677e-02 5.98798915256105402e-01 3.63285541783114896e-02 1.13271007442893645e-01
5.16452306941710126e-02 5.98810894289782403e-01 3.63879039139327343e-02 1.13271005467099034e-01
5.17294815614593381e-02 5.98822912717298039e-01 3.64473511859752450e-02 1.13271003484630040e-01
5.18138698704541864e-02 5.98834970659330557e-01 3.65068961560878757e-02 1.13271001495375806e-01
5.18983958453695104e-02 5.98847068243783420e-01 3.65665389861988405e-02 1.13270999499291217e-01
5.19830597107850401e-02 5.98859205610595136e-01 3.66262798385163166e-02 1.13270997496439374e-01
5.20678616916469481e-02 5.98871382916704609e-01 3.66861188755289933e-02 1.13270995487036244e-01
5.21528020132682596e-02 5.98883600315775477e-01 3.67460562600063420e-02 1.13270993471263140e-01
5.22378809013296849e-02 5.98895857919578334e-01 3.68060921549982836e-02 1.13270991448905539e-01
5.23230985818799663e-02 5.98908155863783986e-01 3.68662267238361943e-02 1.13270989419954130e-01
5.24084552813367244e-02 5.98920494276529047e-01 3.69264601301340784e-02 1.13270987384327962e-01
5.24939512264868680e-02 5.98932873281040279e-01 3.69867925377889498e-02 1.13270985341900596e-01
5.25795866444872737e-02 5.98945293000077816e-01 3.70472241109814499e-02 1.13270983292540373e-01
5.26653617628654591e-02 5.98957753560529271e-01 3.71077550141763884e-02 1.13270981236153312e-01
5.27512768095200132e-02 5.98970255098124293e-01 3.71683854121232018e-02 1.13270979172724981e-01
5.28373320127214149e-02 5.98982797762306007e-01 3.72291154698566537e-02 1.13270977102364515e-01
5.29235276011124148e-02 5.98995381720768161e-01 3.72899453526971611e-02 1.13270975025344223e-01
5.30098638037088746e-02 5.99008007110252372e-01 3.73508752262510721e-02 1.13270972941647771e-01
5.30963408499001699e-02 5.99020674056925273e-01 3.74119052564102980e-02 1.13270970851144973e-01
5.31829589694498908e-02 5.99033382698961669e-01 3.74730356093539441e-02 1.13270968753807141e-01
5.32697183924965081e-02 5.99046133166763806e-01 3.75342664515490171e-02 1.13270966649532984e-01
5.33566193495539146e-02 5.99058925587314217e-01 3.75955979497509599e-02 1.13270964538188523e-01
5.34436620715120145e-02 5.99071760088678906e-01 3.76570302710041507e-02 1.13270962419649485e-01
5.35308467896373485e-02 5.99084636804635529e-01 3.77185635826425211e-02 1.13270960293843037e-01
5.36181737355738292e-02 5.99097555879442578e-01 3.77801980522901107e-02 1.13270958160790636e-01
5.37056431413431706e-02 5.99110517472755899e-01 3.78419338478615530e-02 1.13270956020652083e-01
5.37932552393455901e-02 5.99123521756794397e-01 3.79037711375626377e-02 1.13270953873697566e-01
5.38810102623605014e-02 5.99136568856376228e-01 3.79657100898899980e-02 1.13270951719755222e-01
5.39689084435470354e-02 5.99149658911999228e-01 3.80277508736316175e-02 1.13270949558778963e-01
5.40569500164446437e-02 5.99162792063296368e-01 3.80898936578681832e-02 1.13270947390710502e-01
5.41451352149737511e-02 5.99175968443587781e-01 3.81521386119737585e-02 1.13270945215432184e-01
5.42334642734364838e-02 5.99189188184285682e-01 3.82144859056163799e-02 1.13270943032807728e-01
5.43219374265170654e-02 5.99202451419439730e-01 3.82769357087584736e-02 1.13270940842724641e-01
5.44105549092826976e-02 5.99215758290410627e-01 3.83394881916575975e-02 1.13270938645135988e-01
5.44993169571839284e-02 5.99229108950691702e-01 3.84021435248668164e-02 1.13270936440104081e-01
5.45882238060555330e-02 5.99242503570864726e-01 3.84649018792354580e-02 1.13270934227843859e-01
5.46772756921169098e-02 5.99255942317722723e-01 3.85277634259093282e-02 1.13270932008531194e-01
5.47664728519728292e-02 5.99269425316644955e-01 3.85907283363302600e-02 1.13270929781949081e-01
5.48558155226141209e-02 5.99282952716951867e-01 3.86537967822374248e-02 1.13270927548086139e-01
5.49453039414181110e-02 5.99296524660384966e-01 3.87169689356682972e-02 1.13270925306858866e-01
5.50349383461494895e-02 5.99310141283846520e-01 3.87802449689594250e-02 1.13270923058137699e-01
5.51247189749606986e-02 5.99323802723856103e-01 3.88436250547467832e-02 1.13270920801789021e-01
5.52146460663928071e-02 5.99337509121131484e-01 3.89071093659665301e-02 1.13270918537716425e-01
5.53047198593759476e-02 5.99351260625319071e-01 3.89706980758554727e-02 1.13270916265904048e-01
5.53949405932300035e-02 5.99365057399854573e-01 3.90343913579516144e-02 1.13270913986459471e-01
5.54853085076653582e-02 5.99378899626459849e-01 3.90981893860948976e-02 1.13270911699653337e-01
5.55758238427834228e-02 5.99392787455506060e-01 3.91620923344271135e-02 1.13270909405463568e-01
5.56664868390772463e-02 5.99406721027391232e-01 3.92261003773916525e-02 1.13270907103759130e-01
5.57572977374322029e-02 5.99420700494339598e-01 3.92902136897352247e-02 1.13270904794508714e-01
5.58482567791267065e-02 5.99434726000859230e-01 3.93544324465086998e-02 1.13270902477607766e-01
5.59393642058327173e-02 5.99448797688111990e-01 3.94187568230676341e-02 1.13270900152920184e-01
5.60306202596164218e-02 5.99462915698401155e-01 3.94831869950727984e-02 1.13270897820318961e-01
5.61220251829389616e-02 5.99477080179812494e-01 3.95477231384909131e-02 1.13270895479729072e-01
5.62135792186570157e-02 5.99491291290978112e-01 3.96123654295951547e-02 1.13270893131169906e-01
5.63052826100233911e-02 5.99505549205994637e-01 3.96771140449656765e-02 1.13270890774799238e-01
5.63971356006877228e-02 5.99519854111499217e-01 3.97419691614902260e-02 1.13270888410884965e-01
5.64891384346971961e-02 5.99534206146688620e-01 3.98069309563638535e-02 1.13270886039251284e-01
5.65812913564970182e-02 5.99548605466656226e-01 3.98719996070892382e-02 1.13270883659850427e-01
5.66735946109312716e-02 5.99563052225606796e-01 3.99371752914784647e-02 1.13270881272621096e-01
5.67660484432433582e-02 5.99577546571488651e-01 4.00024581876535085e-02 1.13270878877443040e-01
5.68586530990768668e-02 5.99592088650393706e-01 4.00678484740470062e-02 1.13270876474177329e-01
5.69514088244760311e-02 5.99606678611105059e-01 4.01333463294027068e-02 1.13270874062708873e-01
5.70443158658864510e-02 5.99621316609771915e-01 4.01989519327761030e-02 1.13270871642988255e-01
5.71373744701558703e-02 5.99636002814726732e-01 4.02646654635351389e-02 1.13270869215075037e-01
5.72305848845345994e-02 5.99650737411449586e-01 4.03304871013606195e-02 1.13270866779182008e-01
5.73239473566764038e-02 5.99665520581711853e-01 4.03964170262468211e-02 1.13270864335482446e-01
5.74174621346389621e-02 5.99680352465864042e-01 4.04624554185007007e-02 1.13270861883756874e-01
5.75111294668847126e-02 5.99695233228282332e-01 4.05286024587433943e-02 1.13270859423990927e-01
5.76049496022813523e-02 5.99710163025822141e-01 4.05948583279113553e-02 1.13270856956098620e-01
5.76989227901025525e-02 5.99725142010541612e-01 4.06612232072570204e-02 1.13270854479947905e-01
5.77930492800287007e-02 5.99740170334151501e-01 4.07276972783494409e-02 1.13270851995402072e-01
5.78873293221474905e-02 5.99755248152608278e-01 4.07942807230748730e-02 1.13270849502362214e-01
5.79817631669545322e-02 5.99770375630830022e-01 4.08609737236373186e-02 1.13270847000809124e-01
5.80763510653541024e-02 5.99785552947570855e-01 4.09277764625592400e-02 1.13270844490847594e-01
5.81710932686598375e-02 5.99800780299939551e-01 4.09946891226821361e-02 1.13270841972745076e-01
5.82659900285952964e-02 5.99816057854020590e-01 4.10617118871665909e-02 1.13270839446479463e-01
5.83610415972946744e-02 5.99831385765583924e-01 4.11288449394919195e-02 1.13270836911915265e-01
5.84562482273035394e-02 5.99846764202487948e-01 4.11960884634580762e-02 1.13270834369018872e-01
5.85516101715794421e-02 5.99862193324905535e-01 4.12634426431865153e-02 1.13270831817683534e-01
5.86471276834925337e-02 5.99877673289684221e-01 4.13309076631207736e-02 1.13270829257769878e-01
5.87428010168263154e-02 5.99893204254849932e-01 4.13984837080271506e-02 1.13270826689148313e-01
5.88386304257783668e-02 5.99908786384229842e-01 4.14661709629953606e-02 1.13270824111740248e-01
5.89346161649608388e-02 5.99924419852230995e-01 4.15339696134390396e-02 1.13270821525561893e-01
5.90307584894013554e-02 5.99940104848744715e-01 4.16018798450965219e-02 1.13270818930767070e-01
5.91270576545434509e-02 5.99955841576491400e-01 4.16699018440312430e-02 1.13270816327622051e-01
5.92235139162475208e-02 5.99971630190896055e-01 4.17380357966316007e-02 1.13270813715950422e-01
5.93201275307912307e-02 5.99987470862982986e-01 4.18062818896110938e-02 1.13270811095699947e-01
5.94168987548703495e-02 6.00003363763166542e-01 4.18746403100103623e-02 1.13270808466807510e-01
5.95138278455994776e-02 6.00019309055613959e-01 4.19431112451978533e-02 1.13270805829149848e-01
5.96109150605125399e-02 6.00035306902657273e-01 4.20116948828703624e-02 1.13270803182585436e-01
5.97081606575637219e-02 6.00051357469328583e-01 4.20803914110538593e-02 1.13270800526995549e-01
5.98055648951278732e-02 6.00067460928041863e-01 4.21492010181038629e-02 1.13270797862327216e-01
5.99031280320014847e-02 6.00083617463405328e-01 4.22181238927063704e-02 1.13270795188635892e-01
6.00008503274031199e-02 6.00099827277184250e-01 4.22871602238782326e-02 1.13270792506129661e-01
6.00987320409742259e-02 6.00116090568193261e-01 4.23563102009677575e-02 1.13270789814984021e-01
6.01967734327798903e-02 6.00132407493253694e-01 4.24255740136540091e-02 1.13270787114975319e-01
6.02949747633094169e-02 6.00148778233374203e-01 4.24949518519481331e-02 1.13270784406086428e-01
6.03933362934770332e-02 6.00165202962198441e-01 4.25644439061948418e-02 1.13270781688228780e-01
6.04918582846225850e-02 6.00181681848579118e-01 4.26340503670730522e-02 1.13270778961267762e-01
6.05905409985123475e-02 6.00198215061021889e-01 4.27037714255966219e-02 1.13270776225063388e-01
6.06893846973395323e-02 6.00214802772275458e-01 4.27736072731148761e-02 1.13270773479512837e-01
6.07883896437250854e-02 6.00231445164053468e-01 4.28435581013132949e-02 1.13270770724592962e-01
6.08875561007184221e-02 6.00248142431893283e-01 4.29136241022142345e-02 1.13270767960403210e-01
6.09868843317981010e-02 6.00264894789803827e-01 4.29838054681775314e-02 1.13270765187207190e-01
6.10863746008724201e-02 6.00281702421894048e-01 4.30541023919005852e-02 1.13270762404987776e-01
6.11860271722802218e-02 6.00298565500579917e-01 4.31245150664178248e-02 1.13270759613602043e-01
6.12858423107916495e-02 6.00315484211117800e-01 4.31950436851028796e-02 1.13270756813014670e-01
6.13858202816086607e-02 6.00332458731066332e-01 4.32656884416694545e-02 1.13270754003116245e-01
6.14859613503659780e-02 6.00349489234654254e-01 4.33364495301721830e-02 1.13270751183764978e-01
6.15862657831315330e-02 6.00366575897265498e-01 4.34073271450070783e-02 1.13270748354827130e-01
6.16867338464074239e-02 6.00383718900077579e-01 4.34783214809123797e-02 1.13270745516220198e-01
6.17873658071304149e-02 6.00400918434823017e-01 4.35494327329690942e-02 1.13270742667955004e-01
6.18881619326727347e-02 6.00418174708705399e-01 4.36206610966016831e-02 1.13270739810179974e-01
6.19891224908428878e-02 6.00435487942358348e-01 4.36920067675788254e-02 1.13270736943160463e-01
6.20902477498861266e-02 6.00452858309509674e-01 4.37634699420127726e-02 1.13270734066722500e-01
6.21915379784854297e-02 6.00470285998598863e-01 4.38350508163599106e-02 1.13270731180807493e-01
6.22929934457619808e-02 6.00487771198060072e-01 4.39067495874226471e-02 1.13270728285350258e-01
6.23946144212760984e-02 6.00505314090062248e-01 4.39785664523503830e-02 1.13270725380225479e-01
6.24964011750277493e-02 6.00522914854904832e-01 4.40505016086400122e-02 1.13270722465287896e-01
6.25983539774573744e-02 6.00540573675564793e-01 4.41225552541367264e-02 1.13270719540414969e-01
6.27004730994466519e-02 6.00558290742362777e-01 4.41947275870346809e-02 1.13270716605548452e-01
6.28027588123191705e-02 6.00576066257785035e-01 4.42670188058776476e-02 1.13270713660738237e-01
6.29052113878410396e-02 6.00593900441434903e-01 4.43394291095596457e-02 1.13270710706185621e-01
6.30078310982217504e-02 6.00611793511413028e-01 4.44119586973255320e-02 1.13270707742072013e-01
6.31106182161149526e-02 6.00629745642743185e-01 4.44846077687701819e-02 1.13270704768169417e-01
6.32135730146189678e-02 6.00647757034786900e-01 4.45573765238398284e-02 1.13270701784456654e-01
6.33166957672776504e-02 6.00665827879850678e-01 4.46302651628338390e-02 1.13270698790843630e-01
6.34199867480811641e-02 6.00683958365405002e-01 4.47032738864054160e-02 1.13270695787192593e-01
6.35234462314666209e-02 6.00702148678534997e-01 4.47764028955622839e-02 1.13270692773360021e-01
6.36270744923187886e-02 6.00720399010522099e-01 4.48496523916673273e-02 1.13270689749238387e-01
6.37308718059708679e-02 6.00738709561560058e-01 4.49230225764393337e-02 1.13270686714798480e-01
6.38348384482053111e-02 6.00757080545622157e-01 4.49965136519537567e-02 1.13270683670133362e-01
6.39389746952543497e-02 6.00775512195251937e-01 4.50701258206432573e-02 1.13270680615499802e-01
6.40432808238008827e-02 6.00794004715209051e-01 4.51438592852979673e-02 1.13270677550893581e-01
6.41477571109792116e-02 6.00812558295940713e-01 4.52177142490647888e-02 1.13270674476159364e-01
6.42524038343757348e-02 6.00831173142069241e-01 4.52916909154496075e-02 1.13270671391260971e-01
6.43572212720296410e-02 6.00849849450465934e-01 4.53657894883184934e-02 1.13270668296087063e-01
6.44622097024336732e-02 6.00868587414613464e-01 4.54400101718984081e-02 1.13270665190492420e-01
6.45673694045349744e-02 6.00887387229096404e-01 4.55143531707779755e-02 1.13270662074339348e-01
6.46727006577357405e-02 6.00906249094222633e-01 4.55888186899081616e-02 1.13270658947539474e-01
6.47782037418938861e-02 6.00925173220795417e-01 4.56634069346028987e-02 1.13270655810097307e-01
6.48838789373239050e-02 6.00944159835012925e-01 4.57381181105398910e-02 1.13270652662153082e-01
6.49897265247976336e-02 6.00963209177414748e-01 4.58129524237613356e-02 1.13270649503972087e-01
6.50957467855448613e-02 6.00982321442399936e-01 4.58879100806733747e-02 1.13270646335386985e-01
6.52019400012541772e-02 6.01001496837441862e-01 4.59629912880463037e-02 1.13270643156329370e-01
6.53083064540737473e-02 6.01020735571025422e-01 4.60381962530170483e-02 1.13270639966733408e-01
6.54148464266120083e-02 6.01040037845294028e-01 4.61135251830899762e-02 1.13270636766470964e-01
6.55215602019383753e-02 6.01059403860457087e-01 4.61889782861375844e-02 1.13270633555393532e-01
6.56284480635840606e-02 6.01078833819316261e-01 4.62645557704012972e-02 1.13270630333373215e-01
6.57355102955428650e-02 6.01098327931943843e-01 4.63402578444921942e-02 1.13270627100345730e-01
6.58427471822718297e-02 6.01117886420485692e-01 4.64160847173916771e-02 1.13270623856352934e-01
6.59501590086920136e-02 6.01137509524119595e-01 4.64920365984522188e-02 1.13270620601587130e-01
6.60577460601893401e-02 6.01157197482652950e-01 4.65681136973979878e-02 1.13270617336239596e-01
6.61655086226153183e-02 6.01176950491335238e-01 4.66443162243238910e-02 1.13270614060078254e-01
6.62734469822876954e-02 6.01196768769760581e-01 4.67206443896968707e-02 1.13270610773076569e-01
6.63815614259913034e-02 6.01216652530981333e-01 4.67970984043580354e-02 1.13270607475143031e-01
6.64898522409789194e-02 6.01236601983130003e-01 4.68736784795234437e-02 1.13270604166137420e-01
6.65983197149718070e-02 6.01256617333857712e-01 4.69503848267846940e-02 1.13270600845911534e-01
6.67069641361606319e-02 6.01276698794920628e-01 4.70272176581097989e-02 1.13270597514352214e-01
6.68157857932062532e-02 6.01296846586887090e-01 4.71041771858439137e-02 1.13270594171422892e-01
6.69247849752404173e-02 6.01317060943998172e-01 4.71812636227100443e-02 1.13270590817207598e-01
6.70339619718664931e-02 6.01337342119115270e-01 4.72584771818097896e-02 1.13270587451954327e-01
6.71433170731602913e-02 6.01357690340622475e-01 4.73358180766235842e-02 1.13270584075679137e-01
6.72528505696708828e-02 6.01378105818519360e-01 4.74132865210097482e-02 1.13270580688209901e-01
6.73625627524213483e-02 6.01398588778983667e-01 4.74908827292069707e-02 1.13270577289510038e-01
6.74724539129094442e-02 6.01419139440350192e-01 4.75686069158356775e-02 1.13270573879466832e-01
6.75825243431084494e-02 6.01439758017455084e-01 4.76464592958987937e-02 1.13270570457931388e-01
6.76927743354680672e-02 6.01460444726129362e-01 4.77244400847825975e-02 1.13270567024761015e-01
6.78032041829149806e-02 6.01481199787816334e-01 4.78025494982573587e-02 1.13270563579860845e-01
6.79138141788537403e-02 6.01502023434328459e-01 4.78807877524781364e-02 1.13270560123226560e-01
6.80246046171675833e-02 6.01522915912754974e-01 4.79591550639855840e-02 1.13270556654988461e-01
6.81355757922191829e-02 6.01543877485662737e-01 4.80376516497066988e-02 1.13270553175411182e-01
6.82467279988513836e-02 6.01564908370869622e-01 4.81162777269543290e-02 1.13270549684339347e-01
6.83580615323879509e-02 6.01586008796645366e-01 4.81950335134270769e-02 1.13270546181691648e-01
6.84695766886345980e-02 6.01607178993781022e-01 4.82739192272122405e-02 1.13270542667401566e-01
6.85812737638794440e-02 6.01628419186614583e-01 4.83529350867865776e-02 1.13270539141339138e-01
6.86931530548939573e-02 6.01649729597419025e-01 4.84320813110172277e-02 1.13270535603351347e-01
6.88052148589338303e-02 6.01671110450939906e-01 4.85113581191624829e-02 1.13270532053304826e-01
6.89174594737396867e-02 6.01692561979051410e-01 4.85907657308725788e-02 1.13270528491127134e-01
6.90298871975377759e-02 6.01714084425566509e-01 4.86703043661903395e-02 1.13270524916850621e-01
6.91424983290408468e-02 6.01735678051180556e-01 4.87499742455520801e-02 1.13270521330655821e-01
6.92552931674490779e-02 6.01757343119967425e-01 4.88297755897883282e-02 1.13270517732746642e-01
6.93682720124506463e-02 6.01779079849819487e-01 4.89097086201225814e-02 1.13270514122888646e-01
6.94814351642225880e-02 6.01800888482596497e-01 4.89897735581726820e-02 1.13270510501048194e-01
6.95947829234317278e-02 6.01822769254427348e-01 4.90699706259532936e-02 1.13270506867133039e-01
6.97083155912353730e-02 6.01844722396381093e-01 4.91503000458766853e-02 1.13270503220999824e-01
6.98220334692820493e-02 6.01866748138909502e-01 4.92307620407534396e-02 1.13270499562495935e-01
6.99359368597123610e-02 6.01888846716414849e-01 4.93113568337933267e-02 1.13270495891500997e-01
7.00500260651598927e-02 6.01911018371957263e-01 4.93920846486061646e-02 1.13270492207969461e-01
7.01643013887519179e-02 6.01933263362109283e-01 4.94729457092025135e-02 1.13270488511974299e-01
7.02787631341101615e-02 6.01955581961939656e-01 4.95539402399944942e-02 1.13270484803750293e-01
7.03934116053516190e-02 6.01977974426879614e-01 4.96350684657961352e-02 1.13270481083344476e-01
7.05082471070895694e-02 6.02000440988124108e-01 4.97163306118221654e-02 1.13270477350561338e-01
7.06232699444340473e-02 6.02022981895857789e-01 4.97977269036905396e-02 1.13270473605365352e-01
7.07384804229928693e-02 6.02045597392274923e-01 4.98792575674242289e-02 1.13270469847642108e-01
7.08538788488724536e-02 6.02068287715921691e-01 4.99609228294520882e-02 1.13270466077239659e-01
7.09694655286785964e-02 6.02091053106168839e-01 5.00427229166095847e-02 1.13270462294009208e-01
7.10852407695171801e-02 6.02113893807832312e-01 5.01246580561395677e-02 1.13270458497847892e-01
7.12012048789951030e-02 6.02136810075918794e-01 5.02067284756932061e-02 1.13270454688740960e-01
7.13173581652211674e-02 6.02159802180526227e-01 5.02889344033307720e-02 1.13270450866805900e-01
7.14337009368067044e-02 6.02182870408495940e-01 5.03712760675224108e-02 1.13270447032305668e-01
7.15502335028664754e-02 6.02206015004277950e-01 5.04537536971477601e-02 1.13270443185103903e-01
7.16669561730196303e-02 6.02229236218828845e-01 5.05363675214956232e-02 1.13270439325101682e-01
7.17838692573903453e-02 6.02252534307778808e-01 5.06191177702670012e-02 1.13270435452232976e-01
7.19009730666087254e-02 6.02275909520132435e-01 5.07020046735763494e-02 1.13270431566365654e-01
7.20182679118115399e-02 6.02299362102657110e-01 5.07850284619523404e-02 1.13270427667342688e-01
7.21357541046432765e-02 6.02322892304400059e-01 5.08681893663388215e-02 1.13270423755023386e-01
7.22534319572567113e-02 6.02346500381351624e-01 5.09514876180955228e-02 1.13270419829326327e-01
7.23713017823138377e-02 6.02370186601233759e-01 5.10349234489989312e-02 1.13270415890271620e-01
7.24893638929867828e-02 6.02393951248446191e-01 5.11184970912432063e-02 1.13270411938025437e-01
7.26076186029585707e-02 6.02417794613998803e-01 5.12022087774408746e-02 1.13270407972805839e-01
7.27260662264238716e-02 6.02441716941356287e-01 5.12860587406215873e-02 1.13270403994380348e-01
7.28447070780898903e-02 6.02465718496811187e-01 5.13700472142332720e-02 1.13270400002704857e-01
7.29635414731773235e-02 6.02489799542176074e-01 5.14541744321450889e-02 1.13270395997686776e-01
7.30825697274211233e-02 6.02513960334017051e-01 5.15384406286482979e-02 1.13270391979180249e-01
7.32017921570711771e-02 6.02538201128079653e-01 5.16228460384569945e-02 1.13270387947027124e-01
7.33212090788933346e-02 6.02562522183854088e-01 5.17073908967091017e-02 1.13270383901099073e-01
7.34408208101702820e-02 6.02586923769270921e-01 5.17920754389672514e-02 1.13270379841339655e-01
7.35606276687022081e-02 6.02611406165548313e-01 5.18768999012195475e-02 1.13270375767808212e-01
7.36806299728077346e-02 6.02635969672165706e-01 5.19618645198804130e-02 1.13270371680723042e-01
7.38008280413248313e-02 6.02660614574940912e-01 5.20469695317911860e-02 1.13270367580168743e-01
7.39212221936116215e-02 6.02685341128643026e-01 5.21322151742184339e-02 1.13270363465924659e-01
7.40418127495471173e-02 6.02710149609993251e-01 5.22176016848566391e-02 1.13270359337955290e-01
7.41626000295321636e-02 6.02735040287743717e-01 5.23031293018304255e-02 1.13270355196145700e-01
7.42835843544904090e-02 6.02760013426779429e-01 5.23887982636954408e-02 1.13270351040339903e-01
7.44047660458689308e-02 6.02785069292592901e-01 5.24746088094390911e-02 1.13270346870382885e-01
7.45261454256391787e-02 6.02810208155886706e-01 5.25605611784815199e-02 1.13270342686162220e-01
7.46477228162979178e-02 6.02835430297313235e-01 5.26466556106765099e-02 1.13270338487650696e-01
7.47694985408680346e-02 6.02860736012367115e-01 5.27328923463123433e-02 1.13270334274950368e-01
7.48914729228992992e-02 6.02886125614485624e-01 5.28192716261126280e-02 1.13270330048318629e-01
7.50136462864692821e-02 6.02911599378567975e-01 5.29057936912360610e-02 1.13270325807649314e-01
7.51360189561843528e-02 6.02937157580256233e-01 5.29924587832756033e-02 1.13270321552818867e-01
7.52585912571803323e-02 6.02962800502858776e-01 5.30792671442619143e-02 1.13270317283763036e-01
7.53813635151234229e-02 6.02988528422827019e-01 5.31662190166648646e-02 1.13270313000347886e-01
7.55043360562111798e-02 6.03014341614140359e-01 5.32533146433944518e-02 1.13270308702411893e-01
7.56275092071733157e-02 6.03040240352810231e-01 5.33405542678016958e-02 1.13270304389806509e-01
7.57508832952724365e-02 6.03066224921532390e-01 5.34279381336794368e-02 1.13270300062439100e-01
7.58744586483050543e-02 6.03092295614472307e-01 5.35154664852633202e-02 1.13270295720315869e-01
7.59982355946025173e-02 6.03118452742189670e-01 5.36031395672327826e-02 1.13270291363585143e-01
7.61222144630317454e-02 6.03144696625370291e-01 5.36909576247117451e-02 1.13270286992478986e-01
7.62463955829961182e-02 6.03171027536616555e-01 5.37789209032674687e-02 1.13270282606773631e-01
7.63707792844363631e-02 6.03197445768946627e-01 5.38670296489112549e-02 1.13270278206409794e-01
7.64953658978315687e-02 6.03223951612791631e-01 5.39552841081019641e-02 1.13270273791295853e-01
7.66201557541998507e-02 6.03250545353079426e-01 5.40436845277469519e-02 1.13270269361283260e-01
7.67451491850992956e-02 6.03277227273660399e-01 5.41322311552030269e-02 1.13270264916208091e-01
7.68703465226289878e-02 6.03303997661852165e-01 5.42209242382774570e-02 1.13270260455932553e-01
7.69957480994297450e-02 6.03330856813136474e-01 5.43097640252288433e-02 1.13270255980387813e-01
7.71213542486849646e-02 6.03357805035980466e-01 5.43987507647679461e-02 1.13270251489616530e-01
7.72471653041215955e-02 6.03384842656816911e-01 5.44878847060587465e-02 1.13270246983817671e-01
7.73731816000111094e-02 6.03411969995072850e-01 5.45771660987190710e-02 1.13270242463115928e-01
7.74994034711701807e-02 6.03439187332343252e-01 5.46665951928185442e-02 1.13270237927269132e-01
7.76258312529616856e-02 6.03466494974489565e-01 5.47561722388813926e-02 1.13270233376238885e-01
7.77524652812956324e-02 6.03493893219841926e-01 5.48458974878890532e-02 1.13270228809909765e-01
7.78793058926300769e-02 6.03521382362595338e-01 5.49357711912812074e-02 1.13270224228122648e-01
7.80063534239718165e-02 6.03548962697256219e-01 5.50257936009565379e-02 1.13270219630714930e-01
7.81336082128774451e-02 6.03576634523247391e-01 5.51159649692738104e-02 1.13270215017563347e-01
7.82610705974543519e-02 6.03604398149630961e-01 5.52062855490528803e-02 1.13270210388626197e-01
7.83887409163613463e-02 6.03632253899986426e-01 5.52967555935754695e-02 1.13270205743986982e-01
7.85166195088097540e-02 6.03660202116733324e-01 5.53873753565862353e-02 1.13270201083892325e-01
7.86447067145642914e-02 6.03688243109742340e-01 5.54781450922927286e-02 1.13270196408279150e-01
7.87730028739439814e-02 6.03716377181449992e-01 5.55690650553638116e-02 1.13270191716992055e-01
7.89015083278229307e-02 6.03744604646024641e-01 5.56601355009335788e-02 1.13270187009968923e-01
7.90302234176313428e-02 6.03772925810496019e-01 5.57513566846032163e-02 1.13270182287075249e-01
7.91591484853564620e-02 6.03801340979110868e-01 5.58427288624420148e-02 1.13270177548144085e-01
7.92882838735434609e-02 6.03829850457842099e-01 5.59342522909882858e-02 1.13270172793018639e-01
7.94176299252962181e-02 6.03858454559014213e-01 5.60259272272502912e-02 1.13270168021593329e-01
7.95471869842783313e-02 6.03887153606084914e-01 5.61177539287072147e-02 1.13270163233857676e-01
7.96769553947141579e-02 6.03915947938557074e-01 5.62097326533103070e-02 1.13270158429939413e-01
7.98069355013894810e-02 6.03944837909542342e-01 5.63018636594836280e-02 1.13270153610080651e-01
7.99371276496525507e-02 6.03973823825150080e-01 5.63941472061230131e-02 1.13270148774078205e-01
8.00675321854150551e-02 6.04002906007518603e-01 5.64865835525961216e-02 1.13270143921850572e-01
8.01981494551530089e-02 6.04032084778990175e-01 5.65791729587466347e-02 1.13270139053307989e-01
8.03289798059075438e-02 6.04061360456089380e-01 5.66719156848953173e-02 1.13270134168299882e-01
8.04600235852859641e-02 6.04090733353928266e-01 5.67648119918412047e-02 1.13270129266655806e-01
8.05912811414627173e-02 6.04120203790750709e-01 5.68578621408626014e-02 1.13270124348227780e-01
8.07227528231801578e-02 6.04149772092602344e-01 5.69510663937179140e-02 1.13270119412931941e-01
8.08544389797495322e-02 6.04179438598153373e-01 5.70444250126467683e-02 1.13270114460792479e-01
8.09863399610520340e-02 6.04209203663649497e-01 5.71379382603710712e-02 1.13270109491984683e-01
8.11184561175396085e-02 6.04239067645330419e-01 5.72316064000956762e-02 1.13270104506673353e-01
8.12507878002358408e-02 6.04269030855758782e-01 5.73254296955062886e-02 1.13270099504602734e-01
8.13833353607369553e-02 6.04299093632639117e-01 5.74194084107717967e-02 1.13270094485726169e-01
8.15160991512128702e-02 6.04329256307290619e-01 5.75135428105477547e-02 1.13270089449929168e-01
8.16490795244078776e-02 6.04359519206549067e-01 5.76078331599772300e-02 1.13270084397048887e-01
8.17822768336417261e-02 6.04389882657211275e-01 5.77022797246919752e-02 1.13270079326915171e-01
8.19156914328106334e-02 6.04420346990610868e-01 5.77968827708134972e-02 1.13270074239392143e-01
8.20493236763881195e-02 6.04450912547342956e-01 5.78916425649539587e-02 1.13270069134421558e-01
8.21831739194259364e-02 6.04481579682115133e-01 5.79865593742172336e-02 1.13270064012065352e-01
8.23172425175549838e-02 6.04512348768722840e-01 5.80816334661999542e-02 1.13270058872550081e-01
8.24515298269864472e-02 6.04543220157420458e-01 5.81768651089917890e-02 1.13270053715874591e-01
8.25860362045126445e-02 6.04574194179600788e-01 5.82722545711731876e-02 1.13270048541840224e-01
8.27207620075076644e-02 6.04605271183889181e-01 5.83678021218193427e-02 1.13270043350389191e-01
8.28557075939288790e-02 6.04636451511408102e-01 5.84635080305029795e-02 1.13270038141386281e-01
8.29908733223175543e-02 6.04667735500131642e-01 5.85593725672951468e-02 1.13270032914659993e-01
8.31262595517997666e-02 6.04699123489367496e-01 5.86553960027661747e-02 1.13270027670043669e-01
8.32618666420874703e-02 6.04730615824376261e-01 5.87515786079869096e-02 1.13270022407417556e-01
8.33976949534794981e-02 6.04762212861131965e-01 5.88479206545297479e-02 1.13270017126751762e-01
8.35337448468624483e-02 6.04793914971224145e-01 5.89444224144696147e-02 1.13270011828150136e-01
8.36700166837115872e-02 6.04825722542919997e-01 5.90410841603850600e-02 1.13270006511857674e-01
8.38065108260918484e-02 6.04857635921155934e-01 5.91379061653573013e-02 1.13270001177707982e-01
8.39432276366589430e-02 6.04889655459672215e-01 5.92348887029695292e-02 1.13269995825588429e-01
8.40801674786600811e-02 6.04921781516432833e-01 5.93320320473115087e-02 1.13269990455412126e-01
8.42173307159350543e-02 6.04954014443201293e-01 5.94293364729813339e-02 1.13269985067026818e-01
8.43547177129172626e-02 6.04986354589927333e-01 5.95268022550865250e-02 1.13269979660255718e-01
8.44923288346346307e-02 6.05018802309269077e-01 5.96244296692450618e-02 1.13269974234938953e-01
8.46301644467105096e-02 6.05051357961260083e-01 5.97222189915864177e-02 1.13269968790976491e-01
8.47682249153646622e-02 6.05084021918100734e-01 5.98201704987526423e-02 1.13269963328370332e-01
8.49065106074144288e-02 6.05116794569108496e-01 5.99182844678996102e-02 1.13269957847269231e-01
8.50450218902754490e-02 6.05149676310424267e-01 6.00165611766977705e-02 1.13269952347872183e-01
8.51837591319626886e-02 6.05182667490823833e-01 6.01150009033300931e-02 1.13269946829925014e-01
8.53227227010915912e-02 6.05215768482626038e-01 6.02136039264936154e-02 1.13269941293364373e-01
8.54619129668789390e-02 6.05248979653982055e-01 6.03123705254037731e-02 1.13269935738077795e-01
8.56013302991437408e-02 6.05282301368143649e-01 6.04113009797955791e-02 1.13269930163899399e-01
8.57409750683082866e-02 6.05315733987884852e-01 6.05103955699247131e-02 1.13269924570650327e-01
8.58808476453992581e-02 6.05349277880073755e-01 6.06096545765687778e-02 1.13269918958181406e-01
8.60209484020486581e-02 6.05382933420366087e-01 6.07090782810283738e-02 1.13269913326415061e-01
8.61612777104944633e-02 6.05416700998051005e-01 6.08086669651279263e-02 1.13269907675388984e-01
8.63018359435821641e-02 6.05450581021030110e-01 6.09084209112172106e-02 1.13269902005299600e-01
8.64426234747654593e-02 6.05484573885351485e-01 6.10083404021717277e-02 1.13269896316222460e-01
8.65836406781071710e-02 6.05518679954603289e-01 6.11084257213897475e-02 1.13269890607910498e-01
8.67248879282803559e-02 6.05552899615566687e-01 6.12086771527964660e-02 1.13269884880308896e-01
8.68663656005693730e-02 6.05587233247442680e-01 6.13090949808472382e-02 1.13269879133283347e-01
8.70080740708708000e-02 6.05621681225829600e-01 6.14096794905286819e-02 1.13269873366657198e-01
8.71500137156943355e-02 6.05656243927196636e-01 6.15104309673597735e-02 1.13269867580253578e-01
8.72921849121638949e-02 6.05690921733479937e-01 6.16113496973929795e-02 1.13269861773936581e-01
8.74345880380187485e-02 6.05725715036832368e-01 6.17124359672156023e-02 1.13269855947655027e-01
8.75772234716142572e-02 6.05760624244494839e-01 6.18136900639505993e-02 1.13269850101484770e-01
8.77200915919229829e-02 6.05795649782545076e-01 6.19151122752579428e-02 1.13269844235662206e-01
8.78631927785358535e-02 6.05830792041220589e-01 6.20167028893342381e-02 1.13269838350080476e-01
8.80065274116629964e-02 6.05866051408372686e-01 6.21184621949103996e-02 1.13269832444582594e-01
8.81500958721347094e-02 6.05901428281791055e-01 6.22203904812572775e-02 1.13269826519086667e-01
8.82938985414025712e-02 6.05936923052595389e-01 6.23224880381877885e-02 1.13269820573439345e-01
8.84379358015405653e-02 6.05972536109614324e-01 6.24247551560581787e-02 1.13269814607457400e-01
8.85822080352458296e-02 6.06008267843883064e-01 6.25271921257690572e-02 1.13269808620968346e-01
8.87267156258398082e-02 6.06044118653291886e-01 6.26297992387665481e-02 1.13269802613853512e-01
8.88714589572693475e-02 6.06080088947364759e-01 6.27325767870436507e-02 1.13269796586090654e-01
8.90164384141076820e-02 6.06116179152179524e-01 6.28355250631413009e-02 1.13269790537797385e-01
8.91616543815552803e-02 6.06152389706719474e-01 6.29386443601494261e-02 1.13269784469196735e-01
8.93071072454410531e-02 6.06188721002503206e-01 6.30419349717051269e-02 1.13269778380057723e-01
8.94527973922233655e-02 6.06225173449276511e-01 6.31453971919929136e-02 1.13269772270288671e-01
8.95987252089910924e-02 6.06261747456370514e-01 6.32490313157501732e-02 1.13269766139780556e-01
8.97448910834643399e-02 6.06298443427719880e-01 6.33528376382685027e-02 1.13269759988364832e-01
8.98912954039959439e-02 6.06335261766269285e-01 6.34568164553952624e-02 1.13269753815854329e-01
9.00379385595722753e-02 6.06372202878515232e-01 6.35609680635345897e-02 1.13269747622084679e-01
9.01848209398141282e-02 6.06409267179192524e-01 6.36652927596485230e-02 1.13269741406957225e-01
9.03319429349779407e-02 6.06446455096088632e-01 6.37697908412583198e-02 1.13269735170481722e-01
9.04793049359568641e-02 6.06483767075013724e-01 6.38744626064456922e-02 1.13269728912820708e-01
9.06269073342817477e-02 6.06521203561127265e-01 6.39793083538536811e-02 1.13269722634116637e-01
9.07747505221220691e-02 6.06558764956764973e-01 6.40843283826833948e-02 1.13269716334095841e-01
9.09228348922870161e-02 6.06596451689973448e-01 6.41895229926971733e-02 1.13269710012695202e-01
9.10711608382268056e-02 6.06634264182534522e-01 6.42948924842232789e-02 1.13269703669782243e-01
9.12197287540332802e-02 6.06672202852100217e-01 6.44004371581568952e-02 1.13269697305176192e-01
9.13685390344412401e-02 6.06710268116635754e-01 6.45061573159615431e-02 1.13269690918688951e-01
9.15175920748294847e-02 6.06748460399008205e-01 6.46120532596703018e-02 1.13269684510167543e-01
9.16668882712218525e-02 6.06786780131699732e-01 6.47181252918870437e-02 1.13269678079536168e-01
9.18164280202881100e-02 6.06825227761673247e-01 6.48243737157876004e-02 1.13269671626839930e-01
9.19662117193451173e-02 6.06863803755348763e-01 6.49307988351210119e-02 1.13269665152288618e-01
9.21162397663580629e-02 6.06902508556105391e-01 6.50374009542098869e-02 1.13269658655865635e-01
9.22665125599411717e-02 6.06941342588396049e-01 6.51441803779467254e-02 1.13269652137352211e-01
9.24170304993589820e-02 6.06980306294586103e-01 6.52511374117997617e-02 1.13269645596673227e-01
9.25677939845274550e-02 6.07019400109830798e-01 6.53582723618161693e-02 1.13269639033676067e-01
9.27188034160149332e-02 6.07058624466418562e-01 6.54655855346232135e-02 1.13269632448170621e-01
9.28700591950431253e-02 6.07097979798261855e-01 6.55730772374294862e-02 1.13269625839971355e-01
9.30215617234882858e-02 6.07137466545515370e-01 6.56807477780262244e-02 1.13269619208939382e-01
9.31733114038823529e-02 6.07177085159332885e-01 6.57885974647886840e-02 1.13269612555024823e-01
9.33253086394139897e-02 6.07216836106768354e-01 6.58966266066773887e-02 1.13269605878310781e-01
9.34775538339292777e-02 6.07256719872368733e-01 6.60048355132390324e-02 1.13269599179026112e-01
9.36300473919334381e-02 6.07296736898442435e-01 6.61132244946059100e-02 1.13269592456994750e-01
9.37827897185914972e-02 6.07336887634959299e-01 6.62217938614936275e-02 1.13269585712079499e-01
9.39357812197293696e-02 6.07377172537367005e-01 6.63305439252079160e-02 1.13269578944177246e-01
9.40890223018349819e-02 6.07417592055125910e-01 6.64394749976467414e-02 1.13269572153117629e-01
9.42425133720594943e-02 6.07458146636106311e-01 6.65485873913017750e-02 1.13269565338704858e-01
9.43962548382182715e-02 6.07498836731101388e-01 6.66578814192594904e-02 1.13269558500758621e-01
9.45502471087918683e-02 6.07539662798490920e-01 6.67673573952025090e-02 1.13269551639156946e-01
9.47044905929271957e-02 6.07580625309036892e-01 6.68770156334109189e-02 1.13269544753878917e-01
9.48589857004387554e-02 6.07621724750818326e-01 6.69868564487637319e-02 1.13269537845048229e-01
9.50137328418095006e-02 6.07662961621003861e-01 6.70968801567398410e-02 1.13269530912857033e-01
9.51687324281919739e-02 6.07704336369030540e-01 6.72070870734151893e-02 1.13269523957036752e-01
9.53239848714095561e-02 6.07745849467270283e-01 6.73174775154641025e-02 1.13269516977499984e-01
9.54794905839574659e-02 6.07787501385203321e-01 6.74280518001654366e-02 1.13269509974117971e-01
9.56352499790037308e-02 6.07829292587560466e-01 6.75388102454040212e-02 1.13269502946706430e-01
9.57912634703903809e-02 6.07871223538744010e-01 6.76497531696721444e-02 1.13269495895066297e-01
9.59475314726347533e-02 6.07913294707384866e-01 6.77608808920709682e-02 1.13269488819025502e-01
9.61040544009302139e-02 6.07955506571041249e-01 6.78721937323116392e-02 1.13269481718481821e-01
9.62608326711474616e-02 6.07997859621033032e-01 6.79836920107167592e-02 1.13269474593445857e-01
9.64178666998357220e-02 6.08040354367416880e-01 6.80953760482218423e-02 1.13269467444084837e-01
9.65751569042237745e-02 6.08082991313454002e-01 6.82072461663759677e-02 1.13269460270487510e-01
9.67327037022208958e-02 6.08125770925284526e-01 6.83193026873375464e-02 1.13269453072374404e-01
9.68905075124181642e-02 6.08168693694346452e-01 6.84315459338791510e-02 1.13269445849672176e-01
9.70485687540895842e-02 6.08211760105133781e-01 6.85439762293923588e-02 1.13269438602229822e-01
9.72068878471931963e-02 6.08254970638620440e-01 6.86565938978890844e-02 1.13269431329851733e-01
9.73654652123718406e-02 6.08298325776716498e-01 6.87693992640027313e-02 1.13269424032338584e-01
9.75243012709548773e-02 6.08341826006863262e-01 6.88823926529900377e-02 1.13269416709529405e-01
9.76833964449589226e-02 6.08385471826766167e-01 6.89955743907321589e-02 1.13269409361344192e-01
9.78427511570889863e-02 6.08429263749271532e-01 6.91089448037360554e-02 1.13269401987827728e-01
9.80023658307395962e-02 6.08473202306977101e-01 6.92225042191358941e-02 1.13269394589189623e-01
9.81622408899961302e-02 6.08517288002760393e-01 6.93362529646929654e-02 1.13269387165349067e-01
9.83223767596357601e-02 6.08561521329540001e-01 6.94501913687915334e-02 1.13269379716101654e-01
9.84827738651285339e-02 6.08605902794479237e-01 6.95643197604462193e-02 1.13269372241352057e-01
9.86434326326385696e-02 6.08650432898086846e-01 6.96786384693051791e-02 1.13269364740930259e-01
9.88043534890253733e-02 6.08695112138573080e-01 6.97931478256517690e-02 1.13269357214631855e-01
9.89655368618446302e-02 6.08739941016350539e-01 6.99078481604055862e-02 1.13269349662260169e-01
9.91269831793495371e-02 6.08784920038659583e-01 7.00227398051240790e-02 1.13269342083667665e-01
9.92886928704920096e-02 6.08830049724344624e-01 7.01378230920041146e-02 1.13269334478799694e-01
9.94506663649236955e-02 6.08875330608760756e-01 7.02530983538831866e-02 1.13269326847737481e-01
9.96129040929971121e-02 6.08920763243591900e-01 7.03685659242409278e-02 1.13269319190694731e-01
9.97754064857667711e-02 6.08966348135686286e-01 7.04842261371969037e-02 1.13269311507452994e-01
9.99381739749905657e-02 6.09012085804719105e-01 7.06000793275094046e-02 1.13269303797877488e-01
1.00101206993130534e-01 6.09057976773697662e-01 7.07161258305830237e-02 1.13269296061846117e-01
1.00264505973354345e-01 6.09104021560159858e-01 7.08323659824711543e-02 1.13269288299172224e-01
1.00428071349536213e-01 6.09150220680571231e-01 7.09488001198772117e-02 1.13269280509645645e-01
1.00591903556258230e-01 6.09196574654858325e-01 7.10654285801563396e-02 1.13269272693074768e-01
1.00756003028811394e-01 6.09243084011073077e-01 7.11822517013166872e-02 1.13269264849328463e-01
1.00920370203196816e-01 6.09289749290201632e-01 7.12992698220209636e-02 1.13269256978379335e-01
1.01085005516126869e-01 6.09336571051111608e-01 7.14164832815878670e-02 1.13269249080347426e-01
1.01249909405026386e-01 6.09383549859477402e-01 7.15338924199934167e-02 1.13269241155397424e-01
1.01415082308033713e-01 6.09430686234092023e-01 7.16514975778668323e-02 1.13269233203237688e-01
1.01580524664002025e-01 6.09477980718639900e-01 7.17692990964928224e-02 1.13269225223773154e-01
1.01746236912500371e-01 6.09525433853012277e-01 7.18872973178186353e-02 1.13269217216857288e-01
1.01912219493814904e-01 6.09573046172819044e-01 7.20054925844557658e-02 1.13269209182289721e-01
1.02078472848950025e-01 6.09620818213818860e-01 7.21238852396814817e-02 1.13269201119857194e-01
1.02244997419629585e-01 6.09668750516486502e-01 7.22424756274402668e-02 1.13269193029375673e-01
1.02411793648298000e-01 6.09716843630713656e-01 7.23612640923454176e-02 1.13269184910732568e-01
1.02578861978121480e-01 6.09765098120656601e-01 7.24802509796804995e-02 1.13269176763930460e-01
1.02746202852989216e-01 6.09813514569716775e-01 7.25994366354008741e-02 1.13269168589130428e-01
1.02913816717514470e-01 6.09862093551606033e-01 7.27188214061343374e-02 1.13269160386385875e-01
1.03081704017035869e-01 6.09910835606243706e-01 7.28384056391759849e-02 1.13269152155408587e-01
1.03249865197618515e-01 6.09959741298384706e-01 7.29581896824942483e-02 1.13269143896110133e-01
1.03418300706055219e-01 6.10008811185874800e-01 7.30781738847363221e-02 1.13269135608322552e-01
1.03587010989867639e-01 6.10058045823459572e-01 7.31983585952296900e-02 1.13269127291834276e-01
1.03755996497307504e-01 6.10107445767250955e-01 7.33187441639836929e-02 1.13269118946431477e-01
1.03925257677357774e-01 6.10157011579327335e-01 7.34393309416910556e-02 1.13269110571940085e-01
1.04094794979733909e-01 6.10206743832473086e-01 7.35601192797295106e-02 1.13269102168268479e-01
1.04264608854884908e-01 6.10256643115058339e-01 7.36811095301632552e-02 1.13269093735451132e-01
1.04434699753994692e-01 6.10306710035429245e-01 7.38023020457446444e-02 1.13269085273686620e-01
1.04605068128983181e-01 6.10356945170327791e-01 7.39236971799134140e-02 1.13269076782863007e-01
1.04775714432507536e-01 6.10407349089550633e-01 7.40452952867920455e-02 1.13269068262768530e-01
1.04946639117963356e-01 6.10457922376277273e-01 7.41670967211947169e-02 1.13269059713290585e-01
1.05117842639485870e-01 6.10508665607398804e-01 7.42891018386308416e-02 1.13269051134242266e-01
1.05289325451951174e-01 6.10559579357885740e-01 7.44113109953066926e-02 1.13269042525403263e-01
1.05461088010977436e-01 6.10610664205289089e-01 7.45337245481270533e-02 1.13269033886561774e-01
1.05633130772926020e-01 6.10661920734368868e-01 7.46563428546966612e-02 1.13269025217555858e-01
1.05805454194902837e-01 6.10713349541874950e-01 7.47791662733220258e-02 1.13269016518317070e-01
1.05978058734759475e-01 6.10764951241459020e-01 7.49021951630129273e-02 1.13269007788913759e-01
1.06150944851094428e-01 6.10816726463128790e-01 7.50254298834839434e-02 1.13268999029544445e-01
1.06324113003254339e-01 6.10868675791781612e-01 7.51488707951518120e-02 1.13268990239969211e-01
1.06497563651335156e-01 6.10920799826357830e-01 7.52725182591335029e-02 1.13268981420040188e-01
1.06671297256183448e-01 6.10973099169060840e-01 7.53963726372558068e-02 1.13268972569618209e-01
1.06845314279397571e-01 6.11025574416948825e-01 7.55204342920578475e-02 1.13268963688500021e-01
1.07019615183328892e-01 6.11078226166334115e-01 7.56447035867926637e-02 1.13268954776459360e-01
1.07194200431083006e-01 6.11131055017309466e-01 7.57691808854288884e-02 1.13268945833288004e-01
1.07369070486521015e-01 6.11184061578422977e-01 7.58938665526524420e-02 1.13268936858838751e-01
1.07544225814260763e-01 6.11237246471486806e-01 7.60187609538681280e-02 1.13268927853068260e-01
1.07719666879678003e-01 6.11290610336524098e-01 7.61438644552013266e-02 1.13268918816080782e-01
1.07895394148907697e-01 6.11344153820825742e-01 7.62691774234993819e-02 1.13268909748026281e-01
1.08071408088845203e-01 6.11397877524875843e-01 7.63947002263265507e-02 1.13268900648596071e-01
1.08247709167147585e-01 6.11451782074472705e-01 7.65204332319665559e-02 1.13268891517678147e-01
1.08424297852234799e-01 6.11505868092001581e-01 7.66463768094310799e-02 1.13268882355109721e-01
1.08601174613290899e-01 6.11560136195833270e-01 7.67725313284616656e-02 1.13268873160673536e-01
1.08778339920265407e-01 6.11614587004759236e-01 7.68988971595315068e-02 1.13268863934139152e-01
1.08955794243874471e-01 6.11669221142554287e-01 7.70254746738470025e-02 1.13268854675304773e-01
1.09133538055602136e-01 6.11724039242681150e-01 7.71522642433496303e-02 1.13268845384039488e-01
1.09311571827701584e-01 6.11779041953135150e-01 7.72792662407174868e-02 1.13268836060327199e-01
1.09489896033196421e-01 6.11834229941426444e-01 7.74064810393671338e-02 1.13268826704309655e-01
1.09668511145881900e-01 6.11889603867104670e-01 7.75339090134542219e-02 1.13268817316033804e-01
1.09847417640326239e-01 6.11945164354622539e-01 7.76615505378671078e-02 1.13268807895189602e-01
1.10026615991871718e-01 6.12000912054243118e-01 7.77894059882338063e-02 1.13268798441671759e-01
1.10206106676636204e-01 6.12056847609714239e-01 7.79174757409286517e-02 1.13268788955296240e-01
1.10385890171514192e-01 6.12112971661897709e-01 7.80457601730740053e-02 1.13268779435834119e-01
1.10565966954178183e-01 6.12169284853233631e-01 7.81742596625420449e-02 1.13268769883053053e-01
1.10746337503079897e-01 6.12225787832342383e-01 7.83029745879564171e-02 1.13268760296759544e-01
1.10927002297451602e-01 6.12282481258756062e-01 7.84319053286941653e-02 1.13268750676841154e-01
1.11107961817307338e-01 6.12339365807799241e-01 7.85610522648873405e-02 1.13268741023310276e-01
1.11289216543444217e-01 6.12396442175270783e-01 7.86904157774248464e-02 1.13268731336345005e-01
1.11470766957443720e-01 6.12453711028273284e-01 7.88199962479517319e-02 1.13268721615836523e-01
1.11652613541672857e-01 6.12511173023722932e-01 7.89497940588629737e-02 1.13268711861542581e-01
1.11834756779285657e-01 6.12568828834067602e-01 7.90798095933141071e-02 1.13268702073335864e-01
1.12017197154224257e-01 6.12626679125631624e-01 7.92100432352255274e-02 1.13268692251013312e-01
1.12199935151220315e-01 6.12684724562973182e-01 7.93404953692845027e-02 1.13268682394336406e-01
1.12382971255796243e-01 6.12742965813383722e-01 7.94711663809468949e-02 1.13268672503073112e-01
1.12566305954266477e-01 6.12801403551516688e-01 7.96020566564388798e-02 1.13268662577039797e-01
1.12749939733738813e-01 6.12860038464158263e-01 7.97331665827589187e-02 1.13268652616144258e-01
1.12933873082115735e-01 6.12918871255138553e-01 7.98644965476794644e-02 1.13268642620429211e-01
1.13118106488095532e-01 6.12977902646222761e-01 7.99960469397487939e-02 1.13268632590078716e-01
1.13302640441173844e-01 6.13037133316093774e-01 8.01278181482880242e-02 1.13268622524854132e-01
1.13487475431644808e-01 6.13096563954421359e-01 8.02598105633877817e-02 1.13268612424576309e-01
1.13672611950602395e-01 6.13156195256394199e-01 8.03920245759198321e-02 1.13268602289091788e-01
1.13858050489941715e-01 6.13216027912158013e-01 8.05244605775402300e-02 1.13268592118180356e-01
1.14043791542360315e-01 6.13276062611208705e-01 8.06571189606911654e-02 1.13268581911596153e-01
1.14229835601359533e-01 6.13336300046918748e-01 8.07900001186027950e-02 1.13268571669109197e-01
1.14416183161245771e-01 6.13396740921200223e-01 8.09231044452951853e-02 1.13268561390547806e-01
1.14602834717131730e-01 6.13457385949305101e-01 8.10564323355800337e-02 1.13268551075841301e-01
1.14789790764937921e-01 6.13518235864772277e-01 8.11899841850627635e-02 1.13268540725064176e-01
1.14977051801393795e-01 6.13579291411937344e-01 8.13237603901439954e-02 1.13268530338365855e-01
1.15164618324039167e-01 6.13640553287693180e-01 8.14577613480139684e-02 1.13268519915427815e-01
1.15352490831225507e-01 6.13702022212744169e-01 8.15919874566539277e-02 1.13268509456109806e-01
1.15540669822117262e-01 6.13763698906310440e-01 8.17264391148469216e-02 1.13268498960234429e-01
1.15729155796693184e-01 6.13825584083643516e-01 8.18611167221802299e-02 1.13268488427566649e-01
1.15917949255747652e-01 6.13887678460449449e-01 8.19960206790472240e-02 1.13268477857855016e-01
1.16107050700892070e-01 6.13949982757446389e-01 8.21311513866493370e-02 1.13268467250873348e-01
1.16296460634555995e-01 6.14012497705058835e-01 8.22665092469978682e-02 1.13268456606463341e-01
1.16486179559988773e-01 6.14075224048252655e-01 8.24020946629161616e-02 1.13268445924577646e-01
1.16676207981260632e-01 6.14138162551509770e-01 8.25379080380412855e-02 1.13268435205323717e-01
1.16866546403264146e-01 6.14201313977920771e-01 8.26739497768252535e-02 1.13268424448770832e-01
1.17057195331715519e-01 6.14264679049876361e-01 8.28102202845272667e-02 1.13268413654576808e-01
1.17248155273155977e-01 6.14328258517386927e-01 8.29467199672203753e-02 1.13268402822615522e-01
1.17439426734953056e-01 6.14392053125032200e-01 8.30834492318002632e-02 1.13268391952687647e-01
1.17631010225302021e-01 6.14456063614488235e-01 8.32204084859874960e-02 1.13268381044545230e-01
1.17822906253227097e-01 6.14520290728982288e-01 8.33575981383293113e-02 1.13268370097933058e-01
1.18015115328582956e-01 6.14584735217877709e-01 8.34950185982016868e-02 1.13268359112630390e-01
1.18207637962056036e-01 6.14649397841402267e-01 8.36326702758114354e-02 1.13268348088493745e-01
1.18400474665165845e-01 6.14714279375511596e-01 8.37705535821979680e-02 1.13268337025500182e-01
1.18593625950266360e-01 6.14779380616899407e-01 8.39086689292354859e-02 1.13268325923791338e-01
1.18787092330547364e-01 6.14844702343170790e-01 8.40470167296327314e-02 1.13268314783306470e-01
1.18980874320035859e-01 6.14910245310256731e-01 8.41855973969246468e-02 1.13268303603742987e-01
1.19174972433597412e-01 6.14976010295657516e-01 8.43244113454836852e-02 1.13268292384962221e-01
1.19369387186937403e-01 6.15041998070681273e-01 8.44634589905262217e-02 1.13268281126745057e-01
1.19564119096602639e-01 6.15108209404788275e-01 8.46027407481147464e-02 1.13268269828832438e-01
1.19759168679982500e-01 6.15174645070072912e-01 8.47422570351597931e-02 1.13268258490966875e-01
1.19954536455310456e-01 6.15241305845883213e-01 8.48820082694220490e-02 1.13268247112934609e-01
1.20150222941665358e-01 6.15308192523574826e-01 8.50219948695143807e-02 1.13268235694608241e-01
1.20346228658972862e-01 6.15375305911409209e-01 8.51622172549038603e-02 1.13268224235990353e-01
1.20542554128006810e-01 6.15442646838003538e-01 8.53026758459139306e-02 1.13268212737243190e-01
1.20739199870390584e-01 6.15510216095586427e-01 8.54433710637219623e-02 1.13268201198165039e-01
1.20936166408598542e-01 6.15578014477714097e-01 8.55843033303526901e-02 1.13268189618519977e-01
1.21133454265957285e-01 6.15646042789012804e-01 8.57254730686922289e-02 1.13268177998142941e-01
1.21331063966647251e-01 6.15714301828928612e-01 8.58668807024926123e-02 1.13268166336796705e-01
1.21528996035703940e-01 6.15782792396105338e-01 8.60085266563738460e-02 1.13268154634212706e-01
1.21727250999019362e-01 6.15851515292895058e-01 8.61504113558261148e-02 1.13268142890132831e-01
1.21925829383343440e-01 6.15920471330006047e-01 8.62925352272117530e-02 1.13268131104351452e-01
1.22124731716285406e-01 6.15989661331288518e-01 8.64348986977674927e-02 1.13268119276758492e-01
1.22323958526315210e-01 6.16059086138661005e-01 8.65775021956065455e-02 1.13268107407382967e-01
1.22523510342764930e-01 6.16128746610413280e-01 8.67203461497206562e-02 1.13268095496375662e-01
1.22723387695830077e-01 6.16198643559123016e-01 8.68634309899747603e-02 1.13268083543433540e-01
1.22923591116571196e-01 6.16268777814879209e-01 8.70067571471047768e-02 1.13268071548367280e-01
1.23124121136915107e-01 6.16339150210895248e-01 8.71503250527318057e-02 1.13268059510987035e-01
1.23324978289656426e-01 6.16409761576211745e-01 8.72941351393655279e-02 1.13268047431039229e-01
1.23526163108458917e-01 6.16480612740100242e-01 8.74381878404063284e-02 1.13268035308247472e-01
1.23727676127856914e-01 6.16551704536602574e-01 8.75824835901474474e-02 1.13268023142354207e-01
1.23929517883256776e-01 6.16623037809207131e-01 8.77270228237772010e-02 1.13268010933163202e-01
1.24131688910938343e-01 6.16694613415664228e-01 8.78718059773812427e-02 1.13267998680582516e-01
1.24334189748056170e-01 6.16766432232943473e-01 8.80168334879445485e-02 1.13267986384668409e-01
1.24537020932641226e-01 6.16838495146562305e-01 8.81621057933534014e-02 1.13267974045525785e-01
1.24740183003602123e-01 6.16910802995538465e-01 8.83076233323870363e-02 1.13267961662793057e-01
1.24943676500726644e-01 6.16983356645493641e-01 8.84533865447209994e-02 1.13267949236307258e-01
1.25147501964683133e-01 6.17056156959744584e-01 8.85993958709401508e-02 1.13267936765855684e-01
1.25351659937021992e-01 6.17129204798429143e-01 8.87456517525412880e-02 1.13267924251170049e-01
1.25556150960176999e-01 6.17202501022936945e-01 8.88921546319353245e-02 1.13267911691967288e-01
1.25760975577466877e-01 6.17276046500477737e-01 8.90389049524496351e-02 1.13267899087991716e-01
1.25966134333096696e-01 6.17349842108784630e-01 8.91859031583302903e-02 1.13267886439057400e-01
1.26171627772159206e-01 6.17423888740958549e-01 8.93331496947442488e-02 1.13267873745091383e-01
1.26377456440636554e-01 6.17498187310454805e-01 8.94806450077817034e-02 1.13267861006177695e-01
1.26583620885401427e-01 6.17572738727392267e-01 8.96283895444570516e-02 1.13267848222338277e-01
1.26790121654218740e-01 6.17647543863736548e-01 8.97763837526984187e-02 1.13267835393199817e-01
1.26996959295746947e-01 6.17722603619691335e-01 8.99246280813570248e-02 1.13267822518605066e-01
1.27204134359539534e-01 6.17797918890242492e-01 9.00731229802178013e-02 1.13267809598320029e-01
1.27411647396046573e-01 6.17873490568179529e-01 9.02218689000018337e-02 1.13267796632063072e-01
1.27619498956616062e-01 6.17949319548550369e-01 9.03708662923686373e-02 1.13267783619545800e-01
1.27827689593495386e-01 6.18025406733260452e-01 9.05201156099183779e-02 1.13267770560515471e-01
1.28036219859832878e-01 6.18101753035798840e-01 9.06696173061943972e-02 1.13267757454797183e-01
1.28245090309679260e-01 6.18178359386114762e-01 9.08193718356854335e-02 1.13267744302337575e-01
1.28454301497989060e-01 6.18255226735629382e-01 9.09693796538279670e-02 1.13267731103248670e-01
1.28663853980622189e-01 6.18332356016285778e-01 9.11196412170057618e-02 1.13267717857430519e-01
1.28873748314345254e-01 6.18409748139929882e-01 9.12701569825386944e-02 1.13267704564548280e-01
1.29083985056833245e-01 6.18487404040420907e-01 9.14209274086975054e-02 1.13267691224429215e-01
1.29294564766670839e-01 6.18565324646033643e-01 9.15719529547115441e-02 1.13267677836819541e-01
1.29505488003353958e-01 6.18643510883817305e-01 9.17232340807713348e-02 1.13267664401425647e-01
1.29716755327291267e-01 6.18721963684072285e-01 9.18747712480308537e-02 1.13267650917954890e-01
1.29928367299805642e-01 6.18800683984975231e-01 9.20265649186100126e-02 1.13267637386157999e-01
1.30140324483135672e-01 6.18879672737336683e-01 9.21786155555970321e-02 1.13267623805872047e-01
1.30352627440437185e-01 6.18958930909501048e-01 9.23309236230508701e-02 1.13267610177063618e-01
1.30565276735784608e-01 6.19038459491077164e-01 9.24834895860035949e-02 1.13267596499861026e-01
1.30778272934172657e-01 6.19118259436869156e-01 9.26363139104574573e-02 1.13267582774036937e-01
1.30991616601517702e-01 6.19198331702028426e-01 9.27893970633757031e-02 1.13267568999313575e-01
1.31205308304659346e-01 6.19278677254452958e-01 9.29427395127003092e-02 1.13267555175492279e-01
1.31419348611361841e-01 6.19359297057388014e-01 9.30963417273577010e-02 1.13267541302301017e-01
1.31633738090315727e-01 6.19440192073804297e-01 9.32502041772612783e-02 1.13267527379435018e-01
1.31848477311139217e-01 6.19521363270904790e-01 9.34043273333138441e-02 1.13267513406598394e-01
1.32063566844379782e-01 6.19602811624773264e-01 9.35587116674101577e-02 1.13267499383546313e-01
1.32279007261515646e-01 6.19684538125157558e-01 9.37133576524393219e-02 1.13267485310127924e-01
1.32494799134957320e-01 6.19766543780396639e-01 9.38682657622873784e-02 1.13267471186329988e-01
1.32710943038049117e-01 6.19848829617204000e-01 9.40234364718397359e-02 1.13267457012273046e-01
1.32927439545070691e-01 6.19931396618316088e-01 9.41788702569748004e-02 1.13267442787633232e-01
1.33144289231238416e-01 6.20014245781891904e-01 9.43345675945592294e-02 1.13267428512173210e-01
1.33361492672707166e-01 6.20097378111625575e-01 9.44905289624665967e-02 1.13267414185670143e-01
1.33579050446571673e-01 6.20180794607472996e-01 9.46467548395815705e-02 1.13267399807834804e-01
1.33796963130868141e-01 6.20264496270053312e-01 9.48032457058024941e-02 1.13267385378352486e-01
1.34015231304575683e-01 6.20348484105180842e-01 9.49600020420439533e-02 1.13267370896924666e-01
1.34233855547617992e-01 6.20432759128539457e-01 9.51170243302392887e-02 1.13267356363311450e-01
1.34452836440864754e-01 6.20517322370488511e-01 9.52743130533433291e-02 1.13267341777374339e-01
1.34672174566133313e-01 6.20602174881021873e-01 9.54318686953347928e-02 1.13267327139120508e-01
1.34891870506190059e-01 6.20687317722887988e-01 9.55896917412185909e-02 1.13267312448637289e-01
1.35111924844752151e-01 6.20772751911968457e-01 9.57477826770160578e-02 1.13267297705536132e-01
1.35332338166488986e-01 6.20858478489306864e-01 9.59061419897662276e-02 1.13267282909604791e-01
1.35553111057023723e-01 6.20944498496215580e-01 9.60647701675433757e-02 1.13267268060597490e-01
1.35774244102934899e-01 6.21030812971167134e-01 9.62236676994604329e-02 1.13267253158208764e-01
1.35995737891757923e-01 6.21117422954219345e-01 9.63828350756716773e-02 1.13267238202114887e-01
1.36217593011986715e-01 6.21204329491572227e-01 9.65422727873753717e-02 1.13267223192015348e-01
1.36439810053075178e-01 6.21291533640263682e-01 9.67019813268163442e-02 1.13267208127675323e-01
1.36662389605438889e-01 6.21379036473005075e-01 9.68619611872887643e-02 1.13267193008969022e-01
1.36885332260456516e-01 6.21466839083158029e-01 9.70222128631387515e-02 1.13267177835923341e-01
1.37108638610471456e-01 6.21554942568494417e-01 9.71827368497659438e-02 1.13267162608567354e-01
1.37332309248793527e-01 6.21643347983398931e-01 9.73435336436108412e-02 1.13267147326480536e-01
1.37556344769700356e-01 6.21732056411825051e-01 9.75046037421625905e-02 1.13267131989460437e-01
1.37780745768439017e-01 6.21821068934595989e-01 9.76659476439745433e-02 1.13267116597239398e-01
1.38005512841227723e-01 6.21910386630578516e-01 9.78275658486672528e-02 1.13267101149496965e-01
1.38230646585257216e-01 6.22000010581127638e-01 9.79894588569311109e-02 1.13267085645900739e-01
1.38456147598692542e-01 6.22089941874669816e-01 9.81516271705292348e-02 1.13267070086148613e-01
1.38682016480674491e-01 6.22180181611421967e-01 9.83140712923001314e-02 1.13267054470011230e-01
1.38908253831321327e-01 6.22270730908248915e-01 9.84767917261604175e-02 1.13267038797375097e-01
1.39134860251730219e-01 6.22361590903665607e-01 9.86397889771076231e-02 1.13267023068286787e-01
1.39361836343979001e-01 6.22452762729543640e-01 9.88030635512207045e-02 1.13267007282691290e-01
1.39589182711127691e-01 6.22544247484257518e-01 9.89666159556451541e-02 1.13266991440169537e-01
1.39816899957220103e-01 6.22636046294838152e-01 9.91304466986075161e-02 1.13266975540514056e-01
1.40044988687285404e-01 6.22728160283587240e-01 9.92945562894280431e-02 1.13266959583436314e-01
1.40273449507339831e-01 6.22820590571717347e-01 9.94589452385237632e-02 1.13266943568601453e-01
1.40502283024388192e-01 6.22913338283814455e-01 9.96236140574110612e-02 1.13266927495669106e-01
1.40731489846425528e-01 6.23006404552446824e-01 9.97885632587087595e-02 1.13266911364335837e-01
1.40961070582438786e-01 6.23099790522904096e-01 9.99537933561407826e-02 1.13266895174377533e-01
1.41191025842408280e-01 6.23193497358078385e-01 1.00119304864539072e-01 1.13266878925692815e-01
1.41421356237309503e-01 6.23287526243483825e-01 1.00285098299846442e-01 1.13266862618347106e-01
1.41652062379114624e-01 6.23381878344343665e-01 1.00451174179115171e-01 1.13266846252176590e-01
1.41883144880794093e-01 6.23476554808564454e-01 1.00617533020491839e-01 1.13266829826796853e-01
1.42114604356318425e-01 6.23571556806578609e-01 1.00784175343237234e-01 1.13266813341980785e-01
1.42346441420659581e-01 6.23666885504218893e-01 1.00951101667736368e-01 1.13266796797420147e-01
1.42578656689792915e-01 6.23762542067071046e-01 1.01118312515501421e-01 1.13266780192766037e-01
1.42811250780698534e-01 6.23858527664967188e-01 1.01285808409174685e-01 1.13266763527670664e-01
1.43044224311363072e-01 6.23954843476607457e-01 1.01453589872531433e-01 1.13266746801829077e-01
1.43277577900781383e-01 6.24051490694326305e-01 1.01621657430482931e-01 1.13266730015022327e-01
1.43511312168957961e-01 6.24148470528994248e-01 1.01790011609079245e-01 1.13266713167160582e-01
1.43745427736908904e-01 6.24245784214076616e-01 1.01958652935512456e-01 1.13266696258318464e-01
1.43979925226663252e-01 6.24343432950511312e-01 1.02127581938112194e-01 1.13266679288225675e-01
1.44214805261264928e-01 6.24441417938403576e-01 1.02296799146332676e-01 1.13266662256538947e-01
1.44450068464774095e-01 6.24539740393043719e-01 1.02466305090775922e-01 1.13266645163006427e-01
1.44685715462269077e-01 6.24638401525927645e-01 1.02636100303199682e-01 1.13266628007300571e-01
1.44921746879847907e-01 6.24737402549134679e-01 1.02806185316520457e-01 1.13266610789059252e-01
1.45158163344629942e-01 6.24836744679836298e-01 1.02976560664816419e-01 1.13266593507927088e-01
1.45394965484757610e-01 6.24936429144941741e-01 1.03147226883330556e-01 1.13266576163597713e-01
1.45632153929398100e-01 6.25036457185883743e-01 1.03318184508473687e-01 1.13266558755856783e-01
1.45869729308744894e-01 6.25136830063541482e-01 1.03489434077827430e-01 1.13266541284625238e-01
1.46107692254019650e-01 6.25237549059765252e-01 1.03660976130147381e-01 1.13266523749971593e-01
1.46346043397473619e-01 6.25338615415654386e-01 1.03832811205355244e-01 1.13266506151539575e-01
1.46584783372389560e-01 6.25440030384321943e-01 1.04004939844529867e-01 1.13266488489015743e-01
1.46823912813083296e-01 6.25541795228160002e-01 1.04177362589932071e-01 1.13266470762124122e-01
1.47063432354905516e-01 6.25643911206557823e-01 1.04350079985011043e-01 1.13266452970518725e-01
1.47303342634243273e-01 6.25746379580293555e-01 1.04523092574407200e-01 1.13266435113824213e-01
1.47543644288521819e-01 6.25849201616066386e-01 1.04696400903955558e-01 1.13266417191677821e-01
1.47784337956206269e-01 6.25952378591159486e-01 1.04870005520688661e-01 1.13266399203771490e-01
1.48025424276803347e-01 6.26055911798244491e-01 1.05043906972839940e-01 1.13266381149894638e-01
1.48266903890862917e-01 6.26159802550328104e-01 1.05218105809846668e-01 1.13266363029978195e-01
1.48508777439979867e-01 6.26264052178286734e-01 1.05392602582353029e-01 1.13266344844069944e-01
1.48751045566795720e-01 6.26368661967812934e-01 1.05567397842198651e-01 1.13266326591747124e-01
1.48993708915000383e-01 6.26473633226065196e-01 1.05742492142414879e-01 1.13266308272715721e-01
1.49236768129333841e-01 6.26578967264884490e-01 1.05917886037249900e-01 1.13266289886676461e-01
1.49480223855587846e-01 6.26684665393877016e-01 1.06093580082173816e-01 1.13266271433265162e-01
1.49724076740607670e-01 6.26790728924826790e-01 1.06269574833881900e-01 1.13266252912093648e-01
1.49968327432293824e-01 6.26897159176242225e-01 1.06445870850297789e-01 1.13266234322791440e-01
1.50212976579603780e-01 6.27003957478040497e-01 1.06622468690576774e-01 1.13266215665048117e-01
1.50458024832553550e-01 6.27111125176369466e-01 1.06799368915108953e-01 1.13266196938656333e-01
1.50703472842219688e-01 6.27218663638574481e-01 1.06976572085522609e-01 1.13266178143555649e-01
1.50949321260740843e-01 6.27326574245443025e-01 1.07154078764686911e-01 1.13266159279759554e-01
1.51195570741319479e-01 6.27434858331665457e-01 1.07331889516696560e-01 1.13266140346797564e-01
1.51442221938223709e-01 6.27543517259708139e-01 1.07510004906874554e-01 1.13266121344385087e-01
1.51689275506788929e-01 6.27652552393314189e-01 1.07688425501796234e-01 1.13266102272200353e-01
1.51936732103419625e-01 6.27761965094738805e-01 1.07867151869293770e-01 1.13266083129861306e-01
1.52184592385591150e-01 6.27871756729179831e-01 1.08046184578459450e-01 1.13266063916966794e-01
1.52432857011851330e-01 6.27981928669341549e-01 1.08225524199648884e-01 1.13266044633138288e-01
1.52681526641822357e-01 6.28092482300137145e-01 1.08405171304484640e-01 1.13266025278062329e-01
1.52930601936202504e-01 6.28203419023528276e-01 1.08585126465859383e-01 1.13266005851533652e-01
1.53180083556767849e-01 6.28314740263511751e-01 1.08765390257939368e-01 1.13265986353499243e-01
1.53429972166374051e-01 6.28426447451956083e-01 1.08945963256166498e-01 1.13265966783926170e-01
1.53680268428958128e-01 6.28538541976893739e-01 1.09126846037239683e-01 1.13265947142313084e-01
1.53930973009540145e-01 6.28651025257601859e-01 1.09308039179124281e-01 1.13265927428376184e-01
1.54182086574225191e-01 6.28763898712290659e-01 1.09489543261074559e-01 1.13265907641771593e-01
1.54433609790204734e-01 6.28877163758406632e-01 1.09671358863637464e-01 1.13265887782099464e-01
1.54685543325758929e-01 6.28990821817083323e-01 1.09853486568656331e-01 1.13265867848945545e-01
1.54937887850257972e-01 6.29104874317717666e-01 1.10035926959274222e-01 1.13265847841922646e-01
1.55190644034164049e-01 6.29219322702691208e-01 1.10218680619937365e-01 1.13265827760713464e-01
1.55443812549033111e-01 6.29334168432226115e-01 1.10401748136398734e-01 1.13265807605113664e-01
1.55697394067516676e-01 6.29449412989388168e-01 1.10585130095721518e-01 1.13265787375075741e-01
1.55951389263363549e-01 6.29565057858622934e-01 1.10768827086280219e-01 1.13265767070510101e-01
1.56205798811421659e-01 6.29681104485564580e-01 1.10952839697739419e-01 1.13265746690899727e-01
1.56460623387639830e-01 6.29797554348048738e-01 1.11137168521069613e-01 1.13265726235953698e-01
1.56715863669069561e-01 6.29914408921438018e-01 1.11321814148567635e-01 1.13265705705306238e-01
1.56971520333866882e-01 6.30031669681037187e-01 1.11506777173860469e-01 1.13265685098539945e-01
1.57227594061294135e-01 6.30149338106554047e-01 1.11692058191908777e-01 1.13265664415226938e-01
1.57484085531721801e-01 6.30267415686693866e-01 1.11877657799010627e-01 1.13265643654970716e-01
1.57740995426630171e-01 6.30385903923896374e-01 1.12063576592804831e-01 1.13265622817448994e-01
1.57998324428611364e-01 6.30504804339206970e-01 1.12249815172274822e-01 1.13265601902456783e-01
1.58256073221371002e-01 6.30624118477294937e-01 1.12436374137752093e-01 1.13265580909950411e-01
1.58514242489730089e-01 6.30743847877044628e-01 1.12623254090916128e-01 1.13265559839775334e-01
1.58772832919626655e-01 6.30863994045829712e-01 1.12810455634771059e-01 1.13265538691411538e-01
1.59031845198117944e-01 6.30984558522055150e-01 1.12997979373667873e-01 1.13265517464554127e-01
1.59291280013381914e-01 6.31105542841054690e-01 1.13185825913322533e-01 1.13265496158815857e-01
1.59551138054719155e-01 6.31226948538781585e-01 1.13373995860819629e-01 1.13265474773761338e-01
1.59811420012554772e-01 6.31348777156286456e-01 1.13562489824616322e-01 1.13265453308948522e-01
1.60072126578440221e-01 6.31471030244327824e-01 1.13751308414545838e-01 1.13265431763970872e-01
1.60333258445055055e-01 6.31593709368118206e-01 1.13940452241821380e-01 1.13265410138499695e-01
1.60594816306208893e-01 6.31716816112214197e-01 1.14129921919039715e-01 1.13265388432327696e-01
1.60856800856843035e-01 6.31840352085548784e-01 1.14319718060184941e-01 1.13265366645413007e-01
1.61119212793032651e-01 6.31964318883703746e-01 1.14509841280626759e-01 1.13265344777530141e-01
1.61382052811988363e-01 6.32088718079787171e-01 1.14700292197096071e-01 1.13265322828166065e-01
1.61645321612058163e-01 6.32213551275062180e-01 1.14891071427712516e-01 1.13265300796996413e-01
1.61909019892729322e-01 6.32338820067786189e-01 1.15082179592000497e-01 1.13265278683612219e-01
1.62173148354630203e-01 6.32464526057494369e-01 1.15273617310893223e-01 1.13265256487559918e-01
1.62437707699532141e-01 6.32590670849486836e-01 1.15465385206736382e-01 1.13265234208382762e-01
1.62702698630351222e-01 6.32717256059452837e-01 1.15657483903291988e-01 1.13265211845662850e-01
1.62968121851150394e-01 6.32844283318230283e-01 1.15849914025742434e-01 1.13265189399063645e-01
1.63233978067140933e-01 6.32971754276710485e-01 1.16042676200694028e-01 1.13265166868373790e-01
1.63500267984684755e-01 6.33099670610833276e-01 1.16235771056181214e-01 1.13265144253550248e-01
1.63766992311296017e-01 6.33228033975712812e-01 1.16429199221662491e-01 1.13265121554294537e-01
1.64034151755643065e-01 6.33356846013876762e-01 1.16622961327996044e-01 1.13265098770106612e-01
1.64301747027550321e-01 6.33486108392070868e-01 1.16817058007471747e-01 1.13265075900638140e-01
1.64569778838000225e-01 6.33615822774583726e-01 1.17011489893825552e-01 1.13265052945458508e-01
1.64838247899134954e-01 6.33745990827611294e-01 1.17206257622243445e-01 1.13265029904095579e-01
1.65107154924258620e-01 6.33876614223756629e-01 1.17401361829365516e-01 1.13265006776076885e-01
1.65376500627838735e-01 6.34007694646664954e-01 1.17596803153289686e-01 1.13264983560971880e-01
1.65646285725508546e-01 6.34139233795797952e-01 1.17792582233576013e-01 1.13264960258434660e-01
1.65916510934068645e-01 6.34271233391348277e-01 1.17988699711250491e-01 1.13264936868247526e-01
1.66187176971488965e-01 6.34403695178872629e-01 1.18185156228809138e-01 1.13264913390361002e-01
1.66458284556910779e-01 6.34536620877147239e-01 1.18381952430211795e-01 1.13264889824411463e-01
1.66729834410648425e-01 6.34670012200779121e-01 1.18579088960858336e-01 1.13264866169906900e-01
1.67001827254191354e-01 6.34803870885214727e-01 1.18776566467624425e-01 1.13264842426474624e-01
1.67274263810206075e-01 6.34938198664036779e-01 1.18974385598874424e-01 1.13264818593662164e-01
1.67547144802537851e-01 6.35072997273341544e-01 1.19172547004465459e-01 1.13264794670978136e-01
1.67820470956212914e-01 6.35208268456246228e-01 1.19371051335751696e-01 1.13264770657933334e-01
1.68094242997440219e-01 6.35344013967536925e-01 1.19569899245588307e-01 1.13264746554083223e-01
1.68368461653613438e-01 6.35480235578452568e-01 1.19769091388335719e-01 1.13264722359070563e-01
1.68643127653312824e-01 6.35616935081609213e-01 1.19968628419863652e-01 1.13264698072668923e-01
1.68918241726307261e-01 6.35754114295018269e-01 1.20168510997555447e-01 1.13264673694817367e-01
1.69193804603556042e-01 6.35891775005498538e-01 1.20368739780299036e-01 1.13264649225095992e-01
1.69469817017210950e-01 6.36029919002437105e-01 1.20569315428464816e-01 1.13264624663014429e-01
1.69746279700618230e-01 6.36168548093441588e-01 1.20770238603944008e-01 1.13264600008175634e-01
1.70023193388320282e-01 6.36307664084826863e-01 1.20971509970160623e-01 1.13264575260105166e-01
1.70300558816057962e-01 6.36447268785997333e-01 1.21173130192075845e-01 1.13264550418291393e-01
1.70578376720772279e-01 6.36587364013966428e-01 1.21375099936192207e-01 1.13264525482227277e-01
1.70856647840606474e-01 6.36727951598014763e-01 1.21577419870557868e-01 1.13264500451452713e-01
1.71135372914907935e-01 6.36869033384480310e-01 1.21780090664770871e-01 1.13264475325596956e-01
1.71414552684230226e-01 6.37010611241693669e-01 1.21983112989983544e-01 1.13264450104422376e-01
1.71694187890334915e-01 6.37152687063265999e-01 1.22186487518906664e-01 1.13264424787852550e-01
1.71974279276193770e-01 6.37295262708490240e-01 1.22390214925798310e-01 1.13264399375418851e-01
1.72254827585990394e-01 6.37438340044492846e-01 1.22594295886442620e-01 1.13264373866626716e-01
1.72535833565122587e-01 6.37581920954690129e-01 1.22798731078191087e-01 1.13264348261054915e-01
1.72817297960204064e-01 6.37726007321747779e-01 1.23003521179973624e-01 1.13264322558206260e-01
1.73099221519066537e-01 6.37870601031972795e-01 1.23208666872303113e-01 1.13264296757548261e-01
1.73381604990761717e-01 6.38015703979839421e-01 1.23414168837279764e-01 1.13264270858554617e-01
1.73664449125563197e-01 6.38161318072655748e-01 1.23620027758595485e-01 1.13264244860747681e-01
1.73947754674968591e-01 6.38307445235363091e-01 1.23826244321538381e-01 1.13264218763741070e-01
1.74231522391701477e-01 6.38454087415479266e-01 1.24032819212997233e-01 1.13264192567283331e-01
1.74515753029713228e-01 6.38601246585669968e-01 1.24239753121465735e-01 1.13264166271279262e-01
1.74800447344185345e-01 6.38748924682210784e-01 1.24447046737029152e-01 1.13264139875218148e-01
1.75085606091531204e-01 6.38897123653187959e-01 1.24654700751344188e-01 1.13264113378595835e-01
1.75371230029398140e-01 6.39045845461671425e-01 1.24862715857682480e-01 1.13264086780966819e-01
1.75657319916669524e-01 6.39195092070493631e-01 1.25071092750941415e-01 1.13264060081810447e-01
1.75943876513466657e-01 6.39344865446654698e-01 1.25279832127648705e-01 1.13264033280572399e-01
1.76230900581150901e-01 6.39495167565851563e-01 1.25488934685966863e-01 1.13264006376705709e-01
1.76518392882325653e-01 6.39646000417150251e-01 1.25698401125697995e-01 1.13263979369713191e-01
1.76806354180838371e-01 6.39797366007792356e-01 1.25908232148288057e-01 1.13263952259190226e-01
1.77094785241782515e-01 6.39949266368148639e-01 1.26118428456831744e-01 1.13263925044868624e-01
1.77383686831499798e-01 6.40101703553705215e-01 1.26328990756076981e-01 1.13263897726632340e-01
1.77673059717582071e-01 6.40254679582340280e-01 1.26539919752409080e-01 1.13263870303933922e-01
1.77962904668873378e-01 6.40408196486577763e-01 1.26751216153831697e-01 1.13263842776254745e-01
1.78253222455471955e-01 6.40562256313195966e-01 1.26962880670012351e-01 1.13263815143124530e-01
1.78544013848732391e-01 6.40716861109227653e-01 1.27174914012293305e-01 1.13263787403998908e-01
1.78835279621267607e-01 6.40872012926365753e-01 1.27387316893696062e-01 1.13263759558300217e-01
1.79127020546950955e-01 6.41027713825501499e-01 1.27600090028926194e-01 1.13263731605459175e-01
1.79419237400918058e-01 6.41183965881400364e-01 1.27813234134378034e-01 1.13263703544957017e-01
1.79711930959569277e-01 6.41340771187514314e-01 1.28026749928139588e-01 1.13263675376368361e-01
1.80005102000571432e-01 6.41498131860938958e-01 1.28240638129997087e-01 1.13263647099404854e-01
1.80298751302859966e-01 6.41656050044044468e-01 1.28454899461439842e-01 1.13263618713928080e-01
1.80592879646641086e-01 6.41814527841090166e-01 1.28669534645642486e-01 1.13263590219358959e-01
1.80887487813393755e-01 6.41973567372769560e-01 1.28884544407446261e-01 1.13263561615159256e-01
1.81182576585871780e-01 6.42133170773854567e-01 1.29099929473406622e-01 1.13263532900833727e-01
1.81478146748105973e-01 6.42293340179835748e-01 1.29315690571804365e-01 1.13263504075813329e-01
1.81774199085406013e-01 6.42454077731328455e-01 1.29531828432650098e-01 1.13263475139495931e-01
1.82070734384362803e-01 6.42615385578618303e-01 1.29748343787689513e-01 1.13263446091288134e-01
1.82367753432850443e-01 6.42777265886335769e-01 1.29965237370408188e-01 1.13263416930647134e-01
1.82665257020028310e-01 6.42939720838279216e-01 1.30182509916036387e-01 1.13263387657124098e-01
1.82963245936343138e-01 6.43102752642369491e-01 1.30400162161554145e-01 1.13263358270407261e-01
1.83261720973531161e-01 6.43266363532207341e-01 1.30618194845696006e-01 1.13263328770334321e-01
1.83560682924620217e-01 6.43430555703420226e-01 1.30836608708932156e-01 1.13263299156299221e-01
1.83860132583931829e-01 6.43595331368851609e-01 1.31055404493448602e-01 1.13263269427739163e-01
1.84160070747083376e-01 6.43760692755799280e-01 1.31274582943197604e-01 1.13263239584133563e-01
1.84460498210990032e-01 6.43926642092714108e-01 1.31494144803908836e-01 1.13263209624887784e-01
1.84761415773867121e-01 6.44093181613609289e-01 1.31714090823094432e-01 1.13263179549373955e-01
1.85062824235232098e-01 6.44260313562606046e-01 1.31934421750054265e-01 1.13263149356972431e-01
1.85364724395906733e-01 6.44428040198614882e-01 1.32155138335880606e-01 1.13263119047114197e-01
1.85667117058019138e-01 6.44596363800154837e-01 1.32376241333463651e-01 1.13263088619323646e-01
1.85970003025005992e-01 6.44765286670315296e-01 1.32597731497496429e-01 1.13263058073262118e-01
1.86273383101614703e-01 6.44934811138542230e-01 1.32819609584479831e-01 1.13263027408742334e-01
1.86577258093905490e-01 6.45104939497088026e-01 1.33041876352702843e-01 1.13262996625135753e-01
1.86881628809253381e-01 6.45275674055170612e-01 1.33264532562220872e-01 1.13262965721849879e-01
1.87186496056350682e-01 6.45447017137407375e-01 1.33487578974908955e-01 1.13262934698338369e-01
1.87491860645208896e-01 6.45618971069976233e-01 1.33711016354473577e-01 1.13262903553979957e-01
1.87797723387160914e-01 6.45791538185025105e-01 1.33934845466458008e-01 1.13262872288119404e-01
1.88104085094863177e-01 6.45964720825218386e-01 1.34159067078247429e-01 1.13262840900108963e-01
1.88410946582297900e-01 6.46138521348419870e-01 1.34383681959074269e-01 1.13262809389350683e-01
1.88718308664775097e-01 6.46312942132509893e-01 1.34608690880023529e-01 1.13262777755338967e-01
1.89026172158934941e-01 6.46487985580353142e-01 1.34834094614038058e-01 1.13262745997704847e-01
1.89334537882749648e-01 6.46663654122091147e-01 1.35059893935923631e-01 1.13262714116234009e-01
1.89643406655525953e-01 6.46839950152204635e-01 1.35286089622329270e-01 1.13262682110280871e-01
1.89952779297907187e-01 6.47016876080739323e-01 1.35512682451722266e-01 1.13262649979217464e-01
1.90262656631875332e-01 6.47194434334710800e-01 1.35739673204444078e-01 1.13262617722471093e-01
1.90573039480753326e-01 6.47372627343073548e-01 1.35967062662723598e-01 1.13262585339392916e-01
1.90883928669207309e-01 6.47551457541132192e-01 1.36194851610682621e-01 1.13262552829298729e-01
1.91195325023248597e-01 6.47730927375084753e-01 1.36423040834341036e-01 1.13262520191510535e-01
1.91507229370236093e-01 6.47911039306704128e-01 1.36651631121622458e-01 1.13262487425398573e-01
1.91819642538878482e-01 6.48091795818157013e-01 1.36880623262359780e-01 1.13262454530424272e-01
1.92132565359236090e-01 6.48273199416966373e-01 1.37110018048300336e-01 1.13262421506183944e-01
1.92445998662723605e-01 6.48455252639040469e-01 1.37339816273111703e-01 1.13262388352434157e-01
1.92759943282111962e-01 6.48637957987110658e-01 1.37570018732362381e-01 1.13262355068518339e-01
1.93074400051530592e-01 6.48821317976721712e-01 1.37800626223491957e-01 1.13262321653766609e-01
1.93389369806469730e-01 6.49005335142671558e-01 1.38031639545870582e-01 1.13262288107579503e-01
1.93704853383782488e-01 6.49190012022048735e-01 1.38263059500813357e-01 1.13262254429279480e-01
1.94020851621687279e-01 6.49375351158637981e-01 1.38494886891586289e-01 1.13262220618151596e-01
1.94337365359769920e-01 6.49561355107465710e-01 1.38727122523411739e-01 1.13262186673485241e-01
1.94654395438985744e-01 6.49748026439477488e-01 1.38959767203474055e-01 1.13262152594616167e-01
1.94971942701662071e-01 6.49935367746353077e-01 1.39192821740925232e-01 1.13262118380969265e-01
1.95290007991500369e-01 6.50123381645467679e-01 1.39426286946890854e-01 1.13262084032102237e-01
1.95608592153578426e-01 6.50312070783746421e-01 1.39660163634475420e-01 1.13262049547738441e-01
1.95927696034352672e-01 6.50501437778700842e-01 1.39894452618744947e-01 1.13262014927218435e-01
1.96247320481660326e-01 6.50691485256253199e-01 1.40129154716691129e-01 1.13261980169822959e-01
1.96567466344721747e-01 6.50882215864693192e-01 1.40364270747293268e-01 1.13261945274924974e-01
1.96888134474142773e-01 6.51073632254926205e-01 1.40599801531535451e-01 1.13261910241817185e-01
1.97209325721916656e-01 6.51265737084874341e-01 1.40835747892412433e-01 1.13261875069752271e-01
1.97531040941426650e-01 6.51458533024014796e-01 1.41072110654935495e-01 1.13261839757984581e-01
1.97853280987448227e-01 6.51652022758056226e-01 1.41308890646138219e-01 1.13261804305812369e-01
1.98176046716151161e-01 6.51846208993749898e-01 1.41546088695082367e-01 1.13261768712620434e-01
1.98499338985102053e-01 6.52041094463841620e-01 1.41783705632863855e-01 1.13261732977923538e-01
1.98823158653266385e-01 6.52236681931682272e-01 1.42021742292618491e-01 1.13261697101406503e-01
1.99147506581010963e-01 6.52432974136692767e-01 1.42260199509507190e-01 1.13261661082417031e-01
1.99472383630106109e-01 6.52629973820230025e-01 1.42499078120672695e-01 1.13261624920177398e-01
1.99797790663728075e-01 6.52827683750142884e-01 1.42738378965303447e-01 1.13261588614032752e-01
2.00123728546460961e-01 6.53026106697188746e-01 1.42978102884654207e-01 1.13261552163244489e-01
2.00450198144299763e-01 6.53225245439436386e-01 1.43218250722052576e-01 1.13261515567031248e-01
2.00777200324651739e-01 6.53425102766792887e-01 1.43458823322904439e-01 1.13261478824610032e-01
2.01104735956339570e-01 6.53625681485675236e-01 1.43699821534700595e-01 1.13261441935238419e-01
2.01432805909603024e-01 6.53826984423814705e-01 1.43941246207022311e-01 1.13261404898257312e-01
2.01761411056101486e-01 6.54029014435206557e-01 1.44183098191547648e-01 1.13261367713134442e-01
2.02090552268916673e-01 6.54231774405162891e-01 1.44425378342057820e-01 1.13261330379508127e-01
2.02420230422554082e-01 6.54435267202833182e-01 1.44668087514425087e-01 1.13261292896746107e-01
2.02750446392946371e-01 6.54639495690233053e-01 1.44911226566562634e-01 1.13261255264001631e-01
2.03081201057454613e-01 6.54844462761213220e-01 1.45154796358487326e-01 1.13261217480591272e-01
2.03412495294871626e-01 6.55050171312805185e-01 1.45398797752346570e-01 1.13261179545744203e-01
2.03744329985423495e-01 6.55256624249610398e-01 1.45643231612423957e-01 1.13261141458642911e-01
2.04076706010772324e-01 6.55463824488326963e-01 1.45888098805145972e-01 1.13261103218464679e-01
2.04409624254018707e-01 6.55671774962407472e-01 1.46133400199088048e-01 1.13261064824423260e-01
2.04743085599703528e-01 6.55880478626858943e-01 1.46379136664980758e-01 1.13261026275811971e-01
2.05077090933811101e-01 6.56089938463183087e-01 1.46625309075716498e-01 1.13260987572046848e-01
2.05411641143770585e-01 6.56300157484456137e-01 1.46871918306355181e-01 1.13260948712710793e-01
2.05746737118459283e-01 6.56511138697682739e-01 1.47118965234117383e-01 1.13260909697203496e-01
2.06082379748204203e-01 6.56722885091381992e-01 1.47366450738326188e-01 1.13260870524600724e-01
2.06418569924785078e-01 6.56935399692098354e-01 1.47614375700466982e-01 1.13260831194188380e-01
2.06755308541436228e-01 6.57148685529963861e-01 1.47862741004221088e-01 1.13260791705162178e-01
2.07092596492849085e-01 6.57362745642915858e-01 1.48111547535472232e-01 1.13260752056666802e-01
2.07430434675174968e-01 6.57577583081213501e-01 1.48360796182313320e-01 1.13260712247837028e-01
2.07768823986026696e-01 6.57793200912085707e-01 1.48610487835052346e-01 1.13260672277839827e-01
2.08107765324481775e-01 6.58009602224522760e-01 1.48860623386219471e-01 1.13260632145916904e-01
2.08447259591084039e-01 6.58226790134203044e-01 1.49111203730573044e-01 1.13260591851428116e-01
2.08787307687846868e-01 6.58444767788566310e-01 1.49362229765106741e-01 1.13260551393895195e-01
2.09127910518254606e-01 6.58663538339368082e-01 1.49613702389045311e-01 1.13260510772746598e-01
2.09469068987266027e-01 6.58883104909706585e-01 1.49865622503783463e-01 1.13260469986988466e-01
2.09810784001315753e-01 6.59103470665238222e-01 1.50117991012935020e-01 1.13260429035867735e-01
2.10153056468317251e-01 6.59324638776467631e-01 1.50370808822377716e-01 1.13260387918545508e-01
2.10495887297665302e-01 6.59546612421912037e-01 1.50624076840259968e-01 1.13260346634126610e-01
2.10839277400237834e-01 6.59769394792607655e-01 1.50877795977007234e-01 1.13260305181701174e-01
2.11183227688399200e-01 6.59992989096744420e-01 1.51131967145329255e-01 1.13260263560385821e-01
2.11527739076001614e-01 6.60217398564447722e-01 1.51386591260226133e-01 1.13260221769366856e-01
2.11872812478388600e-01 6.60442626452692583e-01 1.51641669238995774e-01 1.13260179807943201e-01
2.12218448812396515e-01 6.60668676050364390e-01 1.51897202001240073e-01 1.13260137675570180e-01
2.12564648996357464e-01 6.60895550660634434e-01 1.52153190468865634e-01 1.13260095371695027e-01
2.12911413950101963e-01 6.61123253550557122e-01 1.52409635566020996e-01 1.13260052895270039e-01
2.13258744594960609e-01 6.61351788031378951e-01 1.52666538219130260e-01 1.13260010245491247e-01
2.13606641853767487e-01 6.61581157421723187e-01 1.52923899356951026e-01 1.13259967421484045e-01
2.13955106650861676e-01 6.61811365048408762e-01 1.53181719910581438e-01 1.13259924422311767e-01
2.14304139912090602e-01 6.62042414250942457e-01 1.53440000813467647e-01 1.13259881247016941e-01
2.14653742564811650e-01 6.62274308386142763e-01 1.53698743001410426e-01 1.13259837894662985e-01
2.15003915537895440e-01 6.62507050832903288e-01 1.53957947412572377e-01 1.13259794364376679e-01
2.15354659761727601e-01 6.62740644997096173e-01 1.54217614987484625e-01 1.13259750655391164e-01
2.15705976168211494e-01 6.62975094316619162e-01 1.54477746669053922e-01 1.13259706767090143e-01
2.16057865690771095e-01 6.63210402252592535e-01 1.54738343402566786e-01 1.13259662698923777e-01
2.16410329264352691e-01 6.63446572226686571e-01 1.54999406135629791e-01 1.13259618449813512e-01
2.16763367825428127e-01 6.63683607702286182e-01 1.55260935818181178e-01 1.13259574018888753e-01
2.17116982311996637e-01 6.63921512154394988e-01 1.55522933402562624e-01 1.13259529405238119e-01
2.17471173663587980e-01 6.64160289066371479e-01 1.55785399843529404e-01 1.13259484607881697e-01
2.17825942821264246e-01 6.64399941934404659e-01 1.56048336098257023e-01 1.13259439625812114e-01
2.18181290727623128e-01 6.64640474272124471e-01 1.56311743126349045e-01 1.13259394458036219e-01
2.18537218326799648e-01 6.64881889615347554e-01 1.56575621889843586e-01 1.13259349103617235e-01
2.18893726564469121e-01 6.65124191526965780e-01 1.56839973353221002e-01 1.13259303561717942e-01
2.19250816387849795e-01 6.65367383601975781e-01 1.57104798483411134e-01 1.13259257831644547e-01
2.19608488745704794e-01 6.65611469465858252e-01 1.57370098249799140e-01 1.13259211912828797e-01
2.19966744588345448e-01 6.65856452706915958e-01 1.57635873624176248e-01 1.13259165804191250e-01
2.20325584867632818e-01 6.66102336947273166e-01 1.57902125580720698e-01 1.13259119504775005e-01
2.20685010536981363e-01 6.66349125827129685e-01 1.58168855096085248e-01 1.13259073013631070e-01
2.21045022551360437e-01 6.66596822995176197e-01 1.58436063149410472e-01 1.13259026329734530e-01
2.21405621867297286e-01 6.66845432113055026e-01 1.58703750722332337e-01 1.13258979452025857e-01
2.21766809442879992e-01 6.67094956859949462e-01 1.58971918798990169e-01 1.13258932379451865e-01
2.22128586237759079e-01 6.67345400937316202e-01 1.59240568366033175e-01 1.13258885111008525e-01
2.22490953213151044e-01 6.67596768073752123e-01 1.59509700412628769e-01 1.13258837645783456e-01
2.22853911331840016e-01 6.67849062030005602e-01 1.59779315930469318e-01 1.13258789982999666e-01
2.23217461558181229e-01 6.68102286602226814e-01 1.60049415913780330e-01 1.13258742122042635e-01
2.23581604858102578e-01 6.68356445558806800e-01 1.60320001359284120e-01 1.13258694061869739e-01
2.23946342199108278e-01 6.68611542687224225e-01 1.60591073266150020e-01 1.13258645801413385e-01
2.24311674550280421e-01 6.68867581802288336e-01 1.60862632636089714e-01 1.13258597339686240e-01
2.24677602882282057e-01 6.69124566727416381e-01 1.61134680473379976e-01 1.13258548675617007e-01
2.25044128167360052e-01 6.69382501299074617e-01 1.61407217784870577e-01 1.13258499808091370e-01
2.25411251379346894e-01 6.69641389371349427e-01 1.61680245579991444e-01 1.13258450735993332e-01
2.25778973493664159e-01 6.69901234820658997e-01 1.61953764870760825e-01 1.13258401458247476e-01
2.26147295487324179e-01 6.70162041550598553e-01 1.62227776671792528e-01 1.13258351973861443e-01
2.26516218338933650e-01 6.70423813496934584e-01 1.62502282000304310e-01 1.13258302281969703e-01
2.26885743028695214e-01 6.70686554632730747e-01 1.62777281876124919e-01 1.13258252381877533e-01
2.27255870538410981e-01 6.70950268921461035e-01 1.63052777321675779e-01 1.13258202272623981e-01
2.27626601851484422e-01 6.71214960322522147e-01 1.63328769361892084e-01 1.13258151953001512e-01
2.27997937952923252e-01 6.71480632835390057e-01 1.63605259024315552e-01 1.13258101421983656e-01
2.28369879829342398e-01 6.71747290468250879e-01 1.63882247339132536e-01 1.13258050678451350e-01
2.28742428468965864e-01 6.72014937242416788e-01 1.64159735339181378e-01 1.13257999721233460e-01
2.29115584861630195e-01 6.72283577196878812e-01 1.64437724059960905e-01 1.13257948549148071e-01
2.29489349998786285e-01 6.72553214392993204e-01 1.64716214539637890e-01 1.13257897161044493e-01
2.29863724873502845e-01 6.72823852919308796e-01 1.64995207819055467e-01 1.13257845555845824e-01
2.30238710480468289e-01 6.73095496896531698e-01 1.65274704941740819e-01 1.13257793732592288e-01
2.30614307815993708e-01 6.73368150482638872e-01 1.65554706953913222e-01 1.13257741690485345e-01
2.30990517878015805e-01 6.73641817847538404e-01 1.65835214904479028e-01 1.13257689428650610e-01
2.31367341666098902e-01 6.73916503134278200e-01 1.66116229844941093e-01 1.13257636945752541e-01
2.31744780181438320e-01 6.74192210535976111e-01 1.66397752829465145e-01 1.13257584240709294e-01
2.32122834426862240e-01 6.74468944256325531e-01 1.66679784914942203e-01 1.13257531312352749e-01
2.32501505406835257e-01 6.74746708512211302e-01 1.66962327160997764e-01 1.13257478159452987e-01
2.32880794127460100e-01 6.75025507538235536e-01 1.67245380629999330e-01 1.13257424780759369e-01
2.33260701596481296e-01 6.75305345591379558e-01 1.67528946387065336e-01 1.13257371175042171e-01
2.33641228823287000e-01 6.75586226955807723e-01 1.67813025500072821e-01 1.13257317341135297e-01
2.34022376818911970e-01 6.75868155947808025e-01 1.68097619039665802e-01 1.13257263277979317e-01
2.34404146596040697e-01 6.76151136920876361e-01 1.68382728079264049e-01 1.13257208984665389e-01
2.34786539169009212e-01 6.76435174256799443e-01 1.68668353695065915e-01 1.13257154460350007e-01
2.35169555553808751e-01 6.76720272301519321e-01 1.68954496965966927e-01 1.13257099703643088e-01
2.35553196768087530e-01 6.77006435448888055e-01 1.69241158973574946e-01 1.13257044713368046e-01
2.35937463831154298e-01 6.77293668109606228e-01 1.69528340802304694e-01 1.13256989488306883e-01
2.36322357763980251e-01 6.77581974707613388e-01 1.69816043539388922e-01 1.13256934027169034e-01
2.36707879589202558e-01 6.77871359684591113e-01 1.70104268274887588e-01 1.13256878328632321e-01
2.37094030331126304e-01 6.78161827504599746e-01 1.70393016101695688e-01 1.13256822391384598e-01
2.37480811015727600e-01 6.78453382658853132e-01 1.70682288115551944e-01 1.13256766214166082e-01
2.37868222670656548e-01 6.78746029670631690e-01 1.70972085415047853e-01 1.13256709795812219e-01
2.38256266325239302e-01 6.79039773100339583e-01 1.71262409101635371e-01 1.13256653135297508e-01
2.38644943010481642e-01 6.79334617547010078e-01 1.71553260279635855e-01 1.13256596231746123e-01
2.39034253759070781e-01 6.79630567580528200e-01 1.71844640056181303e-01 1.13256539083795058e-01
2.39424199605379084e-01 6.79927627802545786e-01 1.72136549541168304e-01 1.13256481690127558e-01
2.39814781585465958e-01 6.80225802843079208e-01 1.72428989847375869e-01 1.13256424049474919e-01
2.40206000737080982e-01 6.80525097345427543e-01 1.72721962090488151e-01 1.13256366160484387e-01
2.40597858099667050e-01 6.80825515970647110e-01 1.73015467389103117e-01 1.13256308021759899e-01
2.40990354714362170e-01 6.81127063402156119e-01 1.73309506864740615e-01 1.13256249631903408e-01
2.41383491624003355e-01 6.81429744350483868e-01 1.73604081641852259e-01 1.13256190989557054e-01
2.41777269873128337e-01 6.81733563558153843e-01 1.73899192847829176e-01 1.13256132093446218e-01
2.42171690507979348e-01 6.82038525804706919e-01 1.74194841613011769e-01 1.13256072942422403e-01
2.42566754576504867e-01 6.82344635911875774e-01 1.74491029070697856e-01 1.13256013535508085e-01
2.42962463128363421e-01 6.82651898696424841e-01 1.74787756357117102e-01 1.13255953871455775e-01
2.43358817214925555e-01 6.82960318974693670e-01 1.75085024611330103e-01 1.13255893948755848e-01
2.43755817889276943e-01 6.83269901609210306e-01 1.75382834975344820e-01 1.13255833766088582e-01
2.44153466206221553e-01 6.83580651475823919e-01 1.75681188594163207e-01 1.13255773322037873e-01
2.44551763222283614e-01 6.83892573468147247e-01 1.75980086615789733e-01 1.13255712615131413e-01
2.44950709995711419e-01 6.84205672502136042e-01 1.76279530191240902e-01 1.13255651643882266e-01
2.45350307586479077e-01 6.84519953520800972e-01 1.76579520474553914e-01 1.13255590406830559e-01
2.45750557056290397e-01 6.84835421499060404e-01 1.76880058622796182e-01 1.13255528902586125e-01
2.46151459468580691e-01 6.85152081448732408e-01 1.77181145796073997e-01 1.13255467129871779e-01
2.46553015888520577e-01 6.85469938423673875e-01 1.77482783157542290e-01 1.13255405087567318e-01
2.46955227383018006e-01 6.85788997501286857e-01 1.77784971873400782e-01 1.13255342774535472e-01
2.47358095020721369e-01 6.86109263730396601e-01 1.78087713112781265e-01 1.13255280189113058e-01
2.47761619872022748e-01 6.86430742216390555e-01 1.78391008047808913e-01 1.13255217329895505e-01
2.48165803009059910e-01 6.86753438081813994e-01 1.78694857853692352e-01 1.13255154195402191e-01
2.48570645505720195e-01 6.87077356466987865e-01 1.78999263708734785e-01 1.13255090784082968e-01
2.48976148437642208e-01 6.87402502534546933e-01 1.79304226794342630e-01 1.13255027094358959e-01
2.49382312882219931e-01 6.87728881474125697e-01 1.79609748295035704e-01 1.13254963124664501e-01
2.49789139918604408e-01 6.88056498507170655e-01 1.79915829398455712e-01 1.13254898873489204e-01
2.50196630627707250e-01 6.88385358891901222e-01 1.80222471295376191e-01 1.13254834339421157e-01
2.50604786092203768e-01 6.88715467928410319e-01 1.80529675179712273e-01 1.13254769521190804e-01
2.51013607396534888e-01 6.89046830957771750e-01 1.80837442248527297e-01 1.13254704417659002e-01
2.51423095626911286e-01 6.89379453291709576e-01 1.81145773701950286e-01 1.13254639027152590e-01
2.51833251871314945e-01 6.89713340285282195e-01 1.81454670743141144e-01 1.13254573348108553e-01
2.52244077219503371e-01 6.90048497322919285e-01 1.81764134578427827e-01 1.13254507378981614e-01
2.52655572763011260e-01 6.90384929806835967e-01 1.82074166417325933e-01 1.13254441118142091e-01
2.53067739595154440e-01 6.90722643161543193e-01 1.82384767472548975e-01 1.13254374563916752e-01
2.53480578811031920e-01 6.91061642838492141e-01 1.82695938960017568e-01 1.13254307714630603e-01
2.53894091507529340e-01 6.91401934320852396e-01 1.83007682098869279e-01 1.13254240568648482e-01
2.54308278783321906e-01 6.91743523128436122e-01 1.83319998111468596e-01 1.13254173124418295e-01
2.54723141738876779e-01 6.92086414822756901e-01 1.83632888223416196e-01 1.13254105380514405e-01
2.55138681476456741e-01 6.92430615012236239e-01 1.83946353663559187e-01 1.13254037335681651e-01
2.55554899100122412e-01 6.92776129303561361e-01 1.84260395663956106e-01 1.13253968988380457e-01
2.55971795715735806e-01 6.93122963308160811e-01 1.84575015459756658e-01 1.13253900336809335e-01
2.56389372430962603e-01 6.93471122688648967e-01 1.84890214289341798e-01 1.13253831379357892e-01
2.56807630355275873e-01 6.93820613125456065e-01 1.85205993394376794e-01 1.13253762114316037e-01
2.57226570599958348e-01 6.94171440321294519e-01 1.85522354019820729e-01 1.13253692539914089e-01
2.57646194278105534e-01 6.94523610005769787e-01 1.85839297413936483e-01 1.13253622654364491e-01
2.58066502504629258e-01 6.94877127940118577e-01 1.86156824828301148e-01 1.13253552455903336e-01
2.58487496396259453e-01 6.95231999922088173e-01 1.86474937517815270e-01 1.13253481942832843e-01
2.58909177071548591e-01 6.95588231790963185e-01 1.86793636740713948e-01 1.13253411113565072e-01
2.59331545650873130e-01 6.95945829432724650e-01 1.87112923758575550e-01 1.13253339966665215e-01
2.59754603256437844e-01 6.96304798766013699e-01 1.87432799836321745e-01 1.13253268500718832e-01
2.60178351012277931e-01 6.96665145681986453e-01 1.87753266242083466e-01 1.13253196713748838e-01
2.60602790044262067e-01 6.97026876133147955e-01 1.88074324247253816e-01 1.13253124604028352e-01
2.61027921480096126e-01 6.97389996095677200e-01 1.88395975126606274e-01 1.13253052169766055e-01
2.61453746449325064e-01 6.97754511568046132e-01 1.88718220158306249e-01 1.13252979409094318e-01
2.61880266083337088e-01 6.98120428575585428e-01 1.89041060623922397e-01 1.13252906320110244e-01
2.62307481515365537e-01 6.98487753175182968e-01 1.89364497808436005e-01 1.13252832900917255e-01
2.62735393880492940e-01 6.98856491460123186e-01 1.89688533000252096e-01 1.13252759149667273e-01
2.63164004315653011e-01 6.99226649565063862e-01 1.90013167491208862e-01 1.13252685064603689e-01
2.63593313959634756e-01 6.99598233671159919e-01 1.90338402576589072e-01 1.13252610644105176e-01
2.64023323953084532e-01 6.99971250009160051e-01 1.90664239555129122e-01 1.13252535886710123e-01
2.64454035438509316e-01 7.00345704792146639e-01 1.90990679728941598e-01 1.13252460790483761e-01
2.64885449560280595e-01 7.00721604268584208e-01 1.91317724403428702e-01 1.13252385353472415e-01
2.65317567464635917e-01 7.01098954729258872e-01 1.91645374887451592e-01 1.13252309573803583e-01
2.65750390299683392e-01 7.01477762487285106e-01 1.91973632493365076e-01 1.13252233449510492e-01
2.66183919215403519e-01 7.01858033882629351e-01 1.92302498537027328e-01 1.13252156978572785e-01
2.66618155363653353e-01 7.02239775286764178e-01 1.92631974337811235e-01 1.13252080158957824e-01
2.67053099898168445e-01 7.02622993107462235e-01 1.92962061218614089e-01 1.13252002988662587e-01
2.67488753974567062e-01 7.03007693793730404e-01 1.93292760505869354e-01 1.13251925465756506e-01
2.67925118750352298e-01 7.03393883840881307e-01 1.93624073529556240e-01 1.13251847588424603e-01
2.68362195384915458e-01 7.03781569795756456e-01 1.93956001623211000e-01 1.13251769355011800e-01
2.68799985039539613e-01 7.04170758230574290e-01 1.94288546123911776e-01 1.13251690763776475e-01
2.69238488877401760e-01 7.04561455701730011e-01 1.94621708372115093e-01 1.13251611812475381e-01
2.69677708063576993e-01 7.04953668832820735e-01 1.94955489711772428e-01 1.13251532499136484e-01
2.70117643765040494e-01 7.05347404271927547e-01 1.95289891490430273e-01 1.13251452821693327e-01
2.70558297150671700e-01 7.05742668694010256e-01 1.95624915059242288e-01 1.13251372778006301e-01
2.70999669391256470e-01 7.06139468805518922e-01 1.95960561772979436e-01 1.13251292365903977e-01
2.71441761659490688e-01 7.06537811349138289e-01 1.96296832990041414e-01 1.13251211583224459e-01
2.71884575129983541e-01 7.06937703108672766e-01 1.96633730072467539e-01 1.13251130427857810e-01
2.72328110979260019e-01 7.07339150914073067e-01 1.96971254385947342e-01 1.13251048897789253e-01
2.72772370385764906e-01 7.07742161646605750e-01 1.97309407299832262e-01 1.13250966991142732e-01
2.73217354529864953e-01 7.08146742239435856e-01 1.97648190187143913e-01 1.13250884706182234e-01
2.73663064593852867e-01 7.08552899605700670e-01 1.97987604424463254e-01 1.13250802040630774e-01
2.74109501761949703e-01 7.08960640708611090e-01 1.98327651391868170e-01 1.13250718992285671e-01
2.74556667220308859e-01 7.09369972553094974e-01 1.98668332473120712e-01 1.13250635558980614e-01
2.75004562157018295e-01 7.09780902171035177e-01 1.99009649055694460e-01 1.13250551738455885e-01
2.75453187762104257e-01 7.10193436625829899e-01 1.99351602530786015e-01 1.13250467528398790e-01
2.75902545227534601e-01 7.10607583017091593e-01 1.99694194293326244e-01 1.13250382926485066e-01
2.76352635747221242e-01 7.11023348485478879e-01 2.00037425741991320e-01 1.13250297930420921e-01
2.76803460517024313e-01 7.11440740217673895e-01 2.00381298279214359e-01 1.13250212537985756e-01
2.77255020734754221e-01 7.11859765451494653e-01 2.00725813311196211e-01 1.13250126747075436e-01
2.77707317600175918e-01 7.12280431481161380e-01 2.01070972247917423e-01 1.13250040555746626e-01
2.78160352315011072e-01 7.12702745627085466e-01 2.01416776503113515e-01 1.13249953961931910e-01
2.78614126082942337e-01 7.13126715201224948e-01 2.01763227494089065e-01 1.13249866963081938e-01
2.79068640109615518e-01 7.13552347587492530e-01 2.02110326641863458e-01 1.13249779556918520e-01
2.79523895602643346e-01 7.13979650198321103e-01 2.02458075371274526e-01 1.13249691741061129e-01
2.79979893771608812e-01 7.14408630477745388e-01 2.02806475110990397e-01 1.13249603513054325e-01
2.80436635828067715e-01 7.14839295906045558e-01 2.03155527293520433e-01 1.13249514870408602e-01
2.80894122985552941e-01 7.15271654004529855e-01 2.03505233355227771e-01 1.13249425810642138e-01
2.81352356459576236e-01 7.15705712340454214e-01 2.03855594736339546e-01 1.13249336331323114e-01
2.81811337467633150e-01 7.16141478532085318e-01 2.04206612880960120e-01 1.13249246430112777e-01
2.82271067229204697e-01 7.16578960253904995e-01 2.04558289237081276e-01 1.13249156104809137e-01
2.82731546965761416e-01 7.17018165237789606e-01 2.04910625256592649e-01 1.13249065353353190e-01
2.83192777900766801e-01 7.17459101200562221e-01 2.05263622395156692e-01 1.13248974173142850e-01
2.83654761259679811e-01 7.17901775912647366e-01 2.05617282112130012e-01 1.13248882561631820e-01
2.84117498269959023e-01 7.18346197192500258e-01 2.05971605870776731e-01 1.13248790516319156e-01
2.84580990161064751e-01 7.18792372890332487e-01 2.06326595138299262e-01 1.13248698034605549e-01
2.85045238164463699e-01 7.19240310892706347e-01 2.06682251385851445e-01 1.13248605113834055e-01
2.85510243513630912e-01 7.19690019127258829e-01 2.07038576088549114e-01 1.13248511751331396e-01
2.85976007444054159e-01 7.20141505567567730e-01 2.07395570725483203e-01 1.13248417944449759e-01
2.86442531193236316e-01 7.20594778238155098e-01 2.07753236779730538e-01 1.13248323690609595e-01
2.86909816000699036e-01 7.21049845219634111e-01 2.08111575738366528e-01 1.13248228987342880e-01
2.87377863107986520e-01 7.21506714654002512e-01 2.08470589092477177e-01 1.13248133832337228e-01
2.87846673758667682e-01 7.21965394721413078e-01 2.08830278337140018e-01 1.13248038223215830e-01
2.88316249198340813e-01 7.22425893591483015e-01 2.09190644971211176e-01 1.13247942157049739e-01
2.88786590674635524e-01 7.22888219513059371e-01 2.09551690497459170e-01 1.13247845631190808e-01
2.89257699437217408e-01 7.23352380770088677e-01 2.09913416422701532e-01 1.13247748642895621e-01
2.89729576737789929e-01 7.23818385683055121e-01 2.10275824257816518e-01 1.13247651189338300e-01
2.90202223830099304e-01 7.24286242613650821e-01 2.10638915517756597e-01 1.13247553267651041e-01
2.90675641969936449e-01 7.24755959969582642e-01 2.11002691721559443e-01 1.13247454874966111e-01
2.91149832415140974e-01 7.25227546209515350e-01 2.11367154392360812e-01 1.13247356008457617e-01
2.91624796425604793e-01 7.25701009848159329e-01 2.11732305057406894e-01 1.13247256665384752e-01
2.92100535263274730e-01 7.26176359461500498e-01 2.12098145248066139e-01 1.13247156843135313e-01
2.92577050192156629e-01 7.26653603691172378e-01 2.12464676499841604e-01 1.13247056539260801e-01
2.93054342478317964e-01 7.27132751178914960e-01 2.12831900352265152e-01 1.13246955750858316e-01
2.93532413389892000e-01 7.27613810609227696e-01 2.13199818348742104e-01 1.13246854474921083e-01
2.94011264197080568e-01 7.28096790729528709e-01 2.13568432036798539e-01 1.13246752708562132e-01
2.94490896172157346e-01 7.28581700324067327e-01 2.13937742968133476e-01 1.13246650448785707e-01
2.94971310589472124e-01 7.29068548218536616e-01 2.14307752698632198e-01 1.13246547692527733e-01
2.95452508725453034e-01 7.29557343284816140e-01 2.14678462788377905e-01 1.13246444436696750e-01
2.95934491858610926e-01 7.30048094445857165e-01 2.15049874801664764e-01 1.13246340678215859e-01
2.96417261269541876e-01 7.30540810680704977e-01 2.15421990307010064e-01 1.13246236414065171e-01
2.96900818240931619e-01 7.31035501029666746e-01 2.15794810877167287e-01 1.13246131641325007e-01
2.97385164057557716e-01 7.31532174599619389e-01 2.16168338089138018e-01 1.13246026357219767e-01
2.97870300006294331e-01 7.32030840555546347e-01 2.16542573524172305e-01 1.13245920559034499e-01
2.98356227376114502e-01 7.32531508049293345e-01 2.16917518767550166e-01 1.13245814243426307e-01
2.98842947458093866e-01 7.33034186313679337e-01 2.17293175408619865e-01 1.13245707407275381e-01
2.99330461545414872e-01 7.33538884628950005e-01 2.17669545041009854e-01 1.13245600047416212e-01
2.99818770933368950e-01 7.34045612317149154e-01 2.18046629262647229e-01 1.13245492160586783e-01
3.00307876919361061e-01 7.34554378746802850e-01 2.18424429675771303e-01 1.13245383743469333e-01
3.00797780802912307e-01 7.35065193337740119e-01 2.18802947886945598e-01 1.13245274792731762e-01
3.01288483885664093e-01 7.35578065566050876e-01 2.19182185507071525e-01 1.13245165305069589e-01
3.01779987471380795e-01 7.36093004969184950e-01 2.19562144151400462e-01 1.13245055277248707e-01
3.02272292865954251e-01 7.36610021151195227e-01 2.19942825439547462e-01 1.13244944706148681e-01
3.02765401377406262e-01 7.37129123788129226e-01 2.20324230995503634e-01 1.13244833588807076e-01
3.03259314315892203e-01 7.37650322592562246e-01 2.20706362447588039e-01 1.13244721922083916e-01
3.03754032993705569e-01 7.38173627286167977e-01 2.21089221428186378e-01 1.13244609702363011e-01
3.04249558725279756e-01 7.38699047679066134e-01 2.21472809573974250e-01 1.13244496926301230e-01
3.04745892827193221e-01 7.39226593624618178e-01 2.21857128526040920e-01 1.13244383590438202e-01
3.05243036618171426e-01 7.39756275023105370e-01 2.22242179929901335e-01 1.13244269691227889e-01
3.05740991419092001e-01 7.40288101826483858e-01 2.22627965435510444e-01 1.13244155225079440e-01
3.06239758552986630e-01 7.40822084043276985e-01 2.23014486697274888e-01 1.13244040188398926e-01
3.06739339345045492e-01 7.41358231743605711e-01 2.23401745374067290e-01 1.13243924577631355e-01
3.07239735122621038e-01 7.41896555064364138e-01 2.23789743129239049e-01 1.13243808389303854e-01
3.07740947215230320e-01 7.42437064214534037e-01 2.24178481630633197e-01 1.13243691620068879e-01
3.08242976954560155e-01 7.42979769479388041e-01 2.24567962550597966e-01 1.13243574266737604e-01
3.08745825674468954e-01 7.43524681151967237e-01 2.24958187565844375e-01 1.13243456325630848e-01
3.09249494710991779e-01 7.44071809581280941e-01 2.25349158357266904e-01 1.13243337792978516e-01
3.09753985402342669e-01 7.44621165189806811e-01 2.25740876610243668e-01 1.13243218665121922e-01
3.10259299088919249e-01 7.45172758447550487e-01 2.26133344014694176e-01 1.13243098938285450e-01
3.10765437113305454e-01 7.45726599876733065e-01 2.26526562265092213e-01 1.13242978608616943e-01
3.11272400820275352e-01 7.46282700056613235e-01 2.26920533060479351e-01 1.13242857672228733e-01
3.11780191556797259e-01 7.46841069628450871e-01 2.27315258104478612e-01 1.13242736125239413e-01
3.12288810672036232e-01 7.47401719300606171e-01 2.27710739105307397e-01 1.13242613963816088e-01
3.12798259517358845e-01 7.47964659853790792e-01 2.28106977775791725e-01 1.13242491184217836e-01
3.13308539446335743e-01 7.48529902146450876e-01 2.28503975833378919e-01 1.13242367782838999e-01
3.13819651814746192e-01 7.49097457110902809e-01 2.28901735000142104e-01 1.13242243756167885e-01
3.14331597980580579e-01 7.49667335676646895e-01 2.29300257002532371e-01 1.13242119100048722e-01
3.14844379304045296e-01 7.50239548861255656e-01 2.29699543571363546e-01 1.13241993810493255e-01
3.15357997147565239e-01 7.50814107745534476e-01 2.30099596442091964e-01 1.13241867883495675e-01
3.15872452875787801e-01 7.51391023463240826e-01 2.30500417354843667e-01 1.13241741314940497e-01
3.16387747855587098e-01 7.51970307205836908e-01 2.30902008054428454e-01 1.13241614100642943e-01
3.16903883456066515e-01 7.52551970227378408e-01 2.31304370290352695e-01 1.13241486236389910e-01
3.17420861048563430e-01 7.53136023849546699e-01 2.31707505816834025e-01 1.13241357717982147e-01
3.17938682006651763e-01 7.53722479466819473e-01 2.32111416392814018e-01 1.13241228541276884e-01
3.18457347706146865e-01 7.54311348551782501e-01 2.32516103781973155e-01 1.13241098702230661e-01
3.18976859525107903e-01 7.54902642660596146e-01 2.32921569752743585e-01 1.13240968196943681e-01
3.19497218843842246e-01 7.55496373415394884e-01 2.33327816078287842e-01 1.13240837021489793e-01
3.20018427044909459e-01 7.56092552442254928e-01 2.33734844536175906e-01 1.13240705171301817e-01
3.20540485513123918e-01 7.56691191471477898e-01 2.34142656908538249e-01 1.13240572642092516e-01
3.21063395635559634e-01 7.57292302293036568e-01 2.34551254982288376e-01 1.13240439429481726e-01
3.21587158801552864e-01 7.57895896755498621e-01 2.34960640549138039e-01 1.13240305528984481e-01
3.22111776402707051e-01 7.58501986770848124e-01 2.35370815405612166e-01 1.13240170936051779e-01
3.22637249832894935e-01 7.59110584319438897e-01 2.35781781353061548e-01 1.13240035646111958e-01
3.23163580488263991e-01 7.59721701455092324e-01 2.36193540197678103e-01 1.13239899654612647e-01
3.23690769767238817e-01 7.60335350310331837e-01 2.36606093750508062e-01 1.13239762957063311e-01
3.24218819070525077e-01 7.60951543101767047e-01 2.37019443827465953e-01 1.13239625549078793e-01
3.24747729801114160e-01 7.61570292135625548e-01 2.37433592249349651e-01 1.13239487426423369e-01
3.25277503364285570e-01 7.62191609773368084e-01 2.37848540841775008e-01 1.13239348584683250e-01
3.25808141167611809e-01 7.62815508399060982e-01 2.38264291434822639e-01 1.13239209018915210e-01
3.26339644620960989e-01 7.63442000505925256e-01 2.38680845863325941e-01 1.13239068724461281e-01
3.26872015136501992e-01 7.64071098648278269e-01 2.39098205967032101e-01 1.13238927696534264e-01
3.27405254128706746e-01 7.64702815444931128e-01 2.39516373590615395e-01 1.13238785930245250e-01
3.27939363014354779e-01 7.65337163584073443e-01 2.39935350583691809e-01 1.13238643420644589e-01
3.28474343212537323e-01 7.65974155828290981e-01 2.40355138800833534e-01 1.13238500162763184e-01
3.29010196144659872e-01 7.66613805019723538e-01 2.40775740101582203e-01 1.13238356151654646e-01
3.29546923234447620e-01 7.67256124085369140e-01 2.41197156350464598e-01 1.13238211382437878e-01
3.30084525907947457e-01 7.67901126042531690e-01 2.41619389417005365e-01 1.13238065850340755e-01
3.30623005593533414e-01 7.68548824004417708e-01 2.42042441175742917e-01 1.13237919550744137e-01
3.31162363721908881e-01 7.69199231128758321e-01 2.42466313506108894e-01 1.13237772478694154e-01
3.31702601726112045e-01 7.69852360620430165e-01 2.42891008292087263e-01 1.13237624628872199e-01
3.32243721041518336e-01 7.70508225792169488e-01 2.43316527422586693e-01 1.13237475996186401e-01
3.32785723105844644e-01 7.71166840022618816e-01 2.43742872791557180e-01 1.13237326575404570e-01
3.33328609359153871e-01 7.71828216761105690e-01 2.44170046298004623e-01 1.13237176361193903e-01
3.33872381243857430e-01 7.72492369532582490e-01 2.44598049846004445e-01 1.13237025348161782e-01
3.34417040204720573e-01 7.73159311942708927e-01 2.45026885344717060e-01 1.13236873530897411e-01
3.34962587688864555e-01 7.73829057683070531e-01 2.45456554708401165e-01 1.13236720904013502e-01
3.35509025145772355e-01 7.74501620536548807e-01 2.45887059856429391e-01 1.13236567462189658e-01
3.36056354027290616e-01 7.75177014382828045e-01 2.46318402713301743e-01 1.13236413200215241e-01
3.36604575787635196e-01 7.75855253203758588e-01 2.46750585208661138e-01 1.13236258113031493e-01
3.37153691883393836e-01 7.76536351019103677e-01 2.47183609277116551e-01 1.13236102195120536e-01
3.37703703773530317e-01 7.77220321918333679e-01 2.47617476857932950e-01 1.13235945440744418e-01
3.38254612919389186e-01 7.77907180097384798e-01 2.48052189895452108e-01 1.13235787844324337e-01
3.38806420784698081e-01 7.78596939824526380e-01 2.48487750339183244e-01 1.13235629400139343e-01
3.39359128835573232e-01 7.79289615445231343e-01 2.48924160143818601e-01 1.13235470102366814e-01
3.39912738540521953e-01 7.79985221387172745e-01 2.49361421269246930e-01 1.13235309945122917e-01
3.40467251370447810e-01 7.80683772165367773e-01 2.49799535680569257e-01 1.13235148922504289e-01
3.41022668798653394e-01 7.81385282387459523e-01 2.50238505348112372e-01 1.13234987028630135e-01
3.41578992300844875e-01 7.82089766759143767e-01 2.50678332247444513e-01 1.13234824257684941e-01
3.42136223355136104e-01 7.82797240089744828e-01 2.51119018359389712e-01 1.13234660603962034e-01
3.42694363442051730e-01 7.83507717297008299e-01 2.51560565670041481e-01 1.13234496061899406e-01
3.43253414044532301e-01 7.84221213336626977e-01 2.52002976170542348e-01 1.13234330625408386e-01
3.43813376647936708e-01 7.84937743249257247e-01 2.52446251856792370e-01 1.13234164288253669e-01
3.44374252740047904e-01 7.85657322184820872e-01 2.52890394729904655e-01 1.13233997044321383e-01
3.44936043811074955e-01 7.86379965372408618e-01 2.53335406796284357e-01 1.13233828887352020e-01
3.45498751353658873e-01 7.87105688125205760e-01 2.53781290067644660e-01 1.13233659810980408e-01
3.46062376862875054e-01 7.87834505845551591e-01 2.54228046561020604e-01 1.13233489808776594e-01
3.46626921836237889e-01 7.88566434030140373e-01 2.54675678298784236e-01 1.13233318874287475e-01
3.47192387773705202e-01 7.89301488275363838e-01 2.55124187308659933e-01 1.13233147001078518e-01
3.47758776177681084e-01 7.90039684282799359e-01 2.55573575623738114e-01 1.13232974182776752e-01
3.48326088553021385e-01 7.90781037864847103e-01 2.56023845282491780e-01 1.13232800413114426e-01
3.48894326407035937e-01 7.91525564949405291e-01 2.56474998328788506e-01 1.13232625685962845e-01
3.49463491249494385e-01 7.92273281507643423e-01 2.56927036811644305e-01 1.13232449994643061e-01
3.50033584592628566e-01 7.93024203604716149e-01 2.57379962784921312e-01 1.13232273332340025e-01
3.50604607951138014e-01 7.93778347421820296e-01 2.57833778307816119e-01 1.13232095692349974e-01
3.51176562842192674e-01 7.94535729226592102e-01 2.58288485444939819e-01 1.13231917067817656e-01
3.51749450785437512e-01 7.95296365378084236e-01 2.58744086266333440e-01 1.13231737451775866e-01
3.52323273302997064e-01 7.96060272331887919e-01 2.59200582847483318e-01 1.13231556837186359e-01
3.52898031919478383e-01 7.96827466645390614e-01 2.59657977269335150e-01 1.13231375216981220e-01
3.53473728161976253e-01 7.97597964983178920e-01 2.60116271618309636e-01 1.13231192584104828e-01
3.54050363560075965e-01 7.98371784122587802e-01 2.60575467986316811e-01 1.13231008931556756e-01
3.54627939645858814e-01 7.99148940959396370e-01 2.61035568470772195e-01 1.13230824252435025e-01
3.55206457953904986e-01 7.99929452513029604e-01 2.61496575174610002e-01 1.13230638539974504e-01
3.55785920021297941e-01 8.00713335856727770e-01 2.61958490206034678e-01 1.13230451786879890e-01
3.56366327387629300e-01 8.01500608160478856e-01 2.62421315678166178e-01 1.13230263985664742e-01
3.56947681595001509e-01 8.02291286721232066e-01 2.62885053709562888e-01 1.13230075128973595e-01
3.57529984188033390e-01 8.03085388930135924e-01 2.63349706424317875e-01 1.13229885209290324e-01
3.58113236713862915e-01 8.03882932277574902e-01 2.63815275952072714e-01 1.13229694218978119e-01
3.58697440722152650e-01 8.04683934358348507e-01 2.64281764428033694e-01 1.13229502150320085e-01
3.59282597765092415e-01 8.05488412876990467e-01 2.64749173992985753e-01 1.13229308995560621e-01
3.59868709397405062e-01 8.06296385653229031e-01 2.65217506793308577e-01 1.13229114746947121e-01
3.60455777176348913e-01 8.07107870627598034e-01 2.65686764980990697e-01 1.13228919396772848e-01
3.61043802661722979e-01 8.07922885867192186e-01 2.66156950713645146e-01 1.13228722937420312e-01
3.61632787415871237e-01 8.08741449571533266e-01 2.66628066154525112e-01 1.13228525361404625e-01
3.62222733003685626e-01 8.09563580011249173e-01 2.67100113472303502e-01 1.13228326660787360e-01
3.62813640992611763e-01 8.10389295548777921e-01 2.67573094840618808e-01 1.13228126827306194e-01
3.63405512952651444e-01 8.11218614689264705e-01 2.68047012438629051e-01 1.13227925852882799e-01
3.63998350456368636e-01 8.12051556040380373e-01 2.68521868451142398e-01 1.13227723729266649e-01
3.64592155078891700e-01 8.12888138317418574e-01 2.68997665068630376e-01 1.13227520448074978e-01
3.65186928397919497e-01 8.13728380348534008e-01 2.69474404487244634e-01 1.13227316000832939e-01
3.65782671993723885e-01 8.14572301080118022e-01 2.69952088908830490e-01 1.13227110379014811e-01
3.66379387449154936e-01 8.15419919582326180e-01 2.70430720540943137e-01 1.13226903574086060e-01
3.66977076349645215e-01 8.16271255054744072e-01 2.70910301596862579e-01 1.13226695577545583e-01
3.67575740283213104e-01 8.17126326832207206e-01 2.71390834295608230e-01 1.13226486380968966e-01
3.68175380840468136e-01 8.17985154390772906e-01 2.71872320861955119e-01 1.13226275976052573e-01
3.68775999614614158e-01 8.18847757302739065e-01 2.72354763526272581e-01 1.13226064354180117e-01
3.69377598201454549e-01 8.19714155219764318e-01 2.72838164523945936e-01 1.13225851506203748e-01
3.69980178199395660e-01 8.20584367955949912e-01 2.73322526095920559e-01 1.13225637423237005e-01
3.70583741209451256e-01 8.21458415437431144e-01 2.73807850488901494e-01 1.13225422096211656e-01
3.71188288835247460e-01 8.22336317707002440e-01 2.74294139955368776e-01 1.13225205515912239e-01
3.71793822683025799e-01 8.23218094929416111e-01 2.74781396753591534e-01 1.13224987673016503e-01
3.72400344361648705e-01 8.24103767396823783e-01 2.75269623147643971e-01 1.13224768558136499e-01
3.73007855482602624e-01 8.24993355534360484e-01 2.75758821407419696e-01 1.13224548161859881e-01
3.73616357660003617e-01 8.25886879905876281e-01 2.76248993808647703e-01 1.13224326474792469e-01
3.74225852510600032e-01 8.26784361219818020e-01 2.76740142632906472e-01 1.13224103487601230e-01
3.74836341653778549e-01 8.27685820335263500e-01 2.77232270167640571e-01 1.13223879191057988e-01
3.75447826711567012e-01 8.28591278235720097e-01 2.77725378706069781e-01 1.13223653575781985e-01
3.76060309308639373e-01 8.29500755973960557e-01 2.78219470546524350e-01 1.13223426631669635e-01
3.76673791072320518e-01 8.30414274781213324e-01 2.78714547992866213e-01 1.13223198348908288e-01
3.77288273632589266e-01 8.31331856013944437e-01 2.79210613354820780e-01 1.13222968717517164e-01
3.77903758622084307e-01 8.32253521155063347e-01 2.79707668947993260e-01 1.13222737727350586e-01
3.78520247676106925e-01 8.33179291819285184e-01 2.80205717093882256e-01 1.13222505368138077e-01
3.79137742432626879e-01 8.34109189758635572e-01 2.80704760119896091e-01 1.13222271629524987e-01
3.79756244532285292e-01 8.35043236868098782e-01 2.81204800359366680e-01 1.13222036501113940e-01
3.80375755618400424e-01 8.35981455191417422e-01 2.81705840151565690e-01 1.13221799972507031e-01
3.80996277336970834e-01 8.36923866927036020e-01 2.82207881841718800e-01 1.13221562033348447e-01
3.81617811336680268e-01 8.37870494434201474e-01 2.82710927781021304e-01 1.13221322673368055e-01
3.82240359268902541e-01 8.38821360224171864e-01 2.83214980326611410e-01 1.13221081882285968e-01
3.82863922787704702e-01 8.39776486878498374e-01 2.83720041840919091e-01 1.13220839649005950e-01
3.83488503549852922e-01 8.40735897162103285e-01 2.84226114691794374e-01 1.13220595962636186e-01
3.84114103214815261e-01 8.41699613984689066e-01 2.84733201253037305e-01 1.13220350812176115e-01
3.84740723444767896e-01 8.42667660393043416e-01 2.85241303904425481e-01 1.13220104186439074e-01
3.85368365904597721e-01 8.43640059576465262e-01 2.85750425031728039e-01 1.13219856074092226e-01
3.85997032261907902e-01 8.44616834872341404e-01 2.86260567026720980e-01 1.13219606463696942e-01
3.86626724187022430e-01 8.45598009771862391e-01 2.86771732287202319e-01 1.13219355343749856e-01
3.87257443352989450e-01 8.46583607925887827e-01 2.87283923217006465e-01 1.13219102702724964e-01
3.87889191435587144e-01 8.47573653150963779e-01 2.87797142226019875e-01 1.13218848529115748e-01
3.88521970113326787e-01 8.48568169435489184e-01 2.88311391730195488e-01 1.13218592811478669e-01
3.89155781067458573e-01 8.49567180942986333e-01 2.88826674151562324e-01 1.13218335538448775e-01
3.89790625981974559e-01 8.50570711928846146e-01 2.89342991917731329e-01 1.13218076697932893e-01
3.90426506543614826e-01 8.51578786817409839e-01 2.89860347461565859e-01 1.13217816277767669e-01
3.91063424441870533e-01 8.52591430206805723e-01 2.90378743221916313e-01 1.13217554265810566e-01
3.91701381368988855e-01 8.53608666843869268e-01 2.90898181643700460e-01 1.13217290649708383e-01
3.92340379019978314e-01 8.54630521629645590e-01 2.91418665177918923e-01 1.13217025416936790e-01
3.92980419092611666e-01 8.55657019625033377e-01 2.91940196281668285e-01 1.13216758554840327e-01
3.93621503287432173e-01 8.56688186056579704e-01 2.92462777418157682e-01 1.13216490050673399e-01
3.94263633307756489e-01 8.57724046322416611e-01 2.92986411056721963e-01 1.13216219891641670e-01
3.94906810859680657e-01 8.58764625998353126e-01 2.93511099672837894e-01 1.13215948064944186e-01
3.95551037652083215e-01 8.59809950844117377e-01 2.94036845748137821e-01 1.13215674557816406e-01
3.96196315396631193e-01 8.60860046809756252e-01 2.94563651770425594e-01 1.13215399357573604e-01
3.96842645807783445e-01 8.61914939987278861e-01 2.95091520233437266e-01 1.13215122451139183e-01
3.97490030602795585e-01 8.62974656597470635e-01 2.95620453636057878e-01 1.13214843824852543e-01
3.98138471501725266e-01 8.64039223075313667e-01 2.96150454483075698e-01 1.13214563465285953e-01
3.98787970227435395e-01 8.65108666017686323e-01 2.96681525285428238e-01 1.13214281358776675e-01
3.99438528505600188e-01 8.66183012188506352e-01 2.97213668560217525e-01 1.13213997491462146e-01
4.00090148064708273e-01 8.67262288524455083e-01 2.97746886830723645e-01 1.13213711849319706e-01
4.00742830636068748e-01 8.68346522140850730e-01 2.98281182626419950e-01 1.13213424418207032e-01
4.01396577953814560e-01 8.69435740337667795e-01 2.98816558482987160e-01 1.13213135183903232e-01
4.02051391754907561e-01 8.70529970605709469e-01 2.99353016942327910e-01 1.13212844132150825e-01
4.02707273779143837e-01 8.71629240632931679e-01 2.99890560552582064e-01 1.13212551248697876e-01
4.03364225769156703e-01 8.72733578310924241e-01 3.00429191868139989e-01 1.13212256519341553e-01
4.04022249470423311e-01 8.73843011722766461e-01 3.00968913449589759e-01 1.13211959929796491e-01
4.04681346631267369e-01 8.74957569062740359e-01 3.01509727862856292e-01 1.13211661464890312e-01
4.05341519002865525e-01 8.76077278756575373e-01 3.02051637679463969e-01 1.13211361109658626e-01
4.06002768339250253e-01 8.77202169416599897e-01 3.02594645477150870e-01 1.13211058848965929e-01
4.06665096397316517e-01 8.78332269836310520e-01 3.03138753839892028e-01 1.13210754667444347e-01
4.07328504936824598e-01 8.79467608996184480e-01 3.03683965357912700e-01 1.13210448549532633e-01
4.07992995720405427e-01 8.80608216069643124e-01 3.04230282627703019e-01 1.13210140479516538e-01
4.08658570513566299e-01 8.81754120429162236e-01 3.04777708252032598e-01 1.13209830441569223e-01
4.09325231084693597e-01 8.82905351652531367e-01 3.05326244839963734e-01 1.13209518419792765e-01
4.09992979205059394e-01 8.84061939529273255e-01 3.05875895006866794e-01 1.13209204398260085e-01
4.10661816648824562e-01 8.85223914067210904e-01 3.06426661374433473e-01 1.13208888361057844e-01
4.11331745193044995e-01 8.86391305498046123e-01 3.06978546570689736e-01 1.13208570292319149e-01
4.12002766617674709e-01 8.87564144198489835e-01 3.07531553229465571e-01 1.13208250175453093e-01
4.12674882705572399e-01 8.88742460748965901e-01 3.08085683989806347e-01 1.13207927993625085e-01
4.13348095242504487e-01 8.89926285959856567e-01 3.08640941496923504e-01 1.13207603730040116e-01
4.14022406017150513e-01 8.91115650838327999e-01 3.09197328402327276e-01 1.13207277367633502e-01
4.14697816821108678e-01 8.92310586594247557e-01 3.09754847363841235e-01 1.13206948889110107e-01
4.15374329448899071e-01 8.93511124646244270e-01 3.10313501045614615e-01 1.13206618276983570e-01
4.16051945697969994e-01 8.94717296627921765e-01 3.10873292118137579e-01 1.13206285513616764e-01
4.16730667368701291e-01 8.95929134394219728e-01 3.11434223258253762e-01 1.13205950581262510e-01
4.17410496264410513e-01 8.97146670027934467e-01 3.11996297149175206e-01 1.13205613462105184e-01
4.18091434191356581e-01 8.98369935846391132e-01 3.12559516480495458e-01 1.13205274138302947e-01
4.18773482958744836e-01 8.99598964408277579e-01 3.13123883948203507e-01 1.13204932592030696e-01
4.19456644378732868e-01 9.00833788489416865e-01 3.13689402254547500e-01 1.13204588805229864e-01
4.20140920266433515e-01 9.02074441019621642e-01 3.14256074106963768e-01 1.13204242758950038e-01
4.20826312439921635e-01 9.03320955203739784e-01 3.14823902218693885e-01 1.13203894434472027e-01
4.21512822720237101e-01 9.04573364466124685e-01 3.15392889309329238e-01 1.13203543812814986e-01
4.22200452931391357e-01 9.05831702451270315e-01 3.15963038104825455e-01 1.13203190874725315e-01
4.22889204900370519e-01 9.07096003029983722e-01 3.16534351337514785e-01 1.13202835600715729e-01
4.23579080457142099e-01 9.08366300305716190e-01 3.17106831746120366e-01 1.13202477971104998e-01
4.24270081434658219e-01 9.09642628621037952e-01 3.17680482075768711e-01 1.13202117966058016e-01
4.24962209668861113e-01 9.10925022564275433e-01 3.18255305078003259e-01 1.13201755565627185e-01
4.25655466998688836e-01 9.12213516976302596e-01 3.18831303510798636e-01 1.13201390749793698e-01
4.26349855266078326e-01 9.13508146957490830e-01 3.19408480138572315e-01 1.13201023498510175e-01
4.27045376315972391e-01 9.14808947872331357e-01 3.19986837732192941e-01 1.13200653791720465e-01
4.27742031996322603e-01 9.16115955264264148e-01 3.20566379068272400e-01 1.13200281608518361e-01
4.28439824158096061e-01 9.17429204932395770e-01 3.21147106928618753e-01 1.13199906927801866e-01
4.29138754655278454e-01 9.18748732943513002e-01 3.21729024101324590e-01 1.13199529728420414e-01
4.29838825344880993e-01 9.20074575603950673e-01 3.22312133380886545e-01 1.13199149988903722e-01
4.30540038086943577e-01 9.21406769465896947e-01 3.22896437568217176e-01 1.13198767687500007e-01
4.31242394744540403e-01 9.22745351333854158e-01 3.23481939470657787e-01 1.13198382802215225e-01
4.31945897183785676e-01 9.24090358271253298e-01 3.24068641901991861e-01 1.13197995310852700e-01
4.32650547273836950e-01 9.25441827607217382e-01 3.24656547682456664e-01 1.13197605191053485e-01
4.33356346886902000e-01 9.26799796943493126e-01 3.25245659638757567e-01 1.13197212420337465e-01
4.34063297898241829e-01 9.28164304161534059e-01 3.25835980604079256e-01 1.13196816976145087e-01
4.34771402186177547e-01 9.29535387429755833e-01 3.26427513418100002e-01 1.13196418835879817e-01
4.35480661632093646e-01 9.30913085180268940e-01 3.27020260926834394e-01 1.13196017976660540e-01
4.36191078120444053e-01 9.32297436043400318e-01 3.27614225981385843e-01 1.13195614374634837e-01
4.36902653538757291e-01 9.33688478972081071e-01 3.28209411438637633e-01 1.13195208006134945e-01
4.37615389777640362e-01 9.35086253186321104e-01 3.28805820161903184e-01 1.13194798847174816e-01
4.38329288730785305e-01 9.36490798173803651e-01 3.29403455020939817e-01 1.13194386873433875e-01
4.39044352294972462e-01 9.37902153696490992e-01 3.30002318891959745e-01 1.13193972060295051e-01
4.39760582370077535e-01 9.39320359797398918e-01 3.30602414657643728e-01 1.13193554382884184e-01
4.40477980859074525e-01 9.40745456807514646e-01 3.31203745207151068e-01 1.13193133816109501e-01
4.41196549668042781e-01 9.42177485352883259e-01 3.31806313436134093e-01 1.13192710334702115e-01
4.41916290706170389e-01 9.43616486361849471e-01 3.32410122246748263e-01 1.13192283913256919e-01
4.42637205885759999e-01 9.45062501072468586e-01 3.33015174547665216e-01 1.13191854526274477e-01
4.43359297122234541e-01 9.46515571039106773e-01 3.33621473254082868e-01 1.13191422148194137e-01
4.44082566334140838e-01 9.47975738053062900e-01 3.34229021287019479e-01 1.13190986752600073e-01
4.44807015443156262e-01 9.49443044200681263e-01 3.34837821572470717e-01 1.13190548312698022e-01
4.45532646374092289e-01 9.50917531895110191e-01 3.35447877042706233e-01 1.13190106801638962e-01
4.46259461054901330e-01 9.52399243841591026e-01 3.36059190636455007e-01 1.13189662192179755e-01
4.46987461416679943e-01 9.53888223044245476e-01 3.36671765298915293e-01 1.13189214456720907e-01
4.47716649393675947e-01 9.55384512813024722e-01 3.37285603981767435e-01 1.13188763567344683e-01
4.48447026923291914e-01 9.56888156770814069e-01 3.37900709643183916e-01 1.13188309495854261e-01
4.49178595946090775e-01 9.58399198860696133e-01 3.38517085247841187e-01 1.13187852213813139e-01
4.49911358405802209e-01 9.59917683353382456e-01 3.39134733766932150e-01 1.13187391692585501e-01
4.50645316249325523e-01 9.61443654854804097e-01 3.39753658178175377e-01 1.13186927903377171e-01
4.51380471426737206e-01 9.62977158313877535e-01 3.40373861465828764e-01 1.13186460817277262e-01
4.52116825891293928e-01 9.64518239010651146e-01 3.40995346620589446e-01 1.13185990405111583e-01
4.52854381599439859e-01 9.66066942473698842e-01 3.41618116638221558e-01 1.13185516636589600e-01
4.53593140510809956e-01 9.67623314608270224e-01 3.42242174519964082e-01 1.13185039481486671e-01
4.54333104588236114e-01 9.69187401650656311e-01 3.42867523273504116e-01 1.13184558909225311e-01
4.55074275797752836e-01 9.70759250163639620e-01 3.43494165913002081e-01 1.13184074888804428e-01
4.55816656108601059e-01 9.72338907043651779e-01 3.44122105459100658e-01 1.13183587388836979e-01
4.56560247493235150e-01 9.73926419528089782e-01 3.44751344938937054e-01 1.13183096377587902e-01
4.57305051927326289e-01 9.75521835202794452e-01 3.45381887386151887e-01 1.13182601823012957e-01
4.58051071389769526e-01 9.77125202009694327e-01 3.46013735840901338e-01 1.13182103692798144e-01
4.58798307862687271e-01 9.78736568254615857e-01 3.46646893349866314e-01 1.13181601954399788e-01
4.59546763331436348e-01 9.80355982615264465e-01 3.47281362966264440e-01 1.13181096575085294e-01
4.60296439784611711e-01 9.81983494149377023e-01 3.47917147749859212e-01 1.13180587521974435e-01
4.61047339214052387e-01 9.83619152238824679e-01 3.48554250766444917e-01 1.13180074761460484e-01
4.61799463614847361e-01 9.85263006591169721e-01 3.49192675086446580e-01 1.13179558259145843e-01
4.62552814985339456e-01 9.86915107322512530e-01 3.49832423786357427e-01 1.13179037980635153e-01
4.63307395327132387e-01 9.88575504906631930e-01 3.50473499949135736e-01 1.13178513891035948e-01
4.64063206645094262e-01 9.90244250182254482e-01 3.51115906664212718e-01 1.13177985954993870e-01
4.64820250947364733e-01 9.91921394360624653e-01 3.51759647027503397e-01 1.13177454136729833e-01
4.65578530245358280e-01 9.93606989033226973e-01 3.52404724141414938e-01 1.13176918400077875e-01
4.66338046553771979e-01 9.95301086179690597e-01 3.53051141114858247e-01 1.13176378708523678e-01
4.67098801890588500e-01 9.97003738175844867e-01 3.53698901063255522e-01 1.13175835025243546e-01
4.67860798277082768e-01 9.98714997801963822e-01 3.54348007108551188e-01 1.13175287313144426e-01
4.68624037737827681e-01 1.00043491825117448e+00 3.54998462379221724e-01 1.13174735534904147e-01
4.69388522300697941e-01 1.00216355313040872e+00 3.55650270010247238e-01 1.13174179652939091e-01
4.70154253996877547e-01 1.00390095636919807e+00 3.56303433141821446e-01 1.13173619628460800e-01
4.70921234860862792e-01 1.00564718232888106e+00 3.56957954919038312e-01 1.13173055422469068e-01
4.71689466930470092e-01 1.00740228578702684e+00 3.57613838493356484e-01 1.13172486995604893e-01
4.72458952246839481e-01 1.00916632192143640e+00 3.58271087022687840e-01 1.13171914307962446e-01
4.73229692854440664e-01 1.01093934631800364e+00 3.58929703671406641e-01 1.13171337319125320e-01
4.74001690801079512e-01 1.01272141497873913e+00 3.59589691610359419e-01 1.13170755988203184e-01
4.74774948137901331e-01 1.01451258432995806e+00 3.60251054016871575e-01 1.13170170273869414e-01
4.75549466919398700e-01 1.01631291123065148e+00 3.60913794074758265e-01 1.13169580134399025e-01
4.76325249203414791e-01 1.01812245298101778e+00 3.61577914974331394e-01 1.13168985527707405e-01
4.77102297051150703e-01 1.01994126733118384e+00 3.62243419912409714e-01 1.13168386411389724e-01
4.77880612527169069e-01 1.02176941249009690e+00 3.62910312092326215e-01 1.13167782742761056e-01
4.78660197699401546e-01 1.02360694709780020e+00 3.63578594723646398e-01 1.13167174478536095e-01
4.79441054639152653e-01 1.02545393017065689e+00 3.64248271020345182e-01 1.13166561574216631e-01
4.80223185421105703e-01 1.02731042122460603e+00 3.64919344201958595e-01 1.13165943985261058e-01
4.81006592123329468e-01 1.02917648021967589e+00 3.65591817494448690e-01 1.13165321666524210e-01
4.81791276827281567e-01 1.03105216756417306e+00 3.66265694130210040e-01 1.13164694572253907e-01
4.82577241617816288e-01 1.03293754412305527e+00 3.66940977348079012e-01 1.13164062656126302e-01
4.83364488583187979e-01 1.03483267122646883e+00 3.67617670393340257e-01 1.13163425871282391e-01
4.84153019815058760e-01 1.03673761067846870e+00 3.68295776517735873e-01 1.13162784170364780e-01
4.84942837408501803e-01 1.03865242476590969e+00 3.68975298979471344e-01 1.13162137505555288e-01
4.85733943462009155e-01 1.04057717626752244e+00 3.69656241043225142e-01 1.13161485828613115e-01
4.86526340077495345e-01 1.04251192846316854e+00 3.70338605980154778e-01 1.13160829090913698e-01
4.87320029360304052e-01 1.04445674514221687e+00 3.71022397067901744e-01 1.13160167243477799e-01
4.88115013419213983e-01 1.04641169052536620e+00 3.71707617589591477e-01 1.13159500236136176e-01
4.88911294366443094e-01 1.04837682932521981e+00 3.72394270832579255e-01 1.13158828018051619e-01
4.89708874317656140e-01 1.05035222677982243e+00 3.73082360090338405e-01 1.13158150538027164e-01
4.90507755391968225e-01 1.05233794862096630e+00 3.73771888662739249e-01 1.13157467744149864e-01
4.91307939711952302e-01 1.05433406108296968e+00 3.74462859856057928e-01 1.13156779583824779e-01
4.92109429403643384e-01 1.05634063091162744e+00 3.75155276982981900e-01 1.13156086003810330e-01
4.92912226596544711e-01 1.05835772537334205e+00 3.75849143362616711e-01 1.13155386950253581e-01
4.93716333423634135e-01 1.06038541226443739e+00 3.76544462320493711e-01 1.13154682368726542e-01
4.94521752021368222e-01 1.06242375992065097e+00 3.77241237188575329e-01 1.13153972204263223e-01
4.95328484529689861e-01 1.06447283722682151e+00 3.77939471305263341e-01 1.13153256401396826e-01
4.96136533092031706e-01 1.06653271362675461e+00 3.78639168015403593e-01 1.13152534904198160e-01
4.96945899855324280e-01 1.06860345911429366e+00 3.79340330670155990e-01 1.13151807656123385e-01
4.97756586969999415e-01 1.07068514415248450e+00 3.80042962625063097e-01 1.13151074599125989e-01
4.98568596589998025e-01 1.07277783980151797e+00 3.80747067240518378e-01 1.13150335674879546e-01
4.99381930872773994e-01 1.07488161767844193e+00 3.81452647883243234e-01 1.13149590824332930e-01
5.00196591979300886e-01 1.07699654995483041e+00 3.82159707926324921e-01 1.13148839987628078e-01
5.01012582074078283e-01 1.07912270936622035e+00 3.82868250749223149e-01 1.13148083104133379e-01
5.01829903325135662e-01 1.08126016922172452e+00 3.83578279737774197e-01 1.13147320112477745e-01
5.02648557904040283e-01 1.08340900341384105e+00 3.84289798284198458e-01 1.13146550950585581e-01
5.03468547985901349e-01 1.08556928642844186e+00 3.85002809787104661e-01 1.13145775555711911e-01
5.04289875749376781e-01 1.08774109335495806e+00 3.85717317651496527e-01 1.13144993864478377e-01
5.05112543376678214e-01 1.08992449989675699e+00 3.86433325288777718e-01 1.13144205812910098e-01
5.05936553053577875e-01 1.09211958238172335e+00 3.87150836116758379e-01 1.13143411336472738e-01
5.06761906969413034e-01 1.09432641770715366e+00 3.87869853558915845e-01 1.13142610369435043e-01
5.07588607317092544e-01 1.09654508334916612e+00 3.88590381042410116e-01 1.13141802844884898e-01
5.08416656293103397e-01 1.09877565744112982e+00 3.89312422000140379e-01 1.13140988695471872e-01
5.09246056097514721e-01 1.10101821873000127e+00 3.90035979871334315e-01 1.13140167852895823e-01
5.10076808933985881e-01 1.10327284658629843e+00 3.90761058101553926e-01 1.13139340247938175e-01
5.10908917009769925e-01 1.10553962101428649e+00 3.91487660142698646e-01 1.13138505810494602e-01
5.11742382535721907e-01 1.10781862266236653e+00 3.92215789453012498e-01 1.13137664469607976e-01
5.12577207726302553e-01 1.11010993283364479e+00 3.92945449497086263e-01 1.13136816153501935e-01
5.13413394799585254e-01 1.11241363349671074e+00 3.93676643745863919e-01 1.13135960789615353e-01
5.14250945977262619e-01 1.11472980729661297e+00 3.94409375676647411e-01 1.13135098304637124e-01
5.15089863484650468e-01 1.11705853756603135e+00 3.95143648773099931e-01 1.13134228624541769e-01
5.15930149550696049e-01 1.11939990832463199e+00 3.95879466525168699e-01 1.13133351674499436e-01
5.16771806407981593e-01 1.12175400419517102e+00 3.96616832427112598e-01 1.13132467377914728e-01
5.17614836292732527e-01 1.12412091052152774e+00 3.97355749977422401e-01 1.13131575657583652e-01
5.18459241444821251e-01 1.12650071334465252e+00 3.98096222680797140e-01 1.13130676435359429e-01
5.19305024107775237e-01 1.12889349939683781e+00 3.98838254048239971e-01 1.13129769632010310e-01
5.20152186528781035e-01 1.13129935611257504e+00 3.99581847597060280e-01 1.13128855167250200e-01
5.21000730958691372e-01 1.13371837163962175e+00 4.00327006850878520e-01 1.13127932959769598e-01
5.21850659652031257e-01 1.13615063485026280e+00 4.01073735339630477e-01 1.13127002927267531e-01
5.22701974867002872e-01 1.13859623535277810e+00 4.01822036599569998e-01 1.13126064986483685e-01
5.23554678865493339e-01 1.14105526350311903e+00 4.02571914173274370e-01 1.13125119053231499e-01
5.24408773913078385e-01 1.14352781041678853e+00 4.03323371609646264e-01 1.13124165042431654e-01
5.25264262279031002e-01 1.14601396798094912e+00 4.04076412463919676e-01 1.13123202868146200e-01
5.26121146236324777e-01 1.14851382880677289e+00 4.04831040296921241e-01 1.13122232442969164e-01
5.26979428061642552e-01 1.15102748623025719e+00 4.05587258672717998e-01 1.13121253677955183e-01
5.27839110035380421e-01 1.15355503439736728e+00 4.06345071160874816e-01 1.13120266483431597e-01
5.28700194441654503e-01 1.15609656822275375e+00 4.07104481337243307e-01 1.13119270768448993e-01
5.29562683568307935e-01 1.15865218340126819e+00 4.07865492783966554e-01 1.13118266440808121e-01
5.30426579706914980e-01 1.16122197641981750e+00 4.08628109089480163e-01 1.13117253407088614e-01
5.31291885152789356e-01 1.16380604456944270e+00 4.09392333848517587e-01 1.13116231572678652e-01
5.32158602204988007e-01 1.16640448595759416e+00 4.10158170662111299e-01 1.13115200841805041e-01
5.33026733166319766e-01 1.16901739952063699e+00 4.10925623137597895e-01 1.13114161117563589e-01
5.33896280343348906e-01 1.17164488503656239e+00 4.11694694888619706e-01 1.13113112301950758e-01
5.34767246046403022e-01 1.17428704313793153e+00 4.12465389535128402e-01 1.13112054295895229e-01
5.35639632589579029e-01 1.17694397530976325e+00 4.13237710703265371e-01 1.13110986999119825e-01
5.36513442290747933e-01 1.17961578381350729e+00 4.14011662023027971e-01 1.13109910309199854e-01
5.37388677471563159e-01 1.18230257180618903e+00 4.14787247128462933e-01 1.13108824122791010e-01
5.38265340457464325e-01 1.18500444331366483e+00 4.15564469659828295e-01 1.13107728335183774e-01
5.39143433577685793e-01 1.18772150323101622e+00 4.16343333263681059e-01 1.13106622840190144e-01
5.40022959165260552e-01 1.19045385733534270e+00 4.17123841592877298e-01 1.13105507530170138e-01
5.40903919557028767e-01 1.19320161229878652e+00 4.17905998306577375e-01 1.13104382296058542e-01
5.41786317093641778e-01 1.19596487570176802e+00 4.18689807070246778e-01 1.13103247027392523e-01
5.42670154119569537e-01 1.19874375604645600e+00 4.19475271555659668e-01 1.13102101612339384e-01
5.43555432983107267e-01 1.20153836277046744e+00 4.20262395440901604e-01 1.13100945937725447e-01
5.44442156036379910e-01 1.20434880626078855e+00 4.21051182410371483e-01 1.13099779889065000e-01
5.45330325635350888e-01 1.20717519786715433e+00 4.21841636154783373e-01 1.13098603350580668e-01
5.46219944139825664e-01 1.21001764983800175e+00 4.22633760369908407e-01 1.13097416204331946e-01
5.47111013913460620e-01 1.21287627537211740e+00 4.23427558754448430e-01 1.13096218330735063e-01
5.48003537323766610e-01 1.21575118866082854e+00 4.24223035012874894e-01 1.13095009608865177e-01
5.48897516742118285e-01 1.21864250486649128e+00 4.25020192856000345e-01 1.13093789916050166e-01
5.49792954543757761e-01 1.22155034013638208e+00 4.25819036000978923e-01 1.13092559127893746e-01
5.50689853107801719e-01 1.22447481161683558e+00 4.26619568171309749e-01 1.13091317118299381e-01
5.51588214817249289e-01 1.22741603746761641e+00 4.27421793096840641e-01 1.13090063759494555e-01
5.52488042058985607e-01 1.23037413687651753e+00 4.28225714513768396e-01 1.13088798922055742e-01
5.53389337223790911e-01 1.23334923007421771e+00 4.29031336164643395e-01 1.13087522474933908e-01
5.54292102706344547e-01 1.23634143834936538e+00 4.29838661798370547e-01 1.13086234285480286e-01
5.55196340905233399e-01 1.23935088406392890e+00 4.30647695170212841e-01 1.13084934219473202e-01
5.56102054222956332e-01 1.24237769063077907e+00 4.31458440041323221e-01 1.13083622140681211e-01
5.57009245065931746e-01 1.24542198248012959e+00 4.32270900175736994e-01 1.13082297910363214e-01
5.57917915844504453e-01 1.24848388516701925e+00 4.33085079342331314e-01 1.13080961388395268e-01
5.58828068972950009e-01 1.25156352533605930e+00 4.33900981316405976e-01 1.13079612432610832e-01
5.59739706869484044e-01 1.25466103073474744e+00 4.34718609879695628e-01 1.13078250898796570e-01
5.60652831956265585e-01 1.25777653022890346e+00 4.35537968820370658e-01 1.13076876640712490e-01
5.61567446659406388e-01 1.26091015381837201e+00 4.36359061933041970e-01 1.13075489510112620e-01
5.62483553408974712e-01 1.26406203265296146e+00 4.37181893018761814e-01 1.13074089356766272e-01
5.63401154639004531e-01 1.26723229904865531e+00 4.38006465885028784e-01 1.13072676028479646e-01
5.64320252787499199e-01 1.27042108650406815e+00 4.38832784345788041e-01 1.13071249371118329e-01
5.65240850296439779e-01 1.27362852971717744e+00 4.39660852221435916e-01 1.13069809228629747e-01
5.66162949611791588e-01 1.27685476458588787e+00 4.40490673338675698e-01 1.13068355442850238e-01
5.67086553183509090e-01 1.28009992814532825e+00 4.41322251527749065e-01 1.13066887852560513e-01
5.68011663465544658e-01 1.28336415867980946e+00 4.42155590622745787e-01 1.13065406294782789e-01
5.68938282915852467e-01 1.28664759570402110e+00 4.42990694464241497e-01 1.13063910604213003e-01
5.69866413996398036e-01 1.28995037997107609e+00 4.43827566899404835e-01 1.13062400613114733e-01
5.70796059173161785e-01 1.29327265348948761e+00 4.44666211781998832e-01 1.13060876151334935e-01
5.71727220916148138e-01 1.29661455954043481e+00 4.45506632972386407e-01 1.13059337046320305e-01
5.72659901699389962e-01 1.29997624269528123e+00 4.46348834337532197e-01 1.13057783123134040e-01
5.73594104000956340e-01 1.30335784883337968e+00 4.47192819751007220e-01 1.13056214204473163e-01
5.74529830302959676e-01 1.30675952516015248e+00 4.48038593092993043e-01 1.13054630110686311e-01
5.75467083091560361e-01 1.31018142022544604e+00 4.48886158250282941e-01 1.13053030659791859e-01
5.76405864856975869e-01 1.31362368393503148e+00 4.49735519116249649e-01 1.13051415667392990e-01
5.77346178093484652e-01 1.31708646748751690e+00 4.50586679588565631e-01 1.13049784945604553e-01
5.78288025299435460e-01 1.32056992346730229e+00 4.51439643568098237e-01 1.13048138304229093e-01
5.79231408977251894e-01 1.32407420584978541e+00 4.52294414962248592e-01 1.13046475550399594e-01
5.80176331633439846e-01 1.32759947000493295e+00 4.53150997685255241e-01 1.13044796488352819e-01
5.81122795778594825e-01 1.33114587271609119e+00 4.54009395658199588e-01 1.13043100919439865e-01
5.82070803927407177e-01 1.33471357219908193e+00 4.54869612809009782e-01 1.13041388642137294e-01
5.83020358598670296e-01 1.33830272812159601e+00 4.55731653072467102e-01 1.13039659452058627e-01
5.83971462315285739e-01 1.34191350162287470e+00 4.56595520390210008e-01 1.13037913141966109e-01
5.84924117604271876e-01 1.34554605533370197e+00 4.57461218710740247e-01 1.13036149501783256e-01
5.85878326996768228e-01 1.34920055339668554e+00 4.58328751989426353e-01 1.13034368318607636e-01
5.86834093028044790e-01 1.35287716148299997e+00 4.59198124188501311e-01 1.13032569376660605e-01
5.87791418237506247e-01 1.35657604673734244e+00 4.60069339275111566e-01 1.13030752456181091e-01
5.88750305168700416e-01 1.36029737785378768e+00 4.60942401219362807e-01 1.13028917334482060e-01
5.89710756369324907e-01 1.36404132509820197e+00 4.61817313998051759e-01 1.13027063785736501e-01
5.90672774391232558e-01 1.36780806031146351e+00 4.62694081595170725e-01 1.13025191580659851e-01
5.91636361790440324e-01 1.37159775693043473e+00 4.63572708001917133e-01 1.13023300486514128e-01
5.92601521127133490e-01 1.37541059000923238e+00 4.64453197216698699e-01 1.13021390267112651e-01
5.93568254965675446e-01 1.37924673624083138e+00 4.65335553245143752e-01 1.13019460682825049e-01
5.94536565874611345e-01 1.38310637397897152e+00 4.66219780100105119e-01 1.13017511490582673e-01
5.95506456426677877e-01 1.38698968326040872e+00 4.67105881801671396e-01 1.13015542443884356e-01
5.96477929198807932e-01 1.39089684582748196e+00 4.67993862377171443e-01 1.13013553292802632e-01
5.97450986772138037e-01 1.39482804514753100e+00 4.68883725861180822e-01 1.13011543783924417e-01
5.98425631732016572e-01 1.39878346636538597e+00 4.69775476293591010e-01 1.13009513659190583e-01
5.99401866668007988e-01 1.40276329637413277e+00 4.70669117717392838e-01 1.13007462657000790e-01
6.00379694173902689e-01 1.40676772384330562e+00 4.71564654182695442e-01 1.13005390511958861e-01
6.01359116847721031e-01 1.41079693922668215e+00 4.72462089747308855e-01 1.13003296954527294e-01
6.02340137291722977e-01 1.41485113478581570e+00 4.73361428476757273e-01 1.13001181711023885e-01
6.03322758112412649e-01 1.41893050461388825e+00 4.74262674444288268e-01 1.12999044503618529e-01
6.04306981920546327e-01 1.42303524465992548e+00 4.75165831730884392e-01 1.12996885050330384e-01
6.05292811331140101e-01 1.42716555275336399e+00 4.76070904425275054e-01 1.12994703065025306e-01
6.06280248963474877e-01 1.43132162862896228e+00 4.76977896623945463e-01 1.12992498257413546e-01
6.07269297441105915e-01 1.43550367395209588e+00 4.77886812431150387e-01 1.12990270333047885e-01
6.08259959391866833e-01 1.43971189233899444e+00 4.78797655958918100e-01 1.12988018993201239e-01
6.09252237447879597e-01 1.44394648931582736e+00 4.79710431324746500e-01 1.12985743933632726e-01
6.10246134245558736e-01 1.44820767239518289e+00 4.80625142649813819e-01 1.12983444845931522e-01
6.11241652425620896e-01 1.45249565110134871e+00 4.81541794063219120e-01 1.12981121417001770e-01
6.12238794633089833e-01 1.45681063698639757e+00 4.82460389702455195e-01 1.12978773328769239e-01
6.13237563517303963e-01 1.46115284365675002e+00 4.83380933713424887e-01 1.12976400258168408e-01
6.14237961731924798e-01 1.46552248680011976e+00 4.84303430250458078e-01 1.12974001877129582e-01
6.15239991934941499e-01 1.46991978421282932e+00 4.85227883476325728e-01 1.12971577852566327e-01
6.16243656788680871e-01 1.47434495582753744e+00 4.86154297562257864e-01 1.12969127846363190e-01
6.17248958959811134e-01 1.47879822374133463e+00 4.87082676687957183e-01 1.12966651515363475e-01
6.18255901119352469e-01 1.48327981224427008e+00 4.88013025041617476e-01 1.12964148511357457e-01
6.19264485942680798e-01 1.48778994783758134e+00 4.88945346819893212e-01 1.12961618480779055e-01
6.20274716109537883e-01 1.49232885920402025e+00 4.89879646224761878e-01 1.12959061063546987e-01
6.21286594304036210e-01 1.49689677729219195e+00 4.90815927463188029e-01 1.12956475894650216e-01
6.22300123214666767e-01 1.50149393533754449e+00 4.91754194751223062e-01 1.12953862603244304e-01
6.23315305534307362e-01 1.50612056888799151e+00 4.92694452314243247e-01 1.12951220812475814e-01
6.24332143960227737e-01 1.51077691583409757e+00 4.93636704386970382e-01 1.12948550139457760e-01
6.25350641194098777e-01 1.51546321643970527e+00 4.94580955213496265e-01 1.12945850195244626e-01
6.26370799941997736e-01 1.52017971337297508e+00 4.95527209047303463e-01 1.12943120584808002e-01
6.27392622914417331e-01 1.52492665173787745e+00 4.96475470151289733e-01 1.12940360907012038e-01
6.28416112826271189e-01 1.52970427910610884e+00 4.97425742797789006e-01 1.12937570754588990e-01
6.29441272396902174e-01 1.53451284554946810e+00 4.98378031268595034e-01 1.12934749714115143e-01
6.30468104350089820e-01 1.53935260365138582e+00 4.99332339854723084e-01 1.12931897365248335e-01
6.31496611414056108e-01 1.54422380850217933e+00 5.00288672852177929e-01 1.12929013280260934e-01
6.32526796321474793e-01 1.54912671778133615e+00 5.01247034564381355e-01 1.12926097025301680e-01
6.33558661809476287e-01 1.55406159178144532e+00 5.02207429305255748e-01 1.12923148159294551e-01
6.34592210619657537e-01 1.55902869344189576e+00 5.03169861399279883e-01 1.12920166233879501e-01
6.35627445498086696e-01 1.56402828838342134e+00 5.04134335181517068e-01 1.12917150793372820e-01
6.36664369195312774e-01 1.56906064494314745e+00 5.05100854997649340e-01 1.12914101374727627e-01
6.37702984466371081e-01 1.57412603421010089e+00 5.06069425204006440e-01 1.12911017507494396e-01
6.38743294070791334e-01 1.57922473006122477e+00 5.07040050167598899e-01 1.12907898713781346e-01
6.39785300772605869e-01 1.58435700919789069e+00 5.08012734266150012e-01 1.12904744508214916e-01
6.40829007340354861e-01 1.58952315118212373e+00 5.08987481888162785e-01 1.12901554397842274e-01
6.41874416547095983e-01 1.59472343843929987e+00 5.09964297431699576e-01 1.12898327880569943e-01
6.42921531170409843e-01 1.59995815629319860e+00 5.10943185300327785e-01 1.12895064446491639e-01
6.43970353992409095e-01 1.60522759303310347e+00 5.11924149908453696e-01 1.12891763577523813e-01
6.45020887799743869e-01 1.61053203995051941e+00 5.12907195682607009e-01 1.12888424746770702e-01
6.46073135383611552e-01 1.61587179137847237e+00 5.13892327061485577e-01 1.12885047418466319e-01
6.47127099539761996e-01 1.62124714473131948e+00 5.14879548495996264e-01 1.12881631047916806e-01
6.48182783068505741e-01 1.62665840054512145e+00 5.15868864449298914e-01 1.12878175081442184e-01
6.49240188774722449e-01 1.63210586251856760e+00 5.16860279396849531e-01 1.12874678956318183e-01
6.50299319467866677e-01 1.63758983755444398e+00 5.17853797826443141e-01 1.12871142100717858e-01
6.51360177961976872e-01 1.64311063580168581e+00 5.18849424238257861e-01 1.12867563933653062e-01
6.52422767075681254e-01 1.64866857069330153e+00 5.19847163145008895e-01 1.12863943864271024e-01
6.53487089632207252e-01 1.65426395895369271e+00 5.20847019068058970e-01 1.12860281290754885e-01
6.54553148459386946e-01 1.65989712066200834e+00 5.21848996537989773e-01 1.12856575602190076e-01
6.55620946389665726e-01 1.66556837931689161e+00 5.22853100099401336e-01 1.12852826177057747e-01
6.56690486260110617e-01 1.67127806188162920e+00 5.23859334311100544e-01 1.12849032383067135e-01
6.57761770912415500e-01 1.67702649882973986e+00 5.24867703746156211e-01 1.12845193577075190e-01
6.58834803192911211e-01 1.68281402419120729e+00 5.25878212991959915e-01 1.12841309105005547e-01
6.59909585952570765e-01 1.68864097559931126e+00 5.26890866650281287e-01 1.12837378301767002e-01
6.60986122047019453e-01 1.69450769433812209e+00 5.27905669337329075e-01 1.12833400491172006e-01
6.62064414336539508e-01 1.70041452539060245e+00 5.28922625683806436e-01 1.12829374985854519e-01
6.63144465686080764e-01 1.70636181748823845e+00 5.29941740335085232e-01 1.12825301087051841e-01
6.64226278965265760e-01 1.71234992315286094e+00 5.30963017950116023e-01 1.12821178082564644e-01
6.65309857048398179e-01 1.71837919871266220e+00 5.31986463196843840e-01 1.12817005248748950e-01
6.66395202814471843e-01 1.72445000439917129e+00 5.33012080758690998e-01 1.12812781849550417e-01
6.67482319147175818e-01 1.73056270440840576e+00 5.34039875335899694e-01 1.12808507135790867e-01
6.68571208934904848e-01 1.73671766695349827e+00 5.35069851645612493e-01 1.12804180345059360e-01
6.69661875070764134e-01 1.74291526431799793e+00 5.36102014421945938e-01 1.12799800701602754e-01
6.70754320452579877e-01 1.74915587290992502e+00 5.37136368416070265e-01 1.12795367416215500e-01
6.71848547982904387e-01 1.75543987331651952e+00 5.38172918396284894e-01 1.12790879686128956e-01
6.72944560569026295e-01 1.76176765035975369e+00 5.39211669148098927e-01 1.12786336694899958e-01
6.74042361122975997e-01 1.76813959315257829e+00 5.40252625474307524e-01 1.12781737612298219e-01
6.75141952561534309e-01 1.77455609517428270e+00 5.41295792195515046e-01 1.12777081592447884e-01
6.76243337806241573e-01 1.78101755427818231e+00 5.42341174144271188e-01 1.12772367774414392e-01
6.77346519783402545e-01 1.78752437277683351e+00 5.43388776169613341e-01 1.12767595282826205e-01
6.78451501424097159e-01 1.79407695754147722e+00 5.44438603140748101e-01 1.12762763226262178e-01
6.79558285664185746e-01 1.80067572006319132e+00 5.45490659947150847e-01 1.12757870697107201e-01
6.80666875444319253e-01 1.80732107651489571e+00 5.46544951498667997e-01 1.12752916771406975e-01
6.81777273709944787e-01 1.81401344781415896e+00 5.47601482725617705e-01 1.12747900508721868e-01
6.82889483411314502e-01 1.82075325968686785e+00 5.48660258578892779e-01 1.12742820951979905e-01
6.84003507503494479e-01 1.82754094273174950e+00 5.49721284030063928e-01 1.12737677127328614e-01
6.85119348946370055e-01 1.83437693248573308e+00 5.50784564071481353e-01 1.12732468043986178e-01
6.86237010704656591e-01 1.84126166951860304e+00 5.51850103717196450e-01 1.12727192692739356e-01
6.87356495747904583e-01 1.84819559947571510e+00 5.52917907998238700e-01 1.12721850045047298e-01
6.88477807050510093e-01 1.85517917311797520e+00 5.53987981963891873e-01 1.12716439055150164e-01
6.89600947591720193e-01 1.86221284647484375e+00 5.55060330687809245e-01 1.12710958657624455e-01
6.90725920355643397e-01 1.86929708091734503e+00 5.56134959268219542e-01 1.12705407767148075e-01
6.91852728331255329e-01 1.87643234323070240e+00 5.57211872828057619e-01 1.12699785278310094e-01
6.92981374512407600e-01 1.88361910568796898e+00 5.58291076515098461e-01 1.12694090065419278e-01
6.94111861897836913e-01 1.89085784612464947e+00 5.59372575502091851e-01 1.12688320982311282e-01
6.95244193491170392e-01 1.89814904801428463e+00 5.60456374986894268e-01 1.12682476862154310e-01
6.96378372300936799e-01 1.90549320054509641e+00 5.61542480192606552e-01 1.12676556517253848e-01
6.97514401340570966e-01 1.91289079873824353e+00 5.62630896368816913e-01 1.12670558737496165e-01
6.98652283628425574e-01 1.92034234352732525e+00 5.63721628787650975e-01 1.12664482288772919e-01
6.99792022187775364e-01 1.92784834176154263e+00 5.64814682743253305e-01 1.12658325915830804e-01
7.00933620046828909e-01 1.93540930641380560e+00 5.65910063559492027e-01 1.12652088339209616e-01
7.02077080238733386e-01 1.94302575666935518e+00 5.67007776590306434e-01 1.12645768254889408e-01
7.03222405801584349e-01 1.95069821801163834e+00 5.68107827219881067e-01 1.12639364334043340e-01
7.04369599778434496e-01 1.95842722230932620e+00 5.69210220862819138e-01 1.12632875222788725e-01
7.05518665217299112e-01 1.96621330790447701e+00 5.70314962964314276e-01 1.12626299541936370e-01
7.06669605171167725e-01 1.97405701970192182e+00 5.71422059000327720e-01 1.12619635886737887e-01
7.07822422698008324e-01 1.98195890925979601e+00 5.72531514477760739e-01 1.12612882826631330e-01
7.08977120860779464e-01 1.98991953495227247e+00 5.73643334936379534e-01 1.12606038903084085e-01
7.10133702727435034e-01 1.99793946205699791e+00 5.74757525944255554e-01 1.12599102628282793e-01
7.11292171370933812e-01 2.00601926275561215e+00 5.75874093097852091e-01 1.12592072487988831e-01
7.12452529869248785e-01 2.01415951639755963e+00 5.76993042030395920e-01 1.12584946937893254e-01
7.13614781305372592e-01 2.02236080960410769e+00 5.78114378412213359e-01 1.12577724403228899e-01
7.14778928767328847e-01 2.03062373637074023e+00 5.79238107950955650e-01 1.12570403278451150e-01
7.15944975348177359e-01 2.03894889817088165e+00 5.80364236391820776e-01 1.12562981926915620e-01
7.17112924146025010e-01 2.04733690406105850e+00 5.81492769517780395e-01 1.12555458680553805e-01
7.18282778264031530e-01 2.05578837078743648e+00 5.82623713149803879e-01 1.12547831839546128e-01
7.19454540810420151e-01 2.06430392289390063e+00 5.83757073147090355e-01 1.12540099671990801e-01
7.20628214898483943e-01 2.07288419298473858e+00 5.84892855410609536e-01 1.12532260410051696e-01
7.21803803646594355e-01 2.08152982171372258e+00 5.86031065875082136e-01 1.12524312251182840e-01
7.22981310178211434e-01 2.09024145789923388e+00 5.87171710513971434e-01 1.12516253358816321e-01
7.24160737621889039e-01 2.09901975881088143e+00 5.88314795346554398e-01 1.12508081858827630e-01
7.25342089111286170e-01 2.10786539029105402e+00 5.89460326438211224e-01 1.12499795839126615e-01
7.26525367785172516e-01 2.11677902687807373e+00 5.90608309900710449e-01 1.12491393349245211e-01
7.27710576787439556e-01 2.12576135193106097e+00 5.91758751892501156e-01 1.12482872399921843e-01
7.28897719267106114e-01 2.13481305775644570e+00 5.92911658619000193e-01 1.12474230962682623e-01
7.30086798378329571e-01 2.14393484573623017e+00 5.94067036332887821e-01 1.12465466969419045e-01
7.31277817280411746e-01 2.15312742648258393e+00 5.95224891335051964e-01 1.12456578311495067e-01
7.32470779137808226e-01 2.16239152022755299e+00 5.96385229978874110e-01 1.12447562833865061e-01
7.33665687120138243e-01 2.17172785660801004e+00 5.97548058658641690e-01 1.12438418340758378e-01
7.34862544402189899e-01 2.18113717505718396e+00 5.98713383822293443e-01 1.12429142591566569e-01
7.36061354163932369e-01 2.19062022504673148e+00 5.99881211975061390e-01 1.12419733298629601e-01
7.37262119590520459e-01 2.20017776623434891e+00 6.01051549679836428e-01 1.12410188126708666e-01
7.38464843872307153e-01 2.20981056861345815e+00 6.02224403557544141e-01 1.12400504692454384e-01
7.39669530204848269e-01 2.21951941266487385e+00 6.03399780287513843e-01 1.12390680563870943e-01
7.40876181788912902e-01 2.22930508951058082e+00 6.04577686607855047e-01 1.12380713259775694e-01
7.42084801830492968e-01 2.23916840106959603e+00 6.05758129315835170e-01 1.12370600249254479e-01
7.43295393540808647e-01 2.24911016040192280e+00 6.06941115272370713e-01 1.12360338947821964e-01
7.44507960136320368e-01 2.25913119194953271e+00 6.08126651399172546e-01 1.12349926714548923e-01
7.45722504838734257e-01 2.26923233140480685e+00 6.09314744674901876e-01 1.12339360857167336e-01
7.46939030875013565e-01 2.27941442629812530e+00 6.10505402149540743e-01 1.12328638624970167e-01
7.48157541477384114e-01 2.28967833618677163e+00 6.11698630945149535e-01 1.12317757207966773e-01
7.49378039883346392e-01 2.30002493283615550e+00 6.12894438256346485e-01 1.12306713736202490e-01
7.50600529335681110e-01 2.31045510040348034e+00 6.14092831350783408e-01 1.12295505279072436e-01
7.51825013082459082e-01 2.32096973562396736e+00 6.15293817569627866e-01 1.12284128844629794e-01
7.53051494377050767e-01 2.33156974799963557e+00 6.16497404328046561e-01 1.12272581378888042e-01
7.54279976478132719e-01 2.34225606006112130e+00 6.17703599117317981e-01 1.12260859763996496e-01
7.55510462649698900e-01 2.35302960803343497e+00 6.18912409512781925e-01 1.12248960809454942e-01
7.56742956161066349e-01 2.36389134140176438e+00 6.20123843157714960e-01 1.12236881261141189e-01
7.57977460286887172e-01 2.37484222362781194e+00 6.21337907781799759e-01 1.12224617793499640e-01
7.59213978307153869e-01 2.38588323249830125e+00 6.22554611205317299e-01 1.12212167006705957e-01
7.60452513507211325e-01 2.39701536034668639e+00 6.23773961339760930e-01 1.12199525425794353e-01
7.61693069177762805e-01 2.40823961427788991e+00 6.24995966188448882e-01 1.12186689499777864e-01
7.62935648614879725e-01 2.41955701639620147e+00 6.26220633847141772e-01 1.12173655600761160e-01
7.64180255120011642e-01 2.43096860403634230e+00 6.27447972504664331e-01 1.12160420023045784e-01
7.65426891999992587e-01 2.44247543002079937e+00 6.28677990444051704e-01 1.12146978981888329e-01
7.66675562567052382e-01 2.45407856356476151e+00 6.29910696055774211e-01 1.12133328602371782e-01
7.67926270138823086e-01 2.46577908986056604e+00 6.31146097819424878e-01 1.12119464927537299e-01
7.69179018038349982e-01 2.47757811071675693e+00 6.32384204319423215e-01 1.12105383912769724e-01
7.70433809594098573e-01 2.48947674516804973e+00 6.33625024254681035e-01 1.12091081419874089e-01
7.71690648139964130e-01 2.50147612974951272e+00 6.34868566439389381e-01 1.12076553215954319e-01
7.72949537015281685e-01 2.51357741877460894e+00 6.36114839803809673e-01 1.12061794972282136e-01
7.74210479564832577e-01 2.52578178461712266e+00 6.37363853395064739e-01 1.12046802263156192e-01
7.75473479138855781e-01 2.53809041799708446e+00 6.38615616377938067e-01 1.12031570564751576e-01
7.76738539093054348e-01 2.55050452829028540e+00 6.39870138036098490e-01 1.12016095253688427e-01
7.78005662788607277e-01 2.56302534469833043e+00 6.41127427789431104e-01 1.12000371593383358e-01
7.79274853592174854e-01 2.57565411578840564e+00 6.42387495174000400e-01 1.11984394742707369e-01
7.80546114875911523e-01 2.58839211021721205e+00 6.43650349858078119e-01 1.11968159750102325e-01
7.81819450017471218e-01 2.60124061757340286e+00 6.44916001655400639e-01 1.11951661545381040e-01
7.83094862400018465e-01 2.61420094872055886e+00 6.46184460526183724e-01 1.11934894938280530e-01
7.84372355412237710e-01 2.62727443614503331e+00 6.47455736578140373e-01 1.11917854617003223e-01
7.85651932448340085e-01 2.64046243430872352e+00 6.48729840067500896e-01 1.11900535146745056e-01
7.86933596908075295e-01 2.65376632000690860e+00 6.50006781400042533e-01 1.11882930968211156e-01
7.88217352196737608e-01 2.66718749282071022e+00 6.51286571133935399e-01 1.11865036394943343e-01
7.89503201725178183e-01 2.68072737671318739e+00 6.52569220002558903e-01 1.11846845595226993e-01
7.90791148909810726e-01 2.69438741912489554e+00 6.53854738886390230e-01 1.11828352606908418e-01
7.92081197172624041e-01 2.70816909234603864e+00 6.55143138840454275e-01 1.11809551324072651e-01
7.93373349941187800e-01 2.72207389439098790e+00 6.56434431105588523e-01 1.11790435489464934e-01
7.94667610648663647e-01 2.73610334943232525e+00 6.57728627109751995e-01 1.11770998692617543e-01
7.95963982733814746e-01 2.75025900824114622e+00 6.59025738469340094e-01 1.11751234367960015e-01
7.97262469641012661e-01 2.76454244863366627e+00 6.60325776990503099e-01 1.11731135792913355e-01
7.98563074820249352e-01 2.77895527592431302e+00 6.61628754670475439e-01 1.11710696085967051e-01
7.99865801727143166e-01 2.79349912391725486e+00 6.62934683708899186e-01 1.11689908198070370e-01
8.01170653822951717e-01 2.80817565649243672e+00 6.64243576525536117e-01 1.11668764895920758e-01
8.02477634574577658e-01 2.82298656650884672e+00 6.65555445732726625e-01 1.11647258779964939e-01
8.03786747454579231e-01 2.83793357814013580e+00 6.66870304176945816e-01 1.11625382260422040e-01
8.05097995941181033e-01 2.85301844756056955e+00 6.68188164943301577e-01 1.11603127553171394e-01
8.06411383518280123e-01 2.86824296350089769e+00 6.69509041357225332e-01 1.11580486677316043e-01
8.07726913675458458e-01 2.88360894781241273e+00 6.70832946986178902e-01 1.11557451452724776e-01
8.09044589907989331e-01 2.89911825603917261e+00 6.72159895641362803e-01 1.11534013497552389e-01
8.10364415716849362e-01 2.91477277808149315e+00 6.73489901380971201e-01 1.11510164224756902e-01
8.11686394608725048e-01 2.93057444093563912e+00 6.74822978548980545e-01 1.11485894813661890e-01
8.13010530096024975e-01 2.94652520750556945e+00 6.76159141739881231e-01 1.11461196228023460e-01
8.14336825696886368e-01 2.96262707861559527e+00 6.77498405832280159e-01 1.11436059198272139e-01
8.15665284935185975e-01 2.97888209470803655e+00 6.78840786010696640e-01 1.11410474206756926e-01
8.16995911340550163e-01 2.99529233655343319e+00 6.80186297767757519e-01 1.11384431484588903e-01
8.18328708448361919e-01 3.01185992597123908e+00 6.81534956906399092e-01 1.11357921008457164e-01
8.19663679799772948e-01 3.02858702656122691e+00 6.82886779542083766e-01 1.11330932497416005e-01
8.21000828941710337e-01 3.04547584444741570e+00 6.84241782105054486e-01 1.11303455409623955e-01
8.22340159426889206e-01 3.06252863133859554e+00 6.85599981381685319e-01 1.11275478912741588e-01
8.23681674813818376e-01 3.07974768453718051e+00 6.86961394498085243e-01 1.11246991888296218e-01
8.25025378666813691e-01 3.09713534796644652e+00 6.88326038931777018e-01 1.11217982927002662e-01
8.26371274556004121e-01 3.11469401522213962e+00 6.89693932554481970e-01 1.11188440300821673e-01
8.27719366057343198e-01 3.13242613049067797e+00 6.91065093634971928e-01 1.11158351958851626e-01
8.29069656752618678e-01 3.15033418948110633e+00 6.92439540841932599e-01 1.11127705523183490e-01
8.30422150229460199e-01 3.16842074037098120e+00 6.93817293246837941e-01 1.11096488284718867e-01
8.31776850081351604e-01 3.18668838478327165e+00 6.95198370327125725e-01 1.11064687198769371e-01
8.33133759907637272e-01 3.20513978205051364e+00 6.96582792022479524e-01 1.11032288844980176e-01
8.34492883313534772e-01 3.22377764880608275e+00 6.97970578709473433e-01 1.10999279437253712e-01
8.35854223910142080e-01 3.24260476108690110e+00 6.99361751227531414e-01 1.10965644809392833e-01
8.37217785314447904e-01 3.26162395803848204e+00 7.00756330926617932e-01 1.10931370382943845e-01
8.38583571149342677e-01 3.28083814311615551e+00 7.02154339670953309e-01 1.10896441161822859e-01
8.39951585043625659e-01 3.30025028530447395e+00 7.03555799842743856e-01 1.10860841726894158e-01
8.41321830632017265e-01 3.31986342035516868e+00 7.04960734345934315e-01 1.10824556230499582e-01
8.42694311555165720e-01 3.33968065259004065e+00 7.06369166618616706e-01 1.10787568385304833e-01
8.44069031459660168e-01 3.35970516124051466e+00 7.07781120714031320e-01 1.10749861405778388e-01
8.45445993998036771e-01 3.37994019759207420e+00 7.09196621236316882e-01 1.10711418045281132e-01
8.46825202828792145e-01 3.40038909127659794e+00 7.10615693426851158e-01 1.10672220541506050e-01
8.48206661616389690e-01 3.42105525321076698e+00 7.12038363191422996e-01 1.10632250595477502e-01
8.49590374031270690e-01 3.44194217718599527e+00 7.13464657105094546e-01 1.10591489364489301e-01
8.50976343749865527e-01 3.46305344148277960e+00 7.14894602417084690e-01 1.10549917454978691e-01
8.52364574454600676e-01 3.48439271050970811e+00 7.16328227055672562e-01 1.10507514915336461e-01
8.53755069833911140e-01 3.50596374119901499e+00 7.17765559703485323e-01 1.10464261181827936e-01
8.55147833582247552e-01 3.52777038500443529e+00 7.19206629802634501e-01 1.10420135067049258e-01
8.56542869400089169e-01 3.54981659003742411e+00 7.20651467568383608e-01 1.10375114750893136e-01
8.57940180993950086e-01 3.57210640848103056e+00 7.22100104078170268e-01 1.10329177719445684e-01
8.59339772076393005e-01 3.59464399868728668e+00 7.23552571277981338e-01 1.10282300755732615e-01
8.60741646366035451e-01 3.61743362730559292e+00 7.25008901988726251e-01 1.10234459930396073e-01
8.62145807587561541e-01 3.64047967144417628e+00 7.26469129912649003e-01 1.10185630592286365e-01
8.63552259471732642e-01 3.66378662549441581e+00 7.27933289705376185e-01 1.10135787315340267e-01
8.64961005755394807e-01 3.68735910718088711e+00 7.29401417033140986e-01 1.10084903851679891e-01
8.66372050181491660e-01 3.71120185796828528e+00 7.30873548553218844e-01 1.10032953141992296e-01
8.67785396499071271e-01 3.73531975420481244e+00 7.32349722044483675e-01 1.09979907225863149e-01
8.69201048463299375e-01 3.75971781003188887e+00 7.33829976417412988e-01 1.09925737228543319e-01
8.70619009835466140e-01 3.78440118022021021e+00 7.35314351722439419e-01 1.09870413348700374e-01
8.72039284382998048e-01 3.80937516305854507e+00 7.36802889158458929e-01 1.09813904845985175e-01
8.73461875879468552e-01 3.83464521214429999e+00 7.38295631200302727e-01 1.09756179948925559e-01
8.74886788104605295e-01 3.86021693963519574e+00 7.39792621607932133e-01 1.09697205838330578e-01
8.76314024844303985e-01 3.88609612333794985e+00 7.41293905488707994e-01 1.09636948602553061e-01
8.77743589890634390e-01 3.91228871847629378e+00 7.42799529418346927e-01 1.09575373150474289e-01
8.79175487041854331e-01 3.93880086144869290e+00 7.44309541451840917e-01 1.09512443195501477e-01
8.80609720102415894e-01 3.96563887364548595e+00 7.45823991134422326e-01 1.09448121239418855e-01
8.82046292882979754e-01 3.99280926786473733e+00 7.47342929544886236e-01 1.09382368534531302e-01
8.83485209200421173e-01 4.02031876704070346e+00 7.48866409493892937e-01 1.09315144939947470e-01
8.84926472877842318e-01 4.04817430164084424e+00 7.50394485448118820e-01 1.09246408962445085e-01
8.86370087744583368e-01 4.07638303078320963e+00 7.51927213752625723e-01 1.09176117601341591e-01
8.87816057636229949e-01 4.10495234975000400e+00 7.53464652676926416e-01 1.09104226306606933e-01
8.89264386394626238e-01 4.13388989509224825e+00 7.55006862429339787e-01 1.09030688957704971e-01
8.90715077867882177e-01 4.16320355077863091e+00 7.56553905182928643e-01 1.08955457834517017e-01
8.92168135910387017e-01 4.19290147276734348e+00 7.58105845321195293e-01 1.08878483439209764e-01
8.93623564382815982e-01 4.22299208997171682e+00 7.59662749397777004e-01 1.08799714509264497e-01
8.95081367152144258e-01 4.25348412886798499e+00 7.61224686371001935e-01 1.08719097850048227e-01
8.96541548091654095e-01 4.28438662731808151e+00 7.62791727706872869e-01 1.08636578251372101e-01
8.98004111080946021e-01 4.31570894145334627e+00 7.64363947397857402e-01 1.08552098459715432e-01
8.99469060005951393e-01 4.34746075458064851e+00 7.65941422003171835e-01 1.08465599135725607e-01
9.00936398758938495e-01 4.37965211004013710e+00 7.67524230957555065e-01 1.08377018628562111e-01
9.02406131238527420e-01 4.41229341468160197e+00 7.69112456545238299e-01 1.08286292976155246e-01
9.03878261349696288e-01 4.44539547400402668e+00 7.70706184214613343e-01 1.08193355677283443e-01
9.05352793003795231e-01 4.47896950859593357e+00 7.72305502683325207e-01 1.08098137601331620e-01
9.06829730118554056e-01 4.51302716348887945e+00 7.73910503962848662e-01 1.08000566951796315e-01
9.08309076618093458e-01 4.54758052815057123e+00 7.75521283492731972e-01 1.07900569154703002e-01
9.09790836432937233e-01 4.58264217672554341e+00 7.77137940488140555e-01 1.07798066599519751e-01
9.11275013500019271e-01 4.61822518092959289e+00 7.78760577983594549e-01 1.07692978588035643e-01
9.12761611762697656e-01 4.65434315717514036e+00 7.80389303221577513e-01 1.07585221046505780e-01
9.14250635170761883e-01 4.69101028091188788e+00 7.82024227702590724e-01 1.07474706465863365e-01
9.15742087680446626e-01 4.72824130236946250e+00 7.83665467245520997e-01 1.07361343834368433e-01
9.17235973254438397e-01 4.76605160286846630e+00 7.85313142440861367e-01 1.07245038299129028e-01
9.18732295861890425e-01 4.80445721416401206e+00 7.86967378737738033e-01 1.07125691077716870e-01
9.20231059478429314e-01 4.84347488182353558e+00 7.88628306920861055e-01 1.07003199100748930e-01
9.21732268086167594e-01 4.88312209405406783e+00 7.90296063263329795e-01 1.06877454873924332e-01
9.23235925673714819e-01 4.92341710085389828e+00 7.91970789584127921e-01 1.06748346404744357e-01
9.24742036236186005e-01 4.96437898387389609e+00 7.93652633753025527e-01 1.06615756818170593e-01
9.26250603775215176e-01 5.00602769365257050e+00 7.95341749902010120e-01 1.06479564173521557e-01
9.27761632298962358e-01 5.04838413132018360e+00 7.97038298972229553e-01 1.06339641045674338e-01
9.29275125822128456e-01 5.09147019203019724e+00 7.98742448940024774e-01 1.06195854325802974e-01
9.30791088365961583e-01 5.13530879443034927e+00 8.00454374916452993e-01 1.06048065108689873e-01
9.32309523958271824e-01 5.17992397887024136e+00 8.02174259793871469e-01 1.05896128196038025e-01
9.33830436633438565e-01 5.22534096259866310e+00 8.03902294530520978e-01 1.05739891849841769e-01
9.35353830432422706e-01 5.27158625408018988e+00 8.05638678830028598e-01 1.05579197263563448e-01
9.36879709402778538e-01 5.31868770055967666e+00 8.07383621329625267e-01 1.05413878375661074e-01
9.38408077598661738e-01 5.36667455065433252e+00 8.09137339875010242e-01 1.05243761619887286e-01
9.39938939080843250e-01 5.41557758749210993e+00 8.10900062296106117e-01 1.05068665319380042e-01
9.41472297916716716e-01 5.46542922614781368e+00 8.12672026840340345e-01 1.04888399315535119e-01
9.43008158180313028e-01 5.51626364661199986e+00 8.14453482820835073e-01 1.04702764439468465e-01
9.44546523952307759e-01 5.56811684561860609e+00 8.16244690750934643e-01 1.04511552347370446e-01
9.46087399320033384e-01 5.62102679680670825e+00 8.18045923089435578e-01 1.04314544914683671e-01
9.47630788377491706e-01 5.67503357937045649e+00 8.19857464783767753e-01 1.04111513770612091e-01
9.49176695225361300e-01 5.73017957744008211e+00 8.21679614019716009e-01 1.03902219670298432e-01
9.50725123971012276e-01 5.78650957036725000e+00 8.23512682482356873e-01 1.03686412222406044e-01
9.52276078728513276e-01 5.84407088634332883e+00 8.25356995824063300e-01 1.03463829458215459e-01
9.53829563618646348e-01 5.90291361091015698e+00 8.27212894414013133e-01 1.03234197191765312e-01
9.55385582768913943e-01 5.96309081828521403e+00 8.29080733794512970e-01 1.02997228569694996e-01
9.56944140313553793e-01 6.02465874214903963e+00 8.30960885046113651e-01 1.02752623696402673e-01
9.58505240393546787e-01 6.08767691859888327e+00 8.32853734963046377e-01 1.02500069393439974e-01
9.60068887156628747e-01 6.15220848200467607e+00 8.34759686647680299e-01 1.02239238628976908e-01
9.61635084757303638e-01 6.21832041309955841e+00 8.36679159371650272e-01 1.01969790460876411e-01
9.63203837356850667e-01 6.28608381877029743e+00 8.38612588407277371e-01 1.01691369996560615e-01
9.64775149123339504e-01 6.35557405471243175e+00 8.40560425037276349e-01 1.01403608269641635e-01
9.66349024231637599e-01 6.42687107265531044e+00 8.42523135855746785e-01 1.01106122540596852e-01
9.67925466863424622e-01 6.50005968323022731e+00 8.44501202230808712e-01 1.00798516506330760e-01
9.69504481207200342e-01 6.57522986004202181e+00 8.46495117105919181e-01 1.00480382363341433e-01
9.71086071458299172e-01 6.65247690576961581e+00 8.48505384605400370e-01 1.00151300980626801e-01
9.72670241818898162e-01 6.73190165434363230e+00 8.50532517865468130e-01 9.98108432809697160e-02
9.74256996498029437e-01 6.81361078370327444e+00 8.52577033876218637e-01 9.94585736594369718e-02
9.75846339711592958e-01 6.89771683957804793e+00 8.54639447699693799e-01 9.90940539915538265e-02
9.77438275682364410e-01 6.98433834004729004e+00 8.56720268514479022e-01 9.87168463748623187e-02
9.79032808640010188e-01 7.07359975337746150e+00 8.58819991081497869e-01 9.83265190678991596e-02
9.80629942821094502e-01 7.16563121451915208e+00 8.60939083399025695e-01 9.79226552398592270e-02
9.82229682469095144e-01 7.26056820572062822e+00 8.63077976330004715e-01 9.75048604586043061e-02
9.83832031834410814e-01 7.35855094646115404e+00 8.65237047774414458e-01 9.70727740513033788e-02
9.85436995174373997e-01 7.45972323057645692e+00 8.67416600420391593e-01 9.66260852562285250e-02
9.87044576753263958e-01 7.56423126526261047e+00 8.69616842067327478e-01 9.61645477075227378e-02
9.88654780842314285e-01 7.67222152344618280e+00 8.71837853527999695e-01 9.56880029425513506e-02
9.90267611719728547e-01 7.78383825171644883e+00 8.74079556388336787e-01 9.51964043907484736e-02
9.91883073670687399e-01 7.89922003497369296e+00 8.76341671896787688e-01 9.46898479298134838e-02
9.93501170987364235e-01 8.01849542371223656e+00 8.78623674405377142e-01 9.41686068662386661e-02
9.95121907968932184e-01 8.14177752467823446e+00 8.80924738477081970e-01 9.36331718391714279e-02
9.96745288921580097e-01 8.26915736425242720e+00 8.83243680680250720e-01 9.30842951850042455e-02
9.98371318158519983e-01 8.40069596938549701e+00 8.85578897018957090e-01 9.25230389990584906e-02
1.00000000000000000e+00 8.53641545876078744e+00 8.87928301526764163e-01 9.19508230622635148e-02
1.00000000000000000e+00 1.16603565437348000e+00 1.79535740825570417e-01 9.19508230622635148e-02
1.01116136789577737e+00 1.13140945378866387e+00 1.74191037264431636e-01 9.11590370573080039e-02
1.02219815965825367e+00 1.09894079959944047e+00 1.69159923583870359e-01 9.03931191204716267e-02
1.03311176572747598e+00 1.06842365524853267e+00 1.64413608909217301e-01 8.96515278565836182e-02
1.04390356102429416e+00 1.03967954002136764e+00 1.59927038928534021e-01 8.89328650479863786e-02
1.05457490512354846e+00 1.01255274170956877e+00 1.55678263374838394e-01 8.82358564601872369e-02
1.06512714242536477e+00 9.86906545882566322e-01 1.51647934756645703e-01 8.75593360505027701e-02
1.07556160232453557e+00 9.62620229811558481e-01 1.47818906439737940e-01 8.69022328401412303e-02
1.08587959937797818e+00 9.39586639528136924e-01 1.44175906968072476e-01 8.62635598966789291e-02
1.09608243347035583e+00 9.17710217382324056e-01 1.40705273623545069e-01 8.56424050081735916e-02
1.10617138997785269e+00 8.96905381625169529e-01 1.37394732536481406e-01 8.50379227273734550e-02
1.11614773993008098e+00 8.77095183794863176e-01 1.34233215750954232e-01 8.44493275358244588e-02
1.12601274017023933e+00 8.58210187562312932e-01 1.31210707912459146e-01 8.38758879315894962e-02
1.13576763351342525e+00 8.40187526550604691e-01 1.28318116936984750e-01 8.33169212849770996e-02
1.14541364890322006e+00 8.22970106841078630e-01 1.25547164204420331e-01 8.27717893372891672e-02
1.15495200156652444e+00 8.06505930699258466e-01 1.22890290874144908e-01 8.22398942529299348e-02
1.16438389316663082e+00 7.90747513700799987e-01 1.20340577345558447e-01 8.17206751224310024e-02
1.17371051195463849e+00 7.75651383846767239e-01 1.17891673805326863e-01 8.12136048560981594e-02
1.18293303291912988e+00 7.61177652728929566e-01 1.15537740138914338e-01 8.07181874314856773e-02
1.19205261793420636e+00 7.47289639663880068e-01 1.13273393528648694e-01 8.02339554297572949e-02
1.20107041590587604e+00 7.33953541085314742e-01 1.11093662587708045e-01 7.97604678070317485e-02
1.20998756291677090e+00 7.21138149567638664e-01 1.08993947329900920e-01 7.92973079168872441e-02
1.21880518236929980e+00 7.08814598939078500e-01 1.06969983723712470e-01 7.88440817105805075e-02
1.22752438512715378e+00 6.96956141002476715e-01 1.05017812411835901e-01 7.84004160946891460e-02
1.23614626965526631e+00 6.85537954838903008e-01 1.03133751153258207e-01 7.79659574794594468e-02
1.24467192215820877e+00 6.74536964714510856e-01 1.01314370018258729e-01 7.75403704067207655e-02
1.25310241671701439e+00 6.63931693726868777e-01 9.95564696378386932e-02 7.71233363497689089e-02
1.26143881542450287e+00 6.53702116927113552e-01 9.78570613945005524e-02 7.67145525717519566e-02
1.26968216851909421e+00 6.43829545465266384e-01 9.62133500073406450e-02 7.63137311165732607e-02
1.27783351451709892e+00 6.34296508204622689e-01 9.46227175815927413e-02 7.59205978535096582e-02
1.28589388034357688e+00 6.25086658972498155e-01 9.30827095245177205e-02 7.55348916240510954e-02
1.29386428146169097e+00 6.16184679307689831e-01 9.15910215618939844e-02 7.51563634312103490e-02
1.30174572200064631e+00 6.07576205110215040e-01 9.01454882805787228e-02 7.47847757199357893e-02
1.30953919488220016e+00 5.99247744414855399e-01 8.87440724341178322e-02 7.44199016777051664e-02
1.31724568194573477e+00 5.91186620105669136e-01 8.73848555731933790e-02 7.40615246289192120e-02
1.32486615407197172e+00 5.83380899914758611e-01 8.60660291643230158e-02 7.37094374261728219e-02
1.33240157130526793e+00 5.75819349889267751e-01 8.47858868450310360e-02 7.33634419351328199e-02
1.33985288297457283e+00 5.68491377959529198e-01 8.35428170606562215e-02 7.30233485101362129e-02
1.34722102781303299e+00 5.61386990068773462e-01 8.23352965086256161e-02 7.26889755374745677e-02
1.35450693407624190e+00 5.54496751342269056e-01 8.11618841291687210e-02 7.23601490027249022e-02
1.36171151965919002e+00 5.47811740720037244e-01 8.00212154326306463e-02 7.20367020699563265e-02
1.36883569221191315e+00 5.41323523711579768e-01 7.89119975499157494e-02 7.17184747212883528e-02
1.37588034925381963e+00 5.35024114651294069e-01 7.78330044348023442e-02 7.14053133879661850e-02
1.38284637828678436e+00 5.28905946710574670e-01 7.67830725554478344e-02 7.10970706191818014e-02
1.38973465690693931e+00 5.22961850271614903e-01 7.57610970075309476e-02 7.07936047842892963e-02
1.39654605291524381e+00 5.17185020695147046e-01 7.47660277127961820e-02 7.04947797673404070e-02
1.40328142442681814e+00 5.11568997502914402e-01 7.37968660746067956e-02 7.02004646954976080e-02
1.40994161997903467e+00 5.06107646676298151e-01 7.28526618912331003e-02 6.99105336935527538e-02
1.41652747863843742e+00 5.00795134534720909e-01 7.19325103367582791e-02 6.96248656322902698e-02
1.42303983010643287e+00 4.95625911414881604e-01 7.10355493019908246e-02 6.93433438980117917e-02
1.42947949482382519e+00 4.90594698576350463e-01 7.01609569476537714e-02 6.90658561939249127e-02
1.43584728407418361e+00 4.85696466646022451e-01 6.93079492765963923e-02 6.87922943282796157e-02
1.44214400008603350e+00 4.80926421927713954e-01 6.84757779880841161e-02 6.85225540203110162e-02
1.44837043613394223e+00 4.76279996425440277e-01 6.76637285166803437e-02 6.82565347322042354e-02
1.45452737663844078e+00 4.71752832154012536e-01 6.68711180978089487e-02 6.79941394959287931e-02
1.46061559726485379e+00 4.67340767795166701e-01 6.60972939938713339e-02 6.77352747534659821e-02
1.46663586502102716e+00 4.63039829598295261e-01 6.53416318832891890e-02 6.74798501959013863e-02
1.47258893835394256e+00 4.58846223271711595e-01 6.46035343631507913e-02 6.72277786395723276e-02
1.47847556724527696e+00 4.54756319786323249e-01 6.38824294436679402e-02 6.69789758813345987e-02
1.48429649330589086e+00 4.50766647498799800e-01 6.31777692260191426e-02 6.67333605652667416e-02
1.49005244986924623e+00 4.46873885320213216e-01 6.24890286686186208e-02 6.64908540614073951e-02
1.49574416208380812e+00 4.43074855690031300e-01 6.18157044228335936e-02 6.62513803639081800e-02
1.50137234700438627e+00 4.39366513546037618e-01 6.11573136727335750e-02 6.60148659761009282e-02
1.50693771368247820e+00 4.35745940655606290e-01 6.05133931145702825e-02 6.57812397972538376e-02
1.51244096325560329e+00 4.32210340061877418e-01 5.98834979943955251e-02 6.55504330229893240e-02
1.51788278903561835e+00 4.28757031366743979e-01 5.92672012169729451e-02 6.53223790725331044e-02
1.52326387659607976e+00 4.25383441555699904e-01 5.86640924274242498e-02 6.50970134845059861e-02
1.52858490385859946e+00 4.22087100701847795e-01 5.80737772196206203e-02 6.48742738392116963e-02
1.53384654117825692e+00 4.18865636961105570e-01 5.74958763620528127e-02 6.46540996541614260e-02
1.53904945142805749e+00 4.15716773459776423e-01 5.69300251121972814e-02 6.44364323381668713e-02
1.54419429008242926e+00 4.12638322593861462e-01 5.63758725123979440e-02 6.42212151063964315e-02
1.54928170529981690e+00 4.09628180465210878e-01 5.58330807365819276e-02 6.40083929237589416e-02
1.55431233800432489e+00 4.06684323600411457e-01 5.53013244825019748e-02 6.37979124123048830e-02
1.55928682196646751e+00 4.03804805483885310e-01 5.47802904027688761e-02 6.35897217873395842e-02
1.56420578388301879e+00 4.00987754158000309e-01 5.42696765926928837e-02 6.33837708277027040e-02
1.56906984345595402e+00 3.98231367673763104e-01 5.37691920510250387e-02 6.31800107982489340e-02
1.57387961347052707e+00 3.95533909947224649e-01 5.32785561916170117e-02 6.29783944124695100e-02
1.57863569987247510e+00 3.92893708474186643e-01 5.27974983818180477e-02 6.27788757544685272e-02
1.58333870184434522e+00 3.90309151439374724e-01 5.23257575019681689e-02 6.25814102184468618e-02
1.58798921188099418e+00 3.87778685810484858e-01 5.18630815581519675e-02 6.23859544906935556e-02
1.59258781586422127e+00 3.85300815043992273e-01 5.14092272994510838e-02 6.21924665152855660e-02
1.59713509313658286e+00 3.82874094595984815e-01 5.09639597992062807e-02 6.20009054103646540e-02
1.60163161657438513e+00 3.80497130841598141e-01 5.05270521446092510e-02 6.18112314753226019e-02
1.60607795265984454e+00 3.78168578446765713e-01 5.00982850630855917e-02 6.16234060861063290e-02
1.61047466155246743e+00 3.75887138671093524e-01 4.96774466201748005e-02 6.14373916774428666e-02
1.61482229715960912e+00 3.73651557883029950e-01 4.92643319378214123e-02 6.12531517337877029e-02
1.61912140720626097e+00 3.71460625861697646e-01 4.88587429142668603e-02 6.10706507649746502e-02
1.62337253330405940e+00 3.69313172332644546e-01 4.84604878975183687e-02 6.08898542131650414e-02
1.62757621101950756e+00 3.67208066375858400e-01 4.80693814819409676e-02 6.07107284999661573e-02
1.63173296994145955e+00 3.65144214457712446e-01 4.76852442115542341e-02 6.05332409122978504e-02
1.63584333374782975e+00 3.63120559038402568e-01 4.73079023524731745e-02 6.03573595845973768e-02
1.63990782027157000e+00 3.61136077430862124e-01 4.69371876869525140e-02 6.01830534981972406e-02
1.64392694156591279e+00 3.59189780678341730e-01 4.65729373153479162e-02 6.00102924787100228e-02
1.64790120396887163e+00 3.57280711996940004e-01 4.62149934379825350e-02 5.98390471509364016e-02
1.65183110816703538e+00 3.55407944353615723e-01 4.58632031210212746e-02 5.96692888676700478e-02
1.65571714925864955e+00 3.53570580495332798e-01 4.55174181765615748e-02 5.95009897790871670e-02
1.65955981681598086e+00 3.51767751245130655e-01 4.51774949182601887e-02 5.93341226996511595e-02
1.66335959494700480e+00 3.49998614568131083e-01 4.48432940064939362e-02 5.91686611088994285e-02
1.66711696235638618e+00 3.48262354717019273e-01 4.45146803035390976e-02 5.90045791573819145e-02
1.67083239240579040e+00 3.46558181394637121e-01 4.41915227336862823e-02 5.88418516703816813e-02
1.67450635317352359e+00 3.44885328924917967e-01 4.38736941470971309e-02 5.86804541479381964e-02
1.67813930751349227e+00 3.43243054477716136e-01 4.35610711036621343e-02 5.85203626296394303e-02
1.68173171311352498e+00 3.41630637483517463e-01 4.32535338115159138e-02 5.83615538037908985e-02
1.68528402255302501e+00 3.40047379112477510e-01 4.29509659743306169e-02 5.82040049418679276e-02
1.68879668335998989e+00 3.38492601194813281e-01 4.26532546265744744e-02 5.80476938134545165e-02
1.69227013806739635e+00 3.36965645584980322e-01 4.23602900328335710e-02 5.78925986998261380e-02
1.69570482426894298e+00 3.35465873539980364e-01 4.20719655899588207e-02 5.77386984049590296e-02
1.69910117467418864e+00 3.33992665112004261e-01 4.17881777319767805e-02 5.75859722641660146e-02
1.70245961716305860e+00 3.32545418555583727e-01 4.15088258377079300e-02 5.74344001505493404e-02
1.70578057483975210e+00 3.31123549591417321e-01 4.12338121139516345e-02 5.72839624336098849e-02
1.70906446608605078e+00 3.29726490012965390e-01 4.09630414109678209e-02 5.71346398212938880e-02
1.71231170461402016e+00 3.28353688037042457e-01 4.06964213006855910e-02 5.69864136362690302e-02
1.71552269951813208e+00 3.27004607390664448e-01 4.04338618617519005e-02 5.68392655819300457e-02
1.71869785532680885e+00 3.25678726749142000e-01 4.01752755923822369e-02 5.66931777260467479e-02
1.72183757205337762e+00 3.24375539285577164e-01 3.99205773461551450e-02 5.65481325187287762e-02
1.72494224524647355e+00 3.23094552231464882e-01 3.96696842690262216e-02 5.64041128076790965e-02
1.72801226603986535e+00 3.21835286448405977e-01 3.94225157375801549e-02 5.62611018509422828e-02
1.73104802120173318e+00 3.20597276010885723e-01 3.91789932985305706e-02 5.61190833273388159e-02
1.73404989318339897e+00 3.19380067800059897e-01 3.89390406094764011e-02 5.59780413447663883e-02
1.73701826016750038e+00 3.18183220894197094e-01 3.87025833142570844e-02 5.58379603294393290e-02
1.73995349611564354e+00 3.17006305736625693e-01 3.84695489177695055e-02 5.56988249130798835e-02
1.74285597081550869e+00 3.15848904514957785e-01 3.82398669494785418e-02 5.55606203187426206e-02
1.74572604992743918e+00 3.14710610417512415e-01 3.80134687120280215e-02 5.54233320105943436e-02
1.74856409503051258e+00 3.13591027281883317e-01 3.77902872311788804e-02 5.52869456974273074e-02
1.75137046366808580e+00 3.12489769284395424e-01 3.75702572183146538e-02 5.51514473551921944e-02
1.75414550939284286e+00 3.11406460637680182e-01 3.73533150330400132e-02 5.50168232466374044e-02
1.75688958181133925e+00 3.10340735296293246e-01 3.71393986459395142e-02 5.48830599382679890e-02
1.75960302662803914e+00 3.09292236670276111e-01 3.69284476015565022e-02 5.47501443148233000e-02
1.76228618568887585e+00 3.08260617346544252e-01 3.67204029816439528e-02 5.46180635914593551e-02
1.76493939702431191e+00 3.07245538818000152e-01 3.65152073687379855e-02 5.44868053238137667e-02
1.76756299489192670e+00 3.06246671195541831e-01 3.63128047931301906e-02 5.43563573854977250e-02
1.77015730981853148e+00 3.05263692498777162e-01 3.61131404479509283e-02 5.42267075251619893e-02
1.77272266864180206e+00 3.04296288895518907e-01 3.59161610596717765e-02 5.40978441037961999e-02
1.77525939455146231e+00 3.03344154406595456e-01 3.57218146793749775e-02 5.39697557810789250e-02
1.77776780712999405e+00 3.02406990551299493e-01 3.55300505498135286e-02 5.38424313371508242e-02
1.78024822239290170e+00 3.01484506138293973e-01 3.53408190881556866e-02 5.37158597014689224e-02
1.78270095282852648e+00 3.00576417062112966e-01 3.51540718679686712e-02 5.35900299784402290e-02
1.78512630743740908e+00 2.99682446105167699e-01 3.49697616005457887e-02 5.34649314700632386e-02
1.78752459177122525e+00 2.98802322745150284e-01 3.47878421156705975e-02 5.33405536957908544e-02
1.78989610797127274e+00 2.97935782967743590e-01 3.46082683419082077e-02 5.32168864098182676e-02
1.79224115480654023e+00 2.97082569084528125e-01 3.44309962865031044e-02 5.30939196159844889e-02
1.79456002771134715e+00 2.96242429555981734e-01 3.42559830149592251e-02 5.29716435804668748e-02
1.79685301882255977e+00 2.95415118819470746e-01 3.40831866303709652e-02 5.28500488424367212e-02
1.79912041701639769e+00 2.94600397122116997e-01 3.39125662525676247e-02 5.27291262228329824e-02
1.80136250794482899e+00 2.93798030197503224e-01 3.37440817775466265e-02 5.26088664276259943e-02
1.80357957407155123e+00 2.93007789029713583e-01 3.35776939002174479e-02 5.24892601329840988e-02
1.80577189470758470e+00 2.92229450090404963e-01 3.34133645627948811e-02 5.23702988522345217e-02
1.80793974604645391e+00 2.91462794955691884e-01 3.32510564864712532e-02 5.22519741151232231e-02
1.81008340119898592e+00 2.90707610165497843e-01 3.30907331599065019e-02 5.21342774851296098e-02
1.81220313022771951e+00 2.89963687092741951e-01 3.29323588362799499e-02 5.20172005915176261e-02
1.81429920018092328e+00 2.89230821816037209e-01 3.27758985290634922e-02 5.19007351580431792e-02
1.81637187512624476e+00 2.88508814995819818e-01 3.26213180066366806e-02 5.17848730285498104e-02
1.81842141618397335e+00 2.87797471753840461e-01 3.24685837858584500e-02 5.16696061896727635e-02
1.82044808155993820e+00 2.87096601555938025e-01 3.23176631246997192e-02 5.15549267908575401e-02
1.82245212657804112e+00 2.86406018098021298e-01 3.21685240140351381e-02 5.14408271618868734e-02
1.82443380371241637e+00 2.85725539195186951e-01 3.20211351686856618e-02 5.13272998280997969e-02
1.82639336261924523e+00 2.85054986673893784e-01 3.18754660177948748e-02 5.12143375234732981e-02
1.82833105016820130e+00 2.84394186267126370e-01 3.17314866946192542e-02 5.11019332017295033e-02
1.83024711047355559e+00 2.83742967512469246e-01 3.15891680258033394e-02 5.09900800456188005e-02
1.83214178492493218e+00 2.83101163653020793e-01 3.14484815202076828e-02 5.08787714745219527e-02
1.83401531221771430e+00 2.82468611415461701e-01 3.13093989903912989e-02 5.07680004657497519e-02
1.83586792838311808e+00 2.81845150913269837e-01 3.11718927100815835e-02 5.06577598726022718e-02
1.83769986681793096e+00 2.81230625814688218e-01 3.10359360698607804e-02 5.05480436745498612e-02
1.83951135831390955e+00 2.80624883080447030e-01 3.09015029190439633e-02 5.04388457748797675e-02
1.84130263108686232e+00 2.80027772880406811e-01 3.07685675660988936e-02 5.03301600244682942e-02
1.84307391080539440e+00 2.79439148514930791e-01 3.06371047859592335e-02 5.02219802579418062e-02
1.84482542061934085e+00 2.78858866338284883e-01 3.05070898256890113e-02 5.01143003262916678e-02
1.84655738118788149e+00 2.78286785684023763e-01 3.03784984086335440e-02 5.00071141261863097e-02
1.84827001070733510e+00 2.77722768792316832e-01 3.02513067371827926e-02 4.99004156262091991e-02
1.84996352493865368e+00 2.77166680739161786e-01 3.01254914942632145e-02 4.97941988902365837e-02
1.85163813723459958e+00 2.76618389367451034e-01 3.00010298436695008e-02 4.96884580981596449e-02
1.85329405856662688e+00 2.76077765219836513e-01 2.98778994293368780e-02 4.95831875641396594e-02
1.85493149755146169e+00 2.75544681473354369e-01 2.97560783736502271e-02 4.94783817525770234e-02
1.85655066047737938e+00 2.75019013875766272e-01 2.96355452748794448e-02 4.93740352919624023e-02
1.85815175133019816e+00 2.74500640683571273e-01 2.95162792038226943e-02 4.92701429867682048e-02
1.85973497181897418e+00 2.73989442601650868e-01 2.93982596997363170e-02 4.91666998275300735e-02
1.86130052140141422e+00 2.73485302724501389e-01 2.92814667656220856e-02 4.90637009992576714e-02
1.86284859730900609e+00 2.72988106479017001e-01 2.91658808629392981e-02 4.89611418883065044e-02
1.86437939457186275e+00 2.72497741540799587e-01 2.90514827493848077e-02 4.88590177926032793e-02
1.86589310604329417e+00 2.72014097651283426e-01 2.89382528471914188e-02 4.87573227430823791e-02
1.86738992242410551e+00 2.71537066831350482e-01 2.88261727571834277e-02 4.86560523756936550e-02
1.86887003228661763e+00 2.71066543220361167e-01 2.87152244854656687e-02 4.85552024893343634e-02
1.87033362209842857e+00 2.70602423000061265e-01 2.86053902840941628e-02 4.84547687587170220e-02
1.87178087624590139e+00 2.70144604348845296e-01 2.84966526651064152e-02 4.83547467739906325e-02
1.87321197705739517e+00 2.69692987397100625e-01 2.83889944126813829e-02 4.82551320766490058e-02
1.87462710482623640e+00 2.69247474183611779e-01 2.82823985935701343e-02 4.81559201919770086e-02
1.87602643783342948e+00 2.68807968613002324e-01 2.81768485659294847e-02 4.80571066582709538e-02
1.87741015237012099e+00 2.68374376414187654e-01 2.80723279866808388e-02 4.79586870530546022e-02
1.87877842275980589e+00 2.67946605099823154e-01 2.79688208175115846e-02 4.78606570165015441e-02
1.88013142138028999e+00 2.67524563926717862e-01 2.78663113296256995e-02 4.77630122722596112e-02
1.88146931868540901e+00 2.67108163857196435e-01 2.77647841073457025e-02 4.76657486458638285e-02
1.88279228322649828e+00 2.66697317521388422e-01 2.76642240506610425e-02 4.75688620809127036e-02
1.88410048167363198e+00 2.66291939180419379e-01 2.75646163768103816e-02 4.74723486531708067e-02
1.88539407883661636e+00 2.65891944690488213e-01 2.74659466209819687e-02 4.73762045827536837e-02
1.88667323768575534e+00 2.65497251467806505e-01 2.73682006362082827e-02 4.72804262445386536e-02
1.88793811937238232e+00 2.65107778454379994e-01 2.72713645925277658e-02 4.71850101769384980e-02
1.88918888324916034e+00 2.64723446084615510e-01 2.71754249754810988e-02 4.70899530891660534e-02
1.89042568689015855e+00 2.64344176252730656e-01 2.70803685840045431e-02 4.69952518671093791e-02
1.89164868611070491e+00 2.63969892235237813e-01 2.69861821610884456e-02 4.69009028791264881e-02
1.89285803498701410e+00 2.63600518621254720e-01 2.68928521410625385e-02 4.68069015010326370e-02
1.89405388587560108e+00 2.63235981464479407e-01 2.68003660938073256e-02 4.67132448774843223e-02
1.89523638943247197e+00 2.62876208141115175e-01 2.67087117524135997e-02 4.66199300798578672e-02
1.89640569463210595e+00 2.62521127316311109e-01 2.66178769727517320e-02 4.65269540369432424e-02
1.89756194878622497e+00 2.62170668918241145e-01 2.65278497498481723e-02 4.64343135737748797e-02
1.89870529756234840e+00 2.61824764112705943e-01 2.64386182324000303e-02 4.63420054468590623e-02
1.89983588500214884e+00 2.61483345278247459e-01 2.63501707355620687e-02 4.62500263760396782e-02
1.90095385353959512e+00 2.61146345981773997e-01 2.62624957521338347e-02 4.61583730732321590e-02
1.90205934401889887e+00 2.60813700954681038e-01 2.61755819622645561e-02 4.60670422682397593e-02
1.90315249571225809e+00 2.60485346069463608e-01 2.60894182417880753e-02 4.59760307318559311e-02
1.90423344633740177e+00 2.60161218316812215e-01 2.60039936692921525e-02 4.58853352964435010e-02
1.90530233207494071e+00 2.59841255783181790e-01 2.59192975320198908e-02 4.57949528741704789e-02
1.90635928758552486e+00 2.59525397628826204e-01 2.58353193306949877e-02 4.57048804730712313e-02
1.90740444602680537e+00 2.59213584066293523e-01 2.57520487833575659e-02 4.56151152110932656e-02
1.90843793907021397e+00 2.58905756339367299e-01 2.56694758282896909e-02 4.55256543282775775e-02
1.90945989691754736e+00 2.58601856702452837e-01 2.55875906261073260e-02 4.54364951972146963e-02
1.91047044831737223e+00 2.58301828400395783e-01 2.55063835610881209e-02 4.53476353319073461e-02
1.91146972058124631e+00 2.58005615648725317e-01 2.54258452418011684e-02 4.52590723951640100e-02
1.91245783959975491e+00 2.57713163614317842e-01 2.53459665011006724e-02 4.51708042046401817e-02
1.91343492985837371e+00 2.57424418379763376e-01 2.52667382400050856e-02 4.50828284390500031e-02
1.91440111445314853e+00 2.57139326842885929e-01 2.51881506806783985e-02 4.49951412081781160e-02
1.91535651510620530e+00 2.56857836880153900e-01 2.51101950626102660e-02 4.49077403136513981e-02
1.91630125218108605e+00 2.56579897248459698e-01 2.50328628624699942e-02 4.48206237588521864e-02
1.91723544469790874e+00 2.56305457547319315e-01 2.49561456007290870e-02 4.47337893824791416e-02
1.91815921034836623e+00 2.56034468203926502e-01 2.48800348595723565e-02 4.46472348974997421e-02
1.91907266551054922e+00 2.55766880458430101e-01 2.48045222989516020e-02 4.45609579265388578e-02
1.91997592526361083e+00 2.55502646349431706e-01 2.47295996709119073e-02 4.44749560339412972e-02
1.92086910340226313e+00 2.55241718699706077e-01 2.46552588323144875e-02 4.43892267547341471e-02
1.92175231245111355e+00 2.54984051102143783e-01 2.45814917560714732e-02 4.43037676207006931e-02
1.92262566367884036e+00 2.54729597905916316e-01 2.45082905410015824e-02 4.42185761837661229e-02
1.92348926711221280e+00 2.54478314202861711e-01 2.44356474204083622e-02 4.41336500368827572e-02
1.92434323154994891e+00 2.54230155814093528e-01 2.43635547694774912e-02 4.40489868325928818e-02
1.92518766457642587e+00 2.53985079276827619e-01 2.42920051115819054e-02 4.39645842994345476e-02
1.92602267257523097e+00 2.53743041831430149e-01 2.42209911235802024e-02 4.38804402563486365e-02
1.92684836074256527e+00 2.53504001408682622e-01 2.41505056401864031e-02 4.37965526252335480e-02
1.92766483310049686e+00 2.53267916617263444e-01 2.40805416574852611e-02 4.37129194417864297e-02
1.92847219251006474e+00 2.53034746731445714e-01 2.40110923356629119e-02 4.36295388647616814e-02
1.92927054068423853e+00 2.52804451679006781e-01 2.39421510010169349e-02 4.35464091837678910e-02
1.93005997820073150e+00 2.52576992029351244e-01 2.38737111473072694e-02 4.34635288257192651e-02
1.93084060451467177e+00 2.52352328980903928e-01 2.38057664275010232e-02 4.33808963426640867e-02
1.93161251797113342e+00 2.52130424265008313e-01 2.37383098462503120e-02 4.32985088554821221e-02
1.93237581581752349e+00 2.51911240247397472e-01 2.36713348476177733e-02 4.32163641561144271e-02
1.93313059421583611e+00 2.51694739929779476e-01 2.36048354254974301e-02 4.31344609260099349e-02
1.93387694825476553e+00 2.51480886881134402e-01 2.35388055663997772e-02 4.30527976635250442e-02
1.93461497196168564e+00 2.51269645229091121e-01 2.34732392682503004e-02 4.29713727230405310e-02
1.93534475831449715e+00 2.51060979651355876e-01 2.34081305573438925e-02 4.28901843505439390e-02
1.93606639925333979e+00 2.50854855367203311e-01 2.33434735035838309e-02 4.28092307159143384e-02
1.93677998569217502e+00 2.50651238129031062e-01 2.32792622341247042e-02 4.27285099421310308e-02
1.93748560753024113e+00 2.50450094213984564e-01 2.32154909455324077e-02 4.26480201316156785e-02
1.93818335366337702e+00 2.50251390415655306e-01 2.31521539145676039e-02 4.25677593899058196e-02
1.93887331199522350e+00 2.50055094035857850e-01 2.30892455076921639e-02 4.24877258468450425e-02
1.93955556944829555e+00 2.49861172876487264e-01 2.30267601893924360e-02 4.24079176754653675e-02
1.94023021197493373e+00 2.49669595231462482e-01 2.29646925294073496e-02 4.23283331087263778e-02
1.94089732456813446e+00 2.49480329878754764e-01 2.29030372089433776e-02 4.22489704542653513e-02
1.94155699127225434e+00 2.49293346072509747e-01 2.28417890259550969e-02 4.21698281073058720e-02
1.94220929519360097e+00 2.49108613535258150e-01 2.27809428995623883e-02 4.20909045618597516e-02
1.94285431851090173e+00 2.48926102450223202e-01 2.27204938736737076e-02 4.20121984203526699e-02
1.94349214248565638e+00 2.48745783453723918e-01 2.26604371198786403e-02 4.19337084017936818e-02
1.94412284747237640e+00 2.48567627627675009e-01 2.26007679396694264e-02 4.18554333486020613e-02
1.94474651292870560e+00 2.48391606492187056e-01 2.25414817660478835e-02 4.17773722321983232e-02
1.94536321742543317e+00 2.48217691957611314e-01 2.24825737791497365e-02 4.16995234095108788e-02
1.94597303865638982e+00 2.48045856303751366e-01 2.24240387816443537e-02 4.16218843821105147e-02
1.94657605344823681e+00 2.47876072306352585e-01 2.23658724648412577e-02 4.15444542556652682e-02
1.94717233777014553e+00 2.47708313136439040e-01 2.23080705174684563e-02 4.14672320136258779e-02
1.94776196674336699e+00 2.47542552351380035e-01 2.22506286061516512e-02 4.13902164811436324e-02
1.94834501465069621e+00 2.47378763889998771e-01 2.21935423928620867e-02 4.13134063607364585e-02
1.94892155494583097e+00 2.47216922067649725e-01 2.21368075506677489e-02 4.12368002646881643e-02
1.94949166026262466e+00 2.47057001571271834e-01 2.20804197779049874e-02 4.11603967443997937e-02
1.95005540242423869e+00 2.46898977454423213e-01 2.20243748108803136e-02 4.10841943168993445e-02
1.95061285245218841e+00 2.46742825132307803e-01 2.19686684352070997e-02 4.10081914887060681e-02
1.95116408057529278e+00 2.46588520376795239e-01 2.19132964958732579e-02 4.09323867772307670e-02
1.95170915623852048e+00 2.46436039311444782e-01 2.18582549061328534e-02 4.08567787298869181e-02
1.95224814811173997e+00 2.46285358406535537e-01 2.18035396553068264e-02 4.07813659410737536e-02
1.95278112409836968e+00 2.46136454474109090e-01 2.17491468155742093e-02 4.07061470671851583e-02
1.95330815134393299e+00 2.45989304663028541e-01 2.16950725478292986e-02 4.06311208397876558e-02
1.95382929624451740e+00 2.45843886454060745e-01 2.16413131066766525e-02 4.05562860771036190e-02
1.95434462445513946e+00 2.45700177654981644e-01 2.15878648446299545e-02 4.04816416939257975e-02
1.95485420089801565e+00 2.45558156395711547e-01 2.15347242155780952e-02 4.04071867100834620e-02
1.95535808977074166e+00 2.45417801123483464e-01 2.14818877775768968e-02 4.03329202575720761e-02
1.95585635455438100e+00 2.45279090598045757e-01 2.14293521950214491e-02 4.02588415864514118e-02
1.95634905802146020e+00 2.45142003874890435e-01 2.13771141282041097e-02 4.01849498513662598e-02
1.95683626224388019e+00 2.45006520223651103e-01 2.13251695185538090e-02 4.01112427202276675e-02
1.95731802860073323e+00 2.44872619284787957e-01 2.12735150952848943e-02 4.00377193098823136e-02
1.95779441778603758e+00 2.44740280998043597e-01 2.12221477499016584e-02 3.99643789702733981e-02
1.95826548981638315e+00 2.44609485575589203e-01 2.11710643285310737e-02 3.98912208812206501e-02
1.95873130403849260e+00 2.44480213499409571e-01 2.11202616496399681e-02 3.98182440881094460e-02
1.95919191913669821e+00 2.44352445518603328e-01 2.10697365200776601e-02 3.97454475343456681e-02
1.95964739314033420e+00 2.44226162646604794e-01 2.10194857495579826e-02 3.96728300907913597e-02
1.96009778343104868e+00 2.44101346158338617e-01 2.09695061636886240e-02 3.96003905823860206e-02
1.96054314675003183e+00 2.43977977587314709e-01 2.09197946156492141e-02 3.95281278121453541e-02
1.96098353920516444e+00 2.43856038722670476e-01 2.08703479966133518e-02 3.94560405827186420e-02
1.96141901627808690e+00 2.43735511606168742e-01 2.08211632450043538e-02 3.93841277156752323e-02
1.96184963283118829e+00 2.43616378529156408e-01 2.07722373546687412e-02 3.93123880686802318e-02
1.96227544311451840e+00 2.43498622029492101e-01 2.07235673820471873e-02 3.92408205507113542e-02
1.96269650077262270e+00 2.43382224888447879e-01 2.06751504524167670e-02 3.91694241354579656e-02
1.96311285885129938e+00 2.43267170127589194e-01 2.06269837652747791e-02 3.90981978730366025e-02
1.96352456980428358e+00 2.43153441005640403e-01 2.05790645989293794e-02 3.90271409001480690e-02
1.96393168549985475e+00 2.43041021015339087e-01 2.05313903143589140e-02 3.89562524487944845e-02
1.96433425722737143e+00 2.42929893880284936e-01 2.04839583583975200e-02 3.88855318536670547e-02
1.96473233570373318e+00 2.42820043551785048e-01 2.04367662663007162e-02 3.88149785583078444e-02
1.96512597107976861e+00 2.42711454205450455e-01 2.03898116614290546e-02 3.87445921156246709e-02
1.96551521294655540e+00 2.42604110163906678e-01 2.03430915767955564e-02 3.86743708631982624e-02
1.96590011034166645e+00 2.42497995982680709e-01 2.02966032741040935e-02 3.86043135237872787e-02
1.96628071175534869e+00 2.42393096476569009e-01 2.02503445141592880e-02 3.85344197354407711e-02
1.96665706513663108e+00 2.42289396655296585e-01 2.02043129952347786e-02 3.84646889552457127e-02
1.96702921789936624e+00 2.42186881722356695e-01 2.01585063709632736e-02 3.83951204950633840e-02
1.96739721692820280e+00 2.42085537073734730e-01 2.01129222665730745e-02 3.83257135540608571e-02
1.96776110858449349e+00 2.41985348296519770e-01 2.00675582935815368e-02 3.82564672482483409e-02
1.96812093871213412e+00 2.41886301167421075e-01 2.00224120630525977e-02 3.81873806372268268e-02
1.96847675264333999e+00 2.41788381651192041e-01 1.99774811975163454e-02 3.81184527483332328e-02
1.96882859520435738e+00 2.41691575898973277e-01 1.99327633416446631e-02 3.80496825983630688e-02
1.96917651072110989e+00 2.41595870246563732e-01 1.98882561717711737e-02 3.79810692130395366e-02
1.96952054302478308e+00 2.41501251212623919e-01 1.98439574043375033e-02 3.79126116443862515e-02
1.96986073545734719e+00 2.41407705496820890e-01 1.97998648033439056e-02 3.78443089861535686e-02
1.97019713087701587e+00 2.41315219977921908e-01 1.97559761868777856e-02 3.77761603874395419e-02
1.97052977166364740e+00 2.41223781711840168e-01 1.97122894327877753e-02 3.77081650646359304e-02
1.97085869972408201e+00 2.41133377929641984e-01 1.96688024835689028e-02 3.76403223118251806e-02
1.97118395649742295e+00 2.41043996035517322e-01 1.96255133505183199e-02 3.75726315097434024e-02
1.97150558296025613e+00 2.40955623604721697e-01 1.95824201172193034e-02 3.75050921334201814e-02
1.97182361963181241e+00 2.40868248381492622e-01 1.95395209424062063e-02 3.74377037585975070e-02
1.97213810657907307e+00 2.40781858276944039e-01 1.94968140622601011e-02 3.73704660670237596e-02
1.97244908342181713e+00 2.40696441337158951e-01 1.94542975227351457e-02 3.73033783228828575e-02
1.97275658933761200e+00 2.40611985706440878e-01 1.94119688684727190e-02 3.72364387636051203e-02
1.97306066306675087e+00 2.40528479768046172e-01 1.93698264363416986e-02 3.71696471345309074e-02
1.97336134291713128e+00 2.40445912053450755e-01 1.93278685541010201e-02 3.71030031203247318e-02
1.97365866676908253e+00 2.40364271234738996e-01 1.92860934913668680e-02 3.70365062494686301e-02
1.97395267208013814e+00 2.40283546124269942e-01 1.92444994760269765e-02 3.69701559269627333e-02
1.97424339588975384e+00 2.40203725674211749e-01 1.92030847091263952e-02 3.69039514640507743e-02
1.97453087482397427e+00 2.40124798975959952e-01 1.91618473783290132e-02 3.68378921051711189e-02
1.97481514510004752e+00 2.40046755259445382e-01 1.91207856700519908e-02 3.67719770523202566e-02
1.97509624253098770e+00 2.39969583892343324e-01 1.90798977803657011e-02 3.67062054870066212e-02
1.97537420253008666e+00 2.39893274379190641e-01 1.90391819247450432e-02 3.66405765899607619e-02
1.97564906011537533e+00 2.39817816360419656e-01 1.89986363467539478e-02 3.65750895587592315e-02
1.97592084991403572e+00 2.39743199611316127e-01 1.89582593257395446e-02 3.65097436235099701e-02
1.97618960616676276e+00 2.39669414040907830e-01 1.89180491836077880e-02 3.64445380607377953e-02
1.97645536273207889e+00 2.39596449690791302e-01 1.88780042907484846e-02 3.63794722056014833e-02
1.97671815309059884e+00 2.39524296733902270e-01 1.88381230711731802e-02 3.63145454625650732e-02
1.97697801034924781e+00 2.39452945473235007e-01 1.87984040069253122e-02 3.62497573146385518e-02
1.97723496724543280e+00 2.39382386340518061e-01 1.87588456418191912e-02 3.61851073312976293e-02
1.97748905615116599e+00 2.39312609894848538e-01 1.87194465845597208e-02 3.61205951751829984e-02
1.97774030907714415e+00 2.39243606821292698e-01 1.86802055112928675e-02 3.60562206076766173e-02
1.97798875767678051e+00 2.39175367926025395e-01 1.86411211369577091e-02 3.59919834332310951e-02
1.97823443325019310e+00 2.39107884054534620e-01 1.86021914985084053e-02 3.59278820927148440e-02
1.97847736674814789e+00 2.39041146220471235e-01 1.85634151223230300e-02 3.58639159551362163e-02
1.97871758877595760e+00 2.38975145580472809e-01 1.85247908127213583e-02 3.58000849034765187e-02
1.97895512959733844e+00 2.38909873393719330e-01 1.84863173041900468e-02 3.57363886524884947e-02
1.97919001913822168e+00 2.38845321022245510e-01 1.84479932780137086e-02 3.56728267817167238e-02
1.97942228699052403e+00 2.38781479931110097e-01 1.84098173773854616e-02 3.56093987655504013e-02
1.97965196241587660e+00 2.38718341688434754e-01 1.83717882210997878e-02 3.55461040005073670e-02
1.97987907434931021e+00 2.38655897965320107e-01 1.83339044159240468e-02 3.54829418299355201e-02
1.98010365140290112e+00 2.38594140535651533e-01 1.82961645677395257e-02 3.54199115663076866e-02
1.98032572186937594e+00 2.38533061275800318e-01 1.82585672915373878e-02 3.53570125112751613e-02
1.98054531372567566e+00 2.38472652164229471e-01 1.82211112203500350e-02 3.52942439736359387e-02
1.98076245463648060e+00 2.38412905281012527e-01 1.81837950131936293e-02 3.52316052853645853e-02
1.98097717195769452e+00 2.38353812807273718e-01 1.81466173620935672e-02 3.51690958158429046e-02
1.98118949273989275e+00 2.38295367024551535e-01 1.81095769982581416e-02 3.51067149844184329e-02
1.98139944373172905e+00 2.38237560314099567e-01 1.80726726974657394e-02 3.50444622714172066e-02
1.98160705138330551e+00 2.38180385156122942e-01 1.80359032847224252e-02 3.49823372277218436e-02
1.98181234184950461e+00 2.38123834128963152e-01 1.79992676382472426e-02 3.49203394830260652e-02
1.98201534099328502e+00 2.38067899908229713e-01 1.79627646928355901e-02 3.48584687528641426e-02
1.98221607438893899e+00 2.38012575265890453e-01 1.79263934426513311e-02 3.47967248445134811e-02
1.98241456732531529e+00 2.37957853069318825e-01 1.78901529434917356e-02 3.47351076618567442e-02
1.98261084480900385e+00 2.37903726247380432e-01 1.78540420227527620e-02 3.46736166354422795e-02
1.98280493156748738e+00 2.37850187766725729e-01 1.78180590801415087e-02 3.46122503306587753e-02
1.98299685205225584e+00 2.37797230761211398e-01 1.77822032449803727e-02 3.45510087239145822e-02
1.98318663044188681e+00 2.37744848444591289e-01 1.77464736122447085e-02 3.44898917009411332e-02
1.98337429064509263e+00 2.37693034106047002e-01 1.77108692129855985e-02 3.44288989988951050e-02
1.98355985630373111e+00 2.37641781110811579e-01 1.76753890297347803e-02 3.43680302369220314e-02
1.98374335079578468e+00 2.37591082900652895e-01 1.76400320104911287e-02 3.43072849439433614e-02
1.98392479723830562e+00 2.37540932994226850e-01 1.76047970813849805e-02 3.42466625838538583e-02
1.98410421849032814e+00 2.37491324987309016e-01 1.75696831581100485e-02 3.41861625783037720e-02
1.98428163715574857e+00 2.37442252552914873e-01 1.75346891562080422e-02 3.41257843272314634e-02
1.98445707558617257e+00 2.37393709441315881e-01 1.74998140002859751e-02 3.40655272273019533e-02
1.98463055588373161e+00 2.37345689479961125e-01 1.74650566322414116e-02 3.40053906883978282e-02
1.98480209990386691e+00 2.37298186573309339e-01 1.74304160185660972e-02 3.39453741483000879e-02
1.98497172925808307e+00 2.37251194702581603e-01 1.73958911567953685e-02 3.38854770856897025e-02
1.98513946531667096e+00 2.37204707925438935e-01 1.73614810811649548e-02 3.38256990315904879e-02
1.98530532921139957e+00 2.37158720375591769e-01 1.73271848675348068e-02 3.37660395793694459e-02
1.98546934183817858e+00 2.37113226262347682e-01 1.72930016376347841e-02 3.37064983934015350e-02
1.98563152385969044e+00 2.37068219870102237e-01 1.72589305626841653e-02 3.36470752165004688e-02
1.98579189570799430e+00 2.37023695557777470e-01 1.72249708664335595e-02 3.35877698762104340e-02
1.98595047758709886e+00 2.36979647758215423e-01 1.71911218276754700e-02 3.35285822900490485e-02
1.98610728947550941e+00 2.36936070976499713e-01 1.71573827732169892e-02 3.34695124519651735e-02
1.98626235112874272e+00 2.36892959715135770e-01 1.71237524272563404e-02 3.34105591512930469e-02
1.98641568208181774e+00 2.36850308576237262e-01 1.70902298184471418e-02 3.33517217590470483e-02
1.98656730165171602e+00 2.36808112266518656e-01 1.70568143309986590e-02 3.32930003290548074e-02
1.98671722893981406e+00 2.36766365547569135e-01 1.70235052744344556e-02 3.32343947509544727e-02
1.98686548283429221e+00 2.36725063236818495e-01 1.69903018993873001e-02 3.31759047814874850e-02
1.98701208201251212e+00 2.36684200208355011e-01 1.69572034119685085e-02 3.31175300729949426e-02
1.98715704494337086e+00 2.36643771393605790e-01 1.69242089868054668e-02 3.30592701993005569e-02
1.98730038988962687e+00 2.36603771781889571e-01 1.68913177788388123e-02 3.30011246791586249e-02
1.98744213491020161e+00 2.36564196420849748e-01 1.68585289339627450e-02 3.29430929974298889e-02
1.98758229786245444e+00 2.36525040416777910e-01 1.68258415985893424e-02 3.28851746241430876e-02
1.98772089640443173e+00 2.36486298934836248e-01 1.67932549282120321e-02 3.28273690315889835e-02
1.98785794799709237e+00 2.36447967199183900e-01 1.67607680950379798e-02 3.27696757095834179e-02
1.98799346990650649e+00 2.36410040493018919e-01 1.67283802947578233e-02 3.27120941790326261e-02
1.98812747920603172e+00 2.36372514158537356e-01 1.66960907525129758e-02 3.26546240039192262e-02
1.98825999277846344e+00 2.36335383596820353e-01 1.66638987281214832e-02 3.25972648018276259e-02
1.98839102731816220e+00 2.36298644267653374e-01 1.66318035206168835e-02 3.25400162531156861e-02
1.98852059933315628e+00 2.36262291689282394e-01 1.65998044721516955e-02 3.24828781088336779e-02
1.98864872514722180e+00 2.36226321438114090e-01 1.65679009713149729e-02 3.24258501974873381e-02
1.98877542090193993e+00 2.36190729148363948e-01 1.65360924559091321e-02 3.23689324307336670e-02
1.98890070255872864e+00 2.36155510511657396e-01 1.65043784152298922e-02 3.23121248080952134e-02
1.98902458590085529e+00 2.36120661264272724e-01 1.64727582841476157e-02 3.22554272083349358e-02
1.98914708653542438e+00 2.36086177120373525e-01 1.64412308647433683e-02 3.21988382491731895e-02
1.98926821989534353e+00 2.36052053918101384e-01 1.64097956102060329e-02 3.21423578188958156e-02
1.98938800124126813e+00 2.36018287554529860e-01 1.63784520609867867e-02 3.20859859649602758e-02
1.98950644566352408e+00 2.35984873967090003e-01 1.63471996877416967e-02 3.20297225844709613e-02
1.98962356808400775e+00 2.35951809134656104e-01 1.63160379061932405e-02 3.19735674536208783e-02
1.98973938325806765e+00 2.35919089078483302e-01 1.62849660906424290e-02 3.19175202544811423e-02
1.98985390577636201e+00 2.35886709863015159e-01 1.62539835862247628e-02 3.18615805993204271e-02
1.98996715006669733e+00 2.35854667596564010e-01 1.62230897199927178e-02 3.18057480526162673e-02
1.99007913039584605e+00 2.35822958431876811e-01 1.61922838109066804e-02 3.17500221509186831e-02
1.99018986087134397e+00 2.35791578566592386e-01 1.61615651788085610e-02 3.16944024207115246e-02
1.99029935544326775e+00 2.35760524243600583e-01 1.61309331524507882e-02 3.16388883944136168e-02
1.99040762790599168e+00 2.35729791751308537e-01 1.61003870766464538e-02 3.15834796246490176e-02
1.99051469189992614e+00 2.35699377423820827e-01 1.60699263186037007e-02 3.15281756969098062e-02
1.99062056091323569e+00 2.35669277641043506e-01 1.60395502735047220e-02 3.14729762407297553e-02
1.99072524828353914e+00 2.35639488828712190e-01 1.60092583693829602e-02 3.14178809394742922e-02
1.99082876719958857e+00 2.35610007458357196e-01 1.59790500713537544e-02 3.13628895388546533e-02
1.99093113070293182e+00 2.35580830047203788e-01 1.59489248852444018e-02 3.13080018542569588e-02
1.99103235168955517e+00 2.35551953158019689e-01 1.59188823606726156e-02 3.12532177769820410e-02
1.99113244291150804e+00 2.35523373398908387e-01 1.58889220936145568e-02 3.11985372794770614e-02
1.99123141697850947e+00 2.35495087423057470e-01 1.58590437285046001e-02 3.11439604196416808e-02
1.99132928635953710e+00 2.35467091901616882e-01 1.58292467262573684e-02 3.10894868831061329e-02
1.99142606338439720e+00 2.35439383490883919e-01 1.57995300828441959e-02 3.10351154277955336e-02
1.99152176024527905e+00 2.35411958963844314e-01 1.57698934791661617e-02 3.09808461537042640e-02
1.99161638899829008e+00 2.35384815128717922e-01 1.57403365755352589e-02 3.09266791105622108e-02
1.99170996156497537e+00 2.35357948823246982e-01 1.57108589660159316e-02 3.08726142078138595e-02
1.99180248973381890e+00 2.35331356915856021e-01 1.56814601925338720e-02 3.08186512425693941e-02
1.99189398516172900e+00 2.35305036306669657e-01 1.56521397577009599e-02 3.07647899250280688e-02
1.99198445937550761e+00 2.35278983928401408e-01 1.56228971364435597e-02 3.07110299015447633e-02
1.99207392377330117e+00 2.35253196747120280e-01 1.55937317865155207e-02 3.06573707754993902e-02
1.99216238962603742e+00 2.35227671762904766e-01 1.55646431579712641e-02 3.06038121261172011e-02
1.99224986807884497e+00 2.35202406010393245e-01 1.55356307016724197e-02 3.05503535253840407e-02
1.99233637015245790e+00 2.35177396559235641e-01 1.55066938768941252e-02 3.04969945531865377e-02
1.99242190674460340e+00 2.35152640514456446e-01 1.54778321580963836e-02 3.04437348108055408e-02
1.99250648863137525e+00 2.35128135016733908e-01 1.54490450409193250e-02 3.03905739328785111e-02
1.99259012646859168e+00 2.35103877242602094e-01 1.54203320474588877e-02 3.03375115979419817e-02
1.99267283079313695e+00 2.35079864404582756e-01 1.53916927308772634e-02 3.02845475376606645e-02
1.99275461202428938e+00 2.35056093751251499e-01 1.53631266793962089e-02 3.02316815448380773e-02
1.99283548046503389e+00 2.35032562567243086e-01 1.53346335197207684e-02 3.01789134803020671e-02
1.99291544630336026e+00 2.35009268173202501e-01 1.53062129199378043e-02 3.01262432787525458e-02
1.99299451961354590e+00 2.34986207925685475e-01 1.52778645919304668e-02 3.00736709536523449e-02
1.99307271035742573e+00 2.34963379217011742e-01 1.52495882933461595e-02 3.00211966012352942e-02
1.99315002838564714e+00 2.34940779439004460e-01 1.52213835160796892e-02 2.99688197851905661e-02
1.99322648343891062e+00 2.34918405976327072e-01 1.51932494317880331e-02 2.99165394290502422e-02
1.99330208514919716e+00 2.34896256316340590e-01 1.51651858484689109e-02 2.98643557061295702e-02
1.99337684304098151e+00 2.34874327969329638e-01 1.51371925210695910e-02 2.98122686777131246e-02
1.99345076653243258e+00 2.34852618466879243e-01 1.51092691404799192e-02 2.97602782713817862e-02
1.99352386493659939e+00 2.34831125363084203e-01 1.50814153470573472e-02 2.97083843078093691e-02
1.99359614746258473e+00 2.34809846235620928e-01 1.50536307429208656e-02 2.96565865251320303e-02
1.99366762321670521e+00 2.34788778686693150e-01 1.50259149030982468e-02 2.96048846010561091e-02
1.99373830120363826e+00 2.34767920343858932e-01 1.49982673856028179e-02 2.95532781728544969e-02
1.99380819032755707e+00 2.34747268860748287e-01 1.49706877405141013e-02 2.95017668553976230e-02
1.99387729939325187e+00 2.34726821917677603e-01 1.49431755181306993e-02 2.94503502573536143e-02
1.99394563710723949e+00 2.34706577222170254e-01 1.49157302762608322e-02 2.93990279956862638e-02
1.99401321207886006e+00 2.34686532509389284e-01 1.48883515867116022e-02 2.93477997085710846e-02
1.99408003282136193e+00 2.34666685542487541e-01 1.48610390410341200e-02 2.92966650668418614e-02
1.99414610775297363e+00 2.34647034112884401e-01 1.48337922555795889e-02 2.92456237840761288e-02
1.99421144519796489e+00 2.34627576040471270e-01 1.48066108759158481e-02 2.91946756254171762e-02
1.99427605338769531e+00 2.34608309173753665e-01 1.47794945806532119e-02 2.91438204152286648e-02
1.99433994046165108e+00 2.34589231389934594e-01 1.47524430847245473e-02 2.90930580436703744e-02
1.99440311446847063e+00 2.34570340594943277e-01 1.47254561421610187e-02 2.90423884722768068e-02
1.99446558336695867e+00 2.34551634723413949e-01 1.46985335484033381e-02 2.89918117386171251e-02
1.99452735502708856e+00 2.34533111738619182e-01 1.46716751421862857e-02 2.89413279601107680e-02
1.99458843723099410e+00 2.34514769596688294e-01 1.46448804982532640e-02 2.88909367265659557e-02
1.99464883767395018e+00 2.34496606240930133e-01 1.46181488807797903e-02 2.88406370081225015e-02
1.99470856396534124e+00 2.34478619709222014e-01 1.45914801752442293e-02 2.87904289977880049e-02
1.99476762362962101e+00 2.34460808055848541e-01 1.45648742141634892e-02 2.87403127784168870e-02
1.99482602410725995e+00 2.34443169350045749e-01 1.45383307668344747e-02 2.86902883024811248e-02
1.99488377275568274e+00 2.34425701677247800e-01 1.45118495524334777e-02 2.86403554180267930e-02
1.99494087685019506e+00 2.34408403140199451e-01 1.44854302519265756e-02 2.85905138922834534e-02
1.99499734358490000e+00 2.34391271859944739e-01 1.44590725188713295e-02 2.85407634330845754e-02
1.99505318007360510e+00 2.34374305976701114e-01 1.44327759891843006e-02 2.84911037082457401e-02
1.99510839335071788e+00 2.34357503650623439e-01 1.44065402899450426e-02 2.84415343630398838e-02
1.99516299037213196e+00 2.34340863062470706e-01 1.43803650473041632e-02 2.83920550359026934e-02
1.99521697801610398e+00 2.34324382414177690e-01 1.43542498935567836e-02 2.83426653724890808e-02
1.99527036308411976e+00 2.34308059929341450e-01 1.43281944734415384e-02 2.82933650381992849e-02
1.99532315230175139e+00 2.34291893853627753e-01 1.43021984497203776e-02 2.82441537292834749e-02
1.99537535231950414e+00 2.34275882455103418e-01 1.42762615080914475e-02 2.81950311826279811e-02
1.99542696971365441e+00 2.34260024024500996e-01 1.42503833614841761e-02 2.81459971843200374e-02
1.99547801098707889e+00 2.34244316875419162e-01 1.42245637537820931e-02 2.80970515770808671e-02
1.99552848257007276e+00 2.34228759344465881e-01 1.41988024630181862e-02 2.80481942666553248e-02
1.99557839082116062e+00 2.34213349791348197e-01 1.41730993040824517e-02 2.79994252272365816e-02
1.99562774202789694e+00 2.34198086598912836e-01 1.41474541309801628e-02 2.79507445060016534e-02
1.99567654240765902e+00 2.34182968173140299e-01 1.41218668386757142e-02 2.79021522268267722e-02
1.99572479810842895e+00 2.34167992917419326e-01 1.40963371427366025e-02 2.78536481543778525e-02
1.99577251520956933e+00 2.34153159202672545e-01 1.40708643232538861e-02 2.78052311874936210e-02
1.99581969972258921e+00 2.34138465491770031e-01 1.40454483013004068e-02 2.77569014890221219e-02
1.99586635759190023e+00 2.34123910262594326e-01 1.40200889761173640e-02 2.77086591745090809e-02
1.99591249469556664e+00 2.34109492002980868e-01 1.39947861832119599e-02 2.76605042293338980e-02
1.99595811684604540e+00 2.34095209211997363e-01 1.39695397071815264e-02 2.76124365341246895e-02
1.99600322979091849e+00 2.34081060401092139e-01 1.39443492933797805e-02 2.75644558878852981e-02
1.99604783921361695e+00 2.34067044095119720e-01 1.39192146585016066e-02 2.75165620289851733e-02
1.99609195073413703e+00 2.34053158833253672e-01 1.38941355001610846e-02 2.74687546541592734e-02
1.99613556990974805e+00 2.34039403169792687e-01 1.38691115055301281e-02 2.74210334356510162e-02
1.99617870223569294e+00 2.34025775674868264e-01 1.38441423591029421e-02 2.73733980366270106e-02
1.99622135314587967e+00 2.34012274935060771e-01 1.38192277496479148e-02 2.73258481249849493e-02
1.99626352801356677e+00 2.33998899553931633e-01 1.37943673764040920e-02 2.72783833856676747e-02
1.99630523215203959e+00 2.33985648152474440e-01 1.37695609545748516e-02 2.72310035315871529e-02
1.99634647081528027e+00 2.33972519369495452e-01 1.37448082201723047e-02 2.71837083132640614e-02
1.99638724919862875e+00 2.33959511861925845e-01 1.37201089342588872e-02 2.71364975272747160e-02
1.99642757243943869e+00 2.33946624305070072e-01 1.36954628866286648e-02 2.70893710235893710e-02
1.99646744561772316e+00 2.33933855392799678e-01 1.36708698989766609e-02 2.70423287118971151e-02
1.99650687375679547e+00 2.33921203837691716e-01 1.36463298275886491e-02 2.69953705669817336e-02
1.99654586182390248e+00 2.33908668371118733e-01 1.36218425655933624e-02 2.69484966332311331e-02
1.99658441473084869e+00 2.33896247743296343e-01 1.35974080448121541e-02 2.69017070283496217e-02
1.99662253733461714e+00 2.33883940712523386e-01 1.35730261444182883e-02 2.68550017625802107e-02
1.99666023443797958e+00 2.33871745984071705e-01 1.35486961654113815e-02 2.68083796983582395e-02
1.99669751079010305e+00 2.33859662344025943e-01 1.35244179862813538e-02 2.67618408382291409e-02
1.99673437108714658e+00 2.33847688601631881e-01 1.35001915671413460e-02 2.67153853432199155e-02
1.99677081997285399e+00 2.33835823572063395e-01 1.34760168024906594e-02 2.66690132413825477e-02
1.99680686203913860e+00 2.33824066077735732e-01 1.34518935339080995e-02 2.66227244529544972e-02
1.99684250182666179e+00 2.33812414949487429e-01 1.34278215616053086e-02 2.65765188132647094e-02
1.99687774382540462e+00 2.33800869027644409e-01 1.34038006549218359e-02 2.65303960935463490e-02
1.99691259247523423e+00 2.33789427162968438e-01 1.33798305618262718e-02 2.64843560197836579e-02
1.99694705216646229e+00 2.33778088217502844e-01 1.33559110174974321e-02 2.64383982897386897e-02
1.99698112724039900e+00 2.33766851065319720e-01 1.33320417520445007e-02 2.63925225882746563e-02
1.99701482198989955e+00 2.33755714593175484e-01 1.33082224974273890e-02 2.63467286010965855e-02
1.99704814065990455e+00 2.33744677701084508e-01 1.32844529936358060e-02 2.63010160270250662e-02
1.99708108744797608e+00 2.33733739302811605e-01 1.32607329941744102e-02 2.62553845888966984e-02
1.99711366650482480e+00 2.33722898326295225e-01 1.32370622709118285e-02 2.62098340432051734e-02
1.99714588193483444e+00 2.33712153714000587e-01 1.32134406183318578e-02 2.61643641885591673e-02
1.99717773779657759e+00 2.33701504423212997e-01 1.31898678572379777e-02 2.61189748730576259e-02
1.99720923810332840e+00 2.33690949426272693e-01 1.31663438379474584e-02 2.60736660006545586e-02
1.99724038682356664e+00 2.33680487710757279e-01 1.31428684430178640e-02 2.60284375365976671e-02
1.99727118788147884e+00 2.33670118279615840e-01 1.31194415895394129e-02 2.59832895120072002e-02
1.99730164515745212e+00 2.33659840151257875e-01 1.30960632310289423e-02 2.59382220276655091e-02
1.99733176248856314e+00 2.33649652359247756e-01 1.30727333559086320e-02 2.58932352510416706e-02
1.99736154366906171e+00 2.33639553890240520e-01 1.30494514540455860e-02 2.58483283596580120e-02
1.99739099245084817e+00 2.33629543763006015e-01 1.30262171985866745e-02 2.58035008916967200e-02
1.99742011254394725e+00 2.33619621047231746e-01 1.30030306089337772e-02 2.57587530688431765e-02
1.99744890761697391e+00 2.33609784815203891e-01 1.29798916355887851e-02 2.57140849739727270e-02
1.99747738129759700e+00 2.33600034143156471e-01 1.29568001728530991e-02 2.56694965763288145e-02
1.99750553717299528e+00 2.33590368112494506e-01 1.29337560704032191e-02 2.56249877544766601e-02
1.99753337879030979e+00 2.33580785810895308e-01 1.29107591438130647e-02 2.55805583171722188e-02
1.99756090965709077e+00 2.33571286333297712e-01 1.28878091840944585e-02 2.55362080222877770e-02
1.99758813324173889e+00 2.33561868782787480e-01 1.28649059663241902e-02 2.54919365939291626e-02
1.99761505297394359e+00 2.33552532271384089e-01 1.28420492574164540e-02 2.54477437378612115e-02
1.99764167224511335e+00 2.33543275920737758e-01 1.28192388231039862e-02 2.54036291553662967e-02
1.99766799440880449e+00 2.33534098862742484e-01 1.27964744341801488e-02 2.53595925556396075e-02
1.99769402278114283e+00 2.33525000240069447e-01 1.27737558720552122e-02 2.53156336668262823e-02
1.99771976064124179e+00 2.33515979206630059e-01 1.27510829336776252e-02 2.52717522458009124e-02
1.99774521123161519e+00 2.33507034927970814e-01 1.27284554358647120e-02 2.52279480867773145e-02
1.99777037775858646e+00 2.33498166581604688e-01 1.27058732190849025e-02 2.51842210288319643e-02
1.99779526339269142e+00 2.33489373357288282e-01 1.26833361507381771e-02 2.51405709624332382e-02
1.99781987126907890e+00 2.33480654457242642e-01 1.26608441279650787e-02 2.50969978350367440e-02
1.99784420448790501e+00 2.33472009096327759e-01 1.26383970800275271e-02 2.50535016558321548e-02
1.99786826611472357e+00 2.33463436502170996e-01 1.26159949702913925e-02 2.50100824997008149e-02
1.99789205918087287e+00 2.33454935915253653e-01 1.25936377978419344e-02 2.49667405104458222e-02
1.99791558668385782e+00 2.33446506569711859e-01 1.25713254331113640e-02 2.49234755750742526e-02
1.99793885158772611e+00 2.33438147653228956e-01 1.25490572736358438e-02 2.48802866416283942e-02
1.99796185682344318e+00 2.33429858432143866e-01 1.25268333215423928e-02 2.48371738545279316e-02
1.99798460528926114e+00 2.33421638181713825e-01 1.25046535841843009e-02 2.47941373667785979e-02
1.99800709985108282e+00 2.33413486178343482e-01 1.24825180080936644e-02 2.47511772090982379e-02
1.99802934334282445e+00 2.33405401700851167e-01 1.24604264907044252e-02 2.47082933131674218e-02
1.99805133856677153e+00 2.33397384031616750e-01 1.24383788910273820e-02 2.46654855328043085e-02
1.99807308829393215e+00 2.33389432457615370e-01 1.24163750393423335e-02 2.46227536631928728e-02
1.99809459526438626e+00 2.33381546271345691e-01 1.23944147459743043e-02 2.45800974582970171e-02
1.99811586218763071e+00 2.33373724771662044e-01 1.23724978092193804e-02 2.45375166465899540e-02
1.99813689174292097e+00 2.33365967264512780e-01 1.23506240224726966e-02 2.44950109452032605e-02
1.99815768657960779e+00 2.33358273063596938e-01 1.23287931806214494e-02 2.44525800726196306e-02
1.99817824931747223e+00 2.33350641490939842e-01 1.23070050857480920e-02 2.44102237599990481e-02
1.99819858254705429e+00 2.33343071877396335e-01 1.22852595521963995e-02 2.43679417612424343e-02
1.99821868882998044e+00 2.33335563563087517e-01 1.22635564110465285e-02 2.43257338618841946e-02
1.99823857069928601e+00 2.33328115897772581e-01 1.22418955140398134e-02 2.42835998868943075e-02
1.99825823065973363e+00 2.33320728241164066e-01 1.22202767369966447e-02 2.42415397074757233e-02
1.99827767118812982e+00 2.33313399963190088e-01 1.21986999827653295e-02 2.41995532469321574e-02
1.99829689473363659e+00 2.33306130444204340e-01 1.21771651837341323e-02 2.41576404856700885e-02
1.99831590371807977e+00 2.33298919075154765e-01 1.21556723039484785e-02 2.41158014654178805e-02
1.99833470053625417e+00 2.33291765257706396e-01 1.21342213408548363e-02 2.40740362927049437e-02
1.99835328755622577e+00 2.33284668404327877e-01 1.21128123267079408e-02 2.40323451416732670e-02
1.99837166711962921e+00 2.33277627887382571e-01 1.20914448914216845e-02 2.39907273873918546e-02
1.99838984154196386e+00 2.33270643087383017e-01 1.20701186782780859e-02 2.39491824300992022e-02
1.99840781311288440e+00 2.33263713440829273e-01 1.20488337559365010e-02 2.39077105120675502e-02
1.99842558409649040e+00 2.33256838382910614e-01 1.20275901262926355e-02 2.38663117418660801e-02
1.99844315673161055e+00 2.33250017348811789e-01 1.20063877363500108e-02 2.38249861179110275e-02
1.99846053323208506e+00 2.33243249774912592e-01 1.19852264891679907e-02 2.37837335501861896e-02
1.99847771578704503e+00 2.33236535099874243e-01 1.19641062538221044e-02 2.37425538800059809e-02
1.99849470656118777e+00 2.33229872765618268e-01 1.19430268744393012e-02 2.37014468979453580e-02
1.99851150769504948e+00 2.33223262218207050e-01 1.19219881783742022e-02 2.36604123600671484e-02
1.99852812130527502e+00 2.33216702908632001e-01 1.19009899835821175e-02 2.36194500025574544e-02
1.99854454948488480e+00 2.33210194293515166e-01 1.18800321052450544e-02 2.35785595548803940e-02
1.99856079430353817e+00 2.33203735835731507e-01 1.18591143617037507e-02 2.35377407515572207e-02
1.99857685780779404e+00 2.33197327004957267e-01 1.18382365797449068e-02 2.34969933426672148e-02
1.99859274202136938e+00 2.33190967278148142e-01 1.18173985992863478e-02 2.34563171031550791e-02
1.99860844894539302e+00 2.33184656139955454e-01 1.17966002775102725e-02 2.34157118410440387e-02
1.99862398055865920e+00 2.33178393083081498e-01 1.17758414924773441e-02 2.33751774046197375e-02
1.99863933881787581e+00 2.33172177608581388e-01 1.17551221462670642e-02 2.33347136886747075e-02
1.99865452565791113e+00 2.33166009226114468e-01 1.17344421676773593e-02 2.32943206398788794e-02
1.99866954299203736e+00 2.33159887454147952e-01 1.17138015145154505e-02 2.32539982613395695e-02
1.99868439271217291e+00 2.33153811820118601e-01 1.16932001755145221e-02 2.32137466164193951e-02
1.99869907668911861e+00 2.33147781860555431e-01 1.16726381719079765e-02 2.31735658318749128e-02
1.99871359677279559e+00 2.33141797118196437e-01 1.16521155331608083e-02 2.31334560497372076e-02
1.99872795479247678e+00 2.33135857077923836e-01 1.16316317467976948e-02 2.30934163360982242e-02
1.99874215255701793e+00 2.33129961273546460e-01 1.16111866768583896e-02 2.30534465028570217e-02
1.99875619185508580e+00 2.33124109267222684e-01 1.15907803874702141e-02 2.30135467577660575e-02
1.99877007445538291e+00 2.33118300618896324e-01 1.15704128805986569e-02 2.29737171842759394e-02
1.99878380210687090e+00 2.33112534887558037e-01 1.15500841073980787e-02 2.29339577640595635e-02
1.99879737653899014e+00 2.33106811632394773e-01 1.15297939785643580e-02 2.28942683975572985e-02
1.99881079946187867e+00 2.33101130413826158e-01 1.15095423737396358e-02 2.28546489226429603e-02
1.99882407256658645e+00 2.33095490794443638e-01 1.14893291500472641e-02 2.28150991315649587e-02
1.99883719752528943e+00 2.33089892339852417e-01 1.14691541498051722e-02 2.27756187862584517e-02
1.99885017599149983e+00 2.33084334619427069e-01 1.14490172074791507e-02 2.27362076321502744e-02
1.99886300960027419e+00 2.33078817206985034e-01 1.14289181559285666e-02 2.26968654105606411e-02
1.99887569996841941e+00 2.33073339681383690e-01 1.14088568319913389e-02 2.26575918697946126e-02
1.99888824869469706e+00 2.33067901627047852e-01 1.13888330814573575e-02 2.26183867750206005e-02
1.99890065736002431e+00 2.33062502634429847e-01 1.13688467634717651e-02 2.25792499170182348e-02
1.99891292752767247e+00 2.33057142300411441e-01 1.13488977544148762e-02 2.25401811198879913e-02
1.99892506074346565e+00 2.33051820228647233e-01 1.13289859512883048e-02 2.25011802477815999e-02
1.99893705853597337e+00 2.33046536029857837e-01 1.13091112746553247e-02 2.24622472107480174e-02
1.99894892241670497e+00 2.33041289322073464e-01 1.12892736711571549e-02 2.24233819697383305e-02
1.99896065388029909e+00 2.33036079730834955e-01 1.12694731156501721e-02 2.23845845408585029e-02
1.99897225440471216e+00 2.33030906889352352e-01 1.12497096129829232e-02 2.23458549989075869e-02
1.99898372545140446e+00 2.33025770438627461e-01 1.12299831994502296e-02 2.23071934802752635e-02
1.99899506846552444e+00 2.33020670020960885e-01 1.12102938873982431e-02 2.22686000730393414e-02
1.99900628487609078e+00 2.33015605219842742e-01 1.11906411490944116e-02 2.22300737928878660e-02
1.99901737609617247e+00 2.33010575678049087e-01 1.11710249320105467e-02 2.21916145976703491e-02
1.99902834352306624e+00 2.33005581056118960e-01 1.11514453023296659e-02 2.21532226800190031e-02
1.99903918853847351e+00 2.33000621011603737e-01 1.11319022670223079e-02 2.21148981143159569e-02
1.99904991250867425e+00 2.32995695200288816e-01 1.11123957847179908e-02 2.20766408782726159e-02
1.99906051678469798e+00 2.32990803277301262e-01 1.10929257756071219e-02 2.20384508725858658e-02
1.99907100270249583e+00 2.32985944898114361e-01 1.10734921304424892e-02 2.20003279388081979e-02
1.99908137158310750e+00 2.32981119719453955e-01 1.10540947187019699e-02 2.19622718755539265e-02
1.99909162473282809e+00 2.32976327400115896e-01 1.10347333959690888e-02 2.19242824531537886e-02
1.99910176344337231e+00 2.32971567601698126e-01 1.10154080105830214e-02 2.18863594268602288e-02
1.99911178899203823e+00 2.32966839989252772e-01 1.09961184096050765e-02 2.18485025486967674e-02
1.99912170264186728e+00 2.32962144231869117e-01 1.09768644441636844e-02 2.18107115780741372e-02
1.99913150564180331e+00 2.32957480003184420e-01 1.09576459742019416e-02 2.17729862912212392e-02
1.99914119922685041e+00 2.32952846981834938e-01 1.09384628726881157e-02 2.17353264895504480e-02
1.99915078461822882e+00 2.32948244851847674e-01 1.09193150293168065e-02 2.16977320070123429e-02
1.99916026302352745e+00 2.32943673302977328e-01 1.09002023537444915e-02 2.16602027165264700e-02
1.99916963563685757e+00 2.32939132030994867e-01 1.08811247783910242e-02 2.16227385355508700e-02
1.99917890363900219e+00 2.32934620737928838e-01 1.08620822608422162e-02 2.15853394308598984e-02
1.99918806819756512e+00 2.32930139132264735e-01 1.08430747858830612e-02 2.15480054225891046e-02
1.99919713046711833e+00 2.32925686929104675e-01 1.08241023671892325e-02 2.15107365876019661e-02
1.99920609158934726e+00 2.32921263850291965e-01 1.08051650487086884e-02 2.14735330622414268e-02
1.99921495269319416e+00 2.32916869618629147e-01 1.07862628552956325e-02 2.14363949443526804e-02
1.99922371489500095e+00 2.32912503898285578e-01 1.07673952810338133e-02 2.13993212776832087e-02
1.99923237929864972e+00 2.32908166409388301e-01 1.07485622741019873e-02 2.13623120067641531e-02
1.99924094699570198e+00 2.32903856889856459e-01 1.07297639091320802e-02 2.13253673265461144e-02
1.99924941906553544e+00 2.32899575073914789e-01 1.07110002028949526e-02 2.12884873165556550e-02
1.99925779657548053e+00 2.32895320693284752e-01 1.06922711248312145e-02 2.12516719618043096e-02
1.99926608058095501e+00 2.32891093478267724e-01 1.06735766066491759e-02 2.12149211718464306e-02
1.99927427212559694e+00 2.32886893158725766e-01 1.06549165510488458e-02 2.11782347981027373e-02
1.99928237224139527e+00 2.32882719464971272e-01 1.06362908396414480e-02 2.11416126495872249e-02
1.99929038194882125e+00 2.32878572128565720e-01 1.06176993401008463e-02 2.11050545071099702e-02
1.99929830225695593e+00 2.32874450883038736e-01 1.05991419126174446e-02 2.10685601360954197e-02
1.99930613416361780e+00 2.32870355464529721e-01 1.05806184156891150e-02 2.10321292980850498e-02
1.99931387865548804e+00 2.32866285612360890e-01 1.05621287113081691e-02 2.09957617610411727e-02
1.99932153670823509e+00 2.32862241069541426e-01 1.05436726695713693e-02 2.09594573085058085e-02
1.99932910928663832e+00 2.32858221583212954e-01 1.05252501727684279e-02 2.09232157477243011e-02
1.99933659734470814e+00 2.32854226905038902e-01 1.05068611189843321e-02 2.08870369168038771e-02
1.99934400182580685e+00 2.32850256791539478e-01 1.04885054252423244e-02 2.08509206909605928e-02
1.99935132366276802e+00 2.32846311004379164e-01 1.04701830302304979e-02 2.08148669879396134e-02
1.99935856377801313e+00 2.32842389310610992e-01 1.04518938966450866e-02 2.07788757726746175e-02
1.99936572308366833e+00 2.32838491482877025e-01 1.04336380131704130e-02 2.07429470612259109e-02
1.99937280248167926e+00 2.32834617299572111e-01 1.04154153961316821e-02 2.07070809240691295e-02
1.99937980286392469e+00 2.32830766544972811e-01 1.03972260908465983e-02 2.06712774887858816e-02
1.99938672511232829e+00 2.32826939007616113e-01 1.03790701579327665e-02 2.06355369128834454e-02
1.99939357009897090e+00 2.32823134420648142e-01 1.03609471611006265e-02 2.05998583668014386e-02
1.99940033868619915e+00 2.32819352554535369e-01 1.03428569639001204e-02 2.05642416159231428e-02
1.99940703172673540e+00 2.32815593208456018e-01 1.03247996559647885e-02 2.05286868740985097e-02
1.99941365006378380e+00 2.32811856177206539e-01 1.03067752689284652e-02 2.04931942395794008e-02
1.99942019453113762e+00 2.32808141252376172e-01 1.02887837867529572e-02 2.04577637155307843e-02
1.99942666595328356e+00 2.32804448223418115e-01 1.02708251551543398e-02 2.04223952287523984e-02
1.99943306514550612e+00 2.32800776878620858e-01 1.02528992901725676e-02 2.03870886466998233e-02
1.99943939291398998e+00 2.32797127005987037e-01 1.02350060859490912e-02 2.03518437929332240e-02
1.99944565005592212e+00 2.32793498394027465e-01 1.02171454217636504e-02 2.03166604610953809e-02
1.99945183735959087e+00 2.32789890832475255e-01 1.01993171683865177e-02 2.02815384275305544e-02
1.99945795560448714e+00 2.32786304112924253e-01 1.01815211937792052e-02 2.02464774626100220e-02
1.99946400556140147e+00 2.32782738029399916e-01 1.01637573682074930e-02 2.02114773408906059e-02
1.99946998799252063e+00 2.32779192378864602e-01 1.01460255687950366e-02 2.01765378501625944e-02
1.99947590365152528e+00 2.32775666961663880e-01 1.01283256835596833e-02 2.01416587994706284e-02
1.99948175328368349e+00 2.32772161581917048e-01 1.01106576149764520e-02 2.01068400261946514e-02
1.99948753762594511e+00 2.32768676047857587e-01 1.00930212830964983e-02 2.00720814022492498e-02
1.99949325740703454e+00 2.32765210172123538e-01 1.00754166282516038e-02 2.00373828394600322e-02
1.99949891334754315e+00 2.32761763772006858e-01 1.00578436133845969e-02 2.00027442941971799e-02
1.99950450616001896e+00 2.32758336669660754e-01 1.00403022260295918e-02 1.99681657713135993e-02
1.99951003654905701e+00 2.32754928692270963e-01 1.00227924799694106e-02 1.99336473274419959e-02
1.99951550521138843e+00 2.32751539672190449e-01 1.00053144165921891e-02 1.98991890736947008e-02
1.99952091283596789e+00 2.32748169447044656e-01 9.98786810597901593e-03 1.98647911778291712e-02
1.99952626010405976e+00 2.32744817821943256e-01 9.97045332245605036e-03 1.98304532198518707e-02
1.99953154768932517e+00 2.32741484589489539e-01 9.95306971671604604e-03 1.97961745339167508e-02
1.99953677625790616e+00 2.32738169597234978e-01 9.93571739546346769e-03 1.97619553595732890e-02
1.99954194646850980e+00 2.32734872688238087e-01 9.91839641093673549e-03 1.97277958278603144e-02
1.99954705897249085e+00 2.32731593701644285e-01 9.90110676606819826e-03 1.96936959715583726e-02
1.99955211441393388e+00 2.32728332473755711e-01 9.88384842385144763e-03 1.96596557437989303e-02
1.99955711342973519e+00 2.32725088839003086e-01 9.86662131586863410e-03 1.96256750350054035e-02
1.99956205664968190e+00 2.32721862630827975e-01 9.84942535004125659e-03 1.95917536882920969e-02
1.99956694469653251e+00 2.32718653682478932e-01 9.83226041764344826e-03 1.95578915133985190e-02
1.99957177818609355e+00 2.32715461827730979e-01 9.81512639964585848e-03 1.95240882992941886e-02
1.99957655772729970e+00 2.32712286901528259e-01 9.79802317241127221e-03 1.94903438254961300e-02
1.99958128392228796e+00 2.32709128740561877e-01 9.78095061281566459e-03 1.94566578722450943e-02
1.99958595736647515e+00 2.32705987183780882e-01 9.76390860280870569e-03 1.94230302295686080e-02
1.99959057864863232e+00 2.32702862072847433e-01 9.74689703347655402e-03 1.93894607053553686e-02
1.99959514835095931e+00 2.32699753252534308e-01 9.72991580862200833e-03 1.93559491324712049e-02
1.99959966704915759e+00 2.32696660571073771e-01 9.71296484791434392e-03 1.93224953750201663e-02
1.99960413531250270e+00 2.32693583880458271e-01 9.69604408963076897e-03 1.92890993337945654e-02
1.99960855370391677e+00 2.32690523036697960e-01 9.67915349302074686e-03 1.92557609509759232e-02
1.99961292278003877e+00 2.32687477900039047e-01 9.66229304033108458e-03 1.92224802141620250e-02
1.99961724309129485e+00 2.32684448335142902e-01 9.64546273850100042e-03 1.91892571597385049e-02
1.99962151518196762e+00 2.32681434211234522e-01 9.62866262057626363e-03 1.91560918756922584e-02
1.99962573959026457e+00 2.32678435402216499e-01 9.61189274684128188e-03 1.91229845038647268e-02
1.99962991684838642e+00 2.32675451777112602e-01 9.59515312286662522e-03 1.90899350771379719e-02
1.99963404748259377e+00 2.32672483150411669e-01 9.57844327305962077e-03 1.90569426722167305e-02
1.99963813201327278e+00 2.32669529395187979e-01 9.56176321265396478e-03 1.90240073407304117e-02
1.99964217095500252e+00 2.32666590393461326e-01 9.54511302135412423e-03 1.89911292621440103e-02
1.99964616481661750e+00 2.32663666022595195e-01 9.52849272662374160e-03 1.89583085118827724e-02
1.99965011410127369e+00 2.32660756156377574e-01 9.51190231311149770e-03 1.89255450800622990e-02
1.99965401930651088e+00 2.32657860666007216e-01 9.49534173125730040e-03 1.88928388885901792e-02
1.99965788092431573e+00 2.32654979420987978e-01 9.47881090510926429e-03 1.88601898066999528e-02
1.99966169944118355e+00 2.32652112289937540e-01 9.46230973941361402e-03 1.88275976650406872e-02
1.99966547533817995e+00 2.32649259141320369e-01 9.44583812603345084e-03 1.87950622684332144e-02
1.99966920909100065e+00 2.32646419844105196e-01 9.42939594973337021e-03 1.87625834073665773e-02
1.99967290117003271e+00 2.32643594268354292e-01 9.41298309336939185e-03 1.87301608683131116e-02
1.99967655204041228e+00 2.32640782285751524e-01 9.39659944254889364e-03 1.86977944429904709e-02
1.99968016216208433e+00 2.32637983770068085e-01 9.38024488976197182e-03 1.86654839365736243e-02
1.99968373198986016e+00 2.32635198597576115e-01 9.36391933805695922e-03 1.86332291750012091e-02
1.99968726197347513e+00 2.32632426647410323e-01 9.34762270426974136e-03 1.86010300113953336e-02
1.99969075255764417e+00 2.32629667801883933e-01 9.33135492185714274e-03 1.85688863316947131e-02
1.99969420418211907e+00 2.32626921946759213e-01 9.31511594334328251e-03 1.85367980595189524e-02
1.99969761728174356e+00 2.32624188971478796e-01 9.29890574242556514e-03 1.85047651603564914e-02
1.99970099228650722e+00 2.32621468769361267e-01 9.28272431576748595e-03 1.84727876451302418e-02
1.99970432962160127e+00 2.32618761237759986e-01 9.26657168448215447e-03 1.84408655731487583e-02
1.99970762970747029e+00 2.32616066278192174e-01 9.25044789535742380e-03 1.84089990545439515e-02
1.99971089295986704e+00 2.32613383796439116e-01 9.23435302182358531e-03 1.83771882521972865e-02
1.99971411978990332e+00 2.32610713668020247e-01 9.21828686743614116e-03 1.83454327924817452e-02
1.99971731060410240e+00 2.32608055752553861e-01 9.20224908939210398e-03 1.83137320107587022e-02
1.99972046580445006e+00 2.32605409963318105e-01 9.18623979627113986e-03 1.82820861392412257e-02
1.99972358578844611e+00 2.32602776208941570e-01 9.17025904715729201e-03 1.82504953115880768e-02
1.99972667094915302e+00 2.32600154393693526e-01 9.15430685423278094e-03 1.82189595680606956e-02
1.99972972167524610e+00 2.32597544418491203e-01 9.13838319154729010e-03 1.81874788729531195e-02
1.99973273835106280e+00 2.32594946181818529e-01 9.12248800301394130e-03 1.81560531304851488e-02
1.99973572135665112e+00 2.32592359580558988e-01 9.10662120967166248e-03 1.81246821992377301e-02
1.99973867106781644e+00 2.32589784510751185e-01 9.09078271627484016e-03 1.80933659052515024e-02
1.99974158785617040e+00 2.32587220868267802e-01 9.07497241723176709e-03 1.80621040538313897e-02
1.99974447208917638e+00 2.32584668549428247e-01 9.05919020196738894e-03 1.80308964402070490e-02
1.99974732413019685e+00 2.32582127451545467e-01 9.04343595972175243e-03 1.79997428590719898e-02
1.99975014433853793e+00 2.32579597473415445e-01 9.02770958384925201e-03 1.79686431131305634e-02
1.99975293306949653e+00 2.32577078515746993e-01 9.01201097562080028e-03 1.79375970206573296e-02
1.99975569067440273e+00 2.32574570481548726e-01 8.99634004762264912e-03 1.79066044222544844e-02
1.99975841750066596e+00 2.32572073276458402e-01 8.98069672670084862e-03 1.78756651867066838e-02
1.99976111389181832e+00 2.32569586809035306e-01 8.96508095655614706e-03 1.78447792161409609e-02
1.99976378018755696e+00 2.32567110991010184e-01 8.94949269998458578e-03 1.78139464504824922e-02
1.99976641672378785e+00 2.32564645737496162e-01 8.93393194078370180e-03 1.77831668712458840e-02
1.99976902383266797e+00 2.32562190967166460e-01 8.91839868536733332e-03 1.77524405047472765e-02
1.99977160184264680e+00 2.32559746602399975e-01 8.90289296410643437e-03 1.77217674247718282e-02
1.99977415107850764e+00 2.32557312569397157e-01 8.88741483241263508e-03 1.76911477547299842e-02
1.99977667186140939e+00 2.32554888797383730e-01 8.87196436398352342e-03 1.76605816542327355e-02
1.99977916450892557e+00 2.32552475165080125e-01 8.85654119092724700e-03 1.76300684049593807e-02
1.99978162933508585e+00 2.32550071578239953e-01 8.84114517012528529e-03 1.75996077352883959e-02
1.99978406665041475e+00 2.32547677971757849e-01 8.82577640141008098e-03 1.75691998563989454e-02
1.99978647676197041e+00 2.32545294275297798e-01 8.81043493229268469e-03 1.75388448753187529e-02
1.99978885997338440e+00 2.32542920414336995e-01 8.79512076702262079e-03 1.75085428129355958e-02
1.99979121658489878e+00 2.32540556311120389e-01 8.77983387487179037e-03 1.74782936204663647e-02
1.99979354689340538e+00 2.32538201885526569e-01 8.76457419765669030e-03 1.74480971944122737e-02
1.99979585119248138e+00 2.32535857055857387e-01 8.74934165659869978e-03 1.74179533901980925e-02
1.99979812977242744e+00 2.32533521739547361e-01 8.73413615850557844e-03 1.73878620344623952e-02
1.99980038292030460e+00 2.32531195853806966e-01 8.71895760137155786e-03 1.73578229361919974e-02
1.99980261091996936e+00 2.32528879316198089e-01 8.70380587940691210e-03 1.73278358967223593e-02
1.99980481405211030e+00 2.32526572045152258e-01 8.68868088755834697e-03 1.72979007187258130e-02
1.99980699259428274e+00 2.32524273960429045e-01 8.67358252552989650e-03 1.72680172142069266e-02
1.99980914682094446e+00 2.32521984983524027e-01 8.65851070136131745e-03 1.72381852116183024e-02
1.99981127700349015e+00 2.32519705038028240e-01 8.64346533458915621e-03 1.72084045621466765e-02
1.99981338341028447e+00 2.32517434049942101e-01 8.62844635901950131e-03 1.71786751452271819e-02
1.99981546630669782e+00 2.32515171947948407e-01 8.61345372514108962e-03 1.71489968733426479e-02
1.99981752595513784e+00 2.32512918663645152e-01 8.59848740220570812e-03 1.71193696961615544e-02
1.99981956261508409e+00 2.32510674131745587e-01 8.58354738000778258e-03 1.70897936040778770e-02
1.99982157654311909e+00 2.32508438290242703e-01 8.56863367037567422e-03 1.70602686311779328e-02
1.99982356799296279e+00 2.32506211080545644e-01 8.55374630840511317e-03 1.70307948576945457e-02
1.99982553721550183e+00 2.32503992447588070e-01 8.53888535346252441e-03 1.70013724120036645e-02
1.99982748445882375e+00 2.32501782336853008e-01 8.52405086368866229e-03 1.69720014199317287e-02
1.99982940996824654e+00 2.32499580640143005e-01 8.50924243003084446e-03 1.69426810782839984e-02
1.99983131398635039e+00 2.32497387289832075e-01 8.49445998629945465e-03 1.69134112655072444e-02
1.99983319675300741e+00 2.32495202237499254e-01 8.47970362559509472e-03 1.68841921766579653e-02
1.99983505850541343e+00 2.32493025429597905e-01 8.46497339128015475e-03 1.68550239077857565e-02
1.99983689947811571e+00 2.32490856808459934e-01 8.45026928566865697e-03 1.68259064732130502e-02
1.99983871990304451e+00 2.32488696313204984e-01 8.43559127791123492e-03 1.67968398212149997e-02
1.99984052000954082e+00 2.32486543880574048e-01 8.42093931121508203e-03 1.67678238483767519e-02
1.99984230002438634e+00 2.32484399445680279e-01 8.40631330936312225e-03 1.67388584125576986e-02
1.99984406017183147e+00 2.32482262942692780e-01 8.39171318264665678e-03 1.67099433446893861e-02
1.99984580067362328e+00 2.32480134305450031e-01 8.37713883320152265e-03 1.66810784593875439e-02
1.99984752174903413e+00 2.32478013468011946e-01 8.36259015981244067e-03 1.66522635645067543e-02
1.99984922361488926e+00 2.32475900365155003e-01 8.34806706222320817e-03 1.66234984697124985e-02
1.99985090648559360e+00 2.32473794932812811e-01 8.33356944498244920e-03 1.65947829941297913e-02
1.99985257057315868e+00 2.32471697108465880e-01 8.31909722085409642e-03 1.65661169731263630e-02
1.99985421608723035e+00 2.32469606831485043e-01 8.30465031382345183e-03 1.65375002642917657e-02
1.99985584323511412e+00 2.32467524043434515e-01 8.29022866175546311e-03 1.65089327527247857e-02
1.99985745222180156e+00 2.32465448688330967e-01 8.27583221868037101e-03 1.64804143555801162e-02
1.99985904324999675e+00 2.32463380712868012e-01 8.26146095677895639e-03 1.64519450260176316e-02
1.99986061652014091e+00 2.32461320066608357e-01 8.24711486808062458e-03 1.64235247565805709e-02
1.99986217223043816e+00 2.32459266702140427e-01 8.23279396587283871e-03 1.63951535819999335e-02
1.99986371057688062e+00 2.32457220575209761e-01 8.21849828587736114e-03 1.63668315815350025e-02
1.99986523175327235e+00 2.32455181644822373e-01 8.20422788719340872e-03 1.63385588808504754e-02
1.99986673595125475e+00 2.32453149870926246e-01 8.18998283241873827e-03 1.63103356124829867e-02
1.99986822336032999e+00 2.32451125161268229e-01 8.17576273095641307e-03 1.62821610075911116e-02
1.99986969416788551e+00 2.32449107460437981e-01 8.16156750439571421e-03 1.62540349181536266e-02
1.99987114855921666e+00 2.32447096733641251e-01 8.14739724707437725e-03 1.62259575396265614e-02
1.99987258671755108e+00 2.32445092940943815e-01 8.13325200476332395e-03 1.61979289707906982e-02
1.99987400882407140e+00 2.32443096038244978e-01 8.11913178307733727e-03 1.61699492304800616e-02
1.99987541505793764e+00 2.32441105978163365e-01 8.10503655513781195e-03 1.61420182728230152e-02
1.99987680559631009e+00 2.32439122710843188e-01 8.09096626855101281e-03 1.61141360011222146e-02
1.99987818061437239e+00 2.32437146184683557e-01 8.07692085172951636e-03 1.60863022804283128e-02
1.99987954028535220e+00 2.32435176347003641e-01 8.06290021964951344e-03 1.60585169489916198e-02
1.99988088478054404e+00 2.32433213144637663e-01 8.04890427901719038e-03 1.60307798285386979e-02
1.99988221426933044e+00 2.32431256524474467e-01 8.03493293294586623e-03 1.60030907335758643e-02
1.99988352891920340e+00 2.32429306433935612e-01 8.02098608512039589e-03 1.59754494796730886e-02
1.99988482889578534e+00 2.32427362821407163e-01 8.00706364354292037e-03 1.59478558909151372e-02
1.99988611436285035e+00 2.32425425636617805e-01 7.99316552383604745e-03 1.59203098064726635e-02
1.99988738548234468e+00 2.32423494830975075e-01 7.97929165217320380e-03 1.58928110864317504e-02
1.99988864241440667e+00 2.32421570357860513e-01 7.96544196785803696e-03 1.58653596169253813e-02
1.99988988531738743e+00 2.32419652172884295e-01 7.95161642555510320e-03 1.58379553145714808e-02
1.99989111434787081e+00 2.32417740234104275e-01 7.93781499721826593e-03 1.58105981303097581e-02
1.99989232966069275e+00 2.32415834502212953e-01 7.92403767374058945e-03 1.57832880526845125e-02
1.99989353140896120e+00 2.32413934940694705e-01 7.91028446634300941e-03 1.57560251106079914e-02
1.99989471974407529e+00 2.32412041515953793e-01 7.89655540771731432e-03 1.57288093756349917e-02
1.99989589481574370e+00 2.32410154197418450e-01 7.88285055296069834e-03 1.57016409638229722e-02
1.99989705677200513e+00 2.32408272957487283e-01 7.86916997915874938e-03 1.56745200349037057e-02
1.99989820575924515e+00 2.32406397725491765e-01 7.85551338967740466e-03 1.56474460051332469e-02
1.99989934192221575e+00 2.32404528444036501e-01 7.84188059852825026e-03 1.56204185108371595e-02
1.99990046540405375e+00 2.32402665089755628e-01 7.82827170882522023e-03 1.55934377633765303e-02
1.99990157634629728e+00 2.32400807634016188e-01 7.81468677500821510e-03 1.55665038772207255e-02
1.99990267488890594e+00 2.32398956043867372e-01 7.80112581104872981e-03 1.55396168862719317e-02
1.99990376117027635e+00 2.32397110282917541e-01 7.78758879801647475e-03 1.55127767589180801e-02
1.99990483532726082e+00 2.32395270312121816e-01 7.77407569089959630e-03 1.54859834116015394e-02
1.99990589749518399e+00 2.32393436090508054e-01 7.76058642487097768e-03 1.54592367212854631e-02
1.99990694780786016e+00 2.32391607575824749e-01 7.74712092090445135e-03 1.54325365366274458e-02
1.99990798639761014e+00 2.32389784725134108e-01 7.73367909090028928e-03 1.54058826881766382e-02
1.99990901339527771e+00 2.32387967495340048e-01 7.72026084226760858e-03 1.53792749974908053e-02
1.99991002893024672e+00 2.32386155843664483e-01 7.70686608204939824e-03 1.53527132853434264e-02
1.99991103313045615e+00 2.32384349728074369e-01 7.69349472062722580e-03 1.53261973790945680e-02
1.99991202612241770e+00 2.32382549107654851e-01 7.68014667496903954e-03 1.52997271191531829e-02
1.99991300803123062e+00 2.32380753942946022e-01 7.66682187155205263e-03 1.52733023647926465e-02
1.99991397898059797e+00 2.32378964196234494e-01 7.65352024890629448e-03 1.52469229992119766e-02
1.99991493909284235e+00 2.32377179831808389e-01 7.64024175983678278e-03 1.52205889339576093e-02
1.99991588848892077e+00 2.32375400816175526e-01 7.62698637333957593e-03 1.51943001127362708e-02
1.99991682728844000e+00 2.32373627118255710e-01 7.61375407627510031e-03 1.51680565147448085e-02
1.99991775560967278e+00 2.32371858709533113e-01 7.60054487472103333e-03 1.51418581573628686e-02
1.99991867356957043e+00 2.32370095564191054e-01 7.58735879515834780e-03 1.51157050985132983e-02
1.99991958128378022e+00 2.32368337659215551e-01 7.57419588539124874e-03 1.50895974384934305e-02
1.99992047886665758e+00 2.32366584974478207e-01 7.56105621529373859e-03 1.50635353214613136e-02
1.99992136643128227e+00 2.32364837471207786e-01 7.54793969174596610e-03 1.50375185672214796e-02
1.99992224408947172e+00 2.32363095078897547e-01 7.53484594611795837e-03 1.50115464473793130e-02
1.99992311195179528e+00 2.32361357780841687e-01 7.52177506969158634e-03 1.49856191485829918e-02
1.99992397012758794e+00 2.32359625558113403e-01 7.50872713203784743e-03 1.49597368142305627e-02
1.99992481872496519e+00 2.32357898387215739e-01 7.49570216084159344e-03 1.49338995043283643e-02
1.99992565785083465e+00 2.32356176240952533e-01 7.48270014941963563e-03 1.49081072104506659e-02
1.99992648761091152e+00 2.32354459089216675e-01 7.46972106352737641e-03 1.48823598692840245e-02
1.99992730810973107e+00 2.32352746899711166e-01 7.45676484758951100e-03 1.48566573750255112e-02
1.99992811945066151e+00 2.32351039638602014e-01 7.44383143033852841e-03 1.48309995906027153e-02
1.99992892173591730e+00 2.32349337271109069e-01 7.43092072992400984e-03 1.48053863578408319e-02
1.99992971506657202e+00 2.32347639762036956e-01 7.41803265850462558e-03 1.47798175066005174e-02
1.99993049954257152e+00 2.32345947076253473e-01 7.40516712638924438e-03 1.47542928630185755e-02
1.99993127526274583e+00 2.32344259179118218e-01 7.39232404574596911e-03 1.47288122568889172e-02
1.99993204232482191e+00 2.32342576036860232e-01 7.37950333388377646e-03 1.47033755281932698e-02
1.99993280082543579e+00 2.32340897616919811e-01 7.36670491620550032e-03 1.46779825329777010e-02
1.99993355086014546e+00 2.32339223888239965e-01 7.35392872875215327e-03 1.46526331484163573e-02
1.99993429252344179e+00 2.32337554821530456e-01 7.34117472049041625e-03 1.46273272773638149e-02
1.99993502590876115e+00 2.32335890389491095e-01 7.32844285525934089e-03 1.46020648522295696e-02
1.99993575110849720e+00 2.32334230567003946e-01 7.31573311345061136e-03 1.45768458383223522e-02
1.99993646821401216e+00 2.32332575331297031e-01 7.30304549344020122e-03 1.45516702366997076e-02
1.99993717731564846e+00 2.32330924662081661e-01 7.29038001279166351e-03 1.45265380865631805e-02
1.99993787850274085e+00 2.32329278541661688e-01 7.27773670922192938e-03 1.45014494671810139e-02
1.99993857186362600e+00 2.32327636955024036e-01 7.26511564140246667e-03 1.44764044994830834e-02
1.99993925748565515e+00 2.32325999887650403e-01 7.25251687016430311e-03 1.44514033086577866e-02
1.99993993545520476e+00 2.32324367275720201e-01 7.23994003032555136e-03 1.44264451720589482e-02
1.99994060585768674e+00 2.32322739089828229e-01 7.22738505061022371e-03 1.44015299519319098e-02
1.99994126877755996e+00 2.32321115319787136e-01 7.21485202297394903e-03 1.43766578353316764e-02
1.99994192429834050e+00 2.32319495950472382e-01 7.20234099491602175e-03 1.43518289207995118e-02
1.99994257250261254e+00 2.32317880962700202e-01 7.18985197704783471e-03 1.43270432334258839e-02
1.99994321347203829e+00 2.32316270334027491e-01 7.17738494999969195e-03 1.43023007385967033e-02
1.99994384728736829e+00 2.32314664039483088e-01 7.16493987072244331e-03 1.42776013545351972e-02
1.99994447402845221e+00 2.32313062052226377e-01 7.15251667818145049e-03 1.42529449636346148e-02
1.99994509377424845e+00 2.32311464344149066e-01 7.14011529855074992e-03 1.42283314227961179e-02
1.99994570660283388e+00 2.32309870886418551e-01 7.12773564990126524e-03 1.42037605727597729e-02
1.99994631259141409e+00 2.32308281649962756e-01 7.11537764639875916e-03 1.41792322464600364e-02
1.99994691181633266e+00 2.32306696605908664e-01 7.10304120209272194e-03 1.41547462765670169e-02
1.99994750435308144e+00 2.32305115725972428e-01 7.09072623429121349e-03 1.41303025022037863e-02
1.99994809027630960e+00 2.32303538982806868e-01 7.07843266656825194e-03 1.41059007749323746e-02
1.99994866965983320e+00 2.32301966350306838e-01 7.06616043141230186e-03 1.40815409640255625e-02
1.99994924257664386e+00 2.32300397803880537e-01 7.05390947257858968e-03 1.40572229611491042e-02
1.99994980909891940e+00 2.32298833320680381e-01 7.04167974709377954e-03 1.40329466843523501e-02
1.99995036929803138e+00 2.32297272879808669e-01 7.02947122704391907e-03 1.40087120816272323e-02
1.99995092324455492e+00 2.32295716462489671e-01 7.01728390107253693e-03 1.39845191338905661e-02
1.99995147100827775e+00 2.32294164052212482e-01 7.00511777563104024e-03 1.39603678574734564e-02
1.99995201265820799e+00 2.32292615634856869e-01 6.99297287607419330e-03 1.39362583063020479e-02
1.99995254826258395e+00 2.32291071198783838e-01 6.98084924746564597e-03 1.39121905735016867e-02
1.99995307788888255e+00 2.32289530734915844e-01 6.96874695527708102e-03 1.38881647927889627e-02
1.99995360160382729e+00 2.32287994222981464e-01 6.95666596711251410e-03 1.38641809030451060e-02
1.99995411947339674e+00 2.32286461601865113e-01 6.94460589772245319e-03 1.38402381407865226e-02
1.99995463156283337e+00 2.32284932862761972e-01 6.93256681020498148e-03 1.38163366349548702e-02
1.99995513793665136e+00 2.32283407998389646e-01 6.92054877920151527e-03 1.37924765374362428e-02
1.99995563865864501e+00 2.32281886996936277e-01 6.90855183886939991e-03 1.37686579195005938e-02
1.99995613379189630e+00 2.32280369842883444e-01 6.89657598997365888e-03 1.37448807859186974e-02
1.99995662339878311e+00 2.32278856517752375e-01 6.88462120632419780e-03 1.37211450877763944e-02
1.99995710754098721e+00 2.32277347000787504e-01 6.87268744066870264e-03 1.36974507342052469e-02
1.99995758627950226e+00 2.32275841269571015e-01 6.86077462999900092e-03 1.36737976029459203e-02
1.99995805967464069e+00 2.32274339300586385e-01 6.84888270041079592e-03 1.36501855500222556e-02
1.99995852778604166e+00 2.32272841069721236e-01 6.83701157144753560e-03 1.36266144183887356e-02
1.99995899067267913e+00 2.32271346552720859e-01 6.82516116001480842e-03 1.36030840457230431e-02
1.99995944839286843e+00 2.32269855725596136e-01 6.81333138390789305e-03 1.35795942714484839e-02
1.99995990100427434e+00 2.32268368564985367e-01 6.80152216493597282e-03 1.35561449429536761e-02
1.99996034856391791e+00 2.32266885048476313e-01 6.78973343170950500e-03 1.35327359211416670e-02
1.99996079112818359e+00 2.32265405154891136e-01 6.77796512210531756e-03 1.35093670853375248e-02
1.99996122875282678e+00 2.32263928864533842e-01 6.76621718540963701e-03 1.34860383375549411e-02
1.99996166149298027e+00 2.32262456159406577e-01 6.75448958419648179e-03 1.34627496062359499e-02
1.99996208940316156e+00 2.32260987023396342e-01 6.74278229594526581e-03 1.34395008494715799e-02
1.99996251253728019e+00 2.32259521442430922e-01 6.73109531439884234e-03 1.34162920577058781e-02
1.99996293094864308e+00 2.32258059404617412e-01 6.71942865076631708e-03 1.33931232561306582e-02
1.99996334468996273e+00 2.32256600900347304e-01 6.70778233464178024e-03 1.33699945065151246e-02
1.99996375381336344e+00 2.32255145922380030e-01 6.69615641474496578e-03 1.33469059086809404e-02
1.99996415837038732e+00 2.32253694465920701e-01 6.68455095958942532e-03 1.33238576018326130e-02
1.99996455841200138e+00 2.32252246504779214e-01 6.67296585243234899e-03 1.33008493563279567e-02
1.99996495398860374e+00 2.32250801989097089e-01 6.66140077174085399e-03 1.32778805348105523e-02
1.99996534515003033e+00 2.32249360917582609e-01 6.64985581256129828e-03 1.32549513292756944e-02
1.99996573194556015e+00 2.32247923285662045e-01 6.63833104052548133e-03 1.32320618731307602e-02
1.99996611442392291e+00 2.32246489084489749e-01 6.62682648334919980e-03 1.32092122242705671e-02
1.99996649263330384e+00 2.32245058301731200e-01 6.61534213757854987e-03 1.31864023785091388e-02
1.99996686662135081e+00 2.32243630922266880e-01 6.60387797466391053e-03 1.31636322816733459e-02
1.99996723643517949e+00 2.32242206928843509e-01 6.59243394656773563e-03 1.31409018407680454e-02
1.99996760212137992e+00 2.32240786302654850e-01 6.58100999078147127e-03 1.31182109339651812e-02
1.99996796372602237e+00 2.32239369023877512e-01 6.56960603493596425e-03 1.30955594197832339e-02
1.99996832129466218e+00 2.32237955072144453e-01 6.55822200090093801e-03 1.30729471452497564e-02
1.99996867487234686e+00 2.32236544426975861e-01 6.54685780849330237e-03 1.30503739532850070e-02
1.99996902450362102e+00 2.32235137068165620e-01 6.53551337881778504e-03 1.30278396893534903e-02
1.99996937023253185e+00 2.32233732976122875e-01 6.52418863721737630e-03 1.30053442073387784e-02
1.99996971210263519e+00 2.32232332132177227e-01 6.51288351590891511e-03 1.29828873747914048e-02
1.99997005015700036e+00 2.32230934518845633e-01 6.50159795629207723e-03 1.29604690775265759e-02
1.99997038443821662e+00 2.32229540120067413e-01 6.49033191098349720e-03 1.29380892236746082e-02
1.99997071498839718e+00 2.32228148921407446e-01 6.47908534557548044e-03 1.29157477471830307e-02
1.99997104184918539e+00 2.32226760910237279e-01 6.46785824020009673e-03 1.28934446109310267e-02
1.99997136506176032e+00 2.32225376075871598e-01 6.45665059072753154e-03 1.28711798091162861e-02
1.99997168466684072e+00 2.32223994409707507e-01 6.44546240995856785e-03 1.28489533696292679e-02
1.99997200070469106e+00 2.32222615905315372e-01 6.43429372843155444e-03 1.28267653556607443e-02
1.99997231321512681e+00 2.32221240558525777e-01 6.42314459517276913e-03 1.28046158671961466e-02
1.99997262223751870e+00 2.32219868367492754e-01 6.41201507825225805e-03 1.27825050421227163e-02
1.99997292781079783e+00 2.32218499307243420e-01 6.40090504584214966e-03 1.27604326202615751e-02
1.99997322997346139e+00 2.32217133333418951e-01 6.38981419841474271e-03 1.27383980075035028e-02
1.99997352876357604e+00 2.32215770447793596e-01 6.37874263243890828e-03 1.27164013982644583e-02
1.99997382421878456e+00 2.32214410648429931e-01 6.36769041154073342e-03 1.26944429215399106e-02
1.99997411637630851e+00 2.32213053929245739e-01 6.35665756279683077e-03 1.26725226335244953e-02
1.99997440527295511e+00 2.32211700280762767e-01 6.34564408318066819e-03 1.26506405304491441e-02
1.99997469094511993e+00 2.32210349690791018e-01 6.33464994546466698e-03 1.26287965603343443e-02
1.99997497342879238e+00 2.32209002145052634e-01 6.32367510359121282e-03 1.26069906336859303e-02
1.99997525275956090e+00 2.32207657627737457e-01 6.31271949746910199e-03 1.25852226330470593e-02
1.99997552897261577e+00 2.32206316122024109e-01 6.30178305746196491e-03 1.25634924219362003e-02
1.99997580210275516e+00 2.32204977610534408e-01 6.29086570830726319e-03 1.25417998526518304e-02
1.99997607218438866e+00 2.32203642075744093e-01 6.27996737266604908e-03 1.25201447733417105e-02
1.99997633925154172e+00 2.32202309500362525e-01 6.26908797438812445e-03 1.24985270345050956e-02
1.99997660333785987e+00 2.32200979867657392e-01 6.25822744132286963e-03 1.24769464945907044e-02
1.99997686447661360e+00 2.32199653161745817e-01 6.24738570783210743e-03 1.24554030250012011e-02
1.99997712270070149e+00 2.32198329367857087e-01 6.23656271705791496e-03 1.24338965146095232e-02
1.99997737804265552e+00 2.32197008472557753e-01 6.22575842286702836e-03 1.24124268736313850e-02
1.99997763053464395e+00 2.32195690463945920e-01 6.21497279153681876e-03 1.23909940369831585e-02
1.99997788020847644e+00 2.32194375331826214e-01 6.20420580325976075e-03 1.23695979672781113e-02
1.99997812709560741e+00 2.32193063067845706e-01 6.19345745333280823e-03 1.23482386571955437e-02
1.99997837122714017e+00 2.32191753665622086e-01 6.18272775325790901e-03 1.23269161316725655e-02
1.99997861263383125e+00 2.32190447120834143e-01 6.17201673153970013e-03 1.23056304494932670e-02
1.99997885134609343e+00 2.32189143431310668e-01 6.16132443444724134e-03 1.22843817048057646e-02
1.99997908739400021e+00 2.32187842597082361e-01 6.15065092648045715e-03 1.22631700280517609e-02
1.99997932080728935e+00 2.32186544602573708e-01 6.13999613713204356e-03 1.22419952807750285e-02
1.99997955161536711e+00 2.32185249401179100e-01 6.12935972819799845e-03 1.22208567913727056e-02
1.99997977984731068e+00 2.32183956995008295e-01 6.11874177996379453e-03 1.21997547217134114e-02
1.99998000553187394e+00 2.32182667384819630e-01 6.10814236039648132e-03 1.21786892091145064e-02
1.99998022869748859e+00 2.32181380567235529e-01 6.09756150119099630e-03 1.21576603186352612e-02
1.99998044937226971e+00 2.32180096535470420e-01 6.08699920404045473e-03 1.21366680555657341e-02
1.99998066758401838e+00 2.32178815279997647e-01 6.07645544638358171e-03 1.21157123768741264e-02
1.99998088336022528e+00 2.32177536789157618e-01 6.06593018664591203e-03 1.20947932016459096e-02
1.99998109672807489e+00 2.32176261049704707e-01 6.05542336895476419e-03 1.20739104204750942e-02
1.99998130771444727e+00 2.32174988047317982e-01 6.04493492753479817e-03 1.20530639042187807e-02
1.99998151634592314e+00 2.32173717767040017e-01 6.03446479049863163e-03 1.20322535115476720e-02
1.99998172264878638e+00 2.32172450193684959e-01 6.02401288336512370e-03 1.20114790959537192e-02
1.99998192664902730e+00 2.32171185312209039e-01 6.01357913224910730e-03 1.19907405121032398e-02
1.99998212837234668e+00 2.32169923108023341e-01 6.00316346656592972e-03 1.19700376212243456e-02
1.99998232784415775e+00 2.32168663567293598e-01 5.99276582161369954e-03 1.19493702962499837e-02
1.99998252508959062e+00 2.32167406677186827e-01 5.98238614070472925e-03 1.19287384260638105e-02
1.99998272013349476e+00 2.32166152426092870e-01 5.97202437708171073e-03 1.19081419193170657e-02
1.99998291300044206e+00 2.32164900803830676e-01 5.96168049569014563e-03 1.18875807079587906e-02
1.99998310371473020e+00 2.32163651801799126e-01 5.95135447449460925e-03 1.18670547498583197e-02
1.99998329230038618e+00 2.32162405413126827e-01 5.94104630576803260e-03 1.18465640313733505e-02
1.99998347878116833e+00 2.32161161632800428e-01 5.93075599719851757e-03 1.18261085695545443e-02
1.99998366318056986e+00 2.32159920457747249e-01 5.92048357261873524e-03 1.18056884135991341e-02
1.99998384552182173e+00 2.32158681886928092e-01 5.91022907279836231e-03 1.17853036464292509e-02
1.99998402582789581e+00 2.32157445921394479e-01 5.89999255594874511e-03 1.17649543856975739e-02
1.99998420412150746e+00 2.32156212558408320e-01 5.88977404712513492e-03 1.17446406829985351e-02
1.99998438042511850e+00 2.32154981750715000e-01 5.87957318772860862e-03 1.17243618256979015e-02
1.99998455476094028e+00 2.32153753493458126e-01 5.86938998352497677e-03 1.17041178269723916e-02
1.99998472715093567e+00 2.32152527790310176e-01 5.85922451315422366e-03 1.16839088451485395e-02
1.99998489761682285e+00 2.32151304640700024e-01 5.84907681820637237e-03 1.16637349647354636e-02
1.99998506618007754e+00 2.32150084040522342e-01 5.83894690934584886e-03 1.16435962086254407e-02
1.99998523286193586e+00 2.32148865982815811e-01 5.82883477214267247e-03 1.16234925497095461e-02
1.99998539768339656e+00 2.32147650458357585e-01 5.81874037219833745e-03 1.16034239210891180e-02
1.99998556066522415e+00 2.32146437456210358e-01 5.80866365986240293e-03 1.15833902254716473e-02
1.99998572182795176e+00 2.32145226964216911e-01 5.79860457449229982e-03 1.15633913436568401e-02
1.99998588119188292e+00 2.32144018969456356e-01 5.78856304838357236e-03 1.15434271423658936e-02
1.99998603877709469e+00 2.32142813458638742e-01 5.77853901017716300e-03 1.15234974810295328e-02
1.99998619460343963e+00 2.32141610418482691e-01 5.76853238810462552e-03 1.15036022182525167e-02
1.99998634869054959e+00 2.32140409836013445e-01 5.75854311257422823e-03 1.14837412169663863e-02
1.99998650105783682e+00 2.32139211698879827e-01 5.74857111888784234e-03 1.14639143498411079e-02
1.99998665172449641e+00 2.32138015995593056e-01 5.73861634931495997e-03 1.14441215034174482e-02
1.99998680070951007e+00 2.32136822715750007e-01 5.72867875501145620e-03 1.14243625819296455e-02
1.99998694803164723e+00 2.32135631850242385e-01 5.71875829782527399e-03 1.14046375109023625e-02
1.99998709370946770e+00 2.32134443391411344e-01 5.70885495163713386e-03 1.13849462398222384e-02
1.99998723776132459e+00 2.32133257333200838e-01 5.69896870368147204e-03 1.13652887447693914e-02
1.99998738020536559e+00 2.32132073671279138e-01 5.68909955559854848e-03 1.13456650305136363e-02
1.99998752105953637e+00 2.32130892403139583e-01 5.67924752430581155e-03 1.13260751322506736e-02
1.99998766034158182e+00 2.32129713528183568e-01 5.66941264271844658e-03 1.13065191170378023e-02
1.99998779806904903e+00 2.32128537047786132e-01 5.65959496031749956e-03 1.12869970849259829e-02
1.99998793425928945e+00 2.32127362965345169e-01 5.64979454357804681e-03 1.12675091698131030e-02
1.99998806892946046e+00 2.32126191254872827e-01 5.64001120562571470e-03 1.12480550008402583e-02
1.99998820209652806e+00 2.32125021886585403e-01 5.63024472651737964e-03 1.12286341412760979e-02
1.99998833377726926e+00 2.32123854867342994e-01 5.62049520131990658e-03 1.12092467819810779e-02
1.99998846398827301e+00 2.32122690199651149e-01 5.61076268721706281e-03 1.11898930383279270e-02
1.99998859274594398e+00 2.32121527882258677e-01 5.60104720866465289e-03 1.11705729604733694e-02
1.99998872006650319e+00 2.32120367910841230e-01 5.59134876327352023e-03 1.11512865450788482e-02
1.99998884596599069e+00 2.32119210278604993e-01 5.58166732700794178e-03 1.11320337456679522e-02
1.99998897046026780e+00 2.32118054976827942e-01 5.57200285885882385e-03 1.11128144819376898e-02
1.99998909356501842e+00 2.32116901995369579e-01 5.56235530522923051e-03 1.10936286484960948e-02
1.99998921529575169e+00 2.32115751323128977e-01 5.55272460387786718e-03 1.10744761227192547e-02
1.99998933566780357e+00 2.32114602948438248e-01 5.54311068732130530e-03 1.10553567715305362e-02
1.99998945469633860e+00 2.32113456859449757e-01 5.53351348616016019e-03 1.10362704580273079e-02
1.99998957239635233e+00 2.32112313044456647e-01 5.52393293184614154e-03 1.10172170469945291e-02
1.99998968878267291e+00 2.32111171492181190e-01 5.51436895917268351e-03 1.09981964098674750e-02
1.99998980386996283e+00 2.32110032192050258e-01 5.50482150864278329e-03 1.09792084294492547e-02
1.99998991767272138e+00 2.32108895134408744e-01 5.49529052831583716e-03 1.09602530035912190e-02
1.99999003020528532e+00 2.32107760310737155e-01 5.48577597568250617e-03 1.09413300489282460e-02
1.99999014148183196e+00 2.32106627713819264e-01 5.47627781910925340e-03 1.09224395037573630e-02
1.99999025151638010e+00 2.32105497337892680e-01 5.46679603914414832e-03 1.09035813306397264e-02
1.99999036032279220e+00 2.32104369178780245e-01 5.45733062964672347e-03 1.08847555186519732e-02
1.99999046791477597e+00 2.32103243233995143e-01 5.44788159869935562e-03 1.08659620852024109e-02
1.99999057430588612e+00 2.32102119502836379e-01 5.43844896943033486e-03 1.08472010776710214e-02
1.99999067950952569e+00 2.32100997986457253e-01 5.42903278060727617e-03 1.08284725745921330e-02
1.99999078353894877e+00 2.32099878687909655e-01 5.41963308702816428e-03 1.08097766864341423e-02
1.99999088640726130e+00 2.32098761608641568e-01 5.41024992936436563e-03 1.07911134955076260e-02
1.99999098812742271e+00 2.32097646706830973e-01 5.40088297547389705e-03 1.07724823412450512e-02
1.99999108871224807e+00 2.32096533976421715e-01 5.39153220081956767e-03 1.07538831760306108e-02
1.99999118817440902e+00 2.32095423423463287e-01 5.38219768477477337e-03 1.07353161592947822e-02
1.99999128652643621e+00 2.32094315049930056e-01 5.37287947132688692e-03 1.07167813799461231e-02
1.99999138378072039e+00 2.32093208854394523e-01 5.36357757488101737e-03 1.06982788679366708e-02
1.99999147994951354e+00 2.32092104832670593e-01 5.35429198579141525e-03 1.06798086052837804e-02
1.99999157504493152e+00 2.32091002978344507e-01 5.34502267495161852e-03 1.06613705352180503e-02
1.99999166907895454e+00 2.32089903283322879e-01 5.33576959849682998e-03 1.06429645715529382e-02
1.99999176206342932e+00 2.32088805738273923e-01 5.32653270162159950e-03 1.06245906062931387e-02
1.99999185401007007e+00 2.32087710333058916e-01 5.31731192229165355e-03 1.06062485170310920e-02
1.99999194493046062e+00 2.32086617057108952e-01 5.30810719448842651e-03 1.05879381734126695e-02
1.99999203483605514e+00 2.32085525899775352e-01 5.29891845123150757e-03 1.05696594431599847e-02
1.99999212373818036e+00 2.32084436850623549e-01 5.28974562711046273e-03 1.05514121971171451e-02
1.99999221164803598e+00 2.32083349899708108e-01 5.28058866066101994e-03 1.05331963139854243e-02
1.99999229857669758e+00 2.32082265037815677e-01 5.27144749645101166e-03 1.05150116844801699e-02
1.99999238453511641e+00 2.32081182256680174e-01 5.26232208694117892e-03 1.04968582150389914e-02
1.99999246953412180e+00 2.32080101549157730e-01 5.25321239399713109e-03 1.04787358308352178e-02
1.99999255358442185e+00 2.32079022909408350e-01 5.24411839044774345e-03 1.04606444788830182e-02
1.99999263669660565e+00 2.32077946333005658e-01 5.23504006104121618e-03 1.04425841299436179e-02
1.99999271888114372e+00 2.32076871817079561e-01 5.22597740367212148e-03 1.04245547809699943e-02
1.99999280014838998e+00 2.32075799360396962e-01 5.21693043007985090e-03 1.04065564564994120e-02
1.99999288050858248e+00 2.32074728963455656e-01 5.20789916665909559e-03 1.03885892102683688e-02
1.99999295997184556e+00 2.32073660628526524e-01 5.19888365483070145e-03 1.03706531259524243e-02
1.99999303854818966e+00 2.32072594359734319e-01 5.18988395173105351e-03 1.03527483185393357e-02
1.99999311624751441e+00 2.32071530153777211e-01 5.18090005031625941e-03 1.03348747751029167e-02
1.99999319307960843e+00 2.32070467969142991e-01 5.17193161431619020e-03 1.03170318265941360e-02
1.99999326905415109e+00 2.32069407808095596e-01 5.16297868415197068e-03 1.02992195546931630e-02
1.99999334418071406e+00 2.32068349676413432e-01 5.15404133027532688e-03 1.02814381009206767e-02
1.99999341846876177e+00 2.32067293576071865e-01 5.14511959015993489e-03 1.02636875410645097e-02
1.99999349192765319e+00 2.32066239505861249e-01 5.13621347363252181e-03 1.02459678958053465e-02
1.99999356456664312e+00 2.32065187461990285e-01 5.12732296806592963e-03 1.02282791410661655e-02
1.99999363639488226e+00 2.32064137438618034e-01 5.11844804296509269e-03 1.02106212171523270e-02
1.99999370742142024e+00 2.32063089428327735e-01 5.10958865404831982e-03 1.01929940368860952e-02
1.99999377765520459e+00 2.32062043422590264e-01 5.10074474723952627e-03 1.01753974935627212e-02
1.99999384710508421e+00 2.32060999412133540e-01 5.09191626185241750e-03 1.01578314672975401e-02
1.99999391577980790e+00 2.32059957387337451e-01 5.08310313399226287e-03 1.01402958318049345e-02
1.99999398368802783e+00 2.32058917338516330e-01 5.07430529899349780e-03 1.01227904592578119e-02
1.99999405083829918e+00 2.32057879256233252e-01 5.06552269412608412e-03 1.01053152256809116e-02
1.99999411723908160e+00 2.32056843131556584e-01 5.05675526080481656e-03 1.00878700153542011e-02
1.99999418289874042e+00 2.32055808956268761e-01 5.04800294639497302e-03 1.00704547244122779e-02
1.99999424782554769e+00 2.32054776723082612e-01 5.03926570607301106e-03 1.00530692645525600e-02
1.99999431202768285e+00 2.32053746425815138e-01 5.03054350432465686e-03 1.00357135660212593e-02
1.99999437551323456e+00 2.32052718059526653e-01 5.02183631614788566e-03 1.00183875800114834e-02
1.99999443829020063e+00 2.32051691620659195e-01 5.01314412824786174e-03 1.00010912810447883e-02
1.99999450036648962e+00 2.32050667107156133e-01 5.00446694006316962e-03 9.98382466901643652e-03
1.99999456174992263e+00 2.32049644518521919e-01 4.99580476429052275e-03 9.96658777024223355e-03
1.99999462244823256e+00 2.32048623855934888e-01 4.98715762785105921e-03 9.94938063938357632e-03
1.99999468246906620e+00 2.32047605122281869e-01 4.97852557219464250e-03 9.93220336005480944e-03
1.99999474181998527e+00 2.32046588322207648e-01 4.96990865372722371e-03 9.91505604567506985e-03
1.99999480050846667e+00 2.32045573451958670e-01 4.96130685635140425e-03 9.89793866514101367e-03
1.99999485854190473e+00 2.32044560471775102e-01 4.95271985373402744e-03 9.88085056898182351e-03
1.99999491592761003e+00 2.32043549385284070e-01 4.94414769299436792e-03 9.86379185211216578e-03
1.99999497267281234e+00 2.32042540198584835e-01 4.93559044236241591e-03 9.84676265151766122e-03
1.99999502878466062e+00 2.32041532914089410e-01 4.92704813814457548e-03 9.82976304054468224e-03
1.99999508427022388e+00 2.32040527531156310e-01 4.91852079017737233e-03 9.81279303977087604e-03
1.99999513913649229e+00 2.32039524046629864e-01 4.91000838648065867e-03 9.79585262628116481e-03
1.99999519339037835e+00 2.32038522455369989e-01 4.90151089781657497e-03 9.77894174275483787e-03
1.99999524703871656e+00 2.32037522750735553e-01 4.89302828185283947e-03 9.76206030576394837e-03
1.99999530008826598e+00 2.32036524924961796e-01 4.88456048642330054e-03 9.74520821227397617e-03
1.99999535254570993e+00 2.32035528969588511e-01 4.87610745320587579e-03 9.72838534697405624e-03
1.99999540441765711e+00 2.32034534875778686e-01 4.86766912047821836e-03 9.71159158777073518e-03
1.99999545571064230e+00 2.32033542634644763e-01 4.85924542592242048e-03 9.69482681137835874e-03
1.99999550643112767e+00 2.32032552237511652e-01 4.85083630889506304e-03 9.67809089784456636e-03
1.99999555658550299e+00 2.32031563676174807e-01 4.84244171265090905e-03 9.66138373498267970e-03
1.99999560618008698e+00 2.32030576943099559e-01 4.83406158606359757e-03 9.64470522180229176e-03
1.99999565522112754e+00 2.32029592031651494e-01 4.82569588560463007e-03 9.62805527245323874e-03
1.99999570371480284e+00 2.32028608936222430e-01 4.81734457643887091e-03 9.61143381841053114e-03
1.99999575166722265e+00 2.32027627652391738e-01 4.80900763380890175e-03 9.59484081123366736e-03
1.99999579908442771e+00 2.32026648177075884e-01 4.80068504432511894e-03 9.57827622513772979e-03
1.99999584597239188e+00 2.32025670508590687e-01 4.79237680650864556e-03 9.56174005807693475e-03
1.99999589233702224e+00 2.32024694646768781e-01 4.78408293179794202e-03 9.54523233375057303e-03
1.99999593818415988e+00 2.32023720593018651e-01 4.77580344506579879e-03 9.52875310263406709e-03
1.99999598351958086e+00 2.32022748350393188e-01 4.76753838520372741e-03 9.51230244314378234e-03
1.99999602834899637e+00 2.32021777923624356e-01 4.75928780542813745e-03 9.49588046224772615e-03
1.99999607267805435e+00 2.32020809313624232e-01 4.75105172591995962e-03 9.47948720105168743e-03
1.99999611651233944e+00 2.32019842481698990e-01 4.74282982561762077e-03 9.46312202038900388e-03
1.99999615985737411e+00 2.32018877427445036e-01 4.73462211311094332e-03 9.44678493827018871e-03
1.99999620271861867e+00 2.32017914157834737e-01 4.72642866038351130e-03 9.43047609907653878e-03
1.99999624510147322e+00 2.32016952676153770e-01 4.71824950753910091e-03 9.41419558362962400e-03
1.99999628701127707e+00 2.32015992982664288e-01 4.71008466850334970e-03 9.39794342055653119e-03
1.99999632845331021e+00 2.32015035075094106e-01 4.70193413525299073e-03 9.38171959472290477e-03
1.99999636943279357e+00 2.32014078949184660e-01 4.69379788252603531e-03 9.36552405662200577e-03
1.99999640995488970e+00 2.32013124599126985e-01 4.68567587158109315e-03 9.34935672986994364e-03
1.99999645002470405e+00 2.32012172017959012e-01 4.67756805362588325e-03 9.33321751804125528e-03
1.99999648964728438e+00 2.32011221197982037e-01 4.66947437339783073e-03 9.31710631180624436e-03
1.99999652882762247e+00 2.32010272131066397e-01 4.66139477180284485e-03 9.30102299419261792e-03
1.99999656757065436e+00 2.32009324808964801e-01 4.65332918861356259e-03 9.28496744596459672e-03
1.99999660588126105e+00 2.32008379223577255e-01 4.64527756475601513e-03 9.26893955018194549e-03
1.99999664376426889e+00 2.32007435367214576e-01 4.63723984457346545e-03 9.25293919671280572e-03
1.99999668122445073e+00 2.32006493232783745e-01 4.62921597743221232e-03 9.23696628543592760e-03
1.99999671826652548e+00 2.32005552813997734e-01 4.62120591952642525e-03 9.22102072983845174e-03
1.99999675489516027e+00 2.32004614105534190e-01 4.61320963524471887e-03 9.20510245974069836e-03
1.99999679111496920e+00 2.32003677103188338e-01 4.60522709849093756e-03 9.18921142392921039e-03
1.99999682693051550e+00 2.32002741803977619e-01 4.59725829358594018e-03 9.17334759195524534e-03
1.99999686234631135e+00 2.32001808206255267e-01 4.58930321624836414e-03 9.15751095608997347e-03
1.99999689736681852e+00 2.32000876309813447e-01 4.58136187448089215e-03 9.14170153309117571e-03
1.99999693199644901e+00 2.31999946115928973e-01 4.57343428896864537e-03 9.12591936499830385e-03
1.99999696623956535e+00 2.31999017627453424e-01 4.56552049385357782e-03 9.11016452067570613e-03
1.99999700010048165e+00 2.31998090848818256e-01 4.55762053678397065e-03 9.09443709591242419e-03
1.99999703358346381e+00 2.31997165785810922e-01 4.54973447698292250e-03 9.07873720957056048e-03
1.99999706669273003e+00 2.31996242409650000e-01 4.54186207580461413e-03 9.06306438661882811e-03
1.99999709943245163e+00 2.31995320705582292e-01 4.53400321534501525e-03 9.04741839277242374e-03
1.99999713180675309e+00 2.31994400682014795e-01 4.52615797709796271e-03 9.03179939130410378e-03
1.99999716381971315e+00 2.31993482343597790e-01 4.51832641009971593e-03 9.01620748076639549e-03
1.99999719547536481e+00 2.31992565691855529e-01 4.51050853635692750e-03 9.00064270581345076e-03
1.99999722677769598e+00 2.31991650725708209e-01 4.50270435534935818e-03 8.98510506617949782e-03
1.99999725773065040e+00 2.31990737441958250e-01 4.49491384822087170e-03 8.96959452503550726e-03
1.99999728833812762e+00 2.31989825835771490e-01 4.48713698191957784e-03 8.95411101724349900e-03
1.99999731860398322e+00 2.31988915901090470e-01 4.47937371276281755e-03 8.93865445646472613e-03
1.99999734853203059e+00 2.31988007630968884e-01 4.47162398932068883e-03 8.92322474091011494e-03
1.99999737812604028e+00 2.31987101017942510e-01 4.46388775560908630e-03 8.90782175970607215e-03
1.99999740738973997e+00 2.31986196054354443e-01 4.45616495389036370e-03 8.89244539847824922e-03
1.99999743632681692e+00 2.31985292732538095e-01 4.44845552626223044e-03 8.87709554252188830e-03
1.99999746494091646e+00 2.31984391045156862e-01 4.44075941757092300e-03 8.86177208260813774e-03
1.99999749323564346e+00 2.31983490985386481e-01 4.43307657698654208e-03 8.84647491812603527e-03
1.99999752121456287e+00 2.31982592547062411e-01 4.42540695928281182e-03 8.83120395963536350e-03
1.99999754888119896e+00 2.31981695724925746e-01 4.41775052694370028e-03 8.81595913306529658e-03
1.99999757623903762e+00 2.31980800514704710e-01 4.41010725087486854e-03 8.80074038113462173e-03
1.99999760329152543e+00 2.31979906913261369e-01 4.40247711166544091e-03 8.78554766586722713e-03
1.99999763004207054e+00 2.31979014918713311e-01 4.39486010063669646e-03 8.77038097068289987e-03
1.99999765649404293e+00 2.31978124530493962e-01 4.38725622036534486e-03 8.75524030144151852e-03
1.99999768265077504e+00 2.31977235749471433e-01 4.37966548570331311e-03 8.74012568847557306e-03
1.99999770851556224e+00 2.31976348577955460e-01 4.37208792384422180e-03 8.72503718672406822e-03
1.99999773409166304e+00 2.31975463019780892e-01 4.36452357504025189e-03 8.70997487716121052e-03
1.99999775938229973e+00 2.31974579080318488e-01 4.35697249269855012e-03 8.69493886698933897e-03
1.99999778439065801e+00 2.31973696755558095e-01 4.34943464932602362e-03 8.67992910208503950e-03
1.99999780911988911e+00 2.31972816009867605e-01 4.34190974494602817e-03 8.66494498498118250e-03
1.99999783357310812e+00 2.31971936848575477e-01 4.33439783237615697e-03 8.64998662171178288e-03
1.99999785775339567e+00 2.31971059278244490e-01 4.32689897499414968e-03 8.63505413936349088e-03
1.99999788166379799e+00 2.31970183302102478e-01 4.31941320737353352e-03 8.62014760757976242e-03
1.99999790530732779e+00 2.31969308920597833e-01 4.31194054006661838e-03 8.60526704809868974e-03
1.99999792868696336e+00 2.31968436131915090e-01 4.30448096405139282e-03 8.59041244362041684e-03
1.99999795180565010e+00 2.31967564932422848e-01 4.29703445458644480e-03 8.57558374549472445e-03
1.99999797466630080e+00 2.31966695317061350e-01 4.28960097455755376e-03 8.56078088039530574e-03
1.99999799727179539e+00 2.31965827279776327e-01 4.28218047820868968e-03 8.54600375775868906e-03
1.99999801962498158e+00 2.31964960813806548e-01 4.27477291362773730e-03 8.53125227474247141e-03
1.99999804172867579e+00 2.31964095912031681e-01 4.26737822573618458e-03 8.51652632218638690e-03
1.99999806358566246e+00 2.31963232567236971e-01 4.25999635857559657e-03 8.50182578917223035e-03
1.99999808519869515e+00 2.31962370772330756e-01 4.25262725718434601e-03 8.48715056676716158e-03
1.99999810657049704e+00 2.31961510520605402e-01 4.24527086983979805e-03 8.47250055249416066e-03
1.99999812770376040e+00 2.31960651805938251e-01 4.23792714979273101e-03 8.45787565379070572e-03
1.99999814860114755e+00 2.31959794622914744e-01 4.23059605633298395e-03 8.44327579013511367e-03
1.99999816926529128e+00 2.31958938967028933e-01 4.22327755651295475e-03 8.42870089648245675e-03
1.99999818969879484e+00 2.31958084834801431e-01 4.21597162616412034e-03 8.41415092529210033e-03
1.99999820990423260e+00 2.31957232223849175e-01 4.20867825050513702e-03 8.39962584774143171e-03
1.99999822988414988e+00 2.31956381133059913e-01 4.20139742563810804e-03 8.38512565670803366e-03
1.99999824964106421e+00 2.31955531562582279e-01 4.19412915846995634e-03 8.37065036661502858e-03
1.99999826917746426e+00 2.31954683513999754e-01 4.18687346820370652e-03 8.35620001640268242e-03
1.99999828849581140e+00 2.31953836990261952e-01 4.17963038576020171e-03 8.34177466837799156e-03
1.99999830759853925e+00 2.31952991995825253e-01 4.17239995497636559e-03 8.32737441060217055e-03
1.99999832648805453e+00 2.31952148536606811e-01 4.16518223222115975e-03 8.31299935612656200e-03
1.99999834516673713e+00 2.31951306594756518e-01 4.15797706902268620e-03 8.29864920947997325e-03
1.99999836363693984e+00 2.31950466146654710e-01 4.15078426714820137e-03 8.28432357596078223e-03
1.99999838190099011e+00 2.31949627201197717e-01 4.14360390847113083e-03 8.27002261949312187e-03
1.99999839996118833e+00 2.31948789763928159e-01 4.13643604590980228e-03 8.25574644624839891e-03
1.99999841781981025e+00 2.31947953837304988e-01 4.12928070575630315e-03 8.24149510929235267e-03
1.99999843547910539e+00 2.31947119421281434e-01 4.12213789265725682e-03 8.22726861851718304e-03
1.99999845294129863e+00 2.31946286513714656e-01 4.11500759314760173e-03 8.21306694769072601e-03
1.99999847020859001e+00 2.31945455110837778e-01 4.10788977971406673e-03 8.19889004255966967e-03
1.99999848728315466e+00 2.31944625207651967e-01 4.10078441417262816e-03 8.18473782758550976e-03
1.99999850416714398e+00 2.31943796798248975e-01 4.09369145045206974e-03 8.17061021149685651e-03
1.99999852086268470e+00 2.31942969876153371e-01 4.08661083754301765e-03 8.15650709317051158e-03
1.99999853737188049e+00 2.31942144434579056e-01 4.07954252170820118e-03 8.14242836604038914e-03
1.99999855369681101e+00 2.31941320466744344e-01 4.07248644919479784e-03 8.12837392350585462e-03
1.99999856983953306e+00 2.31940497966026227e-01 4.06544256757047917e-03 8.11434366159811439e-03
1.99999858580208012e+00 2.31939676926234406e-01 4.05841082807970131e-03 8.10033748367819904e-03
1.99999860158646348e+00 2.31938857341737997e-01 4.05139118673867628e-03 8.08635530262211480e-03
1.99999861719467131e+00 2.31938039207683716e-01 4.04438360621544105e-03 8.07239704456927734e-03
1.99999863262867028e+00 2.31937222520068043e-01 4.03738805645125366e-03 8.05846265016344106e-03
1.99999864789040482e+00 2.31936407275904810e-01 4.03040451610678623e-03 8.04455207743608527e-03
1.99999866298179740e+00 2.31935593473330565e-01 4.02343297346949725e-03 8.03066530361618708e-03
1.99999867790474939e+00 2.31934781111669791e-01 4.01647342701496289e-03 8.01680232625035655e-03
1.99999869266114105e+00 2.31933970191470912e-01 4.00952588572402527e-03 8.00296316383623980e-03
1.99999870725283091e+00 2.31933160714688613e-01 4.00259037064305129e-03 7.98914785893186860e-03
1.99999872168165771e+00 2.31932352684597276e-01 3.99566691414833704e-03 7.97535647669153115e-03
1.99999873594943889e+00 2.31931546105887343e-01 3.98875556077418932e-03 7.96158910651611519e-03
1.99999875005797234e+00 2.31930740984564537e-01 3.98185636634500271e-03 7.94784586032235528e-03
1.99999876400903509e+00 2.31929937295847016e-01 3.97496912133854085e-03 7.93412632077117146e-03
1.99999877780438506e+00 2.31929135024745881e-01 3.96809370058816974e-03 7.92043023878769882e-03
1.99999879144575998e+00 2.31928334179789447e-01 3.96123018153246402e-03 7.90675776940733509e-03
1.99999880493487847e+00 2.31927534766115856e-01 3.95437861235214093e-03 7.89310900930314911e-03
1.99999881827343984e+00 2.31926736785940779e-01 3.94753901600486748e-03 7.87948400483531181e-03
1.99999883146312474e+00 2.31925940239110701e-01 3.94071139498954493e-03 7.86588276155274387e-03
1.99999884450559473e+00 2.31925145123535625e-01 3.93389573507603191e-03 7.85230525163287292e-03
1.99999885740249295e+00 2.31924351435581044e-01 3.92709200868492526e-03 7.83875142062345938e-03
1.99999887015544409e+00 2.31923559170435861e-01 3.92030017805867527e-03 7.82522119376791864e-03
1.99999888276605486e+00 2.31922768322473799e-01 3.91352019837298577e-03 7.81171448221094997e-03
1.99999889523591379e+00 2.31921978885541002e-01 3.90675202021915132e-03 7.79823118795030992e-03
1.99999890756659227e+00 2.31921190853170311e-01 3.89999559145248450e-03 7.78477120752510063e-03
1.99999891975964350e+00 2.31920404218965648e-01 3.89325086049795155e-03 7.77133443860645277e-03
1.99999893181660360e+00 2.31919618976648145e-01 3.88651777675897954e-03 7.75792078081670271e-03
1.99999894373899134e+00 2.31918835120435901e-01 3.87979629387613613e-03 7.74453014222552683e-03
1.99999895552830909e+00 2.31918052645010281e-01 3.87308636945477491e-03 7.73116243881108618e-03
1.99999896718604186e+00 2.31917271545855147e-01 3.86638796797202046e-03 7.71781760025464468e-03
1.99999897871365850e+00 2.31916491819253834e-01 3.85970106076270704e-03 7.70449556991543646e-03
1.99999899011261095e+00 2.31915713462520323e-01 3.85302562800491927e-03 7.69119630878882955e-03
1.99999900138433562e+00 2.31914936473974292e-01 3.84636165851020336e-03 7.67791979509051866e-03
1.99999901253025247e+00 2.31914160853095380e-01 3.83970915105187735e-03 7.66466602690467087e-03
1.99999902355176573e+00 2.31913386600589438e-01 3.83306811493552791e-03 7.65143502332205419e-03
1.99999903445026361e+00 2.31912613718473326e-01 3.82643857072756171e-03 7.63822682589278875e-03
1.99999904522711947e+00 2.31911842210021202e-01 3.81982054979876839e-03 7.62504149771798569e-03
1.99999905588369087e+00 2.31911072079871633e-01 3.81321409524658329e-03 7.61187912528796164e-03
1.99999906642132030e+00 2.31910303334054935e-01 3.80661926212413470e-03 7.59873981893896891e-03
1.99999907684133538e+00 2.31909535950591356e-01 3.80003586406368454e-03 7.58562320741696001e-03
1.99999908714504882e+00 2.31908769912563900e-01 3.79346375829767678e-03 7.57252900645040070e-03
1.99999909733375891e+00 2.31908005228533887e-01 3.78690302160820729e-03 7.55945736972965347e-03
1.99999910740874887e+00 2.31907241903818673e-01 3.78035370278057350e-03 7.54640839509059230e-03
1.99999911737128810e+00 2.31906479940851923e-01 3.77381582572238871e-03 7.53338213074013219e-03
1.99999912722263185e+00 2.31905719339750988e-01 3.76728939434458438e-03 7.52037858499122070e-03
1.99999913696402132e+00 2.31904960098743534e-01 3.76077439624062336e-03 7.50739773360254228e-03
1.99999914659668332e+00 2.31904202214573252e-01 3.75427080618335844e-03 7.49443952675410852e-03
1.99999915612183177e+00 2.31903445682746456e-01 3.74777858825482701e-03 7.48150389329826134e-03
1.99999916554066637e+00 2.31902690498007297e-01 3.74129769993600215e-03 7.46859074891517098e-03
1.99999917485437395e+00 2.31901936654519580e-01 3.73482809367836491e-03 7.45569999925029502e-03
1.99999918406412780e+00 2.31901184146213857e-01 3.72836971989077420e-03 7.44283154587119244e-03
1.99999919317108832e+00 2.31900432966945957e-01 3.72192252831290721e-03 7.42998528900905633e-03
1.99999920217640259e+00 2.31899683110737942e-01 3.71548647008971503e-03 7.41716113169648989e-03
1.99999921108120526e+00 2.31898934572035254e-01 3.70906149998079379e-03 7.40435898417369110e-03
1.99999921988661833e+00 2.31898187345698198e-01 3.70264757630337470e-03 7.39157876377828909e-03
1.99999922859375068e+00 2.31897441427405232e-01 3.69624466438855243e-03 7.37882040183516011e-03
1.99999923720369965e+00 2.31896696813509828e-01 3.68985273536566591e-03 7.36608384123686299e-03
1.99999924571754972e+00 2.31895953501352947e-01 3.68347176884313435e-03 7.35336904178774450e-03
1.99999925413637381e+00 2.31895211489255432e-01 3.67710175285072957e-03 7.34067598009089956e-03
1.99999926246123194e+00 2.31894470776668971e-01 3.67074268513707235e-03 7.32800465213528148e-03
1.99999927069317351e+00 2.31893731364137101e-01 3.66439457283615098e-03 7.31535507263260040e-03
1.99999927883323547e+00 2.31892993253419000e-01 3.65805743353617586e-03 7.30272727714832356e-03
1.99999928688244299e+00 2.31892256447627454e-01 3.65173129645933025e-03 7.29012132445348068e-03
1.99999929484181038e+00 2.31891520951071434e-01 3.64541620111809512e-03 7.27753729384790146e-03
1.99999930271234039e+00 2.31890786769349544e-01 3.63911219811689345e-03 7.26497528675815966e-03
1.99999931049502444e+00 2.31890053892200992e-01 3.63281920133489691e-03 7.25243513183386306e-03
1.99999931819084309e+00 2.31889322292392397e-01 3.62653697834900389e-03 7.23991636585350276e-03
1.99999932580076600e+00 2.31888591977935682e-01 3.62026560049461855e-03 7.22741913160968290e-03
1.99999933332575175e+00 2.31887862954755913e-01 3.61400512109784312e-03 7.21494353596238702e-03
1.99999934076674823e+00 2.31887135226032576e-01 3.60775556979219415e-03 7.20248963849838206e-03
1.99999934812469315e+00 2.31886408792480347e-01 3.60151695494550193e-03 7.19005745637682405e-03
1.99999935540051310e+00 2.31885683652979402e-01 3.59528926908835728e-03 7.17764697515544444e-03
1.99999936259512512e+00 2.31884959804709301e-01 3.58907249007423164e-03 7.16525815111017806e-03
1.99999936970943559e+00 2.31884237243777075e-01 3.58286658648379131e-03 7.15289092201189334e-03
1.99999937674434047e+00 2.31883515965370546e-01 3.57667151895593163e-03 7.14054520978528191e-03
1.99999938370072616e+00 2.31882795964057392e-01 3.57048724276058096e-03 7.12822092564173362e-03
1.99999939057946907e+00 2.31882077234102119e-01 3.56431371053264915e-03 7.11591797553281190e-03
1.99999939738143584e+00 2.31881359769619155e-01 3.55815087359365049e-03 7.10363626278868402e-03
1.99999940410748334e+00 2.31880643564863015e-01 3.55199868444963218e-03 7.09137569310027381e-03
1.99999941075845888e+00 2.31879928614380032e-01 3.54585709810207195e-03 7.07913617713541287e-03
1.99999941733520048e+00 2.31879214913161547e-01 3.53972607336614951e-03 7.06691763316926683e-03
1.99999942383853657e+00 2.31878502456849461e-01 3.53360557464273747e-03 7.05471999061862021e-03
1.99999943026928673e+00 2.31877791241704767e-01 3.52749557165464144e-03 7.04254318951872630e-03
1.99999943662826074e+00 2.31877081264999452e-01 3.52139604281012653e-03 7.03038718722876193e-03
1.99999944291625997e+00 2.31876372524803837e-01 3.51530697338564005e-03 7.01825195481201904e-03
1.99999944913407668e+00 2.31875665020250532e-01 3.50922835779270831e-03 7.00613748155528692e-03
1.99999945528249379e+00 2.31874958751641685e-01 3.50316020050011733e-03 6.99404377680812490e-03
1.99999946136228646e+00 2.31874253720234708e-01 3.49710251420134966e-03 6.98197086633171610e-03
1.99999946737422007e+00 2.31873549928708317e-01 3.49105532381025537e-03 6.96991880026309827e-03
1.99999947331905226e+00 2.31872847380796498e-01 3.48501866332643099e-03 6.95788764686862404e-03
1.99999947919753218e+00 2.31872146081503749e-01 3.47899257767984296e-03 6.94587749622082706e-03
1.99999948501040015e+00 2.31871446033406370e-01 3.47297709084944031e-03 6.93388839658583278e-03
1.99999949075838845e+00 2.31870747205131456e-01 3.46697193415364951e-03 6.92191981229637026e-03
1.99999949644222141e+00 2.31870049595908206e-01 3.46097710269250604e-03 6.90997173400888752e-03
1.99999950206261512e+00 2.31869353212973056e-01 3.45499266056629615e-03 6.89804429004878868e-03
1.99999950762027745e+00 2.31868658060574939e-01 3.44901864610656873e-03 6.88613755732341015e-03
1.99999951311590873e+00 2.31867964140474725e-01 3.44305507617963594e-03 6.87425156990817410e-03
1.99999951855020108e+00 2.31867271452435714e-01 3.43710195041219092e-03 6.86238632747679031e-03
1.99999952392383951e+00 2.31866579994479655e-01 3.43115925340423469e-03 6.85054179971927683e-03
1.99999952923750057e+00 2.31865889763420013e-01 3.42522695931957383e-03 6.83871793549807160e-03
1.99999953449185397e+00 2.31865200755022038e-01 3.41930503327071179e-03 6.82691466561443153e-03
1.99999953968756183e+00 2.31864512964271158e-01 3.41339343363390333e-03 6.81513190742812774e-03
1.99999954482527831e+00 2.31863826385910687e-01 3.40749211667504531e-03 6.80336957408254374e-03
1.99999954990565065e+00 2.31863141014336416e-01 3.40160103565375098e-03 6.79162757272343091e-03
1.99999955492931925e+00 2.31862456843934139e-01 3.39572014372647567e-03 6.77990581028929933e-03
1.99999955989691691e+00 2.31861773869339927e-01 3.38984939619052517e-03 6.76820419798771639e-03
1.99999956480906937e+00 2.31861092085559967e-01 3.38398875151731419e-03 6.75652265335797975e-03
1.99999956966639547e+00 2.31860411488099022e-01 3.37813817246147233e-03 6.74486110248459156e-03
1.99999957446950716e+00 2.31859732073133040e-01 3.37229762754633761e-03 6.73321948296063798e-03
1.99999957921900950e+00 2.31859053837507406e-01 3.36646709105602182e-03 6.72159774387410831e-03
1.99999958391550092e+00 2.31858376779035896e-01 3.36064654560141139e-03 6.70999585092442279e-03
1.99999958855957316e+00 2.31857700896340696e-01 3.35483598075373736e-03 6.69841378370038959e-03
1.99999959315181108e+00 2.31857026189223797e-01 3.34903539623327426e-03 6.68685154203748321e-03
1.99999959769279334e+00 2.31856352658413506e-01 3.34324479973625247e-03 6.67530914168742821e-03
1.99999960218309214e+00 2.31855680305783490e-01 3.33746420881732720e-03 6.66378661807140796e-03
1.99999960662327303e+00 2.31855009134402545e-01 3.33169365131896333e-03 6.65228402713671091e-03
1.99999961101389534e+00 2.31854339148507532e-01 3.32593316513920319e-03 6.64080144489441818e-03
1.99999961535551241e+00 2.31853670353498825e-01 3.32018279819231961e-03 6.62933896734137478e-03
1.99999961964867112e+00 2.31853002740777941e-01 3.31444247769475215e-03 6.61789644962134087e-03
1.99999962389391217e+00 2.31852336283617816e-01 3.30871197457017130e-03 6.60647343500656015e-03
1.99999962809177068e+00 2.31851670989509512e-01 3.30299135471852356e-03 6.59507005539023208e-03
1.99999963224277510e+00 2.31851006864353559e-01 3.29728067031948230e-03 6.58368641528428011e-03
1.99999963634744882e+00 2.31850343911408241e-01 3.29157995075603791e-03 6.57232257370686090e-03
1.99999964040630873e+00 2.31849682131657159e-01 3.28588920579086325e-03 6.56097855052202410e-03
1.99999964441986622e+00 2.31849021524357796e-01 3.28020843028810783e-03 6.54965433585941864e-03
1.99999964838862687e+00 2.31848362087193033e-01 3.27453760552609682e-03 6.53834989273760665e-03
1.99999965231309074e+00 2.31847703816715212e-01 3.26887670302517972e-03 6.52706516470056772e-03
1.99999965619375231e+00 2.31847046708616417e-01 3.26322568687528259e-03 6.51580008046291192e-03
1.99999966003110030e+00 2.31846390758044862e-01 3.25758451646378710e-03 6.50455455935266495e-03
1.99999966382561833e+00 2.31845735959743809e-01 3.25195314767683097e-03 6.49332851371039587e-03
1.99999966757778425e+00 2.31845082308393680e-01 3.24633153584446849e-03 6.48212185476425284e-03
1.99999967128807077e+00 2.31844429798702789e-01 3.24071963652700773e-03 6.47093449420103276e-03
1.99999967495694575e+00 2.31843778425590258e-01 3.23511740708910421e-03 6.45976634730726154e-03
1.99999967858487082e+00 2.31843128184428954e-01 3.22952480879704724e-03 6.44861733715292127e-03
1.99999968217230317e+00 2.31842479071155433e-01 3.22394180776148500e-03 6.43748739647328084e-03
1.99999968571969511e+00 2.31841831082156086e-01 3.21836837396775009e-03 6.42637646573791538e-03
1.99999968922749316e+00 2.31841184214866575e-01 3.21280448642591570e-03 6.41528450341945829e-03
1.99999969269613942e+00 2.31840538467303625e-01 3.20725012915348525e-03 6.40421147798650881e-03
1.99999969612607087e+00 2.31839893838601124e-01 3.20170529578136989e-03 6.39315737708730149e-03
1.99999969951771961e+00 2.31839250328712415e-01 3.19616998700046617e-03 6.38212220246044994e-03
1.99999970287151285e+00 2.31838607938808117e-01 3.19064421397882367e-03 6.37110597674834730e-03
1.99999970618787337e+00 2.31837966670948636e-01 3.18512799555145101e-03 6.36010873789554301e-03
1.99999970946721861e+00 2.31837326528467058e-01 3.17962136151199275e-03 6.34913054571170470e-03
1.99999971270996180e+00 2.31836687515747791e-01 3.17412435070782862e-03 6.33817147807445077e-03
1.99999971591651171e+00 2.31836049638293101e-01 3.16863701161540804e-03 6.32723163207668266e-03
1.99999971908727203e+00 2.31835412879357078e-01 3.16315920087831964e-03 6.31631072197071704e-03
1.99999972222264222e+00 2.31834777220674804e-01 3.15769076203851551e-03 6.30540843586998266e-03
1.99999972532301751e+00 2.31834142670360621e-01 3.15223176606795313e-03 6.29452491576803098e-03
1.99999972838878848e+00 2.31833509233699248e-01 3.14678225953004360e-03 6.28366025494269537e-03
1.99999973142034104e+00 2.31832876913554892e-01 3.14134226810704621e-03 6.27281450499565709e-03
1.99999973441805734e+00 2.31832245710602319e-01 3.13591179859600911e-03 6.26198767983888495e-03
1.99999973738231507e+00 2.31831615623844800e-01 3.13049084337209101e-03 6.25117976459967778e-03
1.99999974031348771e+00 2.31830986650964521e-01 3.12507938340748090e-03 6.24039072164548313e-03
1.99999974321194451e+00 2.31830358788448904e-01 3.11967738936881579e-03 6.22962049277718793e-03
1.99999974607805053e+00 2.31829732032166974e-01 3.11428482657658467e-03 6.21886900912175470e-03
1.99999974891216681e+00 2.31829106377443056e-01 3.10890165564460790e-03 6.20813619241158965e-03
1.99999975171465039e+00 2.31828481819144477e-01 3.10352783324333460e-03 6.19742195651028747e-03
1.99999975448585454e+00 2.31827858352191302e-01 3.09816331648204990e-03 6.18672621615328627e-03
1.99999975722612833e+00 2.31827235971452245e-01 3.09280806202489982e-03 6.17604888518857604e-03
1.99999975993581680e+00 2.31826614672270864e-01 3.08746203061355468e-03 6.16538988559680104e-03
1.99999976261526147e+00 2.31825994450114398e-01 3.08212518405511946e-03 6.15474914148821280e-03
1.99999976526479983e+00 2.31825375301220854e-01 3.07679749078662882e-03 6.14412659019944810e-03
1.99999976788476563e+00 2.31824757222258732e-01 3.07147892295529367e-03 6.13352217647398102e-03
1.99999977047548927e+00 2.31824140210744295e-01 3.06616946000374396e-03 6.12293585961216826e-03
1.99999977303729670e+00 2.31823524265033026e-01 3.06086908860407451e-03 6.11236761334122553e-03
1.99999977557051101e+00 2.31822909384239745e-01 3.05557780197010824e-03 6.10181742444518890e-03
1.99999977807545104e+00 2.31822295568521020e-01 3.05029560228722678e-03 6.09128529761070875e-03
1.99999978055243255e+00 2.31821682819083663e-01 3.04502250078586556e-03 6.08077125557449603e-03
1.99999978300176773e+00 2.31821071138013174e-01 3.03975851626998297e-03 6.07027533618992657e-03
1.99999978542376478e+00 2.31820460528644356e-01 3.03450367830340869e-03 6.05979759878086735e-03
1.99999978781872900e+00 2.31819850995204385e-01 3.02925802414084986e-03 6.04933811802279165e-03
1.99999979018696239e+00 2.31819242543172294e-01 3.02402160181768553e-03 6.03889699010388623e-03
1.99999979252876270e+00 2.31818635156180286e-01 3.01879427098573471e-03 6.02847393521958007e-03
1.99999979484442569e+00 2.31818028816343363e-01 3.01357587821418854e-03 6.01806864746514108e-03
1.99999979713424247e+00 2.31817423531811645e-01 3.00836649455305319e-03 6.00768126896772826e-03
1.99999979939850170e+00 2.31816819307738897e-01 3.00316616521056857e-03 5.99731189027808993e-03
1.99999980163748892e+00 2.31816216146846887e-01 2.99797491441632698e-03 5.98696056007394853e-03
1.99999980385148590e+00 2.31815614050005225e-01 2.99279275042089619e-03 5.97662729513575436e-03
1.99999980604077154e+00 2.31815013016360510e-01 2.98761966660932455e-03 5.96631208257298717e-03
1.99999980820562184e+00 2.31814413043667539e-01 2.98245564435872497e-03 5.95601488552760430e-03
1.99999981034630947e+00 2.31813814128716406e-01 2.97730065672124422e-03 5.94573565052285320e-03
1.99999981246310421e+00 2.31813216267488464e-01 2.97215466976674192e-03 5.93547431014507590e-03
1.99999981455627251e+00 2.31812619455597418e-01 2.96701764638637169e-03 5.92523079063222904e-03
1.99999981662607818e+00 2.31812023688076158e-01 2.96188954446139057e-03 5.91500500822599463e-03
1.99999981867278187e+00 2.31811428960089300e-01 2.95677032299621880e-03 5.90479688140469697e-03
1.99999982069664162e+00 2.31810835266737736e-01 2.95165994044342033e-03 5.89460632754611972e-03
1.99999982269791254e+00 2.31810242603352062e-01 2.94655835722699077e-03 5.88443326796169505e-03
1.99999982467684623e+00 2.31809650965841607e-01 2.94146553875420866e-03 5.87427763390474360e-03
1.99999982663369247e+00 2.31809060350366775e-01 2.93638145259173282e-03 5.86413936094133930e-03
1.99999982856869751e+00 2.31808470753716300e-01 2.93130607172097102e-03 5.85401839544360137e-03
1.99999983048210539e+00 2.31807882173413027e-01 2.92623937544371450e-03 5.84391469639719205e-03
1.99999983237415702e+00 2.31807294607805858e-01 2.92118135017940730e-03 5.83382823699252553e-03
1.99999983424509065e+00 2.31806708056151028e-01 2.91613199016278529e-03 5.82375900601712210e-03
1.99999983609514231e+00 2.31806122518258217e-01 2.91109129440282176e-03 5.81370700179218141e-03
1.99999983792454472e+00 2.31805537995315641e-01 2.90605927378151732e-03 5.80367224632953767e-03
1.99999983973352857e+00 2.31804954489310655e-01 2.90103594606725551e-03 5.79365477538812748e-03
1.99999984152232146e+00 2.31804372003204334e-01 2.89602133742315315e-03 5.78365464148238809e-03
1.99999984329114922e+00 2.31803790540961147e-01 2.89101548265760077e-03 5.77367191438225846e-03
1.99999984504023431e+00 2.31803210107867252e-01 2.88601842796532611e-03 5.76370668657973876e-03
1.99999984676979725e+00 2.31802630695613160e-01 2.88103010230135763e-03 5.75375881655302429e-03
1.99999984848005585e+00 2.31802052279804910e-01 2.87605029590587771e-03 5.74382788589490687e-03
1.99999985017122572e+00 2.31801474867269847e-01 2.87107906825939587e-03 5.73391401362916778e-03
1.99999985184351980e+00 2.31800898463816796e-01 2.86611647004514879e-03 5.72401730121095513e-03
1.99999985349714882e+00 2.31800323072499731e-01 2.86116252819154822e-03 5.71413780268226288e-03
1.99999985513232104e+00 2.31799748694618502e-01 2.85621725448814310e-03 5.70427554186049828e-03
1.99999985674924252e+00 2.31799175329772372e-01 2.85128064605480848e-03 5.69443051327979052e-03
1.99999985834811689e+00 2.31798602976025919e-01 2.84635268677491116e-03 5.68460268505414142e-03
1.99999985992914575e+00 2.31798031630602669e-01 2.84143335326724877e-03 5.67479201079181070e-03
1.99999986149252806e+00 2.31797461289760115e-01 2.83652261382103237e-03 5.66499842747553335e-03
1.99999986303846100e+00 2.31796891949358763e-01 2.83162043329061169e-03 5.65522186522786786e-03
1.99999986456713907e+00 2.31796323604761823e-01 2.82672677224100714e-03 5.64546224561051323e-03
1.99999986607875502e+00 2.31795756251366225e-01 2.82184159151843868e-03 5.63571949074249522e-03
1.99999986757349935e+00 2.31795189884371255e-01 2.81696485026420836e-03 5.62599351934188561e-03
1.99999986905156013e+00 2.31794624499273655e-01 2.81209651017928514e-03 5.61628425523328680e-03
1.99999987051312389e+00 2.31794060091934817e-01 2.80723653609997199e-03 5.60659162849810010e-03
1.99999987195837448e+00 2.31793496658539211e-01 2.80238489564900569e-03 5.59691557478058342e-03
1.99999987338749419e+00 2.31792934195969108e-01 2.79754156245738119e-03 5.58725604171507115e-03
1.99999987480066310e+00 2.31792372701470378e-01 2.79270651329316432e-03 5.57761298320112991e-03
1.99999987619805886e+00 2.31791812173534978e-01 2.78787973565595851e-03 5.56798637455127848e-03
1.99999987757985798e+00 2.31791252610828918e-01 2.78306121855218446e-03 5.55837619409418286e-03
1.99999987894623410e+00 2.31790694013233239e-01 2.77825096145708789e-03 5.54878244104951325e-03
1.99999988029735976e+00 2.31790136381458678e-01 2.77344897099531624e-03 5.53920512890842490e-03
1.99999988163340503e+00 2.31789579717089855e-01 2.76865526132556153e-03 5.52964428620130247e-03
1.99999988295453801e+00 2.31789024022715617e-01 2.76386985526343209e-03 5.52009995873775985e-03
1.99999988426092545e+00 2.31788469301963174e-01 2.75909278457098575e-03 5.51057221018452000e-03
1.99999988555273189e+00 2.31787915559333146e-01 2.75432408854216475e-03 5.50106111924436678e-03
1.99999988683011987e+00 2.31787362797132829e-01 2.74956378755008722e-03 5.49156672684688284e-03
1.99999988809325058e+00 2.31786810987881953e-01 2.74481164506446083e-03 5.48208856107823723e-03
1.99999988934228301e+00 2.31786260130987687e-01 2.74006765644273578e-03 5.47262661293782936e-03
1.99999989057737459e+00 2.31785710232852910e-01 2.73533187737219760e-03 5.46318099385851002e-03
1.99999989179868076e+00 2.31785161297817927e-01 2.73060434573977120e-03 5.45375177973079443e-03
1.99999989300635539e+00 2.31784613327757322e-01 2.72588507816932555e-03 5.44433900400223547e-03
1.99999989420055080e+00 2.31784066322724358e-01 2.72117407557359321e-03 5.43494266875611289e-03
1.99999989538141754e+00 2.31783520281686056e-01 2.71647132948591580e-03 5.42556275734524043e-03
1.99999989654910393e+00 2.31782975202419916e-01 2.71177682118039099e-03 5.41619923264148075e-03
1.99999989770375741e+00 2.31782431081573204e-01 2.70709052218009484e-03 5.40685203805334452e-03
1.99999989884552343e+00 2.31781887915215562e-01 2.70241239902468218e-03 5.39752110703885148e-03
1.99999989997454586e+00 2.31781345699281549e-01 2.69774241707602990e-03 5.38820637069949235e-03
1.99999990109096659e+00 2.31780804429353587e-01 2.69308053866117517e-03 5.37890775407910172e-03
1.99999990219492685e+00 2.31780264100621469e-01 2.68842672271977145e-03 5.36962517546319459e-03
1.99999990328656518e+00 2.31779724708802454e-01 2.68378093273266820e-03 5.36035856219570835e-03
1.99999990436601949e+00 2.31779186249753605e-01 2.67914313338083127e-03 5.35110784401698642e-03
1.99999990543342543e+00 2.31778648719710351e-01 2.67451329260793343e-03 5.34187295717967418e-03
1.99999990648891779e+00 2.31778112115177987e-01 2.66989138068299704e-03 5.33265384258062303e-03
1.99999990753262935e+00 2.31777576433368937e-01 2.66527737396863532e-03 5.32345045327858955e-03
1.99999990856469179e+00 2.31777041672300732e-01 2.66067125576418574e-03 5.31426275617728327e-03
1.99999990958523477e+00 2.31776507830648848e-01 2.65607301504307931e-03 5.30509072950791950e-03
1.99999991059438731e+00 2.31775974907576870e-01 2.65148264498746809e-03 5.29593435990711233e-03
1.99999991159227619e+00 2.31775442903494694e-01 2.64690014952000249e-03 5.28679365544647110e-03
1.99999991257902732e+00 2.31774911819287277e-01 2.64232553666308425e-03 5.27766863238699445e-03
1.99999991355476503e+00 2.31774381657185558e-01 2.63775882603804268e-03 5.26855933013819968e-03
1.99999991451961212e+00 2.31773852420086662e-01 2.63320004301134756e-03 5.25946579958194108e-03
1.99999991547369005e+00 2.31773324111937878e-01 2.62864922200446022e-03 5.25038810967490884e-03
1.99999991641711938e+00 2.31772796737387793e-01 2.62410640348527836e-03 5.24132634144755267e-03
1.99999991735001870e+00 2.31772270288537890e-01 2.61957151969753827e-03 5.23228035986424665e-03
1.99999991827250545e+00 2.31771744742544417e-01 2.61504437397630822e-03 5.22324977253336466e-03
1.99999991918469622e+00 2.31771220105820352e-01 2.61052502200430012e-03 5.21423469086794173e-03
1.99999992008670535e+00 2.31770696384078434e-01 2.60601351341261181e-03 5.20523521418791730e-03
1.99999992097864721e+00 2.31770173580056693e-01 2.60150987218056486e-03 5.19625139060981515e-03
1.99999992186063347e+00 2.31769651695426820e-01 2.59701411307720334e-03 5.18728324984909107e-03
1.99999992273277583e+00 2.31769130729563677e-01 2.59252623106595494e-03 5.17833078208932828e-03
1.99999992359518375e+00 2.31768610681022391e-01 2.58804621403246156e-03 5.16939396337590725e-03
1.99999992444796582e+00 2.31768091547564281e-01 2.58357404300739620e-03 5.16047275606446552e-03
1.99999992529122994e+00 2.31767573325457221e-01 2.57910968614840719e-03 5.15156709681935995e-03
1.99999992612508204e+00 2.31767056011053435e-01 2.57465311232947611e-03 5.14267692372522272e-03
1.99999992694962714e+00 2.31766539600188143e-01 2.57020428596351803e-03 5.13380216596182829e-03
1.99999992776496915e+00 2.31766024088499140e-01 2.56576316975898290e-03 5.12494274930559712e-03
1.99999992857121112e+00 2.31765509471451636e-01 2.56132972493483850e-03 5.11609859656070656e-03
1.99999992936845405e+00 2.31764995745056879e-01 2.55690391741329303e-03 5.10726963991480366e-03
1.99999993015679878e+00 2.31764482905447294e-01 2.55248571415768802e-03 5.09845581363543680e-03
1.99999993093634432e+00 2.31763970949136255e-01 2.54807508541634664e-03 5.08965705854783242e-03
1.99999993170718926e+00 2.31763459872829591e-01 2.54367200309914407e-03 5.08087331879768667e-03
1.99999993246943042e+00 2.31762949674253538e-01 2.53927644790782631e-03 5.07210455607668646e-03
1.99999993322316394e+00 2.31762440351505311e-01 2.53488840374551739e-03 5.06335073847109275e-03
1.99999993396848486e+00 2.31761931903416735e-01 2.53050786084800918e-03 5.05461184670926485e-03
1.99999993470548687e+00 2.31761424329771315e-01 2.52613481765551727e-03 5.04588787789649919e-03
1.99999993543426280e+00 2.31760917630900926e-01 2.52176927733878224e-03 5.03717883858544654e-03
1.99999993615490479e+00 2.31760411808187961e-01 2.51741125212313118e-03 5.02848475340291791e-03
1.99999993686750344e+00 2.31759906863795412e-01 2.51306076096718218e-03 5.01980566041943747e-03
1.99999993757214845e+00 2.31759402800851860e-01 2.50871783115498223e-03 5.01114161432583520e-03
1.99999993826892863e+00 2.31758899623316972e-01 2.50438249713644777e-03 5.00249268412020220e-03
1.99999993895793193e+00 2.31758397335994515e-01 2.50005480064260498e-03 4.99385895333792629e-03
1.99999993963924494e+00 2.31757895923861729e-01 2.49573461237732322e-03 4.98524016403855894e-03
1.99999994031295336e+00 2.31757395371438440e-01 2.49142179910280320e-03 4.97663605041748745e-03
1.99999994097914247e+00 2.31756895685678505e-01 2.48711642109218948e-03 4.96804673303884517e-03
1.99999994163789596e+00 2.31756396871563353e-01 2.48281852159974508e-03 4.95947229847882361e-03
1.99999994228929689e+00 2.31755898931788051e-01 2.47852812415481211e-03 4.95091279393183002e-03
1.99999994293342742e+00 2.31755401867090510e-01 2.47424523540507729e-03 4.94236823288741241e-03
1.99999994357036837e+00 2.31754905677595907e-01 2.46996985670181303e-03 4.93383861824756020e-03
1.99999994420020011e+00 2.31754410361386720e-01 2.46570197178235320e-03 4.92532391775648594e-03
1.99999994482300236e+00 2.31753915915606512e-01 2.46144155628186517e-03 4.91682408298043001e-03
1.99999994543885307e+00 2.31753422337411141e-01 2.45718858593400391e-03 4.90833906567174436e-03
1.99999994604783016e+00 2.31752929622774106e-01 2.45294302627677673e-03 4.89986879723419439e-03
1.99999994665001002e+00 2.31752437767923730e-01 2.44870484503883264e-03 4.89141321343712198e-03
1.99999994724546903e+00 2.31751946768258554e-01 2.44447400279554491e-03 4.88297223577576888e-03
1.99999994783428181e+00 2.31751456619958718e-01 2.44025046685459939e-03 4.87454579917643693e-03
1.99999994841652251e+00 2.31750967319040518e-01 2.43603420311178662e-03 4.86613383574983991e-03
1.99999994899226463e+00 2.31750478861658227e-01 2.43182517865160423e-03 4.85773627998114729e-03
1.99999994956158078e+00 2.31749991244402320e-01 2.42762336432033156e-03 4.84935307386499814e-03
1.99999995012454246e+00 2.31749504464596690e-01 2.42342873728362308e-03 4.84098417200955894e-03
1.99999995068122094e+00 2.31749018519620570e-01 2.41924127518896182e-03 4.83262952999084609e-03
1.99999995123168595e+00 2.31748533407945850e-01 2.41506096510246205e-03 4.82428912218392601e-03
1.99999995177600698e+00 2.31748049128830486e-01 2.41088780086724059e-03 4.81596293649336812e-03
1.99999995231425265e+00 2.31747565681780093e-01 2.40672177846615364e-03 4.80765096510175731e-03
1.99999995284649090e+00 2.31747083067181114e-01 2.40256290147686019e-03 4.79935321535400299e-03
1.99999995337278857e+00 2.31746601286551723e-01 2.39841118323519268e-03 4.79106971407420104e-03
1.99999995389321206e+00 2.31746120341973089e-01 2.39426664193338398e-03 4.78280049778605654e-03
1.99999995440782685e+00 2.31745640236519834e-01 2.39012930433052037e-03 4.77454562011624031e-03
1.99999995491669780e+00 2.31745160974077824e-01 2.38599920418275683e-03 4.76630514866256596e-03
1.99999995541988906e+00 2.31744682559357179e-01 2.38187638235434155e-03 4.75807916521563557e-03
1.99999995591746416e+00 2.31744204977870821e-01 2.37776071410464611e-03 4.74986742089385065e-03
1.99999995640948547e+00 2.31743728214319572e-01 2.37365206768475100e-03 4.74166965282131741e-03
1.99999995689601540e+00 2.31743252275373207e-01 2.36955050086522451e-03 4.73348597655570517e-03
1.99999995737711478e+00 2.31742777166218994e-01 2.36545605861791406e-03 4.72531648208606228e-03
1.99999995785284446e+00 2.31742302889360652e-01 2.36136876276886974e-03 4.71716121319187397e-03
1.99999995832326438e+00 2.31741829445810288e-01 2.35728862227194786e-03 4.70902018794574617e-03
1.99999995878843384e+00 2.31741356835170165e-01 2.35321563391843822e-03 4.70089340013318379e-03
1.99999995924841123e+00 2.31740885056135049e-01 2.34914978666592991e-03 4.69278082789342278e-03
1.99999995970325473e+00 2.31740414106059806e-01 2.34509105791525039e-03 4.68468242629397832e-03
1.99999996015302139e+00 2.31739943982098490e-01 2.34103942332961274e-03 4.67659814692564062e-03
1.99999996059776830e+00 2.31739474680257240e-01 2.33699484867274558e-03 4.66852792161961874e-03
1.99999996103755118e+00 2.31739006196975739e-01 2.33295730344063599e-03 4.66047168964947838e-03
1.99999996147242531e+00 2.31738538528132532e-01 2.32892675229109253e-03 4.65242938063252943e-03
1.99999996190244578e+00 2.31738071669904483e-01 2.32490316244990999e-03 4.64440092930941233e-03
1.99999996232766653e+00 2.31737605618428960e-01 2.32088650080250654e-03 4.63638626974264070e-03
1.99999996274814129e+00 2.31737140369918243e-01 2.31687673488156342e-03 4.62838533728869485e-03
1.99999996316392314e+00 2.31736675921010271e-01 2.31287383588803762e-03 4.62039807462732641e-03
1.99999996357506404e+00 2.31736212269372355e-01 2.30887778389777436e-03 4.61242444215188580e-03
1.99999996398161617e+00 2.31735749412291192e-01 2.30488855570839830e-03 4.60446439372034187e-03
1.99999996438363059e+00 2.31735287348242947e-01 2.30090613837242346e-03 4.59651790365976642e-03
1.99999996478115794e+00 2.31734826076210959e-01 2.29693052331743190e-03 4.58858495503465091e-03
1.99999996517424838e+00 2.31734365595735181e-01 2.29296170677212958e-03 4.58066554049764516e-03
1.99999996556295145e+00 2.31733905907217097e-01 2.28899969239586493e-03 4.57275966753702655e-03
1.99999996594731599e+00 2.31733447011966270e-01 2.28504449167786809e-03 4.56486735927383574e-03
1.99999996632739063e+00 2.31732988911701937e-01 2.28109611964475052e-03 4.55698864589684956e-03
1.99999996670322289e+00 2.31732531609647352e-01 2.27715460429028056e-03 4.54912358347931735e-03
1.99999996707486050e+00 2.31732075108939228e-01 2.27321997286726932e-03 4.54127222662549686e-03
1.99999996744235009e+00 2.31731619414258988e-01 2.26929226594846422e-03 4.53343465652843777e-03
1.99999996780573808e+00 2.31731164519112826e-01 2.26537142769700018e-03 4.52561076186376848e-03
1.99999996816506997e+00 2.31730710401714168e-01 2.26145727034100406e-03 4.51780016784243590e-03
1.99999996852039130e+00 2.31730257067710749e-01 2.25754984279197138e-03 4.51000297232076811e-03
1.99999996887174691e+00 2.31729804522098320e-01 2.25364918833493135e-03 4.50221926191544247e-03
1.99999996921918077e+00 2.31729352768361430e-01 2.24975533720962522e-03 4.49444909718513599e-03
1.99999996956273685e+00 2.31728901807644105e-01 2.24586829946885405e-03 4.48669249838335067e-03
1.99999996990245821e+00 2.31728451640194122e-01 2.24198807742721469e-03 4.47894947030336946e-03
1.99999997023838816e+00 2.31728002264163430e-01 2.23811465532254604e-03 4.47121998165082944e-03
1.99999997057056844e+00 2.31727553678217651e-01 2.23424802181333617e-03 4.46350400994060051e-03
1.99999997089904102e+00 2.31727105879395018e-01 2.23038815152250443e-03 4.45580150466981344e-03
1.99999997122384765e+00 2.31726658863878415e-01 2.22653501169623727e-03 4.44811240060795973e-03
1.99999997154502873e+00 2.31726212628713318e-01 2.22268857701092646e-03 4.44043664734699792e-03
1.99999997186262513e+00 2.31725767169528279e-01 2.21884880992755757e-03 4.43277417009963707e-03
1.99999997217667680e+00 2.31725322482521146e-01 2.21501567781147001e-03 4.42512490386435305e-03
1.99999997248722305e+00 2.31724878564304126e-01 2.21118915160159989e-03 4.41748879077150797e-03
1.99999997279430342e+00 2.31724435410752883e-01 2.20736919588572110e-03 4.40986576027913284e-03
1.99999997309795607e+00 2.31723993019344043e-01 2.20355578905386505e-03 4.40225576939185653e-03
1.99999997339821967e+00 2.31723551386688265e-01 2.19974890203420478e-03 4.39465876022773153e-03
1.99999997369513194e+00 2.31723110510542007e-01 2.19594851563235808e-03 4.38707469462120726e-03
1.99999997398873042e+00 2.31722670388910784e-01 2.19215461280499119e-03 4.37950353870525128e-03
1.99999997427905174e+00 2.31722231021113084e-01 2.18836718782894043e-03 4.37194528121006339e-03
1.99999997456613254e+00 2.31721792406506838e-01 2.18458623532574205e-03 4.36439991156092801e-03
1.99999997485000947e+00 2.31721354544507846e-01 2.18081175041886241e-03 4.35686742019228412e-03
1.99999997513071759e+00 2.31720917436684215e-01 2.17704374679059945e-03 4.34934783458312130e-03
1.99999997540829288e+00 2.31720481084404101e-01 2.17328223640092825e-03 4.34184117878361718e-03
1.99999997568276999e+00 2.31720045490232424e-01 2.16952724153349858e-03 4.33434749745482788e-03
1.99999997595418355e+00 2.31719610657258240e-01 2.16577878899450963e-03 4.32686684429189374e-03
1.99999997622256775e+00 2.31719176589459119e-01 2.16203691325321697e-03 4.31939928829152067e-03
1.99999997648795635e+00 2.31718743289729717e-01 2.15830163943463854e-03 4.31194487978734005e-03
1.99999997675038288e+00 2.31718310734475852e-01 2.15457276412460560e-03 4.30450321271097069e-03
1.99999997700988041e+00 2.31717878921511827e-01 2.15085026861750860e-03 4.29707424987032897e-03
1.99999997726648160e+00 2.31717447856853498e-01 2.14713420496728162e-03 4.28965809538195408e-03
1.99999997752021885e+00 2.31717017544197323e-01 2.14342460521562165e-03 4.28225481339809897e-03
1.99999997777112393e+00 2.31716587985989320e-01 2.13972149061166742e-03 4.27486444651021917e-03
1.99999997801922857e+00 2.31716159182584147e-01 2.13602486436318241e-03 4.26748700128584332e-03
1.99999997826456410e+00 2.31715731133260938e-01 2.13233472039607835e-03 4.26012246575311823e-03
1.99999997850716138e+00 2.31715303836474568e-01 2.12865104552147511e-03 4.25277081372853454e-03
1.99999997874705082e+00 2.31714877290085830e-01 2.12497382142431144e-03 4.24543200878827690e-03
1.99999997898426285e+00 2.31714451490772050e-01 2.12130301958104572e-03 4.23810599412752578e-03
1.99999997921882722e+00 2.31714026435395154e-01 2.11763861305486103e-03 4.23079271610278355e-03
1.99999997945077346e+00 2.31713602120380474e-01 2.11398057114282932e-03 4.22349211355087847e-03
1.99999997968013088e+00 2.31713178541858189e-01 2.11032886059635922e-03 4.21620412022631792e-03
1.99999997990692857e+00 2.31712755695790057e-01 2.10668344671315413e-03 4.20892866698203191e-03
1.99999998013119473e+00 2.31712333579341651e-01 2.10304430517059028e-03 4.20166570538761750e-03
1.99999998035295778e+00 2.31711912188923064e-01 2.09941140513195080e-03 4.19441517401426649e-03
1.99999998057224548e+00 2.31711491521949198e-01 2.09578472442556929e-03 4.18717702873013919e-03
1.99999998078908581e+00 2.31711071575229799e-01 2.09216423566456694e-03 4.17995121499905534e-03
1.99999998100350584e+00 2.31710652347177082e-01 2.08854992528035958e-03 4.17273770586846886e-03
1.99999998121553291e+00 2.31710233835724477e-01 2.08494177557689946e-03 4.16553646615382047e-03
1.99999998142519320e+00 2.31709816041001715e-01 2.08133978779895474e-03 4.15834749847934521e-03
1.99999998163251336e+00 2.31709398962319846e-01 2.07774395613543770e-03 4.15117079139375612e-03
1.99999998183751959e+00 2.31708982599954927e-01 2.07415428309905411e-03 4.14400635006569821e-03
1.99999998204023788e+00 2.31708566954740042e-01 2.07057077600873458e-03 4.13685418926361577e-03
1.99999998224069331e+00 2.31708152029472841e-01 2.06699345912405826e-03 4.12971435757465352e-03
1.99999998243891142e+00 2.31707737826200438e-01 2.06342235023941048e-03 4.12258689069016498e-03
1.99999998263491729e+00 2.31707324348048194e-01 2.05985747644774888e-03 4.11547184286798363e-03
1.99999998282873537e+00 2.31706911599723481e-01 2.05629887848688027e-03 4.10836929560730660e-03
1.99999998302039006e+00 2.31706499577280650e-01 2.05274652243550484e-03 4.10127918130405444e-03
1.99999998320990580e+00 2.31706088257753462e-01 2.04920021026062634e-03 4.09420110459954648e-03
1.99999998339730611e+00 2.31705677646721148e-01 2.04565999022185245e-03 4.08713516201788304e-03
1.99999998358261499e+00 2.31705267748400862e-01 2.04212589883434777e-03 4.08008142664321137e-03
1.99999998376585553e+00 2.31704858566484456e-01 2.03859796807198679e-03 4.07303996247317633e-03
1.99999998394705081e+00 2.31704450102487636e-01 2.03507621113395562e-03 4.06601079601373767e-03
1.99999998412622348e+00 2.31704042357008033e-01 2.03156063329465843e-03 4.05899393793767924e-03
1.99999998430339665e+00 2.31703635327943192e-01 2.02805121653873779e-03 4.05198935241980925e-03
1.99999998447859229e+00 2.31703229014262185e-01 2.02454795208431440e-03 4.04499702205371112e-03
1.99999998465183237e+00 2.31702823413694803e-01 2.02105082045833922e-03 4.03801690808581071e-03
1.99999998482313890e+00 2.31702418522892167e-01 2.01755979288503924e-03 4.03104895318850270e-03
1.99999998499253340e+00 2.31702014338635132e-01 2.01407484170082864e-03 4.02409310224966996e-03
1.99999998516003719e+00 2.31701610857473456e-01 2.01059593725019933e-03 4.01714929617871981e-03
1.99999998532567158e+00 2.31701208075321297e-01 2.00712304439575441e-03 4.01021746494211340e-03
1.99999998548945723e+00 2.31700805989198427e-01 2.00365613753220864e-03 4.00329755753233828e-03
1.99999998565141457e+00 2.31700404596287407e-01 2.00019519245801585e-03 3.99638952574515784e-03
1.99999998581156446e+00 2.31700003892358813e-01 1.99674017279909653e-03 3.98949329708231815e-03
1.99999998596992690e+00 2.31699603875162058e-01 1.99329105924311856e-03 3.98260883310397069e-03
1.99999998612652163e+00 2.31699204542876458e-01 1.98984783618852412e-03 3.97573610278114699e-03
1.99999998628136866e+00 2.31698805893032711e-01 1.98641048244185174e-03 3.96887506392805747e-03
1.99999998643448729e+00 2.31698407924838451e-01 1.98297899127250401e-03 3.96202570323235265e-03
1.99999998658589706e+00 2.31698010636944590e-01 1.97955335115171946e-03 3.95518799781016846e-03
1.99999998673561685e+00 2.31697614029799409e-01 1.97613356605249105e-03 3.94836195572583794e-03
1.99999998688366531e+00 2.31697218104550379e-01 1.97271964597962694e-03 3.94154759709006673e-03
1.99999998703006154e+00 2.31696822861270718e-01 1.96931159167758633e-03 3.93474492353615164e-03
1.99999998717482397e+00 2.31696428301941204e-01 1.96590942034540047e-03 3.92795396954842297e-03
1.99999998731797035e+00 2.31696034430530329e-01 1.96251316632161440e-03 3.92117480382996562e-03
1.99999998745951912e+00 2.31695641249351658e-01 1.95912284968102843e-03 3.91440746661965520e-03
1.99999998759948805e+00 2.31695248762714745e-01 1.95573850771284209e-03 3.90765203252469665e-03
1.99999998773789489e+00 2.31694856962623486e-01 1.95236007152281002e-03 3.90090836407376356e-03
1.99999998787475675e+00 2.31694465831054575e-01 1.94898738568572132e-03 3.89417615095280197e-03
1.99999998801009093e+00 2.31694075373702707e-01 1.94562049944540919e-03 3.88745549165470626e-03
1.99999998814391478e+00 2.31693685594427157e-01 1.94225944621137622e-03 3.88074645305058622e-03
1.99999998827624492e+00 2.31693296496676276e-01 1.93890425583713140e-03 3.87404909489323353e-03
1.99999998840709803e+00 2.31692908081845950e-01 1.93555494046797447e-03 3.86736344157080593e-03
1.99999998853649075e+00 2.31692520349509573e-01 1.93221149652466478e-03 3.86068948606900974e-03
1.99999998866443907e+00 2.31692133299650355e-01 1.92887392395640531e-03 3.85402722840506385e-03
1.99999998879095942e+00 2.31691746929538755e-01 1.92554219931279514e-03 3.84737662187793804e-03
1.99999998891606778e+00 2.31691361236588372e-01 1.92221630037431681e-03 3.84073762223609630e-03
1.99999998903977949e+00 2.31690976219266542e-01 1.91889621400411457e-03 3.83411020335294988e-03
1.99999998916211053e+00 2.31690591873122798e-01 1.91558190190205735e-03 3.82749428886827074e-03
1.99999998928307621e+00 2.31690208195055730e-01 1.91227333739928595e-03 3.82088982563727909e-03
1.99999998940269186e+00 2.31689825181375542e-01 1.90897048875280826e-03 3.81429675038536756e-03
1.99999998952097235e+00 2.31689442829339398e-01 1.90567333238525634e-03 3.80771501613818035e-03
1.99999998963793257e+00 2.31689061135844254e-01 1.90238184161303694e-03 3.80114456972210262e-03
1.99999998975358739e+00 2.31688680097496352e-01 1.89909598724678514e-03 3.79458535296366356e-03
1.99999998986795147e+00 2.31688299711411888e-01 1.89581574449557036e-03 3.78803731647243567e-03
1.99999998998103901e+00 2.31687919976049705e-01 1.89254110014959800e-03 3.78150043398001352e-03
1.99999999009286422e+00 2.31687540889809918e-01 1.88927204049371233e-03 3.77497467821358203e-03
1.99999999020344132e+00 2.31687162451065687e-01 1.88600855158289394e-03 3.76846002144626095e-03
1.99999999031278430e+00 2.31686784658957784e-01 1.88275062609459033e-03 3.76195644917626856e-03
1.99999999042090693e+00 2.31686407513447573e-01 1.87949826378592372e-03 3.75546396104006709e-03
1.99999999052782274e+00 2.31686031015364197e-01 1.87625147189928528e-03 3.74898257162240836e-03
1.99999999063354528e+00 2.31685655165652815e-01 1.87301025868107118e-03 3.74251229751841564e-03
1.99999999073808765e+00 2.31685279966974800e-01 1.86977464718146341e-03 3.73605318488159834e-03
1.99999999084146318e+00 2.31684905421352394e-01 1.86654465494238975e-03 3.72960526887604251e-03
1.99999999094368497e+00 2.31684531531752003e-01 1.86332030765076436e-03 3.72316860093175510e-03
1.99999999104476589e+00 2.31684158302107340e-01 1.86010163933842147e-03 3.71674324914392879e-03
1.99999999114471860e+00 2.31683785727573810e-01 1.85688860828302693e-03 3.71032913028779363e-03
1.99999999124355554e+00 2.31683413788503018e-01 1.85368104501121593e-03 3.70392590595950864e-03
1.99999999134128958e+00 2.31683042488405100e-01 1.85047897991007259e-03 3.69753363699395045e-03
1.99999999143793250e+00 2.31682671834029741e-01 1.84728247130097676e-03 3.69115243998547303e-03
1.99999999153349695e+00 2.31682301826472453e-01 1.84409152873255097e-03 3.68478233414475586e-03
1.99999999162799469e+00 2.31681932468231683e-01 1.84090617384446531e-03 3.67842336280393110e-03
1.99999999172143772e+00 2.31681563759193354e-01 1.83772640573830778e-03 3.67207552428885226e-03
1.99999999181383781e+00 2.31681195698568432e-01 1.83455221768740687e-03 3.66573880527928204e-03
1.99999999190520650e+00 2.31680828285116325e-01 1.83138359906672311e-03 3.65941318466373334e-03
1.99999999199555556e+00 2.31680461515540032e-01 1.82822052151203644e-03 3.65309860591039653e-03
1.99999999208489609e+00 2.31680095388247298e-01 1.82506297135787750e-03 3.64679504182587218e-03
1.99999999217323943e+00 2.31679729899919334e-01 1.82191092004635349e-03 3.64050243548275218e-03
1.99999999226059688e+00 2.31679365046516039e-01 1.81876433279786181e-03 3.63422071753047651e-03
1.99999999234697912e+00 2.31679000826200687e-01 1.81562319383388854e-03 3.62794985655040449e-03
1.99999999243239746e+00 2.31678637233865808e-01 1.81248745916831209e-03 3.62168976481126162e-03
1.99999999251686211e+00 2.31678274268746820e-01 1.80935712226919731e-03 3.61544042935517482e-03
1.99999999260038419e+00 2.31677911926005398e-01 1.80623214147291678e-03 3.60920176709013255e-03
1.99999999268297413e+00 2.31677550203444077e-01 1.80311249789178634e-03 3.60297374039601596e-03
1.99999999276464213e+00 2.31677189099719127e-01 1.79999818000341205e-03 3.59675632636006050e-03
1.99999999284539864e+00 2.31676828612435465e-01 1.79688916721951761e-03 3.59054948397427402e-03
1.99999999292525366e+00 2.31676468741147168e-01 1.79378545576403719e-03 3.58435320579887856e-03
1.99999999300421760e+00 2.31676109483416215e-01 1.79068702468395107e-03 3.57816745010652902e-03
1.99999999308230003e+00 2.31675750840881906e-01 1.78759388819170581e-03 3.57199224537970480e-03
1.99999999315951094e+00 2.31675392813257941e-01 1.78450604389738133e-03 3.56582758696104372e-03
1.99999999323586031e+00 2.31675035400329410e-01 1.78142349002662352e-03 3.55967347142743720e-03
1.99999999331135725e+00 2.31674678606168499e-01 1.77834626178510020e-03 3.55352996918964969e-03
1.99999999338601175e+00 2.31674322430814178e-01 1.77527435959488411e-03 3.54739708122100332e-03
1.99999999345983293e+00 2.31673966878657794e-01 1.77220782142015350e-03 3.54127488345129656e-03
1.99999999353283009e+00 2.31673611953208264e-01 1.76914667761606274e-03 3.53516343662534397e-03
1.99999999360501257e+00 2.31673257654960468e-01 1.76609093252895716e-03 3.52906274953736134e-03
1.99999999367638925e+00 2.31672903963151461e-01 1.76304040704118765e-03 3.52297246448021956e-03
1.99999999374696946e+00 2.31672550876571820e-01 1.75999509079752823e-03 3.51689256089411607e-03
1.99999999381676186e+00 2.31672198401497886e-01 1.75695503803002871e-03 3.51082314721041415e-03
1.99999999388577532e+00 2.31671846540844023e-01 1.75392027396608957e-03 3.50476427393541304e-03
1.99999999395401828e+00 2.31671495297795155e-01 1.75089082615598039e-03 3.49871599619777261e-03
1.99999999402149986e+00 2.31671144670337947e-01 1.74786667730962185e-03 3.49267827958971632e-03
1.99999999408822804e+00 2.31670794660657375e-01 1.74484784633984380e-03 3.48665116197178831e-03
1.99999999415421148e+00 2.31670445266141056e-01 1.74183431078000443e-03 3.48063459858164326e-03
1.99999999421945840e+00 2.31670096485338844e-01 1.73882605818072517e-03 3.47462856464947475e-03
1.99999999428397723e+00 2.31669748314608293e-01 1.73582305718322717e-03 3.46863299764715513e-03
1.99999999434777598e+00 2.31669400751834870e-01 1.73282528960263887e-03 3.46264786134463506e-03
1.99999999441086240e+00 2.31669053795435065e-01 1.72983274183556059e-03 3.45667312865656625e-03
1.99999999447324495e+00 2.31668707439564137e-01 1.72684536352106207e-03 3.45070869910841550e-03
1.99999999453493094e+00 2.31668361684034069e-01 1.72386315308943757e-03 3.44475456963896313e-03
1.99999999459592859e+00 2.31668016523326137e-01 1.72088606299367324e-03 3.43881064539179734e-03
1.99999999465624545e+00 2.31667671955342463e-01 1.71791407519088116e-03 3.43287689041824138e-03
1.99999999471588907e+00 2.31667327977783943e-01 1.71494716990463233e-03 3.42695326531071952e-03
1.99999999477486701e+00 2.31666984588199926e-01 1.71198532605271896e-03 3.42103972805732218e-03
1.99999999483318658e+00 2.31666641785340272e-01 1.70902853290869007e-03 3.41513625732544701e-03
1.99999999489085534e+00 2.31666299566602202e-01 1.70607676808180015e-03 3.40924280849751659e-03
1.99999999494788039e+00 2.31665957932002703e-01 1.70313003177907304e-03 3.40335938207834846e-03
1.99999999500426884e+00 2.31665616881624709e-01 1.70018832477937011e-03 3.39748597971908321e-03
1.99999999506002824e+00 2.31665276412905768e-01 1.69725162504583962e-03 3.39162255752164642e-03
1.99999999511516502e+00 2.31664936530142002e-01 1.69431996970172182e-03 3.38576918971199856e-03
1.99999999516968652e+00 2.31664597232319330e-01 1.69139335007111665e-03 3.37992585907851036e-03
1.99999999522359939e+00 2.31664258522660066e-01 1.68847179402151822e-03 3.37409262137761947e-03
1.99999999527691052e+00 2.31663920403153534e-01 1.68555531878739756e-03 3.36826951114105539e-03
1.99999999532962658e+00 2.31663582877334934e-01 1.68264395494022818e-03 3.36245658953483696e-03
1.99999999538175444e+00 2.31663245947453439e-01 1.67973772196159266e-03 3.35665389558781465e-03
1.99999999543330031e+00 2.31662909606310918e-01 1.67683655777795091e-03 3.35086130536949717e-03
1.99999999548427088e+00 2.31662573837566749e-01 1.67394032142811271e-03 3.34507853738818866e-03
1.99999999553467256e+00 2.31662238646832164e-01 1.67104906140425752e-03 3.33930568861733317e-03
1.99999999558451180e+00 2.31661904037654021e-01 1.66816280838296901e-03 3.33354282044335702e-03
1.99999999563379460e+00 2.31661570014523005e-01 1.66528160117387458e-03 3.32779001047647316e-03
1.99999999568252762e+00 2.31661236575604834e-01 1.66240542402273472e-03 3.32204722736814412e-03
1.99999999573071641e+00 2.31660903725052797e-01 1.65953431281600059e-03 3.31631454286844887e-03
1.99999999577836740e+00 2.31660571459552017e-01 1.65666823901698007e-03 3.31059190008656853e-03
1.99999999582548660e+00 2.31660239777614380e-01 1.65380718984106277e-03 3.30487927357607991e-03
1.99999999587207999e+00 2.31659908676702386e-01 1.65095114345049595e-03 3.29917661980855086e-03
1.99999999591815314e+00 2.31659578156563239e-01 1.64810009771133728e-03 3.29348393459389819e-03
1.99999999596371225e+00 2.31659248211420615e-01 1.64525400284199798e-03 3.28780111860099526e-03
1.99999999600876266e+00 2.31658918841268741e-01 1.64241285883806446e-03 3.28212817188710095e-03
1.99999999605331036e+00 2.31658590040747125e-01 1.63957661950362094e-03 3.27646500227766254e-03
1.99999999609736068e+00 2.31658261808963428e-01 1.63674527718501734e-03 3.27081159455604653e-03
1.99999999614091961e+00 2.31657934139730431e-01 1.63391877855500025e-03 3.26516784230889779e-03
1.99999999618399227e+00 2.31657607033248558e-01 1.63109712538780818e-03 3.25953374914693568e-03
1.99999999622658398e+00 2.31657280487925971e-01 1.62828030399718481e-03 3.25390928781290646e-03
1.99999999626870051e+00 2.31656954498615480e-01 1.62546827003095715e-03 3.24829436982020927e-03
1.99999999631034697e+00 2.31656629065202624e-01 1.62266102255088462e-03 3.24268899337169444e-03
1.99999999635152848e+00 2.31656304187600692e-01 1.61985856085992562e-03 3.23709315715560745e-03
1.99999999639225057e+00 2.31655979862219807e-01 1.61706085404312336e-03 3.23150679952611359e-03
1.99999999643251791e+00 2.31655656092576212e-01 1.61426793248806936e-03 3.22592998124807909e-03
1.99999999647233584e+00 2.31655332876965298e-01 1.61147978154676619e-03 3.22036267316535554e-03
1.99999999651170945e+00 2.31655010215522705e-01 1.60869640244848486e-03 3.21480487782932868e-03
1.99999999655064342e+00 2.31654688112155005e-01 1.60591782895493367e-03 3.20925666275622724e-03
1.99999999658914307e+00 2.31654366565393760e-01 1.60314404846201471e-03 3.20371800288449119e-03
1.99999999662721284e+00 2.31654045581289686e-01 1.60037511323260907e-03 3.19818900268297986e-03
1.99999999666485784e+00 2.31653725160462787e-01 1.59761102868314210e-03 3.19266967308275314e-03
1.99999999670208251e+00 2.31653405309043131e-01 1.59485184776469351e-03 3.18716011993440537e-03
1.99999999673889173e+00 2.31653086008823034e-01 1.59209741338549966e-03 3.18166002949692855e-03
1.99999999677529017e+00 2.31652767252716829e-01 1.58934766444437958e-03 3.17616927979187712e-03
1.99999999681128249e+00 2.31652449045381043e-01 1.58660264118940658e-03 3.17068795132299797e-03
1.99999999684687291e+00 2.31652131393267957e-01 1.58386239935188566e-03 3.16521615549583517e-03
1.99999999688206609e+00 2.31651814297000269e-01 1.58112694436702271e-03 3.15975390327003901e-03
1.99999999691686647e+00 2.31651497757476538e-01 1.57839628404332633e-03 3.15430121033282492e-03
1.99999999695127850e+00 2.31651181774105291e-01 1.57567041332969679e-03 3.14885806668329174e-03
1.99999999698530639e+00 2.31650866347042739e-01 1.57294933362237942e-03 3.14342447518710247e-03
1.99999999701895437e+00 2.31650551475356764e-01 1.57023303692461710e-03 3.13800041994738606e-03
1.99999999705222709e+00 2.31650237152950855e-01 1.56752147068507761e-03 3.13258579609306453e-03
1.99999999708512810e+00 2.31649923383381362e-01 1.56481466562412362e-03 3.12718066503145462e-03
1.99999999711766208e+00 2.31649610158992103e-01 1.56211255573074684e-03 3.12178489500796255e-03
1.99999999714983301e+00 2.31649297477852956e-01 1.55941512439356509e-03 3.11639845291072264e-03
1.99999999718164467e+00 2.31648985339774405e-01 1.55672237001363992e-03 3.11102133560554970e-03
1.99999999721310151e+00 2.31648673737648081e-01 1.55403423130692298e-03 3.10565342077420486e-03
1.99999999724420707e+00 2.31648362672816743e-01 1.55135071989393521e-03 3.10029473168142548e-03
1.99999999727496558e+00 2.31648052139785565e-01 1.54867178841098510e-03 3.09494517380843725e-03
1.99999999730538058e+00 2.31647742139594992e-01 1.54599744587280191e-03 3.08960476522041365e-03
1.99999999733545630e+00 2.31647432666409359e-01 1.54332764197687264e-03 3.08427340553420453e-03
1.99999999736519607e+00 2.31647123723446896e-01 1.54066240452858808e-03 3.07895115034391344e-03
1.99999999739460410e+00 2.31646815304726195e-01 1.53800168197100202e-03 3.07363789676716155e-03
1.99999999742368395e+00 2.31646507411177927e-01 1.53534548237863641e-03 3.06833366100397846e-03
1.99999999745243917e+00 2.31646200043838291e-01 1.53269381473836305e-03 3.06303846108030731e-03
1.99999999748087354e+00 2.31645893201451042e-01 1.53004666826226559e-03 3.05775227553715121e-03
1.99999999750899038e+00 2.31645586887648663e-01 1.52740407433915528e-03 3.05247516714389402e-03
1.99999999753679347e+00 2.31645281101366535e-01 1.52476602383877480e-03 3.04720711776001497e-03
1.99999999756428615e+00 2.31644975846514722e-01 1.52213255055002033e-03 3.04194819495643949e-03
1.99999999759147218e+00 2.31644671122200024e-01 1.51950364682462203e-03 3.03669838356033107e-03
1.99999999761835445e+00 2.31644366937624024e-01 1.51687939210617463e-03 3.03145784232206061e-03
1.99999999764493697e+00 2.31644063289280916e-01 1.51425975621149273e-03 3.02622651107312167e-03
1.99999999767122261e+00 2.31643760166064167e-01 1.51164464329536438e-03 3.02100419835473182e-03
1.99999999769721493e+00 2.31643457558935617e-01 1.50903397540458708e-03 3.01579074852477381e-03
1.99999999772291726e+00 2.31643155472389950e-01 1.50642779138508340e-03 3.01058623928077184e-03
1.99999999774833270e+00 2.31642853911475211e-01 1.50382613484974551e-03 3.00539075782561621e-03
1.99999999777346438e+00 2.31642552879462421e-01 1.50122903407383249e-03 3.00020436072115457e-03
1.99999999779831539e+00 2.31642252378044117e-01 1.49863650370921629e-03 2.99502707731322607e-03
1.99999999782288929e+00 2.31641952402067919e-01 1.49604849935009929e-03 2.98985881900057501e-03
1.99999999784718874e+00 2.31641652955936694e-01 1.49346505902299225e-03 2.98469966179234700e-03
1.99999999787121707e+00 2.31641354034845565e-01 1.49088614131316220e-03 2.97954952304731006e-03
1.99999999789497718e+00 2.31641055638532462e-01 1.48831174399467747e-03 2.97440839838013053e-03
1.99999999791847216e+00 2.31640757763174443e-01 1.48574183411995871e-03 2.96927622205043779e-03
1.99999999794170491e+00 2.31640460407071563e-01 1.48317639705661621e-03 2.96415296489131340e-03
1.99999999796467831e+00 2.31640163567993107e-01 1.48061541359066975e-03 2.95903858858495745e-03
1.99999999798739525e+00 2.31639867243261133e-01 1.47805886065023487e-03 2.95393304710863053e-03
1.99999999800985861e+00 2.31639571429823748e-01 1.47550671193696372e-03 2.94883628799629677e-03
1.99999999803207129e+00 2.31639276124318172e-01 1.47295893847142569e-03 2.94374825342832297e-03
1.99999999805403617e+00 2.31638981323124910e-01 1.47041550905831794e-03 2.93866888116099722e-03
1.99999999807575568e+00 2.31638687028458745e-01 1.46787644284019042e-03 2.93359820948008816e-03
1.99999999809723294e+00 2.31638393233435519e-01 1.46534168045864190e-03 2.92853611990249053e-03
1.99999999811847040e+00 2.31638099940156578e-01 1.46281124007893878e-03 2.92348264876729925e-03
1.99999999813947094e+00 2.31637807144617625e-01 1.46028508719190644e-03 2.91843772722206584e-03
1.99999999816023699e+00 2.31637514848994946e-01 1.45776324061341585e-03 2.91340139291158427e-03
1.99999999818077123e+00 2.31637223052445052e-01 1.45524569310757587e-03 2.90837363145678455e-03
1.99999999820107632e+00 2.31636931754164638e-01 1.45273243778602768e-03 2.90335442917606136e-03
1.99999999822115471e+00 2.31636640956624451e-01 1.45022349601123517e-03 2.89834382881098409e-03
1.99999999824100905e+00 2.31636350659197798e-01 1.44771886242282583e-03 2.89334181973887163e-03
1.99999999826064179e+00 2.31636060864587878e-01 1.44521856039271884e-03 2.88834844872208011e-03
1.99999999828005537e+00 2.31635771575650323e-01 1.44272261460933501e-03 2.88336376515619611e-03
1.99999999829925246e+00 2.31635482792026198e-01 1.44023102202798852e-03 2.87838776305445561e-03
1.99999999831823505e+00 2.31635194523520299e-01 1.43774386729804372e-03 2.87342061156936656e-03
1.99999999833700581e+00 2.31634906756310210e-01 1.43526103116160667e-03 2.86846207252133010e-03
1.99999999835556719e+00 2.31634619476184689e-01 1.43278239099271223e-03 2.86351190098012732e-03
1.99999999837392117e+00 2.31634332693715500e-01 1.43030803806652946e-03 2.85857027934853210e-03
1.99999999839207043e+00 2.31634046407198341e-01 1.42783795773511793e-03 2.85363717847406323e-03
1.99999999841001719e+00 2.31633760620016754e-01 1.42537217924055127e-03 2.84871265684678420e-03
1.99999999842776366e+00 2.31633475333994754e-01 1.42291071836712522e-03 2.84379674606993630e-03
1.99999999844531184e+00 2.31633190553194396e-01 1.42045361020138325e-03 2.83888951628834393e-03
1.99999999846266441e+00 2.31632906269627015e-01 1.41800078585401185e-03 2.83399082998387437e-03
1.99999999847982313e+00 2.31632622488707862e-01 1.41555229208247652e-03 2.82910078059778972e-03
1.99999999849679044e+00 2.31632339204007026e-01 1.41310807344069509e-03 2.82421925744990058e-03
1.99999999851356836e+00 2.31632056415642079e-01 1.41066813097265580e-03 2.81934626267669151e-03
1.99999999853015886e+00 2.31631774123143452e-01 1.40823246065641854e-03 2.81448178829507957e-03
1.99999999854656441e+00 2.31631492317884935e-01 1.40580098809097559e-03 2.80962568576054259e-03
1.99999999856278654e+00 2.31631211006014970e-01 1.40337376635383398e-03 2.80477806112599095e-03
1.99999999857882793e+00 2.31630930174108962e-01 1.40095067964271709e-03 2.79993868315934992e-03
1.99999999859469013e+00 2.31630649827739121e-01 1.39853177606358444e-03 2.79510764798521997e-03
1.99999999861037536e+00 2.31630369960613564e-01 1.39611700135675748e-03 2.79028484728514273e-03
1.99999999862588540e+00 2.31630090574153541e-01 1.39370636781454811e-03 2.78547030565994263e-03
1.99999999864122247e+00 2.31629811661683505e-01 1.39129981786838817e-03 2.78066390818555243e-03
1.99999999865638833e+00 2.31629533224462447e-01 1.38889736241239983e-03 2.77586567667452129e-03
1.99999999867138478e+00 2.31629255263825967e-01 1.38649901300396034e-03 2.77107563426704732e-03
1.99999999868621403e+00 2.31628977772858985e-01 1.38410471001040565e-03 2.76629366192348864e-03
1.99999999870087763e+00 2.31628700757086359e-01 1.38171450113825397e-03 2.76151985498789302e-03
1.99999999871537759e+00 2.31628424213805834e-01 1.37932836310858029e-03 2.75675416703334607e-03
1.99999999872971568e+00 2.31628148144578383e-01 1.37694630942871462e-03 2.75199662510694412e-03
1.99999999874389389e+00 2.31627872546757707e-01 1.37456831730596975e-03 2.74724718375906653e-03
1.99999999875791379e+00 2.31627597426415172e-01 1.37219443916909950e-03 2.74250594777937550e-03
1.99999999877177714e+00 2.31627322785487672e-01 1.36982469177406572e-03 2.73777295071390503e-03
1.99999999878548573e+00 2.31627048626022541e-01 1.36745909283302264e-03 2.73304822802194558e-03
1.99999999879904133e+00 2.31626774950164732e-01 1.36509766090134104e-03 2.72833181685034698e-03
1.99999999881244572e+00 2.31626501756715231e-01 1.36274038566827171e-03 2.72362369667008067e-03
1.99999999882570045e+00 2.31626229029467889e-01 1.36038712726021345e-03 2.71892358803706938e-03
1.99999999883880730e+00 2.31625956767446184e-01 1.35803787729258350e-03 2.71423147427957362e-03
1.99999999885176782e+00 2.31625684977014246e-01 1.35569269073114213e-03 2.70954746527703573e-03
1.99999999886458357e+00 2.31625413662784940e-01 1.35335160742584685e-03 2.70487164070735368e-03
1.99999999887725632e+00 2.31625142823045943e-01 1.35101461264395878e-03 2.70020397122121714e-03
1.99999999888978763e+00 2.31624872459336856e-01 1.34868171970628937e-03 2.69554448349209816e-03
1.99999999890217928e+00 2.31624602567115506e-01 1.34635288945466106e-03 2.69089309937018068e-03
1.99999999891443236e+00 2.31624333155293932e-01 1.34402819881897597e-03 2.68624997256349972e-03
1.99999999892654889e+00 2.31624064212400171e-01 1.34170754883994998e-03 2.68161490547083256e-03
1.99999999893852998e+00 2.31623795745755756e-01 1.33939100271944912e-03 2.67698802437378635e-03
1.99999999895037739e+00 2.31623527747195745e-01 1.33707849003023840e-03 2.67236918865203059e-03
1.99999999896209268e+00 2.31623260212829751e-01 1.33476997722670404e-03 2.66775833134730387e-03
1.99999999897367720e+00 2.31622993143361822e-01 1.33246547040856596e-03 2.66315546468507596e-03
1.99999999898513225e+00 2.31622726539215479e-01 1.33016497325403465e-03 2.65856059605435206e-03
1.99999999899645964e+00 2.31622460390116719e-01 1.32786839713444627e-03 2.65397354847618418e-03
1.99999999900766046e+00 2.31622194701112588e-01 1.32557578562401924e-03 2.64939440902632129e-03
1.99999999901873649e+00 2.31621929461313492e-01 1.32328704478252191e-03 2.64482299011785859e-03
1.99999999902968861e+00 2.31621664680931261e-01 1.32100226275307206e-03 2.64025946784963690e-03
1.99999999904051862e+00 2.31621400348772877e-01 1.31872134297885465e-03 2.63570364941153983e-03
1.99999999905122783e+00 2.31621136464222555e-01 1.31644428017339507e-03 2.63115552429444037e-03
1.99999999906181736e+00 2.31620873032229946e-01 1.31417111707634151e-03 2.62661517791771756e-03
1.99999999907228876e+00 2.31620610046782832e-01 1.31190180183895621e-03 2.62208250677566524e-03
1.99999999908264336e+00 2.31620347507358271e-01 1.30963632998037276e-03 2.61755750197614420e-03
1.99999999909288229e+00 2.31620085419194655e-01 1.30737474673665215e-03 2.61304025393370139e-03
1.99999999910300685e+00 2.31619823782036049e-01 1.30511704993344535e-03 2.60853075836957977e-03
1.99999999911301862e+00 2.31619562589859634e-01 1.30286318763640383e-03 2.60402891161758913e-03
1.99999999912291848e+00 2.31619301854096599e-01 1.30061325852388215e-03 2.59953491084718167e-03
1.99999999913270798e+00 2.31619041568866146e-01 1.29836721188973160e-03 2.59504865485137232e-03
1.99999999914238802e+00 2.31618781746056129e-01 1.29612515035643474e-03 2.59057034868490381e-03
1.99999999915196014e+00 2.31618522379885228e-01 1.29388702407951710e-03 2.58609989286773517e-03
1.99999999916142546e+00 2.31618263467462115e-01 1.29165280811988450e-03 2.58163723760370832e-03
1.99999999917078508e+00 2.31618004995431143e-01 1.28942238720225802e-03 2.57718215258740790e-03
1.99999999918004034e+00 2.31617746964001503e-01 1.28719576318099961e-03 2.57273464161312171e-03
1.99999999918919213e+00 2.31617489384728509e-01 1.28497303581529649e-03 2.56829490402720080e-03
1.99999999919824201e+00 2.31617232248759297e-01 1.28275412875070356e-03 2.56386278739201799e-03
1.99999999920719063e+00 2.31616975570908573e-01 1.28053916986433291e-03 2.55943854719997655e-03
1.99999999921603955e+00 2.31616719339347965e-01 1.27832805711650035e-03 2.55502197969275204e-03
1.99999999922478944e+00 2.31616463566709396e-01 1.27612089954336791e-03 2.55061330271729456e-03
1.99999999923344185e+00 2.31616208238780458e-01 1.27391757452594749e-03 2.54621227139769767e-03
1.99999999924199767e+00 2.31615953359907534e-01 1.27171811959566911e-03 2.54181896074574809e-03
1.99999999925045802e+00 2.31615698927203184e-01 1.26952250985948463e-03 2.53743332108074312e-03
1.99999999925882399e+00 2.31615444937103176e-01 1.26733071458135925e-03 2.53305529104852966e-03
1.99999999926709648e+00 2.31615191392289754e-01 1.26514275692946846e-03 2.52868491696533419e-03
1.99999999927527683e+00 2.31614938281384131e-01 1.26295853873147372e-03 2.52432200277282262e-03
1.99999999928336569e+00 2.31614685613204835e-01 1.26077813610805164e-03 2.51996670055759436e-03
1.99999999929136441e+00 2.31614433375603279e-01 1.25860144424385354e-03 2.51561880099162747e-03
1.99999999929927363e+00 2.31614181577133926e-01 1.25642853698071269e-03 2.51127845161153510e-03
1.99999999930709471e+00 2.31613930205082780e-01 1.25425930462586530e-03 2.50694543334786628e-03
1.99999999931482852e+00 2.31613679260682548e-01 1.25209375783862749e-03 2.50261976753375767e-03
1.99999999932247596e+00 2.31613428745208044e-01 1.24993190764434783e-03 2.49830147623567814e-03
1.99999999933003791e+00 2.31613178660004054e-01 1.24777376567251084e-03 2.49399058272924525e-03
1.99999999933751571e+00 2.31612928991608874e-01 1.24561921577979345e-03 2.48968685506533848e-03
1.99999999934491002e+00 2.31612679748659900e-01 1.24346833252988054e-03 2.48539044223506072e-03
1.99999999935222172e+00 2.31612430932601560e-01 1.24132112841709562e-03 2.48110136924874864e-03
1.99999999935945172e+00 2.31612182545001183e-01 1.23917761699652998e-03 2.47681966323849440e-03
1.99999999936660111e+00 2.31611934579813716e-01 1.23703774613148241e-03 2.47254522011821493e-03
1.99999999937367079e+00 2.31611687038634939e-01 1.23490152962574219e-03 2.46827806752172385e-03
1.99999999938066142e+00 2.31611439931063090e-01 1.23276905034340901e-03 2.46401837103606787e-03
1.99999999938757411e+00 2.31611193251182262e-01 1.23064025726758361e-03 2.45976602881981454e-03
1.99999999939440953e+00 2.31610947008949325e-01 1.22851523635928816e-03 2.45552121265249675e-03
1.99999999940116879e+00 2.31610701198483621e-01 1.22639393690831882e-03 2.45128382131033556e-03
1.99999999940785256e+00 2.31610455819713817e-01 1.22427635830294574e-03 2.44705385357604430e-03
1.99999999941446172e+00 2.31610210857112281e-01 1.22216236652245252e-03 2.44283104169564164e-03
1.99999999942099715e+00 2.31609966313212207e-01 1.22005198347215267e-03 2.43861542950993011e-03
1.99999999942745954e+00 2.31609722197513579e-01 1.21794529117524712e-03 2.43440718094139032e-03
1.99999999943384998e+00 2.31609478501121929e-01 1.21584221290958598e-03 2.43020614279991064e-03
1.99999999944016893e+00 2.31609235239057965e-01 1.21374287833401779e-03 2.42601257414727916e-03
1.99999999944641749e+00 2.31608992399605224e-01 1.21164718636441212e-03 2.42182627311415344e-03
1.99999999945259610e+00 2.31608749995743213e-01 1.20955524903906386e-03 2.41764746355346448e-03
1.99999999945870588e+00 2.31608508013496028e-01 1.20746694577024589e-03 2.41347590462551165e-03
1.99999999946474749e+00 2.31608266455399475e-01 1.20538229846273636e-03 2.40931164012678310e-03
1.99999999947072160e+00 2.31608025323430750e-01 1.20330132420060662e-03 2.40515470422188659e-03
1.99999999947662910e+00 2.31607784610014300e-01 1.20122395762624237e-03 2.40100496638874289e-03
1.99999999948247065e+00 2.31607544316029534e-01 1.19915020634693407e-03 2.39686244185799858e-03
1.99999999948824714e+00 2.31607304432786071e-01 1.19707999538292385e-03 2.39272698088365769e-03
1.99999999949395901e+00 2.31607064969709148e-01 1.19501340609268376e-03 2.38859874602138835e-03
1.99999999949960694e+00 2.31606825926954696e-01 1.19295043984165498e-03 2.38447774003356641e-03
1.99999999950519203e+00 2.31606587285485804e-01 1.19089093235665846e-03 2.38036363480083335e-03
1.99999999951071472e+00 2.31606349054324673e-01 1.18883496152003736e-03 2.37625658593765667e-03
1.99999999951617591e+00 2.31606111223372046e-01 1.18678244019350572e-03 2.37215641941178985e-03
1.99999999952157603e+00 2.31605873801753265e-01 1.18473344715162312e-03 2.36806329262390222e-03
1.99999999952691598e+00 2.31605636779161128e-01 1.18268789346249233e-03 2.36397702796171732e-03
1.99999999953219620e+00 2.31605400164927006e-01 1.18064585968040230e-03 2.35989778638579211e-03
1.99999999953741758e+00 2.31605163948609305e-01 1.17860725571601122e-03 2.35582538797522289e-03
1.99999999954258056e+00 2.31604928139805905e-01 1.17657216442697147e-03 2.35175999829697691e-03
1.99999999954768604e+00 2.31604692727975764e-01 1.17454049486670985e-03 2.34770143572156581e-03
1.99999999955273444e+00 2.31604457723008056e-01 1.17251233240885534e-03 2.34364987084735793e-03
1.99999999955772645e+00 2.31604223124748404e-01 1.17048767575039922e-03 2.33960530112613425e-03
1.99999999956266294e+00 2.31603988922501947e-01 1.16846643262091886e-03 2.33556754228978099e-03
1.99999999956754415e+00 2.31603755137262113e-01 1.16644878423124120e-03 2.33153695639555687e-03
1.99999999957237096e+00 2.31603521758492664e-01 1.16443463968346548e-03 2.32751336192216045e-03
1.99999999957714381e+00 2.31603288797041007e-01 1.16242409262733355e-03 2.32349694601530167e-03
1.99999999958186359e+00 2.31603056235966359e-01 1.16041699687237810e-03 2.31948741666101023e-03
1.99999999958653052e+00 2.31602824077344172e-01 1.15841337030307928e-03 2.31548480952935808e-03
1.99999999959114549e+00 2.31602592309628152e-01 1.15641311330508950e-03 2.31148892569170991e-03
1.99999999959570873e+00 2.31602360954649339e-01 1.15441641432757237e-03 2.30750014168105066e-03
1.99999999960022135e+00 2.31602129987688032e-01 1.15242306006003298e-03 2.30351803143132635e-03
1.99999999960468333e+00 2.31601899439228431e-01 1.15043331362403817e-03 2.29954312063366650e-03
1.99999999960909558e+00 2.31601669293092421e-01 1.14844703542132031e-03 2.29557513046256762e-03
1.99999999961345853e+00 2.31601439554875804e-01 1.14646427376894873e-03 2.29161415748507184e-03
1.99999999961777286e+00 2.31601210217595666e-01 1.14448496842255100e-03 2.28766008139055050e-03
1.99999999962203923e+00 2.31600981273216322e-01 1.14250905004782493e-03 2.28371276370517183e-03
1.99999999962625763e+00 2.31600752749001854e-01 1.14053675396834429e-03 2.27977267457241724e-03
1.99999999963042918e+00 2.31600524611717734e-01 1.13856779336821709e-03 2.27583924104790471e-03
1.99999999963455410e+00 2.31600296875689476e-01 1.13660229190077700e-03 2.27191271018702774e-03
1.99999999963863306e+00 2.31600069530583264e-01 1.13464016039552186e-03 2.26799290388193884e-03
1.99999999964266628e+00 2.31599842590512861e-01 1.13268152067960291e-03 2.26408006554067740e-03
1.99999999964665465e+00 2.31599616031918809e-01 1.13072616943543018e-03 2.26017378901945424e-03
1.99999999965059838e+00 2.31599389868582556e-01 1.12877422562236902e-03 2.25627431199839409e-03
1.99999999965449815e+00 2.31599164088897552e-01 1.12682558908519786e-03 2.25238143442521794e-03
1.99999999965835462e+00 2.31598938680764838e-01 1.12488015541799312e-03 2.24849494775558384e-03
1.99999999966216779e+00 2.31598713671107931e-01 1.12293815700842707e-03 2.24461531627587066e-03
1.99999999966593833e+00 2.31598489048030098e-01 1.12099949119877145e-03 2.24074233493820043e-03
1.99999999966966691e+00 2.31598264799206560e-01 1.11906405163641619e-03 2.23687579131348450e-03
1.99999999967335396e+00 2.31598040925435095e-01 1.11713184522658094e-03 2.23301569923558879e-03
1.99999999967699971e+00 2.31597817441283355e-01 1.11520299772212999e-03 2.22916230997077889e-03
1.99999999968060482e+00 2.31597594334329027e-01 1.11327740193149088e-03 2.22531540941916942e-03
1.99999999968416975e+00 2.31597371605672703e-01 1.11135506737677458e-03 2.22147501664932655e-03
1.99999999968769493e+00 2.31597149256519197e-01 1.10943600448264504e-03 2.21764115253522990e-03
1.99999999969118059e+00 2.31596927302381073e-01 1.10752034716074380e-03 2.21381408465360936e-03
1.99999999969462761e+00 2.31596705716381690e-01 1.10560786347089113e-03 2.20999334969066699e-03
1.99999999969803599e+00 2.31596484528557967e-01 1.10369881268547573e-03 2.20617946567201089e-03
1.99999999970140618e+00 2.31596263740883046e-01 1.10179321186562422e-03 2.20237246674041083e-03
1.99999999970473885e+00 2.31596043339894642e-01 1.09989094484726322e-03 2.19857212087897153e-03
1.99999999970803444e+00 2.31595823308670207e-01 1.09799186554803622e-03 2.19477813619328894e-03
1.99999999971129316e+00 2.31595603656915866e-01 1.09609605775299874e-03 2.19099068009282871e-03
1.99999999971451548e+00 2.31595384386646841e-01 1.09420353889127771e-03 2.18720978746548330e-03
1.99999999971770204e+00 2.31595165482888748e-01 1.09231417974893041e-03 2.18343520022514989e-03
1.99999999972085285e+00 2.31594946974998245e-01 1.09042823373084073e-03 2.17966742467980493e-03
1.99999999972396836e+00 2.31594728860909427e-01 1.08854568303033672e-03 2.17590642530252499e-03
1.99999999972704923e+00 2.31594511121576724e-01 1.08666636328645845e-03 2.17215187377104314e-03
1.99999999973009590e+00 2.31594293752181407e-01 1.08479023292685269e-03 2.16840368706737582e-03
1.99999999973310838e+00 2.31594076779050723e-01 1.08291751920289734e-03 2.16466231923490449e-03
1.99999999973608711e+00 2.31593860196397799e-01 1.08104817218315427e-03 2.16092767055160858e-03
1.99999999973903275e+00 2.31593643981269859e-01 1.07918199377660985e-03 2.15719934529356094e-03
1.99999999974194553e+00 2.31593428142441327e-01 1.07731905973005183e-03 2.15347749481823152e-03
1.99999999974482590e+00 2.31593212671972110e-01 1.07545930152603761e-03 2.14976198226539059e-03
1.99999999974767384e+00 2.31592997595032463e-01 1.07360293642681445e-03 2.14605324171929538e-03
1.99999999975049025e+00 2.31592782869504188e-01 1.07174960091831130e-03 2.14235054695993167e-03
1.99999999975327514e+00 2.31592568520183312e-01 1.06989950903298419e-03 2.13865432561959794e-03
1.99999999975602893e+00 2.31592354538048495e-01 1.06805258292016862e-03 2.13496442219188393e-03
1.99999999975875187e+00 2.31592140931171309e-01 1.06620889226343015e-03 2.13128097592416889e-03
1.99999999976144460e+00 2.31591927672568754e-01 1.06436820418117023e-03 2.12760352157994681e-03
1.99999999976410714e+00 2.31591714787738961e-01 1.06253073877103535e-03 2.12393249891662875e-03
1.99999999976674014e+00 2.31591502249162945e-01 1.06069625852558817e-03 2.12026743345710648e-03
1.99999999976934362e+00 2.31591290082849260e-01 1.05886498795037262e-03 2.11660877377007131e-03
1.99999999977191800e+00 2.31591078279152929e-01 1.05703684381529273e-03 2.11295635360863807e-03
1.99999999977446374e+00 2.31590866828113279e-01 1.05521174016716206e-03 2.10931000128615357e-03
1.99999999977698106e+00 2.31590655738158346e-01 1.05338974977056709e-03 2.10566986221780812e-03
1.99999999977947018e+00 2.31590445018103136e-01 1.05157094873382624e-03 2.10203608850223359e-03
1.99999999978193155e+00 2.31590234658087230e-01 1.04975525197080304e-03 2.09840851019061584e-03
1.99999999978436560e+00 2.31590024647916476e-01 1.04794257151520826e-03 2.09478695158055476e-03
1.99999999978677234e+00 2.31589815015911693e-01 1.04613315183926955e-03 2.09117190115178314e-03
1.99999999978915222e+00 2.31589605752268446e-01 1.04432690834403946e-03 2.08756318993434968e-03
1.99999999979150567e+00 2.31589396846810930e-01 1.04252375322347215e-03 2.08396064255136210e-03
1.99999999979383269e+00 2.31589188324775652e-01 1.04072390432118772e-03 2.08036469426566917e-03
1.99999999979613374e+00 2.31588980156846314e-01 1.03892710856840799e-03 2.07677483941318174e-03
1.99999999979840926e+00 2.31588772331038223e-01 1.03713326254482635e-03 2.07319087141835754e-03
1.99999999980065923e+00 2.31588564877133696e-01 1.03534262334598710e-03 2.06961330399699434e-03
1.99999999980288412e+00 2.31588357782933352e-01 1.03355508570032186e-03 2.06604192687607222e-03
1.99999999980508436e+00 2.31588151034382350e-01 1.03177052831539859e-03 2.06247649776620601e-03
1.99999999980725973e+00 2.31587944679185698e-01 1.02998936297999375e-03 2.05891783943537967e-03
1.99999999980941112e+00 2.31587738659024045e-01 1.02821108632655182e-03 2.05536494622244421e-03
1.99999999981153831e+00 2.31587533020307212e-01 1.02643609896000440e-03 2.05181861854485895e-03
1.99999999981364174e+00 2.31587327745170712e-01 1.02466424669911535e-03 2.04827854838766053e-03
1.99999999981572185e+00 2.31587122814445906e-01 1.02289536410122509e-03 2.04474440523183575e-03
1.99999999981777865e+00 2.31586918252104701e-01 1.02112965809536831e-03 2.04121660253743162e-03
1.99999999981981236e+00 2.31586714060230237e-01 1.01936714667659597e-03 2.03769517628368509e-03
1.99999999982182364e+00 2.31586510195427309e-01 1.01760745528533354e-03 2.03417937813931251e-03
1.99999999982381227e+00 2.31586306703704337e-01 1.01585098106258599e-03 2.03067000160087096e-03
1.99999999982577870e+00 2.31586103563511003e-01 1.01409753800589617e-03 2.02716667506661931e-03
1.99999999982772336e+00 2.31585900752330542e-01 1.01234693177004969e-03 2.02366901026413597e-03
1.99999999982964605e+00 2.31585698317169575e-01 1.01059956811539483e-03 2.02017781791723715e-03
1.99999999983154741e+00 2.31585496211937220e-01 1.00885504921147031e-03 2.01669230319631273e-03
1.99999999983342769e+00 2.31585294436631672e-01 1.00711337505728711e-03 2.01321246612500828e-03
1.99999999983528687e+00 2.31585093015441223e-01 1.00537475445341279e-03 2.00973872391161214e-03
1.99999999983712518e+00 2.31584891949115579e-01 1.00363919388802496e-03 2.00627108955014856e-03
1.99999999983894328e+00 2.31584691189199693e-01 1.00190627512259365e-03 2.00280872743396595e-03
1.99999999984074073e+00 2.31584490809788990e-01 1.00017663775127255e-03 1.99935291550163222e-03
1.99999999984251842e+00 2.31584290737235132e-01 9.98449646072864256e-04 1.99590238365816896e-03
1.99999999984427612e+00 2.31584091021859284e-01 9.96725734469258370e-04 1.99245799983461874e-03
1.99999999984601406e+00 2.31583891664799674e-01 9.95004912785971011e-04 1.98901978374182997e-03
1.99999999984773291e+00 2.31583692615608600e-01 9.93286745585353348e-04 1.98558686541074319e-03
1.99999999984943244e+00 2.31583493926278527e-01 9.91571681681011887e-04 1.98216014161702774e-03
1.99999999985111288e+00 2.31583295598175504e-01 9.89859732886763048e-04 1.97873963600972251e-03
1.99999999985277466e+00 2.31583097606147176e-01 9.88150682113412985e-04 1.97532491488601209e-03
1.99999999985441801e+00 2.31582899950915855e-01 9.86444535619628677e-04 1.97191599079681208e-03
1.99999999985604271e+00 2.31582702682258640e-01 9.84741723089087220e-04 1.96851372228294425e-03
1.99999999985764965e+00 2.31582505702048969e-01 9.83041397475177157e-04 1.96511641687252504e-03
1.99999999985923838e+00 2.31582309092149247e-01 9.81344265435325509e-04 1.96172548653872954e-03
1.99999999986080956e+00 2.31582112798449619e-01 9.79649859921161159e-04 1.95833999815502079e-03
1.99999999986236299e+00 2.31581916875802485e-01 9.77958654442391247e-04 1.95496089785850841e-03
1.99999999986389931e+00 2.31581721266227281e-01 9.76270148530165166e-04 1.95158718573172586e-03
1.99999999986541832e+00 2.31581526023091067e-01 9.74584802869963240e-04 1.94821978228102853e-03
1.99999999986692045e+00 2.31581331113990069e-01 9.72902337766407281e-04 1.94485812869404895e-03
1.99999999986840571e+00 2.31581136562894696e-01 9.71222960149214143e-04 1.94150263845649373e-03
1.99999999986987453e+00 2.31580942334991990e-01 9.69546369523897650e-04 1.93815271118995985e-03
1.99999999987132693e+00 2.31580748453117963e-01 9.67872763025546005e-04 1.93480874080600280e-03
1.99999999987276311e+00 2.31580554910443631e-01 9.66202081716930955e-04 1.93147060956770362e-03
1.99999999987418331e+00 2.31580361699489062e-01 9.64534261042438606e-04 1.92813818851056309e-03
1.99999999987558752e+00 2.31580168842822759e-01 9.62869495827413076e-04 1.92481186693116055e-03
1.99999999987697619e+00 2.31579976301772822e-01 9.61207452261656024e-04 1.92149097787380546e-03
1.99999999987834931e+00 2.31579784098461999e-01 9.59548321323026952e-04 1.91817590294754035e-03
1.99999999987970711e+00 2.31579592224215952e-01 9.57892028144132325e-04 1.91486649258326572e-03
1.99999999988104959e+00 2.31579400701773963e-01 9.56238769026832762e-04 1.91156313903150725e-03
1.99999999988237742e+00 2.31579209458302793e-01 9.54587915271242491e-04 1.90826458611795279e-03
1.99999999988369015e+00 2.31579018580359591e-01 9.52940214069834986e-04 1.90497232682343615e-03
1.99999999988498822e+00 2.31578828026847178e-01 9.51295310675894846e-04 1.90168565235810738e-03
1.99999999988627208e+00 2.31578637755102595e-01 9.49652836824969719e-04 1.89840382691896245e-03
1.99999999988754129e+00 2.31578447854398212e-01 9.48013563153213452e-04 1.89512839034142481e-03
1.99999999988879651e+00 2.31578258248995084e-01 9.46376835877325438e-04 1.89185803632967490e-03
1.99999999989003774e+00 2.31578068962355610e-01 9.44742857546790132e-04 1.88859316962841704e-03
1.99999999989126498e+00 2.31577880018913773e-01 9.43111839099460003e-04 1.88533421174749715e-03
1.99999999989247867e+00 2.31577691374741795e-01 9.41483401354399922e-04 1.88208040507463936e-03
1.99999999989367883e+00 2.31577503054289174e-01 9.39857755385277655e-04 1.87883217139393137e-03
1.99999999989486543e+00 2.31577315082995699e-01 9.38235120816158447e-04 1.87558994957851303e-03
1.99999999989603894e+00 2.31577127415946910e-01 9.36615109949615293e-04 1.87235296500050516e-03
1.99999999989719934e+00 2.31576940078561055e-01 9.34997942225579046e-04 1.86912165616791043e-03
1.99999999989834665e+00 2.31576753097242627e-01 9.33383845599392568e-04 1.86589647860791797e-03
1.99999999989948130e+00 2.31576566423476793e-01 9.31772401287306751e-04 1.86267659556622715e-03
1.99999999990060329e+00 2.31576380065247694e-01 9.30163678187909387e-04 1.85946214466229764e-03
1.99999999990171262e+00 2.31576194046985567e-01 9.28557887210253066e-04 1.85625354735651730e-03
1.99999999990280952e+00 2.31576008358852531e-01 9.26954943455421225e-04 1.85305063405852679e-03
1.99999999990389443e+00 2.31575822951015059e-01 9.25354416758145440e-04 1.84985254527701357e-03
1.99999999990496713e+00 2.31575637885919172e-01 9.23756846200536261e-04 1.84666035821405799e-03
1.99999999990602784e+00 2.31575453149583971e-01 9.22162111110004902e-04 1.84347383178162902e-03
1.99999999990707655e+00 2.31575268765752851e-01 9.20570416466937871e-04 1.84029337559290466e-03
1.99999999990811372e+00 2.31575084679057075e-01 9.18981284313381895e-04 1.83711803463927365e-03
1.99999999990913935e+00 2.31574900911264925e-01 9.17394902576848200e-04 1.83394818445287546e-03
1.99999999991015343e+00 2.31574717484409581e-01 9.15811461470751468e-04 1.83078420513404800e-03
1.99999999991115640e+00 2.31574534339411386e-01 9.14230450998135573e-04 1.82762507764385102e-03
1.99999999991214783e+00 2.31574351579048737e-01 9.12652758409496895e-04 1.82447257488040299e-03
1.99999999991312838e+00 2.31574169102136684e-01 9.11077510229160617e-04 1.82132495150865771e-03
1.99999999991409805e+00 2.31573986929099973e-01 9.09504882784166837e-04 1.81818255987813409e-03
1.99999999991505684e+00 2.31573805080980133e-01 9.07935057727515056e-04 1.81504576298295258e-03
1.99999999991600497e+00 2.31573623536780904e-01 9.06367853816658154e-04 1.81191419868668166e-03
1.99999999991694244e+00 2.31573442317739991e-01 9.04803454398531853e-04 1.80878823337039460e-03
1.99999999991786948e+00 2.31573261402323621e-01 9.03241673590295460e-04 1.80566749562573788e-03
1.99999999991878608e+00 2.31573080812104731e-01 9.01682697635369942e-04 1.80255235762440450e-03
1.99999999991969268e+00 2.31572900480736782e-01 9.00125953795584389e-04 1.79944167494469273e-03
1.99999999992058886e+00 2.31572720518557623e-01 8.98572394596320397e-04 1.79633735094490102e-03
1.99999999992147526e+00 2.31572540814039940e-01 8.97021057267382042e-04 1.79323746184143016e-03
1.99999999992235167e+00 2.31572361434056795e-01 8.95472519117913065e-04 1.79014316124053276e-03
1.99999999992321831e+00 2.31572182355919948e-01 8.93926584300935292e-04 1.78705405782702913e-03
1.99999999992407540e+00 2.31572003556118428e-01 8.92383049865191793e-04 1.78396974608882207e-03
1.99999999992492272e+00 2.31571825104273626e-01 8.90842516851356940e-04 1.78089142706418170e-03
1.99999999992576072e+00 2.31571646930425479e-01 8.89304381326774134e-04 1.77781789399661947e-03
1.99999999992658939e+00 2.31571469057739954e-01 8.87768843293127753e-04 1.77474954656493432e-03
1.99999999992740873e+00 2.31571291510318161e-01 8.86236110828799253e-04 1.77168680059084055e-03
1.99999999992821897e+00 2.31571114264401773e-01 8.84705978851036854e-04 1.76862924630868988e-03
1.99999999992902011e+00 2.31570937344598798e-01 8.83178659814571774e-04 1.76557730828909624e-03
1.99999999992981237e+00 2.31570760726717895e-01 8.81653944899946085e-04 1.76253056930095338e-03
1.99999999993059574e+00 2.31570584423685888e-01 8.80131945692451357e-04 1.75948925229884733e-03
1.99999999993137045e+00 2.31570408399752126e-01 8.78612353557073995e-04 1.75645274054538839e-03
1.99999999993213651e+00 2.31570232680761462e-01 8.77095391631764064e-04 1.75342147996962981e-03
1.99999999993289390e+00 2.31570057292053988e-01 8.75581278695356023e-04 1.75039590778679243e-03
1.99999999993364286e+00 2.31569882206466016e-01 8.74069780265268517e-04 1.74737555547917005e-03
1.99999999993438338e+00 2.31569707447297657e-01 8.72561097505876958e-04 1.74436082505559386e-03
1.99999999993511590e+00 2.31569532931453603e-01 8.71054513074654498e-04 1.74135028311007056e-03
1.99999999993583999e+00 2.31569358786451712e-01 8.69551127837326211e-04 1.73834612947947249e-03
1.99999999993655608e+00 2.31569184927315153e-01 8.68050208206584120e-04 1.73534689829028550e-03
1.99999999993726418e+00 2.31569011374562983e-01 8.66551931331719988e-04 1.73235294355311947e-03
1.99999999993796451e+00 2.31568838093805657e-01 8.65056000338598405e-04 1.72936367205260761e-03
1.99999999993865685e+00 2.31568665160388015e-01 8.63563065687732840e-04 1.72638038360191154e-03
1.99999999993934163e+00 2.31568492483440608e-01 8.62072342911417004e-04 1.72340151063905020e-03
1.99999999994001865e+00 2.31568320138728551e-01 8.60584486099472915e-04 1.72042836023132521e-03
1.99999999994068811e+00 2.31568148090061099e-01 8.59099182825294396e-04 1.71746030808171647e-03
1.99999999994135003e+00 2.31567976357586636e-01 8.57616607040339609e-04 1.71449770181155434e-03
1.99999999994200461e+00 2.31567804903687613e-01 8.56136433998303838e-04 1.71153989250310656e-03
1.99999999994265210e+00 2.31567633689234970e-01 8.54658325903335028e-04 1.70858620515862273e-03
1.99999999994329203e+00 2.31567462852261402e-01 8.53183474413334118e-04 1.70563902107475273e-03
1.99999999994392508e+00 2.31567292235455940e-01 8.51710521457188399e-04 1.70269562644850500e-03
1.99999999994455080e+00 2.31567121978984880e-01 8.50240677115563968e-04 1.69975843939824760e-03
1.99999999994516986e+00 2.31566951922015041e-01 8.48772552907931703e-04 1.69682468534652908e-03
1.99999999994578181e+00 2.31566782206930249e-01 8.47307378062403700e-04 1.69389682068201070e-03
1.99999999994638689e+00 2.31566612794266463e-01 8.45844811893848810e-04 1.69097416463830997e-03
1.99999999994698530e+00 2.31566443643072661e-01 8.44384500877576501e-04 1.68805601078883278e-03
1.99999999994757705e+00 2.31566274774545083e-01 8.42926628017069907e-04 1.68514272485597596e-03
1.99999999994816213e+00 2.31566106210757766e-01 8.41471383895770961e-04 1.68223468771271176e-03
1.99999999994874078e+00 2.31565937909787967e-01 8.40018406600145798e-04 1.67933117616970843e-03
1.99999999994931277e+00 2.31565769959160644e-01 8.38568451767128737e-04 1.67643370026141349e-03
1.99999999994987854e+00 2.31565602251383618e-01 8.37120591409681218e-04 1.67354040560296013e-03
1.99999999995043809e+00 2.31565434808380211e-01 8.35675014811044451e-04 1.67065167047323118e-03
1.99999999995099120e+00 2.31565267720337475e-01 8.34232500596397307e-04 1.66776905085504645e-03
1.99999999995153810e+00 2.31565100943743440e-01 8.32792673132260386e-04 1.66489179614155822e-03
1.99999999995207900e+00 2.31564934418103718e-01 8.31355010134247918e-04 1.66201886259544573e-03
1.99999999995261390e+00 2.31564768162202866e-01 8.29919673783389576e-04 1.65915057432472154e-03
1.99999999995314282e+00 2.31564602200346109e-01 8.28486873933480727e-04 1.65628735072822163e-03
1.99999999995366573e+00 2.31564436556392611e-01 8.27056816586950027e-04 1.65342960350567760e-03
1.99999999995418309e+00 2.31564271111213721e-01 8.25628473281777827e-04 1.65057527746427556e-03
1.99999999995469446e+00 2.31564106028178424e-01 8.24203254450318369e-04 1.64772719116429087e-03
1.99999999995520006e+00 2.31563941257899503e-01 8.22780733730303897e-04 1.64488449261225231e-03
1.99999999995570010e+00 2.31563776748305139e-01 8.21360461577345501e-04 1.64204628348118111e-03
1.99999999995619460e+00 2.31563612518776329e-01 8.19942605323997461e-04 1.63921289817925550e-03
1.99999999995668354e+00 2.31563448588901266e-01 8.18527334092345143e-04 1.63638467469111532e-03
1.99999999995716693e+00 2.31563284978566736e-01 8.17114819581706616e-04 1.63356195615239831e-03
1.99999999995764499e+00 2.31563121631812224e-01 8.15704578670343409e-04 1.63074377712610309e-03
1.99999999995811772e+00 2.31562958567189114e-01 8.14296771527379579e-04 1.62793045770331457e-03
1.99999999995858513e+00 2.31562795803736565e-01 8.12891562534264552e-04 1.62512232639451721e-03
1.99999999995904743e+00 2.31562633282614450e-01 8.11488443705716991e-04 1.62231836806992586e-03
1.99999999995950462e+00 2.31562471021779820e-01 8.10087570078661711e-04 1.61951889256444414e-03
1.99999999995995648e+00 2.31562309119749093e-01 8.08689792201238117e-04 1.61672559961263283e-03
1.99999999996040345e+00 2.31562147436657900e-01 8.07293902565146587e-04 1.61393607616935474e-03
1.99999999996084532e+00 2.31561986071650544e-01 8.05900757139865580e-04 1.61115203280620396e-03
1.99999999996128253e+00 2.31561824880933326e-01 8.04509114490599853e-04 1.60837098867147935e-03
1.99999999996171463e+00 2.31561664047375326e-01 8.03120553428027196e-04 1.60559609886144609e-03
1.99999999996214184e+00 2.31561503509423255e-01 8.01734542542924125e-04 1.60282630143486547e-03
1.99999999996256439e+00 2.31561343203163822e-01 8.00350530046285420e-04 1.60006049371866702e-03
1.99999999996298228e+00 2.31561183147724864e-01 7.98968681089131110e-04 1.59729900576918759e-03
1.99999999996339550e+00 2.31561023363042295e-01 7.97589167800114105e-04 1.59454218158986316e-03
1.99999999996380406e+00 2.31560863869879507e-01 7.96212169453875762e-04 1.59179037946777062e-03
1.99999999996420796e+00 2.31560704689843744e-01 7.94837872611784649e-04 1.58904397225496995e-03
1.99999999996460742e+00 2.31560545756633096e-01 7.93465704863476865e-04 1.58630181606759569e-03
1.99999999996500244e+00 2.31560387091041792e-01 7.92095845750397272e-04 1.58356426972904442e-03
1.99999999996539302e+00 2.31560228714699612e-01 7.90728482029912170e-04 1.58083170648620286e-03
1.99999999996577937e+00 2.31560070558753633e-01 7.89363019266138013e-04 1.57810293843579420e-03
1.99999999996616129e+00 2.31559912736117368e-01 7.88000432328932274e-04 1.57537991380742406e-03
1.99999999996653899e+00 2.31559755176620086e-01 7.86640115401688439e-04 1.57266142195069481e-03
1.99999999996691247e+00 2.31559597886580232e-01 7.85282123017901090e-04 1.56994757180954907e-03
1.99999999996728173e+00 2.31559440885155315e-01 7.83926620586293402e-04 1.56723869395994342e-03
1.99999999996764699e+00 2.31559284100545854e-01 7.82572988229850099e-04 1.56453354965532527e-03
1.99999999996800804e+00 2.31559127650241753e-01 7.81222240337913561e-04 1.56183416611713763e-03
1.99999999996836508e+00 2.31558971459900870e-01 7.79873735075728956e-04 1.55913926070885920e-03
1.99999999996871813e+00 2.31558815549847502e-01 7.78527647930540162e-04 1.55644918415512399e-03
1.99999999996906741e+00 2.31558659840873371e-01 7.77183295047846699e-04 1.55376256983193509e-03
1.99999999996941269e+00 2.31558504450832009e-01 7.75841693955277452e-04 1.55108145122991601e-03
1.99999999996975397e+00 2.31558349400119462e-01 7.74503020758455889e-04 1.54840618030812282e-03
1.99999999997009170e+00 2.31558194504721315e-01 7.73165686725353694e-04 1.54573358207991452e-03
1.99999999997042543e+00 2.31558039986335867e-01 7.71831605959059463e-04 1.54306748180344671e-03
1.99999999997075562e+00 2.31557885657698415e-01 7.70499161661280618e-04 1.54040464839517088e-03
1.99999999997108202e+00 2.31557731639888770e-01 7.69169399218479124e-04 1.53774717102782722e-03
1.99999999997140465e+00 2.31557577952149096e-01 7.67842484773338034e-04 1.53509538174783776e-03
1.99999999997172395e+00 2.31557424399686324e-01 7.66516736519170052e-04 1.53244591953781363e-03
1.99999999997203948e+00 2.31557271213375077e-01 7.65194147798825444e-04 1.52980276803709684e-03
1.99999999997235145e+00 2.31557118304848597e-01 7.63873955675207789e-04 1.52716440255777825e-03
1.99999999997266009e+00 2.31556965582258800e-01 7.62555367149517758e-04 1.52452923832682372e-03
1.99999999997296518e+00 2.31556813173120213e-01 7.61239483174981613e-04 1.52189947558391335e-03
1.99999999997326694e+00 2.31556660984830631e-01 7.59925504240857022e-04 1.51927351654166883e-03
1.99999999997356537e+00 2.31556509034829605e-01 7.58613580926107128e-04 1.51665166214298318e-03
1.99999999997386047e+00 2.31556357341278329e-01 7.57303870041543988e-04 1.51403422578749746e-03
1.99999999997415223e+00 2.31556205923087233e-01 7.55996534867438524e-04 1.51142153380658681e-03
1.99999999997444067e+00 2.31556054799939931e-01 7.54691745360549907e-04 1.50881392587721920e-03
1.99999999997472599e+00 2.31555903874300639e-01 7.53388659412632480e-04 1.50620971907402743e-03
1.99999999997500799e+00 2.31555753283214233e-01 7.52088460273971321e-04 1.50361127813454596e-03
1.99999999997528710e+00 2.31555602808205752e-01 7.50789261648142250e-04 1.50101483332519092e-03
1.99999999997556288e+00 2.31555452708169573e-01 7.49493298834955752e-04 1.49842485190834437e-03
1.99999999997583555e+00 2.31555302884236452e-01 7.48199718213240572e-04 1.49583962795062867e-03
1.99999999997610534e+00 2.31555153233725830e-01 7.46907633249002277e-04 1.49325738973430256e-03
1.99999999997637201e+00 2.31555003899920675e-01 7.45618281063014092e-04 1.49068060967624534e-03
1.99999999997663580e+00 2.31554854779370628e-01 7.44330768475149479e-04 1.48810750277636569e-03
1.99999999997689648e+00 2.31554706019186235e-01 7.43046365658494071e-04 1.48554060751741488e-03
1.99999999997715427e+00 2.31554557502420155e-01 7.41764062873415141e-04 1.48297790590171943e-03
1.99999999997740940e+00 2.31554409112821880e-01 7.40482856403276517e-04 1.48041739198046733e-03
1.99999999997766142e+00 2.31554261131184214e-01 7.39205170650783809e-04 1.47786391099989623e-03
1.99999999997791078e+00 2.31554113318788918e-01 7.37928944518813313e-04 1.47531334384682234e-03
1.99999999997815747e+00 2.31553965693621910e-01 7.36654333309011465e-04 1.47276600091551303e-03
1.99999999997840128e+00 2.31553818408200218e-01 7.35382653881077025e-04 1.47022451400642988e-03
1.99999999997864220e+00 2.31553671483973128e-01 7.34114091444295724e-04 1.46768925329141963e-03
1.99999999997888067e+00 2.31553524667735683e-01 7.32846459801980883e-04 1.46515584960589897e-03
1.99999999997911626e+00 2.31553378250604180e-01 7.31582272501267255e-04 1.46262932637245230e-03
1.99999999997934941e+00 2.31553231974436557e-01 7.30319300712989230e-04 1.46010522921217068e-03
1.99999999997957989e+00 2.31553085994675861e-01 7.29058886562210890e-04 1.45758624042403471e-03
1.99999999997980793e+00 2.31552940187091494e-01 7.27799957426314230e-04 1.45507021633951828e-03
1.99999999998003331e+00 2.31552794710429638e-01 7.26543883955333802e-04 1.45255989627365118e-03
1.99999999998025602e+00 2.31552649583926434e-01 7.25290832246403374e-04 1.45005561219658662e-03
1.99999999998047651e+00 2.31552504533804021e-01 7.24038438450055866e-04 1.44755263985069452e-03
1.99999999998069433e+00 2.31552359868332558e-01 7.22789364242097470e-04 1.44505629874013214e-03
1.99999999998090972e+00 2.31552215458808275e-01 7.21542498374468902e-04 1.44256436799322738e-03
1.99999999998112288e+00 2.31552071171481688e-01 7.20296686026029322e-04 1.44007453964422336e-03
1.99999999998133360e+00 2.31551927172377603e-01 7.19053360701387692e-04 1.43758967864543951e-03
1.99999999998154188e+00 2.31551783480019119e-01 7.17812682341956122e-04 1.43511010466618747e-03
1.99999999998174793e+00 2.31551639958234079e-01 7.16573475207516971e-04 1.43263346792907873e-03
1.99999999998195177e+00 2.31551496622512537e-01 7.15335873049463447e-04 1.43016003575554759e-03
1.99999999998215316e+00 2.31551353647406449e-01 7.14101383008306032e-04 1.42769282028598773e-03
1.99999999998235234e+00 2.31551210894420073e-01 7.12868809280079656e-04 1.42522943164127727e-03
1.99999999998254929e+00 2.31551068381172370e-01 7.11638304000065361e-04 1.42277017389137728e-03
1.99999999998274403e+00 2.31550926126017381e-01 7.10410025653339448e-04 1.42031536379922979e-03
1.99999999998293676e+00 2.31550783983519970e-01 7.09182718511901168e-04 1.41786249170986183e-03
1.99999999998312705e+00 2.31550642301058179e-01 7.07959381968473536e-04 1.41541755217374702e-03
1.99999999998331535e+00 2.31550500768596484e-01 7.06737339078789060e-04 1.41297519512057564e-03
1.99999999998350164e+00 2.31550359402767802e-01 7.05516733465799163e-04 1.41053570760946308e-03
1.99999999998368572e+00 2.31550218391822604e-01 7.04299190567333317e-04 1.40810233824438134e-03
1.99999999998386779e+00 2.31550077586165859e-01 7.03083418733990695e-04 1.40567250557319437e-03
1.99999999998404787e+00 2.31549937004621814e-01 7.01869580514295852e-04 1.40324653448665039e-03
1.99999999998422595e+00 2.31549796662973595e-01 7.00657812189888949e-04 1.40082469736638030e-03
1.99999999998440203e+00 2.31549656566423540e-01 6.99448158665505731e-04 1.39840708392766316e-03
1.99999999998457612e+00 2.31549516735103794e-01 6.98240793782576165e-04 1.39599404163617022e-03
1.99999999998474820e+00 2.31549377190466366e-01 6.97035902783943993e-04 1.39358594074899143e-03
1.99999999998491851e+00 2.31549237770969502e-01 6.95832090855651522e-04 1.39117999360661082e-03
1.99999999998508682e+00 2.31549098676637366e-01 6.94631085108648669e-04 1.38877965204575065e-03
1.99999999998525335e+00 2.31548959742042648e-01 6.93431457175657569e-04 1.38638206133680371e-03
1.99999999998541789e+00 2.31548821170460273e-01 6.92234962238582122e-04 1.38399072942514971e-03
1.99999999998558065e+00 2.31548682792937388e-01 6.91040141484536405e-04 1.38160274072362415e-03
1.99999999998574163e+00 2.31548544624973568e-01 6.89847128750091369e-04 1.37921836273125278e-03
1.99999999998590083e+00 2.31548406682229285e-01 6.88656059261095869e-04 1.37683786572388180e-03
1.99999999998605804e+00 2.31548269175743920e-01 6.87468755250202112e-04 1.37446489167177281e-03
1.99999999998621369e+00 2.31548131733299412e-01 6.86282002794806568e-04 1.37209301716425527e-03
1.99999999998636757e+00 2.31547994564777176e-01 6.85097614127477784e-04 1.36972586418298214e-03
1.99999999998651967e+00 2.31547857687190661e-01 6.83915736158895778e-04 1.36736372636087826e-03
1.99999999998667022e+00 2.31547720915352501e-01 6.82734769881160721e-04 1.36500340787928964e-03
1.99999999998681899e+00 2.31547584466122169e-01 6.81556587787222803e-04 1.36264865117400680e-03
1.99999999998696620e+00 2.31547448151484203e-01 6.80379566447506683e-04 1.36029621161115393e-03
1.99999999998711164e+00 2.31547312193266019e-01 6.79205621257402293e-04 1.35794991738449780e-03
1.99999999998725553e+00 2.31547176400710736e-01 6.78033105113492541e-04 1.35560647653994171e-03
1.99999999998739764e+00 2.31547041000843029e-01 6.76863978293683463e-04 1.35326980698759658e-03
1.99999999998753841e+00 2.31546905585610863e-01 6.75694717427565176e-04 1.35093286677067520e-03
1.99999999998767741e+00 2.31546770597935325e-01 6.74529146981667064e-04 1.34860329966123970e-03
1.99999999998781486e+00 2.31546635841658743e-01 6.73365573215606262e-04 1.34627772048561030e-03
1.99999999998795097e+00 2.31546501113044145e-01 6.72202236935001999e-04 1.34395261323498995e-03
1.99999999998808553e+00 2.31546366646498913e-01 6.71041162174051574e-04 1.34163202326489451e-03
1.99999999998821854e+00 2.31546232460483614e-01 6.69882508343267445e-04 1.33931626920123933e-03
1.99999999998834999e+00 2.31546098574189507e-01 6.68726441164005196e-04 1.33700568228546667e-03
1.99999999998847988e+00 2.31545965007548843e-01 6.67573132756466166e-04 1.33470060655048353e-03
1.99999999998860845e+00 2.31545831549649445e-01 6.66420761964829590e-04 1.33239740213607371e-03
1.99999999998873568e+00 2.31545698215314150e-01 6.65269456787422465e-04 1.33009632488104179e-03
1.99999999998886135e+00 2.31545565256048275e-01 6.64121388913681038e-04 1.32780171529398830e-03
1.99999999998898570e+00 2.31545432456450845e-01 6.62974698425321143e-04 1.32550985603417811e-03
1.99999999998910871e+00 2.31545299833382873e-01 6.61829530921862635e-04 1.32322103812566720e-03
1.99999999998923017e+00 2.31545167640949651e-01 6.60688080542202886e-04 1.32093964694381442e-03
1.99999999998935052e+00 2.31545035401144100e-01 6.59546219796209232e-04 1.31865743294256807e-03
1.99999999998946931e+00 2.31544903620972575e-01 6.58408326581170068e-04 1.31638314616181742e-03
1.99999999998958677e+00 2.31544772076689109e-01 6.57272468915228998e-04 1.31411292521559260e-03
1.99999999998970313e+00 2.31544640534815077e-01 6.56136630765890129e-04 1.31184274070621026e-03
1.99999999998981792e+00 2.31544509515933639e-01 6.55005307277407790e-04 1.30958157703900163e-03
1.99999999998993161e+00 2.31544378531566314e-01 6.53874280537787805e-04 1.30732100393955112e-03
1.99999999999004396e+00 2.31544247852273344e-01 6.52745886793655366e-04 1.30506569085437089e-03
1.99999999999015521e+00 2.31544117234514485e-01 6.51618023120493226e-04 1.30281143469259796e-03
1.99999999999026512e+00 2.31543986953834158e-01 6.50493068805913584e-04 1.30056299093604536e-03
1.99999999999037370e+00 2.31543857028974537e-01 6.49371185694972894e-04 1.29832068308179767e-03
1.99999999999048117e+00 2.31543727209494843e-01 6.48250211271464037e-04 1.29608018891888489e-03
1.99999999999058731e+00 2.31543597779199001e-01 6.47132596150643089e-04 1.29384640650849871e-03
1.99999999999069233e+00 2.31543468483238757e-01 6.46016139754208765e-04 1.29161493755621686e-03
1.99999999999079625e+00 2.31543339334065568e-01 6.44900949601812773e-04 1.28938599696660854e-03
1.99999999999089906e+00 2.31543210344522826e-01 6.43787136596815504e-04 1.28715980640832506e-03
1.99999999999100053e+00 2.31543081810492241e-01 6.42677255658574307e-04 1.28494147244158992e-03
1.99999999999110112e+00 2.31542953183243500e-01 6.41566568548309333e-04 1.28272152469201240e-03
1.99999999999120037e+00 2.31542825045016276e-01 6.40460102869009674e-04 1.28051001191714100e-03
1.99999999999129852e+00 2.31542697128132496e-01 6.39355547245770922e-04 1.27830231434869425e-03
1.99999999999139577e+00 2.31542569154526229e-01 6.38250500595319683e-04 1.27609363289614137e-03
1.99999999999149169e+00 2.31542441724656239e-01 6.37150147860506130e-04 1.27389433083356261e-03
1.99999999999158673e+00 2.31542314265267113e-01 6.36049539006309388e-04 1.27169451441855427e-03
1.99999999999168065e+00 2.31542187087275253e-01 6.34951358792343952e-04 1.26949954975954116e-03
1.99999999999177347e+00 2.31542060208704381e-01 6.33855762862074626e-04 1.26730974796319712e-03
1.99999999999186540e+00 2.31541933340366185e-01 6.32760254080997242e-04 1.26512011793933734e-03
1.99999999999195599e+00 2.31541807114566955e-01 6.31670292428063510e-04 1.26294157275143792e-03
1.99999999999204592e+00 2.31541680618821577e-01 6.30577998587402550e-04 1.26075836374392697e-03
1.99999999999213474e+00 2.31541554489683582e-01 6.29488869217770773e-04 1.25858147730320406e-03
1.99999999999222244e+00 2.31541428748635397e-01 6.28403089833614540e-04 1.25641128425041967e-03
1.99999999999230926e+00 2.31541303095011336e-01 6.27318064183253845e-04 1.25424259536662452e-03
1.99999999999239497e+00 2.31541177868541947e-01 6.26236725867817092e-04 1.25208127419101185e-03
1.99999999999248002e+00 2.31541052434778377e-01 6.25153596389040728e-04 1.24991637060731676e-03
1.99999999999256395e+00 2.31540927463778023e-01 6.24074461747280347e-04 1.24775944939054624e-03
1.99999999999264699e+00 2.31540802637212828e-01 6.22996573152792815e-04 1.24560501639245217e-03
1.99999999999272893e+00 2.31540678299122116e-01 6.21922901412417270e-04 1.24345900951259745e-03
1.99999999999281020e+00 2.31540553793138759e-01 6.20847778740820310e-04 1.24131010025839905e-03
1.99999999999289035e+00 2.31540429816841947e-01 6.19777228821053968e-04 1.23917032853054884e-03
1.99999999999296962e+00 2.31540306048531014e-01 6.18708473743375081e-04 1.23703414198371182e-03
1.99999999999304823e+00 2.31540182153178370e-01 6.17638620505989253e-04 1.23489575820443214e-03
1.99999999999312572e+00 2.31540058847206659e-01 6.16573855523667785e-04 1.23276754238944831e-03
1.99999999999320255e+00 2.31539935440330469e-01 6.15508218089061421e-04 1.23063758049550120e-03
1.99999999999327827e+00 2.31539812662306776e-01 6.14448009773479629e-04 1.22851846791528514e-03
1.99999999999335332e+00 2.31539689809510618e-01 6.13387154667518770e-04 1.22639806031716063e-03
1.99999999999342748e+00 2.31539567256947132e-01 6.12328891007036581e-04 1.22428283020061912e-03
1.99999999999350098e+00 2.31539444649350917e-01 6.11270151012280934e-04 1.22216664577045036e-03
1.99999999999357359e+00 2.31539322369044454e-01 6.10214236113199287e-04 1.22005610585079120e-03
1.99999999999364531e+00 2.31539200433543396e-01 6.09161297568696020e-04 1.21795151278943905e-03
1.99999999999371614e+00 2.31539078860801023e-01 6.08111490416800965e-04 1.21585317648899554e-03
1.99999999999378630e+00 2.31538957282687252e-01 6.07061635776883174e-04 1.21375474306416884e-03
1.99999999999385558e+00 2.31538836097376050e-01 6.06015171974785653e-04 1.21166308499522199e-03
1.99999999999392419e+00 2.31538714930319828e-01 6.04968864708441351e-04 1.20957173760973110e-03
1.99999999999399192e+00 2.31538594188048369e-01 6.03926224466176621e-04 1.20748771764209195e-03
1.99999999999405897e+00 2.31538473489594138e-01 6.02883961501992196e-04 1.20540444958778864e-03
1.99999999999412537e+00 2.31538352844708833e-01 6.01842160024256652e-04 1.20332210176261477e-03
1.99999999999419087e+00 2.31538232672936856e-01 6.00804442919673190e-04 1.20124791558812345e-03
1.99999999999425571e+00 2.31538112583554473e-01 5.99767436186980922e-04 1.19917514713385612e-03
1.99999999999431988e+00 2.31537992587944802e-01 5.98731238123852909e-04 1.19710399288171340e-03
1.99999999999438338e+00 2.31537872698037162e-01 5.97695951746882777e-04 1.19503465874726419e-03
1.99999999999444600e+00 2.31537753351570563e-01 5.96665357077324652e-04 1.19297470026922940e-03
1.99999999999450795e+00 2.31537634144533211e-01 5.95635965354032564e-04 1.19091714411219537e-03
1.99999999999456923e+00 2.31537515090712492e-01 5.94607895641238835e-04 1.18886222827299637e-03
1.99999999999462985e+00 2.31537396204500950e-01 5.93581272229894478e-04 1.18681020119734801e-03
1.99999999999468980e+00 2.31537277500906413e-01 5.92556224723995214e-04 1.18476132195243855e-03
1.99999999999474909e+00 2.31537158995559877e-01 5.91532888109807674e-04 1.18271586036533235e-03
1.99999999999480771e+00 2.31537040704721558e-01 5.90511402808526495e-04 1.18067409712825145e-03
1.99999999999486566e+00 2.31536922645285248e-01 5.89491914712885769e-04 1.17863632387177819e-03
1.99999999999492295e+00 2.31536804834780674e-01 5.88474575208243196e-04 1.17660284320701843e-03
1.99999999999497957e+00 2.31536687291374194e-01 5.87459541178649773e-04 1.17457396873774534e-03
1.99999999999503575e+00 2.31536569561767575e-01 5.86442898211189949e-04 1.17254187623627151e-03
1.99999999999509104e+00 2.31536452584177599e-01 5.85432748181935556e-04 1.17052275992991371e-03
1.99999999999514588e+00 2.31536335438057461e-01 5.84421141798622114e-04 1.16850073057173944e-03
1.99999999999520006e+00 2.31536218610396888e-01 5.83412284428092465e-04 1.16648419398628078e-03
1.99999999999525357e+00 2.31536102120499188e-01 5.82406342774361243e-04 1.16447348340851966e-03
1.99999999999530664e+00 2.31535985497356822e-01 5.81399249483671807e-04 1.16246046888083816e-03
1.99999999999535905e+00 2.31535869241254993e-01 5.80395324747387336e-04 1.16045378576565186e-03
1.99999999999541078e+00 2.31535753371538394e-01 5.79394735625379733e-04 1.15845376800843966e-03
1.99999999999546207e+00 2.31535637403352063e-01 5.78393295172803697e-04 1.15645204658241575e-03
1.99999999999551270e+00 2.31535521851348874e-01 5.77395447664678409e-04 1.15445750489892823e-03
1.99999999999556266e+00 2.31535406735576821e-01 5.76401366236049448e-04 1.15247048904815446e-03
1.99999999999561218e+00 2.31535291557538159e-01 5.75406746116877469e-04 1.15048239446454890e-03
1.99999999999566125e+00 2.31535176323312442e-01 5.74411639803686634e-04 1.14849332607537048e-03
1.99999999999570965e+00 2.31535061568094613e-01 5.73420668982662285e-04 1.14651252194721952e-03
1.99999999999575762e+00 2.31534946779621276e-01 5.72429409998679055e-04 1.14453113985684340e-03
1.99999999999580491e+00 2.31534832503946075e-01 5.71442578317616799e-04 1.14255860534277255e-03
1.99999999999585176e+00 2.31534718219628483e-01 5.70455671026165283e-04 1.14058591774037952e-03
1.99999999999589795e+00 2.31534604483921935e-01 5.69473500318059688e-04 1.13862269595421000e-03
1.99999999999594391e+00 2.31534490211466909e-01 5.68486693512967748e-04 1.13665020530714033e-03
1.99999999999598899e+00 2.31534377075091197e-01 5.67509696425055215e-04 1.13469732100306489e-03
1.99999999999603384e+00 2.31534263420001829e-01 5.66528218982096190e-04 1.13273547914658867e-03
1.99999999999607803e+00 2.31534150381324050e-01 5.65552063648352846e-04 1.13078427355260539e-03
1.99999999999612199e+00 2.31534036833201645e-01 5.64571507996401278e-04 1.12882427037618613e-03
1.99999999999616507e+00 2.31533924515111594e-01 5.63601573455456244e-04 1.12688549551960278e-03
1.99999999999620792e+00 2.31533811709766502e-01 5.62627430222063926e-04 1.12493830612678193e-03
1.99999999999625033e+00 2.31533699005256666e-01 5.61654156812753293e-04 1.12299285350405905e-03
1.99999999999629208e+00 2.31533587012549946e-01 5.60687029325271087e-04 1.12105968393878775e-03
1.99999999999633360e+00 2.31533474553234309e-01 5.59715871436311800e-04 1.11911845621501986e-03
1.99999999999637446e+00 2.31533362843727247e-01 5.58751187690907647e-04 1.11719016766507746e-03
1.99999999999641487e+00 2.31533251299714721e-01 5.57787932174340015e-04 1.11526473213056812e-03
1.99999999999645484e+00 2.31533139933121052e-01 5.56826207862411268e-04 1.11334235545119671e-03
1.99999999999649458e+00 2.31533028124748075e-01 5.55860667555322253e-04 1.11141234916060060e-03
1.99999999999653366e+00 2.31532917143059763e-01 5.54902265304854604e-04 1.10949660920227236e-03
1.99999999999657230e+00 2.31532806385452455e-01 5.53945797239313543e-04 1.10758473365580928e-03
1.99999999999661049e+00 2.31532695870185601e-01 5.52991421055582509e-04 1.10567703776413753e-03
1.99999999999664846e+00 2.31532584963237059e-01 5.52033661532776209e-04 1.10376257715193637e-03
1.99999999999668576e+00 2.31532474978794839e-01 5.51083867618719879e-04 1.10186403719172402e-03
1.99999999999672284e+00 2.31532364624049913e-01 5.50130874995708179e-04 1.09995910158176445e-03
1.99999999999675948e+00 2.31532254566813256e-01 5.49180450692097599e-04 1.09805929802613629e-03
1.99999999999679545e+00 2.31532145499497882e-01 5.48238574212389271e-04 1.09617657898873600e-03
1.99999999999683142e+00 2.31532035408783199e-01 5.47287859051634440e-04 1.09427619054187257e-03
1.99999999999686673e+00 2.31531926339816813e-01 5.46345966576931613e-04 1.09239343606095610e-03
1.99999999999690159e+00 2.31531817632197795e-01 5.45407193744644817e-04 1.09051691572608560e-03
1.99999999999693623e+00 2.31531708599909181e-01 5.44465616274245013e-04 1.08863478744178799e-03
1.99999999999697042e+00 2.31531599948359063e-01 5.43527325904161760e-04 1.08675922803767302e-03
1.99999999999700417e+00 2.31531491694110192e-01 5.42592465672336139e-04 1.08489052344573752e-03
1.99999999999703770e+00 2.31531383131754254e-01 5.41654943822303327e-04 1.08301649676774349e-03
1.99999999999707079e+00 2.31531274987316654e-01 5.40721030156816147e-04 1.08114968080318531e-03
1.99999999999710343e+00 2.31531167278477584e-01 5.39790877364301172e-04 1.07929038077703892e-03
1.99999999999713585e+00 2.31531059280225937e-01 5.38858224386757029e-04 1.07742608133848850e-03
1.99999999999716782e+00 2.31530951740402446e-01 5.37929529438046063e-04 1.07556969194296925e-03
1.99999999999719935e+00 2.31530844678242503e-01 5.37004958639601725e-04 1.07372154467079233e-03
1.99999999999723066e+00 2.31530737348800031e-01 5.36078078761429723e-04 1.07186877997977143e-03
1.99999999999726152e+00 2.31530630522824826e-01 5.35155545876600481e-04 1.07002470287069430e-03
1.99999999999729217e+00 2.31530523441756286e-01 5.34230809170886775e-04 1.06817621873669770e-03
1.99999999999732236e+00 2.31530416892109042e-01 5.33310660873074962e-04 1.06633690477158510e-03
1.99999999999735212e+00 2.31530310896320757e-01 5.32395294763738443e-04 1.06450714835248602e-03
1.99999999999738165e+00 2.31530204675113122e-01 5.31477981096380170e-04 1.06267349716555079e-03
1.99999999999741096e+00 2.31530098229234371e-01 5.30558726326753175e-04 1.06083596410216007e-03
1.99999999999743983e+00 2.31529992377965260e-01 5.29644605675914709e-04 1.05900869209627825e-03
1.99999999999746847e+00 2.31529886320490180e-01 5.28728703386476353e-04 1.05717785697495114e-03
1.99999999999749667e+00 2.31529780893083181e-01 5.27818241448107812e-04 1.05535789508342387e-03
1.99999999999752465e+00 2.31529675280306740e-01 5.26906177817756233e-04 1.05353472978753191e-03
1.99999999999755218e+00 2.31529570335769680e-01 5.25999884201330402e-04 1.05172309673701799e-03
1.99999999999757949e+00 2.31529465229148940e-01 5.25092189993883155e-04 1.04990866228566815e-03
1.99999999999760658e+00 2.31529359964715520e-01 5.24183132077143282e-04 1.04809150015303348e-03
1.99999999999763323e+00 2.31529255422579572e-01 5.23280311043473412e-04 1.04628680356682355e-03
1.99999999999765965e+00 2.31529150749448798e-01 5.22376357908820596e-04 1.04447984229418260e-03
1.99999999999768585e+00 2.31529045951160611e-01 5.21471323083610018e-04 1.04267071710161105e-03
1.99999999999771161e+00 2.31528941935022797e-01 5.20573042061122791e-04 1.04087509081956077e-03
1.99999999999773714e+00 2.31528837824135553e-01 5.19673941965004054e-04 1.03907782560608416e-03
1.99999999999776246e+00 2.31528733625935096e-01 5.18774087015633580e-04 1.03727904983700573e-03
1.99999999999778755e+00 2.31528629348308174e-01 5.17873545324494078e-04 1.03547889966735976e-03
1.99999999999781219e+00 2.31528525935711355e-01 5.16980473231746433e-04 1.03369367935070484e-03
1.99999999999783662e+00 2.31528422478732954e-01 5.16087017063519902e-04 1.03190768969041273e-03
1.99999999999786082e+00 2.31528318986858883e-01 5.15193258743232730e-04 1.03012109445488722e-03
1.99999999999788458e+00 2.31528216433016326e-01 5.14307600508676402e-04 1.02835068948652531e-03
1.99999999999790812e+00 2.31528113882777498e-01 5.13421972626068026e-04 1.02658034365296223e-03
1.99999999999793165e+00 2.31528010366045756e-01 5.12527997297140304e-04 1.02479330995278650e-03
1.99999999999795475e+00 2.31527907847413172e-01 5.11642640835343102e-04 1.02302350362053381e-03
1.99999999999797740e+00 2.31527806366314870e-01 5.10766243832039366e-04 1.02127160554491220e-03
1.99999999999800004e+00 2.31527703945320990e-01 5.09881729087408616e-04 1.01950347879614048e-03
