# vtk DataFile Version 3.0
SphericalObserver luminosity map
ASCII
DATASET POLYDATA
POINTS 512 double
4.685210622574e+13 0.000000000000e+00 7.485351562500e+14
-5.977913194332e+13 5.476258169768e+13 7.456054687500e+14
9.141187933263e+12 -1.041591216739e+14 7.426757812500e+14
7.519998319366e+13 9.808506160109e+13 7.397460937500e+14
-1.378654566707e+14 -2.438645808242e+13 7.368164062500e+14
1.304694641941e+14 -8.299399348913e+13 7.338867187500e+14
-4.359638169514e+13 1.621763668642e+14 7.309570312500e+14
-8.306074886739e+13 -1.599284175808e+14 7.280273437500e+14
1.800299111584e+14 6.574663481159e+13 7.250976562500e+14
-1.871050422804e+14 7.723424153015e+13 7.221679687500e+14
9.010720114844e+13 -1.925538550269e+14 7.192382812500e+14
6.652050876257e+13 2.120778640827e+14 7.163085937500e+14
-2.002931922886e+14 -1.160739989851e+14 7.133789062500e+14
2.347313945080e+14 -5.160503860926e+13 7.104492187500e+14
-1.431091600014e+14 2.035580536934e+14 7.075195312500e+14
-3.302828536947e+13 -2.548769986678e+14 7.045898437500e+14
2.025569840082e+14 1.707152405638e+14 7.016601562500e+14
-2.723030137119e+14 1.126058452460e+13 6.987304687500e+14
1.984232103605e+14 -1.974575964660e+14 6.958007812500e+14
-1.326182456283e+13 2.867991831490e+14 6.928710937500e+14
-1.884173591711e+14 -2.257869675264e+14 6.899414062500e+14
2.981701107667e+14 4.011836668559e+13 6.870117187500e+14
-2.523812683709e+14 1.756003129165e+14 6.840820312500e+14
6.889459859847e+13 -3.062433981131e+14 6.811523437500e+14
1.591864378638e+14 2.778015596598e+14 6.782226562500e+14
-3.108749176556e+14 -9.917757775535e+13 6.752929687500e+14
3.016649053750e+14 -1.393768377164e+14 6.723632812500e+14
-1.305541132937e+14 3.119523794765e+14 6.694335937500e+14
-1.163963631189e+14 -3.236115412129e+14 6.665039062500e+14
3.093977762440e+14 1.626107999660e+14 6.635742187500e+14
-3.433067687792e+14 9.049456248767e+13 6.606445312500e+14
1.949351959659e+14 -3.031690183456e+14 6.577148437500e+14
6.194547663594e+13 3.604430011514e+14 6.547851562500e+14
-2.932609337185e+14 -2.271177505508e+14 6.518554687500e+14
3.747418303190e+14 -3.104659463250e+13 6.489257812500e+14
-2.587542245986e+14 2.797057348574e+14 6.459960937500e+14
1.882822859336e+12 -3.859560235711e+14 6.430664062500e+14
2.625730166358e+14 2.894484276045e+14 6.401367187500e+14
-3.938713797815e+14 -3.650391094957e+13 6.372070312500e+14
3.188151436210e+14 -2.419693274020e+14 6.342773437500e+14
-7.246075524835e+13 3.983083929526e+14 6.313476562500e+14
-2.180373443965e+14 -3.464831496634e+14 6.284179687500e+14
3.991236822474e+14 1.093832541487e+14 6.254882812500e+14
-3.720982505172e+14 1.909546786806e+14 6.225585937500e+14
1.468902235967e+14 -3.962111567727e+14 6.196289062500e+14
1.609323321342e+14 3.953262678687e+14 6.166992187500e+14
-3.895028906010e+14 -1.845926887031e+14 6.137695312500e+14
4.158559317046e+14 -1.282128283503e+14 6.108398437500e+14
-2.220973127316e+14 3.789696895604e+14 6.079101562500e+14
-9.306803963844e+13 -4.334016294719e+14 6.049804687500e+14
3.646213365630e+14 2.590099181871e+14 6.020507812500e+14
-4.477059744630e+14 5.579673336244e+13 5.991210937500e+14
2.949390577098e+14 -3.465065069387e+14 5.961914062500e+14
1.672186218502e+13 4.585421598838e+14 5.932617187500e+14
-3.247123495351e+14 -3.294995947488e+14 5.903320312500e+14
4.657160694235e+14 2.381237572656e+13 5.874023437500e+14
-3.623162558598e+14 2.993637333342e+14 5.844726562500e+14
6.544367899173e+13 -4.690681191229e+14 5.815429687500e+14
2.706221630837e+14 3.930271181598e+14 5.786132812500e+14
-4.684748090685e+14 -1.077949588584e+14 5.756835937500e+14
4.212869971070e+14 -2.386843709670e+14 5.727539062500e+14
-1.504777983898e+14 4.638499670343e+14 5.698242187500e+14
-2.037805946679e+14 -4.467707014517e+14 5.668945312500e+14
4.551456696890e+14 1.930960237223e+14 5.639648437500e+14
-4.691761239772e+14 1.661725553192e+14 5.610351562500e+14
2.352493552690e+14 -4.423528304384e+14 5.581054687500e+14
1.261511517625e+14 4.882271385559e+14 5.551757812500e+14
-4.255014463704e+14 -2.765371061442e+14 5.522460937500e+14
5.036762761036e+14 -8.403389027642e+13 5.493164062500e+14
-3.165618947320e+14 4.046605001446e+14 5.463867187500e+14
-4.016207144785e+13 -5.153071542313e+14 5.434570312500e+14
3.799375159875e+14 3.549333382535e+14 5.405273437500e+14
-5.229366377704e+14 -5.102241849309e+12 5.375976562500e+14
3.912716943792e+14 -3.514777722280e+14 5.346679687500e+14
-5.137944935353e+13 5.264167098767e+14 5.317382812500e+14
-3.194631760087e+14 -4.252114184151e+14 5.288085937500e+14
5.256360360859e+14 9.827580337612e+13 5.258789062500e+14
-4.564046043382e+14 2.841108089244e+14 5.229492187500e+14
1.453869344665e+14 -5.205212064892e+14 5.200195312500e+14
2.456711553491e+14 4.845242789789e+14 5.170898437500e+14
-5.110376440985e+14 -1.923014821555e+14 5.141601562500e+14
5.092675199329e+14 -2.044260280960e+14 5.112304687500e+14
-2.386047991569e+14 4.971901704579e+14 5.083007812500e+14
-1.606862087953e+14 -5.303583693173e+14 5.053710937500e+14
4.790232226083e+14 2.838826967032e+14 5.024414062500e+14
-5.475505172660e+14 1.147888229450e+14 4.995117187500e+14
3.277251982664e+14 -4.566207186067e+14 4.965820312500e+14
6.709447197920e+13 5.606297310525e+14 4.936523437500e+14
-4.301055719025e+14 -3.697302687925e+14 4.907226562500e+14
5.694160079406e+14 -1.798414688028e+13 4.877929687500e+14
-4.095074867334e+14 3.996388579766e+14 4.848632812500e+14
3.214405017214e+13 -5.737654322576e+14 4.819335937500e+14
3.654186397051e+14 4.466816266126e+14 4.790039062500e+14
-5.735717197451e+14 -8.287834789739e+13 4.760742187500e+14
4.808961205918e+14 -3.276784609155e+14 4.731445312500e+14
-1.337968820560e+14 5.687674349585e+14 4.702148437500e+14
-2.866855205153e+14 -5.118163685105e+14 4.672851562500e+14
5.593248703126e+14 1.844713747220e+14 4.643554687500e+14
-5.391328671482e+14 2.427385423833e+14 4.614257812500e+14
2.344708848218e+14 -5.452565783068e+14 4.584960937500e+14
1.961653588835e+14 5.625641309847e+14 4.555664062500e+14
-5.266155514659e+14 -2.833655974065e+14 4.526367187500e+14
5.818593785050e+14 -1.473202283806e+14 4.497070312500e+14
-3.307306187380e+14 5.034950475833e+14 4.467773437500e+14
-9.658090947771e+13 -5.968009600913e+14 4.438476562500e+14
4.760280609317e+14 3.761497441697e+14 4.409179687500e+14
-6.072065057492e+14 4.434551683623e+13 4.379882812500e+14
4.192191659870e+14 -4.443864431701e+14 4.350585937500e+14
-8.970814626427e+12 6.129307733081e+14 4.321289062500e+14
-4.087796807164e+14 -4.595510888441e+14 4.291992187500e+14
6.138671802972e+14 6.293942867402e+13 4.262695312500e+14
-4.967772211834e+14 3.694533383352e+14 4.233398437500e+14
1.171217798793e+14 -6.099490054093e+14 4.204101562500e+14
3.266871815876e+14 5.305521120481e+14 4.174804687500e+14
-6.011502482924e+14 -1.710731678054e+14 4.145507812500e+14
5.605563039844e+14 -2.807929935797e+14 4.116210937500e+14
-2.243465411743e+14 5.874861393433e+14 4.086914062500e+14
-2.321121041075e+14 -5.864992742739e+14 4.057617187500e+14
5.690132941756e+14 2.764963393075e+14 4.028320312500e+14
-6.081221385153e+14 1.810126517978e+14 3.999023437500e+14
3.270823377476e+14 -5.458295104915e+14 3.969726562500e+14
1.278866021780e+14 6.252000925800e+14 3.940429687500e+14
-5.180732081555e+14 -3.756734648885e+14 3.911132812500e+14
6.375445711820e+14 -7.314654673836e+13 3.881835937500e+14
-4.218515566346e+14 4.859225163378e+14 3.852539062500e+14
-1.722230997416e+13 -6.450051036979e+14 3.823242187500e+14
4.495940146326e+14 4.652150165936e+14 3.793945312500e+14
-6.474708504481e+14 -3.944260691638e+13 3.764648437500e+14
5.053823500646e+14 -4.093411380358e+14 3.735351562500e+14
-9.639471555436e+13 6.448718053581e+14 3.706054687500e+14
-3.654522585661e+14 -5.419955411174e+14 3.676757812500e+14
6.371796537624e+14 1.531743318098e+14 3.647460937500e+14
-5.747232433505e+14 3.182484591024e+14 3.618164062500e+14
2.093194369021e+14 -6.244082770430e+14 3.588867187500e+14
2.680810176722e+14 6.032637564677e+14 3.559570312500e+14
-6.066138988079e+14 -2.643695752880e+14 3.530273437500e+14
6.273477625968e+14 -2.153286229303e+14 3.500976562500e+14
-3.178697560826e+14 5.838948703679e+14 3.471679687500e+14
-1.603943438997e+14 -6.467407982856e+14 3.442382812500e+14
5.563910963516e+14 3.693743246803e+14 3.413085937500e+14
-6.612454403299e+14 1.037023791820e+14 3.383789062500e+14
4.184507714346e+14 -5.242831043680e+14 3.354492187500e+14
4.569461276960e+13 6.707031859930e+14 3.325195312500e+14
-4.877907656721e+14 -4.646834447469e+14 3.295898437500e+14
6.749960107503e+14 1.317299471833e+13 3.266601562500e+14
-5.076771366663e+14 4.471716767743e+14 3.237304687500e+14
7.243414909781e+13 -6.740475894133e+14 3.208007812500e+14
4.027192148370e+14 5.470605101442e+14 3.178710937500e+14
-6.678241693275e+14 -1.316160685151e+14 3.149414062500e+14
5.824893383766e+14 -3.547602825011e+14 3.120117187500e+14
-1.902433997783e+14 6.563350872833e+14 3.090820312500e+14
-3.036527604510e+14 -6.136495282218e+14 3.061523437500e+14
6.396329247904e+14 2.478421720787e+14 3.032226562500e+14
-6.402599014655e+14 2.497826885408e+14 3.002929687500e+14
3.039437546833e+14 -6.178132994305e+14 2.973632812500e+14
1.935611986430e+14 6.620747097204e+14 2.944335937500e+14
-5.910142930884e+14 -3.580887850885e+14 2.915039062500e+14
6.788858609669e+14 -1.354212245256e+14 2.885742187500e+14
-4.098310343243e+14 5.594155209427e+14 2.856445312500e+14
-7.581401599723e+13 -6.905248381498e+14 2.827148437500e+14
5.232368481468e+14 4.587411765730e+14 2.797851562500e+14
-6.968642928224e+14 1.520548625852e+13 2.768554687500e+14
5.044104310246e+14 -4.827367641273e+14 2.739257812500e+14
-4.592757713756e+13 6.978192995543e+14 2.709960937500e+14
-4.382104273403e+14 -5.464540449209e+14 2.680664062500e+14
6.933482596636e+14 1.071014061157e+14 2.651367187500e+14
-5.845145880313e+14 3.899873961319e+14 2.622070312500e+14
1.678292181579e+14 -6.834534457814e+14 2.592773437500e+14
3.384290640291e+14 6.182650303515e+14 2.563476562500e+14
-6.681811817782e+14 -2.276252214323e+14 2.534179687500e+14
6.474115766012e+14 -2.839258203107e+14 2.504882812500e+14
-2.860086253863e+14 6.476216556487e+14 2.475585937500e+14
-2.268939590599e+14 -6.716962331062e+14 2.446289062500e+14
6.219083660462e+14 3.425076231230e+14 2.416992187500e+14
-6.908990848720e+14 1.677723620554e+14 2.387695312500e+14
3.966633120644e+14 -5.912172062466e+14 2.358398437500e+14
1.070189828063e+14 7.048402630630e+14 2.329101562500e+14
-5.557651923825e+14 -4.480335198727e+14 2.299804687500e+14
7.133815856769e+14 -4.510716074869e+13 2.270507812500e+14
-4.961965033519e+14 5.158088457924e+14 2.241210937500e+14
1.747820390270e+13 -7.164278569329e+14 2.211914062500e+14
4.716422422563e+14 5.407544890685e+14 2.182617187500e+14
-7.139278137365e+14 -8.024458293933e+13 2.153320312500e+14
5.813370257195e+14 -4.235947437081e+14 2.124023437500e+14
-1.426958279186e+14 7.058747105388e+14 2.094726562500e+14
-3.720284307049e+14 -6.176041198108e+14 2.065429687500e+14
6.923065369283e+14 2.043362195622e+14 2.036132812500e+14
-6.492491279913e+14 3.173352564752e+14 2.006835937500e+14
2.646745250597e+14 -6.733058653742e+14 1.977539062500e+14
2.599339457309e+14 6.760013813930e+14 1.948242187500e+14
-6.489993296353e+14 -3.232280294300e+14 1.918945312500e+14
6.976285195402e+14 -2.002666636031e+14 1.889648437500e+14
-3.795265072674e+14 6.195567374506e+14 1.860351562500e+14
-1.387954820221e+14 -7.139385137980e+14 1.831054687500e+14
5.851898241948e+14 4.331161016515e+14 1.801757812500e+14
-7.247813629048e+14 7.599867259528e+13 1.772460937500e+14
4.835630777363e+14 -5.461506572021e+14 1.743164062500e+14
1.236685652684e+13 7.300504458568e+14 1.713867187500e+14
-5.027297033943e+14 -5.304574195423e+14 1.684570312500e+14
7.296835202640e+14 5.160095664073e+13 1.655273437500e+14
-5.734162397472e+14 4.552535756874e+14 1.625976562500e+14
1.154014087163e+14 -7.236633572467e+14 1.596679687500e+14
4.040824763528e+14 6.120869737998e+14 1.567382812500e+14
-7.120180069735e+14 -1.785308775371e+14 1.538085937500e+14
6.461503314512e+14 -3.496073580666e+14 1.508789062500e+14
-2.404895727754e+14 6.948206920189e+14 1.479492187500e+14
-2.922468257627e+14 -6.753229807934e+14 1.450195312500e+14
6.721893288280e+14 3.007856088860e+14 1.420898437500e+14
-6.993599421027e+14 2.324438045950e+14 1.391601562500e+14
3.589390213596e+14 -6.442856806802e+14 1.362304687500e+14
1.706620012968e+14 7.180566711838e+14 1.333007812500e+14
-6.113141486244e+14 -4.144856928846e+14 1.303710937500e+14
7.312508144808e+14 -1.073821879747e+14 1.274414062500e+14
-4.669811567369e+14 5.735202098851e+14 1.245117187500e+14
-4.309833888818e+13 -7.388236209422e+14 1.215820312500e+14
5.311885161892e+14 5.160042457106e+14 1.186523437500e+14
-7.407009984749e+14 -2.168634798084e+13 1.157226562500e+14
5.611605561589e+14 -4.846406673113e+14 1.127929687500e+14
-8.646351177325e+13 7.368542057726e+14 1.098632812500e+14
-4.342326778538e+14 -6.020856982288e+14 1.069335937500e+14
7.273001733377e+14 1.507237385010e+14 1.040039062500e+14
-6.384483051279e+14 3.803521578529e+14 1.010742187500e+14
2.139606857514e+14 -7.121014505943e+14 9.814453125000e+13
3.234152302010e+14 6.699527762490e+14 9.521484375000e+13
-6.913657791071e+14 -2.756751882479e+14 9.228515625000e+13
6.963417311697e+14 -2.638632100844e+14 8.935546875000e+13
-3.353793103003e+14 6.652452950287e+14 8.642578125000e+13
-2.021590736387e+14 -7.173981539383e+14 8.349609375000e+13
6.339353669892e+14 3.926003115946e+14 8.056640625000e+13
-7.329472096151e+14 1.387837447943e+14 7.763671875000e+13
4.468844934707e+14 -5.976730786787e+14 7.470703125000e+13
7.423223081879e+13 7.428577177575e+14 7.177734375000e+13
-5.567353683339e+14 -4.978008938069e+14 6.884765625000e+13
7.470432703752e+14 -9.009638340002e+12 6.591796875000e+13
-5.449447998731e+14 5.114368402026e+14 6.298828125000e+13
5.637289735203e+13 -7.454629848362e+14 6.005859375000e+13
4.621272657947e+14 5.879410500040e+14 5.712890625000e+13
-7.381218852293e+14 -1.214023361900e+14 5.419921875000e+13
6.264470966918e+14 -4.091887953156e+14 5.126953125000e+13
-1.855678764041e+14 7.250709087759e+14 4.833984375000e+13
-3.530329021002e+14 -6.601558056581e+14 4.541015625000e+13
7.064065369971e+14 2.483650826153e+14 4.248046875000e+13
-6.887979676547e+14 2.940970850881e+14 3.955078125000e+13
3.092999648871e+14 -6.822700544604e+14 3.662109375000e+13
2.328413564097e+14 7.121445021133e+14 3.369140625000e+13
-6.528464410234e+14 -3.678929750657e+14 3.076171875000e+13
7.300083343217e+14 -1.697445429385e+14 2.783203125000e+13
-4.236828874182e+14 6.183629065401e+14 2.490234375000e+13
-1.053004322275e+14 -7.422459305042e+14 2.197265625000e+13
5.790870799661e+14 4.762305315260e+14 1.904296875000e+13
-7.487584780245e+14 4.001379454323e+13 1.611328125000e+13
5.251223466101e+14 -5.353248676706e+14 1.318359375000e+13
-2.560368625033e+13 7.494927008697e+14 1.025390625000e+13
-4.874179985164e+14 -5.699737279401e+14 7.324218750000e+12
7.444413036012e+14 9.103753944210e+13 4.394531250000e+12
-6.104321377000e+14 4.357412758689e+14 1.464843750000e+12
1.557746578602e+14 -7.336430400415e+14 -1.464843750000e+12
3.806995591317e+14 6.461799546349e+14 -4.394531250000e+12
-7.171824060806e+14 -2.193074376947e+14 -7.324218750000e+12
6.769370389690e+14 -3.227244996565e+14 -1.025390625000e+13
-2.811378736420e+14 6.951889591038e+14 -1.318359375000e+13
-2.622710579095e+14 -7.024629914454e+14 -1.611328125000e+13
6.678362696452e+14 3.407815756281e+14 -1.904296875000e+13
-7.225590878806e+14 1.998138305984e+14 -2.197265625000e+13
3.977716740150e+14 -6.353405139192e+14 -2.490234375000e+13
1.358432180353e+14 7.370698733162e+14 -2.783203125000e+13
-5.979587188667e+14 -4.516625811275e+14 -3.076171875000e+13
7.458844026781e+14 -7.086146333823e+13 -3.369140625000e+13
-5.020335781275e+14 5.559866742333e+14 -3.662109375000e+13
-5.378596131704e+12 -7.489371177917e+14 -3.955078125000e+13
5.097565289573e+14 5.484921977204e+14 -4.248046875000e+13
-7.462083536162e+14 -6.009168580436e+13 -4.541015625000e+13
5.906773748781e+14 -4.596340917658e+14 -4.833984375000e+13
-1.250361629811e+14 7.377244696446e+14 -5.126953125000e+13
-4.060158583253e+14 -6.282623396920e+14 -5.419921875000e+13
7.235576055271e+14 1.889462345603e+14 -5.712890625000e+13
-6.609572286214e+14 3.493257895573e+14 -6.005859375000e+13
2.513220185053e+14 -7.038250630942e+14 -6.298828125000e+13
2.900118677897e+14 6.885113927431e+14 -6.591796875000e+13
-6.786883200579e+14 -3.116763777477e+14 -6.884765625000e+13
7.107153841347e+14 -2.285424592465e+14 -7.177734375000e+13
-3.695388392193e+14 6.483516837260e+14 -7.470703125000e+13
-1.654025129798e+14 -7.274026042033e+14 -7.763671875000e+13
6.130605960497e+14 4.244593735037e+14 -8.056640625000e+13
-7.384506005837e+14 1.010896276880e+14 -8.349609375000e+13
4.760120040335e+14 -5.730996042150e+14 -8.642578125000e+13
3.611001895149e+13 7.437820021591e+14 -8.935546875000e+13
-5.287900137600e+14 -5.237982161898e+14 -9.228515625000e+13
7.433650847654e+14 2.902557977660e+13 -9.521484375000e+13
-5.674501383407e+14 4.804872438295e+14 -9.814453125000e+13
9.380604855181e+13 -7.372139632150e+14 -1.010742187500e+14
4.285779066397e+14 6.066334687644e+14 -1.040039062500e+14
-7.253884083830e+14 -1.577240105733e+14 -1.069335937500e+14
6.410501245333e+14 -3.734766355060e+14 -1.098632812500e+14
-2.202799259878e+14 7.079932912164e+14 -1.127929687500e+14
-3.156226878611e+14 -6.704405907594e+14 -1.157226562500e+14
6.851776586268e+14 2.809861161006e+14 -1.186523437500e+14
-6.945859511104e+14 2.554763515418e+14 -1.215820312500e+14
3.393706848332e+14 -6.571334492854e+14 -1.245117187500e+14
1.935151842386e+14 7.133095831700e+14 -1.274414062500e+14
-6.240938603264e+14 -3.949813051491e+14 -1.303710937500e+14
7.264785050148e+14 -1.302301173676e+14 -1.333007812500e+14
-4.473888393154e+14 5.863313788637e+14 -1.362304687500e+14
-6.612145672595e+13 -7.340043622983e+14 -1.391601562500e+14
5.441554950003e+14 4.961907632797e+14 -1.420898437500e+14
-7.358440481274e+14 1.694813123977e+12 -1.450195312500e+14
5.410143670972e+14 -4.979101156491e+14 -1.479492187500e+14
-6.254300325998e+13 7.319999510874e+14 -1.508789062500e+14
-4.479707009564e+14 -5.815197052322e+14 -1.538085937500e+14
7.225198298685e+14 1.260880907841e+14 -1.567382812500e+14
-6.174022726688e+14 3.947411474101e+14 -1.596679687500e+14
1.884435325045e+14 -7.074963160605e+14 -1.625976562500e+14
3.386504438015e+14 6.483953850731e+14 -1.655273437500e+14
-6.870660497819e+14 -2.491234068882e+14 -1.684570312500e+14
6.742722437368e+14 -2.801491280768e+14 -1.713867187500e+14
-3.076566999547e+14 6.614084558615e+14 -1.743164062500e+14
-2.197055747437e+14 -6.948476686849e+14 -1.772460937500e+14
6.307441712859e+14 3.635910865792e+14 -1.801757812500e+14
-7.099794861119e+14 1.578021438832e+14 -1.831054687500e+14
4.164965498183e+14 -5.953331375192e+14 -1.860351562500e+14
9.493122393187e+13 7.195695592153e+14 -1.889648437500e+14
-5.554723740865e+14 -4.659688085088e+14 -1.918945312500e+14
7.235644544833e+14 -3.159120125464e+13 -1.948242187500e+14
-5.116325250211e+14 5.114934524541e+14 -1.977539062500e+14
3.171760990360e+13 -7.219557385474e+14 -2.006835937500e+14
4.637596917205e+14 5.531442669268e+14 -2.036132812500e+14
-7.147799038062e+14 -9.449704320648e+13 -2.065429687500e+14
5.901951984209e+14 -4.126630999308e+14 -2.094726562500e+14
-1.562551278694e+14 7.021179241296e+14 -2.124023437500e+14
-3.586210869246e+14 -6.225134796378e+14 -2.153320312500e+14
6.840944450485e+14 2.165100745509e+14 -2.182617187500e+14
-6.498663544656e+14 3.020729765052e+14 -2.211914062500e+14
2.747941664455e+14 -6.608766158852e+14 -2.241210937500e+14
2.434763473606e+14 6.720619101018e+14 -2.270507812500e+14
-6.326725742688e+14 -3.306575233706e+14 -2.299804687500e+14
6.889504943617e+14 -1.833032335623e+14 -2.329101562500e+14
-3.836717077472e+14 5.997295963802e+14 -2.358398437500e+14
-1.220362166012e+14 -7.004257796400e+14 -2.387695312500e+14
5.623319290493e+14 4.334331427422e+14 -2.416992187500e+14
-7.064254654044e+14 6.016444178391e+13 -2.446289062500e+14
4.795663144592e+14 -5.207983224786e+14 -2.475585937500e+14
-1.820407596817e+12 7.069316141414e+14 -2.504882812500e+14
-4.754792848475e+14 -5.217267319158e+14 -2.534179687500e+14
7.019706187636e+14 6.342814460255e+13 -2.563476562500e+14
-5.596036206179e+14 4.267540823581e+14 -2.592773437500e+14
1.241740877588e+14 -6.916128025798e+14 -2.622070312500e+14
3.750275103875e+14 5.929223278162e+14 -2.651367187500e+14
-6.759716560213e+14 -1.835830114582e+14 -2.680664062500e+14
6.214464199871e+14 -3.207264632947e+14 -2.709960937500e+14
-2.411930047241e+14 6.552027173621e+14 -2.739257812500e+14
-2.642963320847e+14 -6.449794556959e+14 -2.768554687500e+14
6.295021076578e+14 2.965592062245e+14 -2.797851562500e+14
-6.633664197647e+14 2.061972605347e+14 -2.827148437500e+14
3.492573845160e+14 -5.991047330209e+14 -2.856445312500e+14
1.469002915314e+14 6.764948075343e+14 -2.885742187500e+14
-5.642821701354e+14 -3.988873338529e+14 -2.915039062500e+14
6.842953509836e+14 -8.688343624477e+13 -2.944335937500e+14
-4.450760574958e+14 5.253402535578e+14 -2.973632812500e+14
-2.662769936278e+13 -6.867423814983e+14 -3.002929687500e+14
4.826163858368e+14 4.874807122939e+14 -3.032226562500e+14
-6.838538271585e+14 -3.338690607291e+13 -3.061523437500e+14
5.257912903707e+14 -4.364765937925e+14 -3.090820312500e+14
-9.268532065376e+13 6.756908455041e+14 -3.120117187500e+14
-3.873123564025e+14 -5.597330160061e+14 -3.149414062500e+14
6.623570958168e+14 1.508013440897e+14 -3.178710937500e+14
-5.890684382484e+14 3.355372316286e+14 -3.208007812500e+14
2.072814514001e+14 -6.439976579991e+14 -3.237304687500e+14
2.815833111810e+14 6.135992023977e+14 -3.266601562500e+14
-6.207976081099e+14 -2.616884878282e+14 -3.295898437500e+14
6.331674862490e+14 -2.258975336174e+14 -3.325195312500e+14
-3.136052115745e+14 5.929802635108e+14 -3.354492187500e+14
-1.689378873335e+14 -6.476570898464e+14 -3.383789062500e+14
5.608051133522e+14 3.626376547884e+14 -3.413085937500e+14
-6.569941704574e+14 1.111695358767e+14 -3.442382812500e+14
4.084182748461e+14 -5.245654527757e+14 -3.471679687500e+14
5.306089862270e+13 6.611476174998e+14 -3.500976562500e+14
-4.845857416913e+14 -4.506088697688e+14 -3.530273437500e+14
6.601290652215e+14 4.920279819009e+12 -3.559570312500e+14
-4.889032336848e+14 4.412187112956e+14 -3.588867187500e+14
6.231083806800e+13 -6.539925440153e+14 -3.618164062500e+14
3.948422436022e+14 5.230295304869e+14 -3.647460937500e+14
-6.428337743226e+14 -1.186560511407e+14 -3.676757812500e+14
5.527523662705e+14 -3.458560511469e+14 -3.706054687500e+14
-1.735133956875e+14 6.267891101178e+14 -3.735351562500e+14
-2.946781856875e+14 -5.778745437378e+14 -3.764648437500e+14
6.060341419368e+14 2.264561954651e+14 -3.793945312500e+14
-5.982384844873e+14 2.417414061255e+14 -3.823242187500e+14
2.770771162835e+14 -5.807819723021e+14 -3.852539062500e+14
1.874894370340e+14 6.137273079667e+14 -3.881835937500e+14
-5.512811791699e+14 -3.249914810005e+14 -3.911132812500e+14
6.242655588158e+14 -1.323731500534e+14 -3.940429687500e+14
-3.698403767233e+14 5.178134856635e+14 -3.969726562500e+14
-7.684670102728e+13 -6.298195773430e+14 -3.999023437500e+14
4.806911568405e+14 4.112935281940e+14 -4.028320312500e+14
-6.303975109374e+14 2.136365607560e+13 -4.057617187500e+14
4.490519133810e+14 -4.402541465407e+14 -4.086914062500e+14
-3.362686015654e+13 6.260489672989e+14 -4.116210937500e+14
-3.968670194653e+14 -4.828500995399e+14 -4.145507812500e+14
6.168643134289e+14 8.768396107714e+13 -4.174804687500e+14
-5.124582804398e+14 3.509156755269e+14 -4.204101562500e+14
1.403787070811e+14 -6.029736273602e+14 -4.233398437500e+14
3.028039051574e+14 5.376839980410e+14 -4.262695312500e+14
-5.845453125695e+14 -1.912976951701e+14 -4.291992187500e+14
5.583735346458e+14 -2.529498056735e+14 -4.321289062500e+14
-2.400464986613e+14 5.617843878969e+14 -4.350585937500e+14
-2.017820899435e+14 -5.744129643956e+14 -4.379882812500e+14
5.349304685674e+14 2.862529277258e+14 -4.409179687500e+14
-5.857288559319e+14 1.497363194757e+14 -4.438476562500e+14
3.295700830787e+14 -5.042554565408e+14 -4.467773437500e+14
9.725109465440e+13 5.922886210564e+14 -4.497070312500e+14
-4.700609608912e+14 -3.696791769701e+14 -4.526367187500e+14
5.941005072768e+14 -4.476423516529e+13 -4.555664062500e+14
-4.062920976669e+14 4.326754712130e+14 -4.584960937500e+14
7.291016311007e+12 -5.912132352028e+14 -4.614257812500e+14
3.924513091454e+14 4.391536958651e+14 -4.643554687500e+14
-5.837152848168e+14 -5.848973431027e+13 -4.672851562500e+14
4.680437739049e+14 -3.497613849841e+14 -4.702148437500e+14
-1.084189624068e+14 5.717338376717e+14 -4.731445312500e+14
-3.049957879947e+14 -4.927787612581e+14 -4.760742187500e+14
5.554333850341e+14 1.566812451661e+14 -4.790039062500e+14
-5.132130624964e+14 2.585582404377e+14 -4.819335937500e+14
2.028980098321e+14 -5.350140148647e+14 -4.848632812500e+14
2.108624464473e+14 5.292400668093e+14 -4.877929687500e+14
-5.107093932967e+14 -2.467127687038e+14 -4.907226562500e+14
5.407928110888e+14 -1.623283677759e+14 -4.936523437500e+14
-2.877941147552e+14 4.827844588964e+14 -4.965820312500e+14
-1.133784589960e+14 -5.478442916259e+14 -4.995117187500e+14
4.515328504636e+14 3.258384848936e+14 -5.024414062500e+14
-5.504074225239e+14 6.443389505906e+13 -5.053710937500e+14
3.605726673175e+14 -4.172740914126e+14 -5.083007812500e+14
1.591082411949e+13 5.485346420214e+14 -5.112304687500e+14
-3.803505558677e+14 -3.917560317036e+14 -5.141601562500e+14
5.423171709894e+14 3.178332173716e+13 -5.170898437500e+14
-4.191824634139e+14 3.411242434727e+14 -5.200195312500e+14
7.825342578655e+13 -5.318839309111e+14 -5.229492187500e+14
2.999733915481e+14 4.426819855432e+14 -5.258789062500e+14
-5.174001316284e+14 -1.231201647458e+14 -5.288085937500e+14
4.621220553986e+14 -2.572889546162e+14 -5.317382812500e+14
-1.660233355302e+14 4.990655420405e+14 -5.346679687500e+14
-2.134709824331e+14 -4.774085249066e+14 -5.375976562500e+14
4.771124597207e+14 2.066250019669e+14 -5.405273437500e+14
-4.884862574417e+14 1.689249285201e+14 -5.434570312500e+14
2.446124343924e+14 -4.518033980773e+14 -5.463867187500e+14
1.240579217521e+14 4.953393966516e+14 -5.493164062500e+14
-4.234285121810e+14 -2.797008169636e+14 -5.522460937500e+14
4.979912859898e+14 -7.927503384843e+13 -5.551757812500e+14
-3.116356996378e+14 3.923027867128e+14 -5.581054687500e+14
-3.497557560157e+13 -4.965040408324e+14 -5.610351562500e+14
3.587630116237e+14 3.401951741350e+14 -5.639648437500e+14
-4.909777782320e+14 -8.450545614439e+12 -5.668945312500e+14
3.651917557472e+14 -3.231645730278e+14 -5.698242187500e+14
-5.062637510181e+13 4.815495125316e+14 -5.727539062500e+14
-2.858780885680e+14 -3.864739556086e+14 -5.756835937500e+14
4.683917281934e+14 9.119133577860e+13 -5.786132812500e+14
-4.039275309583e+14 2.472859179803e+14 -5.815429687500e+14
1.298044988668e+14 -4.517106442957e+14 -5.844726562500e+14
2.077785808401e+14 4.174764040052e+14 -5.874023437500e+14
-4.317441881833e+14 -1.661476718170e+14 -5.903320312500e+14
4.270832432305e+14 -1.677511145044e+14 -5.932617187500e+14
-1.999282766416e+14 4.087596987385e+14 -5.961914062500e+14
-1.275994060646e+14 -4.327497043278e+14 -5.991210937500e+14
3.830513826557e+14 2.308819937583e+14 -6.020507812500e+14
-4.345163314737e+14 8.771653272698e+13 -6.049804687500e+14
2.587751486129e+14 -3.549375499838e+14 -6.079101562500e+14
4.848914545241e+13 4.324621232672e+14 -6.108398437500e+14
-3.247576580643e+14 -2.834068207326e+14 -6.137695312500e+14
4.267037714602e+14 -1.029393096749e+13 -6.166992187500e+14
-3.046106574446e+14 2.928691959060e+14 -6.196289062500e+14
2.650581253906e+13 -4.173945845955e+14 -6.225585937500e+14
2.596444440746e+14 3.222563772529e+14 -6.254882812500e+14
-4.047231128997e+14 -6.156345049559e+13 -6.284179687500e+14
3.362509507788e+14 -2.254671484895e+14 -6.313476562500e+14
-9.455210188082e+13 3.889114953757e+14 -6.342773437500e+14
-1.907291503116e+14 -3.465394502030e+14 -6.372070312500e+14
3.702135551494e+14 1.251675073318e+14 -6.401367187500e+14
-3.531055612584e+14 1.558270187134e+14 -6.430664062500e+14
1.531306372909e+14 -3.489126750100e+14 -6.459960937500e+14
1.211587392594e+14 3.559717549612e+14 -6.489257812500e+14
-3.253194921550e+14 -1.781899993960e+14 -6.518554687500e+14
3.551991193345e+14 -8.712051870048e+13 -6.547851562500e+14
-2.001235996440e+14 2.997694600463e+14 -6.577148437500e+14
-5.410377851224e+13 -3.508868542425e+14 -6.606445312500e+14
2.726203370603e+14 2.187405038658e+14 -6.635742187500e+14
-3.431714348518e+14 2.249242662001e+13 -6.665039062500e+14
2.338819325256e+14 -2.442496779876e+14 -6.694335937500e+14
-7.339476917775e+12 3.322254507188e+14 -6.723632812500e+14
-2.150524283240e+14 -2.454217990089e+14 -6.752929687500e+14
3.182561271855e+14 3.502950268059e+13 -6.782226562500e+14
-2.532665625866e+14 1.854387577596e+14 -6.811523437500e+14
6.022785691288e+13 -3.015035319404e+14 -6.840820312500e+14
1.558323274480e+14 2.573541995428e+14 -6.870117187500e+14
-2.822384587191e+14 -8.259726606641e+13 -6.899414062500e+14
2.576519750900e+14 -1.266692826927e+14 -6.928710937500e+14
-1.018111922458e+14 2.607599546429e+14 -6.958007812500e+14
-9.839843242687e+13 -2.541524749758e+14 -6.987304687500e+14
2.373924006484e+14 1.175494502141e+14 -7.016601562500e+14
-2.468669217487e+14 7.148338989370e+13 -7.045898437500e+14
1.294895527435e+14 -2.124819254197e+14 -7.075195312500e+14
4.640806302294e+13 2.358139081224e+14 -7.104492187500e+14
-1.863916285544e+14 -1.372905565667e+14 -7.133789062500e+14
2.209997026397e+14 -2.368818171738e+13 -7.163085937500e+14
-1.405626464294e+14 1.594943171819e+14 -7.192382812500e+14
-3.894568762062e+12 -2.023814646791e+14 -7.221679687500e+14
1.321593008607e+14 1.388067292921e+14 -7.250976562500e+14
-1.797913828898e+14 -1.229818648738e+13 -7.280273437500e+14
1.312819447989e+14 -1.047228219445e+14 -7.309570312500e+14
-2.399906861138e+13 1.527557813902e+14 -7.338867187500e+14
-7.740390035821e+13 -1.166628462287e+14 -7.368164062500e+14
1.199527672541e+14 2.978339150784e+13 -7.397460937500e+14
-9.184674132675e+13 4.996859065813e+13 -7.426757812500e+14
2.634012291494e+13 -7.667256937731e+13 -7.456054687500e+14
1.870665533248e+13 4.295556895281e+13 -7.485351562500e+14
POLYGONS 1020 4080
3 0 1 2
3 1 0 3
3 2 1 4
3 0 2 5
3 1 3 6
3 2 4 7
3 3 0 8
3 0 5 8
3 4 1 9
3 1 6 9
3 5 2 10
3 6 3 11
3 7 4 12
3 8 5 13
3 9 6 14
3 2 7 15
3 10 2 15
3 3 8 16
3 11 3 16
3 4 9 17
3 12 4 17
3 5 10 18
3 13 5 18
3 6 11 19
3 14 6 19
3 7 12 20
3 15 7 20
3 8 13 21
3 16 8 21
3 9 14 22
3 17 9 22
3 10 15 23
3 11 16 24
3 12 17 25
3 13 18 26
3 14 19 27
3 15 20 28
3 16 21 29
3 17 22 30
3 18 10 31
3 10 23 31
3 19 11 32
3 11 24 32
3 20 12 33
3 12 25 33
3 21 13 34
3 13 26 34
3 22 14 35
3 14 27 35
3 23 15 36
3 15 28 36
3 24 16 37
3 16 29 37
3 25 17 38
3 17 30 38
3 26 18 39
3 18 31 39
3 27 19 40
3 19 32 40
3 28 20 41
3 20 33 41
3 29 21 42
3 21 34 42
3 30 22 43
3 22 35 43
3 31 23 44
3 23 36 44
3 32 24 45
3 24 37 45
3 33 25 46
3 25 38 46
3 34 26 47
3 26 39 47
3 35 27 48
3 27 40 48
3 36 28 49
3 28 41 49
3 37 29 50
3 29 42 50
3 38 30 51
3 30 43 51
3 39 31 52
3 31 44 52
3 40 32 53
3 32 45 53
3 41 33 54
3 33 46 54
3 42 34 55
3 34 47 55
3 43 35 56
3 35 48 56
3 44 36 57
3 36 49 57
3 45 37 58
3 37 50 58
3 46 38 59
3 47 39 60
3 48 40 61
3 49 41 62
3 50 42 63
3 51 43 64
3 52 44 65
3 53 45 66
3 54 46 67
3 55 47 68
3 56 48 69
3 57 49 70
3 58 50 71
3 38 51 72
3 59 38 72
3 39 52 73
3 60 39 73
3 40 53 74
3 61 40 74
3 41 54 75
3 62 41 75
3 42 55 76
3 63 42 76
3 43 56 77
3 64 43 77
3 44 57 78
3 65 44 78
3 45 58 79
3 66 45 79
3 46 59 80
3 67 46 80
3 47 60 81
3 68 47 81
3 48 61 82
3 69 48 82
3 49 62 83
3 70 49 83
3 50 63 84
3 71 50 84
3 51 64 85
3 72 51 85
3 52 65 86
3 73 52 86
3 53 66 87
3 74 53 87
3 54 67 88
3 75 54 88
3 55 68 89
3 76 55 89
3 56 69 90
3 77 56 90
3 57 70 91
3 78 57 91
3 58 71 92
3 79 58 92
3 59 72 93
3 80 59 93
3 60 73 94
3 81 60 94
3 61 74 95
3 82 61 95
3 62 75 96
3 83 62 96
3 63 76 97
3 84 63 97
3 64 77 98
3 85 64 98
3 65 78 99
3 86 65 99
3 66 79 100
3 87 66 100
3 67 80 101
3 88 67 101
3 68 81 102
3 89 68 102
3 69 82 103
3 90 69 103
3 70 83 104
3 91 70 104
3 71 84 105
3 92 71 105
3 72 85 106
3 93 72 106
3 73 86 107
3 94 73 107
3 74 87 108
3 95 74 108
3 75 88 109
3 96 75 109
3 76 89 110
3 97 76 110
3 77 90 111
3 98 77 111
3 78 91 112
3 99 78 112
3 79 92 113
3 100 79 113
3 80 93 114
3 101 80 114
3 81 94 115
3 102 81 115
3 82 95 116
3 103 82 116
3 83 96 117
3 104 83 117
3 84 97 118
3 105 84 118
3 85 98 119
3 106 85 119
3 86 99 120
3 107 86 120
3 87 100 121
3 108 87 121
3 88 101 122
3 109 88 122
3 89 102 123
3 110 89 123
3 90 103 124
3 111 90 124
3 91 104 125
3 112 91 125
3 92 105 126
3 113 92 126
3 93 106 127
3 114 93 127
3 94 107 128
3 115 94 128
3 95 108 129
3 116 95 129
3 96 109 130
3 117 96 130
3 97 110 131
3 118 97 131
3 98 111 132
3 119 98 132
3 99 112 133
3 120 99 133
3 100 113 134
3 121 100 134
3 101 114 135
3 122 101 135
3 102 115 136
3 123 102 136
3 103 116 137
3 124 103 137
3 104 117 138
3 125 104 138
3 105 118 139
3 126 105 139
3 106 119 140
3 127 106 140
3 107 120 141
3 128 107 141
3 108 121 142
3 129 108 142
3 109 122 143
3 130 109 143
3 110 123 144
3 131 110 144
3 111 124 145
3 132 111 145
3 112 125 146
3 133 112 146
3 113 126 147
3 134 113 147
3 114 127 148
3 135 114 148
3 115 128 149
3 136 115 149
3 116 129 150
3 137 116 150
3 117 130 151
3 138 117 151
3 118 131 152
3 139 118 152
3 119 132 153
3 140 119 153
3 120 133 154
3 141 120 154
3 121 134 155
3 142 121 155
3 122 135 156
3 143 122 156
3 123 136 157
3 144 123 157
3 124 137 158
3 145 124 158
3 125 138 159
3 146 125 159
3 126 139 160
3 147 126 160
3 127 140 161
3 148 127 161
3 128 141 162
3 149 128 162
3 129 142 163
3 150 129 163
3 130 143 164
3 151 130 164
3 131 144 165
3 152 131 165
3 132 145 166
3 153 132 166
3 133 146 167
3 154 133 167
3 134 147 168
3 155 134 168
3 135 148 169
3 156 135 169
3 136 149 170
3 157 136 170
3 137 150 171
3 158 137 171
3 138 151 172
3 159 138 172
3 139 152 173
3 160 139 173
3 140 153 174
3 161 140 174
3 141 154 175
3 162 141 175
3 142 155 176
3 163 142 176
3 143 156 177
3 164 143 177
3 144 157 178
3 165 144 178
3 145 158 179
3 166 145 179
3 146 159 180
3 167 146 180
3 147 160 181
3 168 147 181
3 148 161 182
3 169 148 182
3 149 162 183
3 170 149 183
3 150 163 184
3 171 150 184
3 151 164 185
3 172 151 185
3 152 165 186
3 173 152 186
3 153 166 187
3 174 153 187
3 154 167 188
3 175 154 188
3 155 168 189
3 176 155 189
3 156 169 190
3 177 156 190
3 157 170 191
3 178 157 191
3 158 171 192
3 179 158 192
3 159 172 193
3 180 159 193
3 160 173 194
3 181 160 194
3 161 174 195
3 182 161 195
3 162 175 196
3 183 162 196
3 163 176 197
3 184 163 197
3 164 177 198
3 185 164 198
3 165 178 199
3 186 165 199
3 166 179 200
3 187 166 200
3 167 180 201
3 188 167 201
3 168 181 202
3 189 168 202
3 169 182 203
3 190 169 203
3 170 183 204
3 191 170 204
3 171 184 205
3 192 171 205
3 172 185 206
3 193 172 206
3 173 186 207
3 194 173 207
3 174 187 208
3 195 174 208
3 175 188 209
3 196 175 209
3 176 189 210
3 197 176 210
3 177 190 211
3 198 177 211
3 178 191 212
3 199 178 212
3 179 192 213
3 200 179 213
3 180 193 214
3 201 180 214
3 181 194 215
3 202 181 215
3 182 195 216
3 203 182 216
3 183 196 217
3 204 183 217
3 184 197 218
3 205 184 218
3 185 198 219
3 206 185 219
3 186 199 220
3 207 186 220
3 187 200 221
3 208 187 221
3 188 201 222
3 209 188 222
3 189 202 223
3 210 189 223
3 190 203 224
3 211 190 224
3 191 204 225
3 212 191 225
3 192 205 226
3 213 192 226
3 193 206 227
3 214 193 227
3 194 207 228
3 215 194 228
3 195 208 229
3 216 195 229
3 196 209 230
3 217 196 230
3 197 210 231
3 218 197 231
3 198 211 232
3 219 198 232
3 199 212 233
3 220 199 233
3 200 213 234
3 221 200 234
3 201 214 235
3 222 201 235
3 202 215 236
3 223 202 236
3 203 216 237
3 224 203 237
3 204 217 238
3 225 204 238
3 205 218 239
3 226 205 239
3 206 219 240
3 227 206 240
3 207 220 241
3 228 207 241
3 208 221 242
3 229 208 242
3 209 222 243
3 230 209 243
3 210 223 244
3 211 224 245
3 212 225 246
3 213 226 247
3 214 227 248
3 215 228 249
3 216 229 250
3 217 230 251
3 218 231 252
3 219 232 253
3 220 233 254
3 221 234 255
3 222 235 256
3 223 236 257
3 224 237 258
3 225 238 259
3 226 239 260
3 227 240 261
3 228 241 262
3 229 242 263
3 230 243 264
3 231 210 265
3 210 244 265
3 232 211 266
3 211 245 266
3 233 212 267
3 212 246 267
3 234 213 268
3 213 247 268
3 235 214 269
3 214 248 269
3 236 215 270
3 215 249 270
3 237 216 271
3 216 250 271
3 238 217 272
3 217 251 272
3 239 218 273
3 218 252 273
3 240 219 274
3 219 253 274
3 241 220 275
3 220 254 275
3 242 221 276
3 221 255 276
3 243 222 277
3 222 256 277
3 244 223 278
3 223 257 278
3 245 224 279
3 224 258 279
3 246 225 280
3 225 259 280
3 247 226 281
3 226 260 281
3 268 247 281
3 248 227 282
3 227 261 282
3 269 248 282
3 249 228 283
3 228 262 283
3 270 249 283
3 250 229 284
3 229 263 284
3 271 250 284
3 251 230 285
3 230 264 285
3 272 251 285
3 252 231 286
3 231 265 286
3 273 252 286
3 253 232 287
3 232 266 287
3 274 253 287
3 254 233 288
3 233 267 288
3 275 254 288
3 255 234 289
3 234 268 289
3 276 255 289
3 256 235 290
3 235 269 290
3 277 256 290
3 257 236 291
3 236 270 291
3 278 257 291
3 258 237 292
3 237 271 292
3 279 258 292
3 259 238 293
3 238 272 293
3 280 259 293
3 260 239 294
3 239 273 294
3 281 260 294
3 261 240 295
3 240 274 295
3 282 261 295
3 262 241 296
3 241 275 296
3 283 262 296
3 263 242 297
3 242 276 297
3 284 263 297
3 264 243 298
3 243 277 298
3 285 264 298
3 265 244 299
3 244 278 299
3 286 265 299
3 266 245 300
3 245 279 300
3 287 266 300
3 267 246 301
3 246 280 301
3 288 267 301
3 268 281 302
3 289 268 302
3 269 282 303
3 290 269 303
3 270 283 304
3 291 270 304
3 271 284 305
3 292 271 305
3 272 285 306
3 293 272 306
3 273 286 307
3 294 273 307
3 274 287 308
3 295 274 308
3 275 288 309
3 296 275 309
3 276 289 310
3 297 276 310
3 277 290 311
3 298 277 311
3 278 291 312
3 299 278 312
3 279 292 313
3 300 279 313
3 280 293 314
3 301 280 314
3 281 294 315
3 302 281 315
3 282 295 316
3 303 282 316
3 283 296 317
3 304 283 317
3 284 297 318
3 305 284 318
3 285 298 319
3 306 285 319
3 286 299 320
3 307 286 320
3 287 300 321
3 308 287 321
3 288 301 322
3 309 288 322
3 289 302 323
3 310 289 323
3 290 303 324
3 311 290 324
3 291 304 325
3 312 291 325
3 292 305 326
3 313 292 326
3 293 306 327
3 314 293 327
3 294 307 328
3 315 294 328
3 295 308 329
3 316 295 329
3 296 309 330
3 317 296 330
3 297 310 331
3 318 297 331
3 298 311 332
3 319 298 332
3 299 312 333
3 320 299 333
3 300 313 334
3 321 300 334
3 301 314 335
3 322 301 335
3 302 315 336
3 323 302 336
3 303 316 337
3 324 303 337
3 304 317 338
3 325 304 338
3 305 318 339
3 326 305 339
3 306 319 340
3 327 306 340
3 307 320 341
3 328 307 341
3 308 321 342
3 329 308 342
3 309 322 343
3 330 309 343
3 310 323 344
3 331 310 344
3 311 324 345
3 332 311 345
3 312 325 346
3 333 312 346
3 313 326 347
3 334 313 347
3 314 327 348
3 335 314 348
3 315 328 349
3 336 315 349
3 316 329 350
3 337 316 350
3 317 330 351
3 338 317 351
3 318 331 352
3 339 318 352
3 319 332 353
3 340 319 353
3 320 333 354
3 341 320 354
3 321 334 355
3 342 321 355
3 322 335 356
3 343 322 356
3 323 336 357
3 344 323 357
3 324 337 358
3 345 324 358
3 325 338 359
3 346 325 359
3 326 339 360
3 347 326 360
3 327 340 361
3 348 327 361
3 328 341 362
3 349 328 362
3 329 342 363
3 350 329 363
3 330 343 364
3 351 330 364
3 331 344 365
3 352 331 365
3 332 345 366
3 353 332 366
3 333 346 367
3 354 333 367
3 334 347 368
3 355 334 368
3 335 348 369
3 356 335 369
3 336 349 370
3 357 336 370
3 337 350 371
3 358 337 371
3 338 351 372
3 359 338 372
3 339 352 373
3 360 339 373
3 340 353 374
3 361 340 374
3 341 354 375
3 362 341 375
3 342 355 376
3 363 342 376
3 343 356 377
3 364 343 377
3 344 357 378
3 365 344 378
3 345 358 379
3 366 345 379
3 346 359 380
3 367 346 380
3 347 360 381
3 368 347 381
3 348 361 382
3 369 348 382
3 349 362 383
3 370 349 383
3 350 363 384
3 371 350 384
3 351 364 385
3 372 351 385
3 352 365 386
3 373 352 386
3 353 366 387
3 374 353 387
3 354 367 388
3 375 354 388
3 355 368 389
3 376 355 389
3 356 369 390
3 377 356 390
3 357 370 391
3 378 357 391
3 358 371 392
3 379 358 392
3 359 372 393
3 380 359 393
3 360 373 394
3 381 360 394
3 361 374 395
3 382 361 395
3 362 375 396
3 383 362 396
3 363 376 397
3 384 363 397
3 364 377 398
3 385 364 398
3 365 378 399
3 386 365 399
3 366 379 400
3 387 366 400
3 367 380 401
3 388 367 401
3 368 381 402
3 389 368 402
3 369 382 403
3 390 369 403
3 370 383 404
3 391 370 404
3 371 384 405
3 392 371 405
3 372 385 406
3 393 372 406
3 373 386 407
3 394 373 407
3 374 387 408
3 395 374 408
3 375 388 409
3 396 375 409
3 376 389 410
3 397 376 410
3 377 390 411
3 398 377 411
3 378 391 412
3 399 378 412
3 379 392 413
3 400 379 413
3 380 393 414
3 401 380 414
3 381 394 415
3 402 381 415
3 382 395 416
3 403 382 416
3 383 396 417
3 404 383 417
3 384 397 418
3 405 384 418
3 385 398 419
3 406 385 419
3 386 399 420
3 407 386 420
3 387 400 421
3 408 387 421
3 388 401 422
3 409 388 422
3 389 402 423
3 410 389 423
3 390 403 424
3 411 390 424
3 391 404 425
3 412 391 425
3 392 405 426
3 413 392 426
3 393 406 427
3 414 393 427
3 394 407 428
3 415 394 428
3 395 408 429
3 416 395 429
3 396 409 430
3 417 396 430
3 397 410 431
3 418 397 431
3 398 411 432
3 419 398 432
3 399 412 433
3 420 399 433
3 400 413 434
3 421 400 434
3 401 414 435
3 422 401 435
3 402 415 436
3 423 402 436
3 403 416 437
3 424 403 437
3 404 417 438
3 425 404 438
3 405 418 439
3 426 405 439
3 406 419 440
3 427 406 440
3 407 420 441
3 428 407 441
3 408 421 442
3 429 408 442
3 409 422 443
3 430 409 443
3 410 423 444
3 431 410 444
3 411 424 445
3 432 411 445
3 412 425 446
3 433 412 446
3 413 426 447
3 434 413 447
3 414 427 448
3 435 414 448
3 415 428 449
3 436 415 449
3 416 429 450
3 437 416 450
3 417 430 451
3 438 417 451
3 418 431 452
3 439 418 452
3 419 432 453
3 440 419 453
3 420 433 454
3 441 420 454
3 421 434 455
3 442 421 455
3 422 435 456
3 443 422 456
3 423 436 457
3 444 423 457
3 424 437 458
3 445 424 458
3 425 438 459
3 446 425 459
3 426 439 460
3 447 426 460
3 427 440 461
3 448 427 461
3 440 453 461
3 428 441 462
3 449 428 462
3 441 454 462
3 429 442 463
3 450 429 463
3 442 455 463
3 430 443 464
3 451 430 464
3 443 456 464
3 431 444 465
3 452 431 465
3 444 457 465
3 432 445 466
3 453 432 466
3 445 458 466
3 433 446 467
3 454 433 467
3 446 459 467
3 434 447 468
3 455 434 468
3 447 460 468
3 435 448 469
3 456 435 469
3 448 461 469
3 436 449 470
3 457 436 470
3 449 462 470
3 437 450 471
3 458 437 471
3 450 463 471
3 438 451 472
3 459 438 472
3 451 464 472
3 439 452 473
3 460 439 473
3 452 465 473
3 461 453 474
3 453 466 474
3 462 454 475
3 454 467 475
3 463 455 476
3 455 468 476
3 464 456 477
3 456 469 477
3 465 457 478
3 457 470 478
3 466 458 479
3 458 471 479
3 467 459 480
3 459 472 480
3 468 460 481
3 460 473 481
3 469 461 482
3 461 474 482
3 470 462 483
3 462 475 483
3 471 463 484
3 463 476 484
3 472 464 485
3 464 477 485
3 473 465 486
3 465 478 486
3 474 466 487
3 466 479 487
3 475 467 488
3 467 480 488
3 476 468 489
3 468 481 489
3 477 469 490
3 469 482 490
3 478 470 491
3 470 483 491
3 479 471 492
3 471 484 492
3 480 472 493
3 472 485 493
3 481 473 494
3 473 486 494
3 489 481 494
3 482 474 495
3 474 487 495
3 490 482 495
3 483 475 496
3 475 488 496
3 491 483 496
3 484 476 497
3 476 489 497
3 492 484 497
3 485 477 498
3 477 490 498
3 493 485 498
3 486 478 499
3 478 491 499
3 494 486 499
3 487 479 500
3 479 492 500
3 495 487 500
3 488 480 501
3 480 493 501
3 496 488 501
3 489 494 502
3 497 489 502
3 490 495 503
3 498 490 503
3 491 496 504
3 499 491 504
3 492 497 505
3 500 492 505
3 497 502 505
3 493 498 506
3 501 493 506
3 498 503 506
3 503 511 506
3 494 499 507
3 502 494 507
3 499 504 507
3 495 500 508
3 503 495 508
3 511 503 508
3 500 505 508
3 496 501 509
3 504 496 509
3 501 506 509
3 506 511 509
3 507 504 509
3 505 502 510
3 502 507 510
3 511 508 510
3 508 505 510
3 507 509 510
3 509 511 510
POINT_DATA 512
SCALARS luminosity double 1
LOOKUP_TABLE default
3.711611924559e+37
3.872334557491e+37
5.421532125273e+37
3.563414217536e+37
5.456713926350e+37
4.224617758714e+37
4.599944760050e+37
6.399368422638e+37
3.898326427140e+37
5.916715400934e+37
6.387471341297e+37
5.325060269493e+37
7.114462628192e+37
4.634331252299e+37
5.814658825418e+37
9.326644634454e+37
5.176654154087e+37
7.502960215734e+37
7.358085410933e+37
7.282613749425e+37
9.438631620995e+37
5.159772480079e+37
6.732308914468e+37
9.911919225294e+37
6.665773698645e+37
8.888390399060e+37
8.283653762353e+37
9.391408023371e+37
1.285233330289e+38
5.151571610499e+37
8.376066903154e+37
1.123289951555e+38
8.855852473274e+37
1.228727337131e+38
6.153743036356e+37
1.092316990253e+38
1.527140783102e+38
6.905108881341e+37
1.213418215208e+38
1.078788950259e+38
1.292423287160e+38
1.694456325863e+38
7.900558750586e+37
1.227749083748e+38
1.663097405876e+38
1.100661971895e+38
1.473880356238e+38
1.044240890950e+38
1.739427204853e+38
1.918154888038e+38
8.153938981199e+37
1.298428785315e+38
1.637563792378e+38
1.588792375798e+38
1.966068421751e+38
1.127373067209e+38
1.711677738123e+38
2.447174771791e+38
1.359483756614e+38
1.687840166360e+38
1.645208511059e+38
2.352737072035e+38
2.577524165158e+38
1.109191775714e+38
1.652108998370e+38
2.622791258166e+38
2.110838126505e+38
2.185505133455e+38
1.617856889839e+38
2.499072657085e+38
2.847689982857e+38
1.421123681760e+38
1.496784755395e+38
2.499024285996e+38
2.985471843762e+38
3.225480594112e+38
1.427946799197e+38
2.571405121137e+38
3.408207443188e+38
2.503525691060e+38
2.089226907578e+38
2.196272529180e+38
3.468011317750e+38
3.317693553126e+38
1.873634947169e+38
1.861264372674e+38
3.872105365123e+38
2.798168616570e+38
3.452495186818e+38
2.035575622067e+38
4.304478390101e+38
2.942446093709e+38
2.642168312696e+38
1.361382117277e+38
3.374918449437e+38
3.090552264593e+38
3.799765886887e+38
1.590442433752e+38
2.405677876651e+38
3.546018370564e+38
2.673108965267e+38
2.178827153062e+38
2.120950047925e+38
4.050523018293e+38
2.879581088381e+38
2.801750276345e+38
1.270856073332e+38
5.041262773786e+38
2.545132003618e+38
4.579517764230e+38
1.541133945254e+38
4.045315784727e+38
2.885476374938e+38
2.732150746231e+38
1.242829404625e+38
2.437257412866e+38
3.057971539383e+38
2.719104662090e+38
1.782342603931e+38
1.512423283431e+38
3.882895293860e+38
2.508777998513e+38
2.742254905216e+38
1.643304863137e+38
4.918068513749e+38
2.584832610385e+38
3.458723562097e+38
9.267137249910e+37
4.226725411136e+38
2.451759737381e+38
3.173331220983e+38
1.502111083816e+38
2.612282697312e+38
3.063260154888e+38
2.469000184956e+38
1.245920747287e+38
1.990680239860e+38
3.262158286861e+38
2.556791798525e+38
2.309006433768e+38
1.125950009870e+38
4.509286427292e+38
2.245812227684e+38
3.664383653452e+38
1.451888963232e+38
4.265159400249e+38
2.619625593826e+38
2.759030610614e+38
8.792609410065e+37
2.819947945671e+38
2.544827661314e+38
2.849915027416e+38
1.686779920877e+38
1.632626847047e+38
2.932993174137e+38
2.114700163504e+38
1.626214858055e+38
1.614315443829e+38
3.760397293926e+38
2.251298890346e+38
2.801961805790e+38
9.963631043149e+37
4.637651856030e+38
2.144933455971e+38
3.336039348965e+38
1.443504549231e+38
2.625186711252e+38
2.723910556876e+38
2.447472913945e+38
7.566799752931e+37
1.956875798517e+38
2.762030690461e+38
2.341568618660e+38
1.817598735704e+38
1.228720099828e+38
3.679612462766e+38
2.132971306218e+38
2.243043574506e+38
1.357790070292e+38
4.283743362642e+38
2.259667257555e+38
3.257009067808e+38
8.273490007580e+37
3.623235402772e+38
2.225171402869e+38
2.609132078075e+38
1.384512379772e+38
1.800890202525e+38
2.671558475314e+38
2.188047391458e+38
9.252293560170e+37
1.698969571888e+38
3.051374657299e+38
2.103741009549e+38
2.431040247728e+38
9.827148956635e+37
4.492150325154e+38
2.065199459828e+38
2.945548352921e+38
1.711808967146e+38
3.067797018471e+38
2.434621734075e+38
2.621913779084e+38
5.783363216632e+37
2.679496512647e+38
2.378333260974e+38
2.208978181766e+38
1.512049062326e+38
1.499644561962e+38
3.187535817443e+38
2.094550988964e+38
1.391933765405e+38
1.583401033324e+38
3.892553184764e+38
2.062861126018e+38
3.093799683730e+38
6.419552334934e+37
4.510471613263e+38
2.080083359479e+38
2.656772071623e+38
1.279993327720e+38
2.141926754743e+38
2.478255329638e+38
2.171015032954e+38
6.683289265799e+37
1.933473804891e+38
2.901112863933e+38
2.227925567322e+38
1.961847325582e+38
9.286202899038e+37
3.694291258589e+38
1.910095537808e+38
2.422577048528e+38
1.443819968221e+38
4.060392695100e+38
2.405784202867e+38
2.701318442871e+38
6.608305998208e+37
3.117892201637e+38
2.176707642601e+38
2.342059698851e+38
1.348440219982e+38
1.706968309065e+38
2.777526109401e+38
1.947726317317e+38
8.526378549516e+37
1.662046333221e+38
3.296517133654e+38
2.042120290766e+38
2.662370010367e+38
8.733049029683e+37
4.691495536136e+38
2.096650899997e+38
2.890273623297e+38
1.554881977593e+38
2.770184838438e+38
2.204975781585e+38
2.275904636486e+38
5.143751392247e+37
2.545207890656e+38
2.412683327055e+38
2.103445694727e+38
1.545334815566e+38
1.247656589023e+38
3.569843293542e+38
1.909019829334e+38
1.546814015845e+38
1.555782810230e+38
4.024712341086e+38
2.126594020844e+38
3.175271765514e+38
6.467796247569e+37
4.082953630736e+38
2.039406266710e+38
2.444861305926e+38
1.384353885872e+38
1.953789585188e+38
2.582194069161e+38
2.015099680907e+38
7.191903649986e+37
2.025174892379e+38
2.936195442650e+38
2.095915536305e+38
2.014026974755e+38
9.202174791629e+37
4.569562074670e+38
1.950367375840e+38
2.699203482692e+38
1.455064414374e+38
3.431599732034e+38
2.087398238336e+38
2.700846654494e+38
4.657126193580e+37
2.898640839222e+38
2.347631623360e+38
2.258650341351e+38
1.593401244861e+38
1.513988022777e+38
3.088907057744e+38
2.101808540362e+38
1.253262524002e+38
1.796171804755e+38
3.621964374292e+38
1.940999762670e+38
3.067708981181e+38
7.702790500907e+37
4.953473398913e+38
2.166253058022e+38
2.813097127413e+38
1.430532298987e+38
2.441208673137e+38
2.623390647850e+38
2.422118105751e+38
5.922388696551e+37
2.324021993470e+38
2.765219080727e+38
2.170713237151e+38
1.980175543567e+38
1.302128527137e+38
4.241973049828e+38
2.148298434796e+38
2.135385692883e+38
1.780550814228e+38
4.401908960466e+38
2.243944158312e+38
3.260963213278e+38
7.558940962108e+37
3.835295710585e+38
2.371780717291e+38
2.483327603406e+38
1.411924301129e+38
1.926818183211e+38
2.930006528441e+38
2.270354939486e+38
9.148551015811e+37
2.095963098767e+38
3.419492130222e+38
2.391705201405e+38
2.757753268445e+38
9.480551935980e+37
5.601855756739e+38
2.244426234866e+38
3.441504192039e+38
1.543120812024e+38
3.419913882563e+38
2.374491589600e+38
2.912083211527e+38
7.490085292903e+37
2.875308628809e+38
2.860971368412e+38
2.438004314312e+38
2.039632620528e+38
1.416328417218e+38
3.703941295818e+38
2.164964388207e+38
1.736501589241e+38
1.998006631319e+38
4.628946056839e+38
2.428710584677e+38
3.983517706281e+38
8.237384396370e+37
5.276211442788e+38
2.535080721439e+38
3.024745407144e+38
1.646955516407e+38
2.627952532480e+38
2.923396761907e+38
2.745182322639e+38
1.007856610033e+38
2.611347103587e+38
3.450335667829e+38
2.579667729741e+38
2.477912679558e+38
1.221349492699e+38
5.092918347711e+38
2.552340389944e+38
3.290344962674e+38
1.703333920559e+38
4.729162776529e+38
2.687112021725e+38
3.679486119045e+38
8.874195107750e+37
4.020289663630e+38
3.047683494277e+38
2.834511717431e+38
1.864165800639e+38
1.971697309128e+38
3.800414560750e+38
2.858571908973e+38
1.732630519858e+38
2.119296358306e+38
4.526431861365e+38
2.842123416600e+38
3.969943515193e+38
1.149545039965e+38
6.552518353388e+38
2.698320059588e+38
3.953613063059e+38
1.734123923926e+38
3.497363360834e+38
3.029317874532e+38
3.350025780136e+38
1.256664499936e+38
2.909212242230e+38
3.778724453256e+38
3.175545319283e+38
2.498279474355e+38
1.620003447786e+38
4.990047452568e+38
3.067833143093e+38
3.038502679418e+38
2.290292913214e+38
5.062675144973e+38
3.129803874712e+38
3.724775265164e+38
1.180087777342e+38
4.757708390168e+38
3.299841172279e+38
3.466238485870e+38
2.032289701862e+38
2.858563923162e+38
3.923213001983e+38
3.457360280218e+38
1.888763152101e+38
2.947806669180e+38
3.946697837047e+38
3.183038099814e+38
2.386798992204e+38
1.603462284121e+38
3.925596249130e+38
3.576400479243e+38
2.700428603406e+38
2.238200784660e+38
3.022041666602e+38
3.430589831077e+38
2.872831145622e+38
1.357711428471e+38
2.783267250832e+38
3.571807897271e+38
2.713163848496e+38
1.653726520509e+38
1.849427358180e+38
3.208647287888e+38
2.877189466757e+38
1.594172750600e+38
1.948377675224e+38
2.389973910613e+38
2.729743215341e+38
1.688879065455e+38
1.253120589579e+38
2.195748371659e+38
2.801193929360e+38
2.110081453747e+38
1.493020434939e+38
1.750874394062e+38
2.400214260497e+38
2.122824511633e+38
1.266032560271e+38
1.636492121398e+38
2.063783060495e+38
1.832665719866e+38
1.267065600726e+38
1.238046683670e+38
1.939742503949e+38
1.841350086446e+38
1.404462557484e+38
1.214115239978e+38
1.628017023858e+38
1.661467599621e+38
1.280358322612e+38
8.690780862651e+37
1.296726513080e+38
1.659774730406e+38
1.385028809612e+38
8.322500579237e+37
9.376435151942e+37
1.296428458642e+38
1.376057322324e+38
8.669064615366e+37
8.235842205680e+37
1.307299883382e+38
1.188278342895e+38
7.312152987598e+37
6.191638262692e+37
8.588198206059e+37
1.187670817696e+38
8.124988425206e+37
7.040141012293e+37
8.052903853844e+37
9.724387502639e+37
7.707976449958e+37
5.612409652476e+37
7.825360371615e+37
7.393945090358e+37
7.470571910396e+37
4.264071701489e+37
6.379500842223e+37
7.123431564287e+37
7.113199950778e+37
5.760534435816e+37
6.182751092095e+37
5.738502897342e+37
6.133610640929e+37
4.352137501977e+37
4.730046069191e+37
4.516243279673e+37
6.199104164722e+37
4.918932717902e+37
3.792524673783e+37
4.383739110878e+37
3.790731138217e+37
4.011181208832e+37
SCALARS energy double 1
LOOKUP_TABLE default
3.711611924559e+39
3.872334557491e+39
5.421532125273e+39
3.563414217536e+39
5.456713926350e+39
4.224617758714e+39
4.599944760050e+39
6.399368422638e+39
3.898326427140e+39
5.916715400934e+39
6.387471341297e+39
5.325060269493e+39
7.114462628192e+39
4.634331252299e+39
5.814658825418e+39
9.326644634454e+39
5.176654154087e+39
7.502960215734e+39
7.358085410933e+39
7.282613749425e+39
9.438631620995e+39
5.159772480079e+39
6.732308914468e+39
9.911919225294e+39
6.665773698645e+39
8.888390399060e+39
8.283653762353e+39
9.391408023371e+39
1.285233330289e+40
5.151571610499e+39
8.376066903154e+39
1.123289951555e+40
8.855852473274e+39
1.228727337131e+40
6.153743036356e+39
1.092316990253e+40
1.527140783102e+40
6.905108881341e+39
1.213418215208e+40
1.078788950259e+40
1.292423287160e+40
1.694456325863e+40
7.900558750586e+39
1.227749083748e+40
1.663097405876e+40
1.100661971895e+40
1.473880356238e+40
1.044240890950e+40
1.739427204853e+40
1.918154888038e+40
8.153938981199e+39
1.298428785315e+40
1.637563792378e+40
1.588792375798e+40
1.966068421751e+40
1.127373067209e+40
1.711677738123e+40
2.447174771791e+40
1.359483756614e+40
1.687840166360e+40
1.645208511059e+40
2.352737072035e+40
2.577524165158e+40
1.109191775714e+40
1.652108998370e+40
2.622791258166e+40
2.110838126505e+40
2.185505133455e+40
1.617856889839e+40
2.499072657085e+40
2.847689982857e+40
1.421123681760e+40
1.496784755395e+40
2.499024285996e+40
2.985471843762e+40
3.225480594112e+40
1.427946799197e+40
2.571405121137e+40
3.408207443188e+40
2.503525691060e+40
2.089226907578e+40
2.196272529180e+40
3.468011317750e+40
3.317693553126e+40
1.873634947169e+40
1.861264372674e+40
3.872105365123e+40
2.798168616570e+40
3.452495186818e+40
2.035575622067e+40
4.304478390101e+40
2.942446093709e+40
2.642168312696e+40
1.361382117277e+40
3.374918449437e+40
3.090552264593e+40
3.799765886887e+40
1.590442433752e+40
2.405677876651e+40
3.546018370564e+40
2.673108965267e+40
2.178827153062e+40
2.120950047925e+40
4.050523018293e+40
2.879581088381e+40
2.801750276345e+40
1.270856073332e+40
5.041262773786e+40
2.545132003618e+40
4.579517764230e+40
1.541133945254e+40
4.045315784727e+40
2.885476374938e+40
2.732150746231e+40
1.242829404625e+40
2.437257412866e+40
3.057971539383e+40
2.719104662090e+40
1.782342603931e+40
1.512423283431e+40
3.882895293860e+40
2.508777998513e+40
2.742254905216e+40
1.643304863137e+40
4.918068513749e+40
2.584832610385e+40
3.458723562097e+40
9.267137249910e+39
4.226725411136e+40
2.451759737381e+40
3.173331220983e+40
1.502111083816e+40
2.612282697312e+40
3.063260154888e+40
2.469000184956e+40
1.245920747287e+40
1.990680239860e+40
3.262158286861e+40
2.556791798525e+40
2.309006433768e+40
1.125950009870e+40
4.509286427292e+40
2.245812227684e+40
3.664383653452e+40
1.451888963232e+40
4.265159400249e+40
2.619625593826e+40
2.759030610614e+40
8.792609410065e+39
2.819947945671e+40
2.544827661314e+40
2.849915027416e+40
1.686779920877e+40
1.632626847047e+40
2.932993174137e+40
2.114700163504e+40
1.626214858055e+40
1.614315443829e+40
3.760397293926e+40
2.251298890346e+40
2.801961805790e+40
9.963631043149e+39
4.637651856030e+40
2.144933455971e+40
3.336039348965e+40
1.443504549231e+40
2.625186711252e+40
2.723910556876e+40
2.447472913945e+40
7.566799752931e+39
1.956875798517e+40
2.762030690461e+40
2.341568618660e+40
1.817598735704e+40
1.228720099828e+40
3.679612462766e+40
2.132971306218e+40
2.243043574506e+40
1.357790070292e+40
4.283743362642e+40
2.259667257555e+40
3.257009067808e+40
8.273490007580e+39
3.623235402772e+40
2.225171402869e+40
2.609132078075e+40
1.384512379772e+40
1.800890202525e+40
2.671558475314e+40
2.188047391458e+40
9.252293560170e+39
1.698969571888e+40
3.051374657299e+40
2.103741009549e+40
2.431040247728e+40
9.827148956635e+39
4.492150325154e+40
2.065199459828e+40
2.945548352921e+40
1.711808967146e+40
3.067797018471e+40
2.434621734075e+40
2.621913779084e+40
5.783363216632e+39
2.679496512647e+40
2.378333260974e+40
2.208978181766e+40
1.512049062326e+40
1.499644561962e+40
3.187535817443e+40
2.094550988964e+40
1.391933765405e+40
1.583401033324e+40
3.892553184764e+40
2.062861126018e+40
3.093799683730e+40
6.419552334934e+39
4.510471613263e+40
2.080083359479e+40
2.656772071623e+40
1.279993327720e+40
2.141926754743e+40
2.478255329638e+40
2.171015032954e+40
6.683289265799e+39
1.933473804891e+40
2.901112863933e+40
2.227925567322e+40
1.961847325582e+40
9.286202899038e+39
3.694291258589e+40
1.910095537808e+40
2.422577048528e+40
1.443819968221e+40
4.060392695100e+40
2.405784202867e+40
2.701318442871e+40
6.608305998208e+39
3.117892201637e+40
2.176707642601e+40
2.342059698851e+40
1.348440219982e+40
1.706968309065e+40
2.777526109401e+40
1.947726317317e+40
8.526378549516e+39
1.662046333221e+40
3.296517133654e+40
2.042120290766e+40
2.662370010367e+40
8.733049029683e+39
4.691495536136e+40
2.096650899997e+40
2.890273623297e+40
1.554881977593e+40
2.770184838438e+40
2.204975781585e+40
2.275904636486e+40
5.143751392247e+39
2.545207890656e+40
2.412683327055e+40
2.103445694727e+40
1.545334815566e+40
1.247656589023e+40
3.569843293542e+40
1.909019829334e+40
1.546814015845e+40
1.555782810230e+40
4.024712341086e+40
2.126594020844e+40
3.175271765514e+40
6.467796247569e+39
4.082953630736e+40
2.039406266710e+40
2.444861305926e+40
1.384353885872e+40
1.953789585188e+40
2.582194069161e+40
2.015099680907e+40
7.191903649986e+39
2.025174892379e+40
2.936195442650e+40
2.095915536305e+40
2.014026974755e+40
9.202174791629e+39
4.569562074670e+40
1.950367375840e+40
2.699203482692e+40
1.455064414374e+40
3.431599732034e+40
2.087398238336e+40
2.700846654494e+40
4.657126193580e+39
2.898640839222e+40
2.347631623360e+40
2.258650341351e+40
1.593401244861e+40
1.513988022777e+40
3.088907057744e+40
2.101808540362e+40
1.253262524002e+40
1.796171804755e+40
3.621964374292e+40
1.940999762670e+40
3.067708981181e+40
7.702790500907e+39
4.953473398913e+40
2.166253058022e+40
2.813097127413e+40
1.430532298987e+40
2.441208673137e+40
2.623390647850e+40
2.422118105751e+40
5.922388696551e+39
2.324021993470e+40
2.765219080727e+40
2.170713237151e+40
1.980175543567e+40
1.302128527137e+40
4.241973049828e+40
2.148298434796e+40
2.135385692883e+40
1.780550814228e+40
4.401908960466e+40
2.243944158312e+40
3.260963213278e+40
7.558940962108e+39
3.835295710585e+40
2.371780717291e+40
2.483327603406e+40
1.411924301129e+40
1.926818183211e+40
2.930006528441e+40
2.270354939486e+40
9.148551015811e+39
2.095963098767e+40
3.419492130222e+40
2.391705201405e+40
2.757753268445e+40
9.480551935980e+39
5.601855756739e+40
2.244426234866e+40
3.441504192039e+40
1.543120812024e+40
3.419913882563e+40
2.374491589600e+40
2.912083211527e+40
7.490085292903e+39
2.875308628809e+40
2.860971368412e+40
2.438004314312e+40
2.039632620528e+40
1.416328417218e+40
3.703941295818e+40
2.164964388207e+40
1.736501589241e+40
1.998006631319e+40
4.628946056839e+40
2.428710584677e+40
3.983517706281e+40
8.237384396370e+39
5.276211442788e+40
2.535080721439e+40
3.024745407144e+40
1.646955516407e+40
2.627952532480e+40
2.923396761907e+40
2.745182322639e+40
1.007856610033e+40
2.611347103587e+40
3.450335667829e+40
2.579667729741e+40
2.477912679558e+40
1.221349492699e+40
5.092918347711e+40
2.552340389944e+40
3.290344962674e+40
1.703333920559e+40
4.729162776529e+40
2.687112021725e+40
3.679486119045e+40
8.874195107750e+39
4.020289663630e+40
3.047683494277e+40
2.834511717431e+40
1.864165800639e+40
1.971697309128e+40
3.800414560750e+40
2.858571908973e+40
1.732630519858e+40
2.119296358306e+40
4.526431861365e+40
2.842123416600e+40
3.969943515193e+40
1.149545039965e+40
6.552518353388e+40
2.698320059588e+40
3.953613063059e+40
1.734123923926e+40
3.497363360834e+40
3.029317874532e+40
3.350025780136e+40
1.256664499936e+40
2.909212242230e+40
3.778724453256e+40
3.175545319283e+40
2.498279474355e+40
1.620003447786e+40
4.990047452568e+40
3.067833143093e+40
3.038502679418e+40
2.290292913214e+40
5.062675144973e+40
3.129803874712e+40
3.724775265164e+40
1.180087777342e+40
4.757708390168e+40
3.299841172279e+40
3.466238485870e+40
2.032289701862e+40
2.858563923162e+40
3.923213001983e+40
3.457360280218e+40
1.888763152101e+40
2.947806669180e+40
3.946697837047e+40
3.183038099814e+40
2.386798992204e+40
1.603462284121e+40
3.925596249130e+40
3.576400479243e+40
2.700428603406e+40
2.238200784660e+40
3.022041666602e+40
3.430589831077e+40
2.872831145622e+40
1.357711428471e+40
2.783267250832e+40
3.571807897271e+40
2.713163848496e+40
1.653726520509e+40
1.849427358180e+40
3.208647287888e+40
2.877189466757e+40
1.594172750600e+40
1.948377675224e+40
2.389973910613e+40
2.729743215341e+40
1.688879065455e+40
1.253120589579e+40
2.195748371659e+40
2.801193929360e+40
2.110081453747e+40
1.493020434939e+40
1.750874394062e+40
2.400214260497e+40
2.122824511633e+40
1.266032560271e+40
1.636492121398e+40
2.063783060495e+40
1.832665719866e+40
1.267065600726e+40
1.238046683670e+40
1.939742503949e+40
1.841350086446e+40
1.404462557484e+40
1.214115239978e+40
1.628017023858e+40
1.661467599621e+40
1.280358322612e+40
8.690780862651e+39
1.296726513080e+40
1.659774730406e+40
1.385028809612e+40
8.322500579237e+39
9.376435151942e+39
1.296428458642e+40
1.376057322324e+40
8.669064615366e+39
8.235842205680e+39
1.307299883382e+40
1.188278342895e+40
7.312152987598e+39
6.191638262692e+39
8.588198206059e+39
1.187670817696e+40
8.124988425206e+39
7.040141012293e+39
8.052903853844e+39
9.724387502639e+39
7.707976449958e+39
5.612409652476e+39
7.825360371615e+39
7.393945090358e+39
7.470571910396e+39
4.264071701489e+39
6.379500842223e+39
7.123431564287e+39
7.113199950778e+39
5.760534435816e+39
6.182751092095e+39
5.738502897342e+39
6.133610640929e+39
4.352137501977e+39
4.730046069191e+39
4.516243279673e+39
6.199104164722e+39
4.918932717902e+39
3.792524673783e+39
4.383739110878e+39
3.790731138217e+39
4.011181208832e+39
SCALARS isotropic_equivalent_luminosity double 1
LOOKUP_TABLE default
2.409569911732e+40
1.966462775641e+40
2.304257265464e+40
1.925955987972e+40
2.658687847461e+40
2.156104181482e+40
2.333789854860e+40
3.960329864752e+40
2.025397762840e+40
3.115745979544e+40
3.262603104352e+40
2.715444484426e+40
3.616402268725e+40
2.346386381653e+40
2.931070552417e+40
4.051678630883e+40
2.260456472621e+40
3.286673745047e+40
3.845280557959e+40
3.804273720813e+40
4.926527942901e+40
2.690283930229e+40
3.505854986876e+40
6.081411846698e+40
4.087624525068e+40
5.447113973619e+40
5.072816432181e+40
5.746608599691e+40
7.857659291557e+40
3.146756286122e+40
5.111655925475e+40
5.736840046783e+40
4.528980129819e+40
6.291163570575e+40
3.153925122348e+40
5.603249707425e+40
7.839735834475e+40
3.547178252420e+40
5.330765942005e+40
4.740466962220e+40
5.680342157371e+40
7.448478157791e+40
3.473338665767e+40
5.398060955789e+40
7.312620895705e+40
4.839788022773e+40
6.481009269009e+40
4.591781645933e+40
7.648564180938e+40
8.434207029666e+40
3.585167637430e+40
6.732312304975e+40
8.487121126958e+40
8.230891543765e+40
1.018116775991e+41
5.835628920453e+40
8.856558304467e+40
1.265706338748e+41
7.028603740981e+40
1.036272498014e+41
1.009921652213e+41
1.443987383056e+41
1.581668225801e+41
6.805209044420e+40
1.013433851287e+41
1.608578090277e+41
1.294359800379e+41
1.339903882562e+41
9.917079799384e+40
1.531597786158e+41
1.744942130532e+41
8.706489406049e+40
7.660745492598e+40
1.279278019562e+41
1.528569742461e+41
1.651733259059e+41
7.313519227680e+40
1.317194081766e+41
1.746089187678e+41
1.282773808458e+41
1.070626495463e+41
1.125615000701e+41
1.777593797654e+41
1.700724441011e+41
9.605628254371e+40
9.543102157718e+40
1.985487354276e+41
1.434928160216e+41
1.770613071892e+41
1.044023401806e+41
2.207873249869e+41
1.509353748448e+41
1.355408838068e+41
6.984183887643e+40
1.731503034605e+41
1.585692786341e+41
1.949671692593e+41
8.160994025666e+40
1.234473782051e+41
1.819715769999e+41
1.371817586673e+41
1.118197727503e+41
1.088532585894e+41
2.078913203373e+41
1.477977962997e+41
1.438072023698e+41
6.523180033501e+40
2.587696651155e+41
1.306455608349e+41
2.350789425915e+41
7.911217976818e+40
2.076652147832e+41
1.481278153815e+41
1.402590697625e+41
6.380349600361e+40
1.251239648741e+41
1.569922391100e+41
1.395969220544e+41
9.150521120322e+40
7.764835912849e+40
1.993510292403e+41
1.288037519744e+41
1.407917489168e+41
8.437042953760e+40
2.525044786258e+41
1.327116334560e+41
1.775800464588e+41
4.758009957473e+40
2.170125921287e+41
1.258808534541e+41
1.629287699917e+41
7.712315278001e+40
1.341229216220e+41
1.572774964978e+41
1.267662023880e+41
6.396939081212e+40
1.022074466587e+41
1.674885434347e+41
1.312726634999e+41
1.185503268112e+41
5.780897015696e+40
2.315166853116e+41
1.153044615436e+41
1.881358920686e+41
7.454217050116e+40
2.189785999052e+41
1.344941159075e+41
1.416504993709e+41
4.514158351804e+40
1.447762786644e+41
1.306507481888e+41
1.463128753794e+41
8.659764351104e+40
8.381688494373e+40
1.505748654182e+41
1.085642914143e+41
8.348584116665e+40
8.287431187861e+40
1.930464558327e+41
1.155733671839e+41
1.438411917290e+41
5.114875879828e+40
2.380739944637e+41
1.101092862203e+41
1.712527510979e+41
7.410043894493e+40
1.347593844223e+41
1.398259669517e+41
1.256345309343e+41
3.884181230249e+40
1.004492274899e+41
1.417776963043e+41
1.201938829527e+41
9.329739910041e+40
6.306966526956e+40
1.888711721671e+41
1.094824818715e+41
1.151312858628e+41
6.969221968117e+40
2.198726139030e+41
1.159813657699e+41
1.671701496628e+41
4.246435745943e+40
1.859638031334e+41
1.142066542836e+41
1.339121828357e+41
7.105865312821e+40
9.242798503481e+40
1.371125087308e+41
1.122962573223e+41
4.748474947144e+40
8.719399240997e+40
1.566003543862e+41
1.079656865471e+41
1.247618855345e+41
5.043286668825e+40
2.305349449388e+41
1.059841428665e+41
1.511616021209e+41
8.784703458549e+40
1.574327015115e+41
1.249385267006e+41
1.345488196782e+41
2.967827116890e+40
1.375016831827e+41
1.220461998924e+41
1.133547591742e+41
7.759094539523e+40
7.695385384569e+40
1.635663782187e+41
9.211785782855e+40
6.121694256268e+40
6.963767008493e+40
1.711938566493e+41
9.072437675220e+40
1.360650672382e+41
2.823317422089e+40
1.983706871356e+41
9.148226878271e+40
1.168452844173e+41
5.629442217348e+40
9.420264626070e+40
1.089947104492e+41
9.548236056336e+40
2.939351844673e+40
8.503557703960e+40
1.275933685097e+41
9.798629021399e+40
8.628415595836e+40
4.084183780523e+40
1.624798640584e+41
9.806164244253e+40
1.243681714246e+41
7.411947995568e+40
2.084371441332e+41
1.234956287591e+41
1.386623706060e+41
3.392040102658e+40
1.600368509915e+41
1.117241707659e+41
1.202079523323e+41
6.920782432990e+40
8.760669039672e+40
1.425470830183e+41
1.198650853175e+41
5.247253382641e+40
1.022853020092e+41
2.534900495109e+41
1.570312634362e+41
2.047257821369e+41
6.715362224145e+40
3.607566684767e+41
1.612236678615e+41
2.222497805719e+41
1.195637745734e+41
2.130153197032e+41
1.695531700755e+41
1.750073335654e+41
3.955326613468e+40
1.957158206939e+41
1.855254028174e+41
1.617464840848e+41
1.188301691907e+41
9.594003418644e+40
2.745078264536e+41
1.174844923888e+41
9.519311193868e+40
9.574447786929e+40
2.065546754963e+41
1.091431299539e+41
1.629687748043e+41
3.319644428381e+40
2.095663192161e+41
1.046797437850e+41
1.254946062937e+41
7.106077851691e+40
1.002934814345e+41
1.325549516487e+41
1.034465125121e+41
3.692117476942e+40
1.039696560979e+41
1.291377974764e+41
9.218088740673e+40
8.857907306449e+40
4.047204192806e+40
2.009731592900e+41
8.577856851448e+40
1.187126341606e+41
6.399448320130e+40
1.509231977422e+41
9.180446409558e+40
1.187839018386e+41
2.048211965447e+40
1.274825064822e+41
1.032489145697e+41
9.933538238237e+40
7.007766167270e+40
6.658500567213e+40
1.358496305500e+41
9.243713161421e+40
5.511821169555e+40
7.899521177464e+40
1.858588040009e+41
9.960187623101e+40
1.574197861550e+41
3.952723342437e+40
2.541917125432e+41
1.111639594497e+41
1.443586650960e+41
7.341066433069e+40
1.252765514748e+41
1.346267286670e+41
1.242988540718e+41
3.039290673554e+40
1.192666779998e+41
1.419096829751e+41
1.114008669155e+41
1.016233419976e+41
6.682628696534e+40
2.177033493120e+41
1.102543097401e+41
1.095925610142e+41
9.138247790725e+40
2.259193599357e+41
1.151670639291e+41
1.673655340477e+41
3.879582381696e+40
1.968460904761e+41
1.217324610067e+41
1.274588002684e+41
7.246881780745e+40
9.889730611084e+40
1.503890732063e+41
1.165320609266e+41
4.695782347714e+40
1.075829015116e+41
1.755194312951e+41
1.227651818320e+41
1.415555602303e+41
4.866414507947e+40
2.875486528671e+41
1.152096017648e+41
1.766589102793e+41
7.921201427353e+40
1.755537693093e+41
1.218903872852e+41
1.494880250521e+41
3.844971770987e+40
1.476027985390e+41
1.468680493639e+41
1.251560742082e+41
1.047063476097e+41
7.270906804874e+40
1.901481901727e+41
1.111430449360e+41
8.914768866298e+40
1.025734890997e+41
2.376421928570e+41
1.246867623215e+41
2.045099316033e+41
4.229022216607e+40
2.708792359819e+41
1.301511801050e+41
1.552915534507e+41
8.455581117634e+40
1.349216290053e+41
1.500908336163e+41
1.409418033563e+41
5.174512833210e+40
1.340717482838e+41
1.771478236986e+41
1.324463195490e+41
1.272224077313e+41
6.270741366713e+40
2.614850049814e+41
1.310447499485e+41
1.689363976659e+41
8.745449831216e+40
2.428102232311e+41
1.379648976928e+41
1.889165010288e+41
4.556289882416e+40
2.064139835052e+41
1.564770905956e+41
1.455318359102e+41
9.571121933883e+40
1.012317662366e+41
1.951216609816e+41
1.467645749941e+41
8.895601960759e+40
1.088072849241e+41
2.323907244617e+41
1.459156455454e+41
2.038163252236e+41
5.901683432028e+40
3.363976789383e+41
1.385264037244e+41
2.029677881211e+41
8.902386105832e+40
1.795394336739e+41
1.555092310559e+41
1.719693752528e+41
6.450796285687e+40
1.493343623960e+41
1.939631606624e+41
1.629976380245e+41
1.282307652393e+41
8.314853175927e+40
2.561120005430e+41
1.574500232861e+41
1.559392532061e+41
1.175359529972e+41
2.598020889053e+41
1.606059092031e+41
1.911283806371e+41
6.055067082419e+40
2.441073060060e+41
1.692984612552e+41
1.778255103877e+41
1.042546536564e+41
1.466325647164e+41
2.012312818328e+41
1.773240454392e+41
9.686526833081e+40
1.511664013181e+41
2.023735902743e+41
1.632011991655e+41
1.223648388479e+41
8.219708822337e+40
2.012137477415e+41
1.832946492051e+41
1.383837438348e+41
1.146824797878e+41
1.548249150536e+41
1.757308712390e+41
1.471378753970e+41
6.952691411953e+40
1.425040438312e+41
1.828447750060e+41
1.388633712905e+41
1.013152663354e+41
1.133249663437e+41
1.966472270728e+41
1.763649042075e+41
9.773659303315e+40
1.194739524125e+41
1.465789416896e+41
1.674474373347e+41
1.036175649946e+41
7.689631183393e+40
1.347635901490e+41
1.719530614079e+41
1.295513297211e+41
7.718995510850e+40
9.055719454373e+40
1.241918210879e+41
1.098839104238e+41
6.556073910261e+40
8.478004658532e+40
1.069611876845e+41
9.502313963078e+40
5.571102011800e+40
5.443742894584e+40
8.529385417544e+40
8.096865008793e+40
6.175762377528e+40
5.338660321476e+40
7.158372844048e+40
7.304997004308e+40
5.628865259227e+40
3.820286804773e+40
5.699255307457e+40
7.293462982104e+40
6.084682358020e+40
4.275297257107e+40
4.813490378471e+40
6.650278670387e+40
7.052588535186e+40
4.438617246566e+40
4.211900075619e+40
6.676611246956e+40
7.251697130413e+40
4.466513351366e+40
3.785443683901e+40
5.255123996740e+40
7.273162559511e+40
4.979274761729e+40
4.317196226994e+40
4.940821629388e+40
5.063982187029e+40
4.018906891333e+40
2.929417535316e+40
4.087792356141e+40
3.864020558979e+40
3.272486039163e+40
1.861964927625e+40
2.771381161307e+40
3.590800615673e+40
3.601450691770e+40
2.928177557670e+40
3.152812644730e+40
2.931121936494e+40
3.229963146706e+40
2.261177898985e+40
2.927248670854e+40
2.291323765389e+40
3.163816272710e+40
2.396663416128e+40
2.049785727704e+40
1.863174922279e+40
1.925022635595e+40
2.604049601025e+40
SCALARS flux double 1
LOOKUP_TABLE default
3.408844108246e+09
2.781975743551e+09
3.259857190702e+09
2.724670361450e+09
3.761273893882e+09
3.050263451591e+09
3.301637258122e+09
5.602720659998e+09
2.865351694963e+09
4.407878880561e+09
4.615639212486e+09
3.841568110116e+09
5.116162642456e+09
3.319457698165e+09
4.146616595273e+09
5.731952728220e+09
3.197891744549e+09
4.649692203151e+09
5.439959185549e+09
5.381946378151e+09
6.969611327939e+09
3.805973207259e+09
4.959770230441e+09
8.603437834485e+09
5.782805765940e+09
7.706089906545e+09
7.176567205151e+09
8.129788130268e+09
1.111631393230e+10
4.451749490149e+09
7.231513848216e+09
8.115968454872e+09
6.407196220673e+09
8.900175822726e+09
4.461891318785e+09
7.926976785021e+09
1.109095742748e+10
5.018230692450e+09
7.541491112320e+09
6.706388885343e+09
8.036040291545e+09
1.053744104288e+10
4.913769046125e+09
7.636694082001e+09
1.034524233341e+10
6.846899443034e+09
9.168752545664e+09
6.496042191546e+09
1.082050486179e+10
1.193196213184e+10
5.071974678312e+09
9.524273615780e+09
1.200682026645e+10
1.164432955772e+10
1.440340600389e+10
8.255726122135e+09
1.252946695944e+10
1.790608180573e+10
9.943440252545e+09
1.466025692881e+10
1.428746871869e+10
2.042824264673e+10
2.237602813046e+10
9.627401406162e+09
1.433715617146e+10
2.275672483705e+10
1.831144536620e+10
1.895576232691e+10
1.402979796541e+10
2.166767631072e+10
2.468588137631e+10
1.231716289733e+10
1.083773789259e+10
1.809808181351e+10
2.162483825541e+10
2.336724558654e+10
1.034651321318e+10
1.863448436661e+10
2.470210891540e+10
1.814753710977e+10
1.514626657405e+10
1.592419478933e+10
2.514780797387e+10
2.406032903326e+10
1.358918416166e+10
1.350072782962e+10
2.808890016706e+10
2.030008086046e+10
2.504905090621e+10
1.476990978677e+10
3.123501701662e+10
2.135298755020e+10
1.917511257680e+10
9.880599014944e+09
2.449575706098e+10
2.243296401523e+10
2.758221220289e+10
1.154544479758e+10
1.746423151384e+10
2.574371198379e+10
1.940724888351e+10
1.581926183878e+10
1.539958593437e+10
2.941060556230e+10
2.090911098594e+10
2.034455743056e+10
9.228411973423e+09
3.660841895588e+10
1.848256604434e+10
3.325686731578e+10
1.119208397234e+10
2.937861816976e+10
2.095579913544e+10
1.984259934771e+10
9.026348244905e+09
1.770142000798e+10
2.220985856126e+10
1.974892460922e+10
1.294533927259e+10
1.098499571402e+10
2.820240152360e+10
1.822200339156e+10
1.991795803258e+10
1.193597414373e+10
3.572207637879e+10
1.877485552918e+10
2.512243750080e+10
6.731207146776e+09
3.070100155598e+10
1.780849783809e+10
2.304970588095e+10
1.091069421491e+10
1.897451196273e+10
2.225021422644e+10
1.793374909070e+10
9.049817559401e+09
1.445939587247e+10
2.369478186568e+10
1.857128292343e+10
1.677144045969e+10
8.178296316029e+09
3.275291100053e+10
1.631224445797e+10
2.661578417398e+10
1.054555991472e+10
3.097913476112e+10
1.902702521196e+10
2.003944637006e+10
6.386227694125e+09
2.048165368167e+10
1.848329990480e+10
2.069903764855e+10
1.225106046657e+10
1.185766360299e+10
2.130198589929e+10
1.535870544165e+10
1.181083048876e+10
1.172431679184e+10
2.731048683747e+10
1.635028682409e+10
2.034936594124e+10
7.236069151788e+09
3.368058048047e+10
1.557727749537e+10
2.422730831583e+10
1.048306768299e+10
1.906455303007e+10
1.978132783375e+10
1.777365032997e+10
5.494992379191e+09
1.421065874203e+10
2.005744105513e+10
1.700395609007e+10
1.319888199506e+10
8.922532432713e+09
2.671980502929e+10
1.548860281940e+10
1.628774511075e+10
9.859432228715e+09
3.110561186952e+10
1.640800681674e+10
2.364973836110e+10
6.007477684346e+09
2.630849644876e+10
1.615693650064e+10
1.894469852313e+10
1.005274301761e+10
1.307588506517e+10
1.939745202154e+10
1.588667061650e+10
6.717717866542e+09
1.233542657775e+10
2.215441821378e+10
1.527402017624e+10
1.765019625981e+10
7.134791135760e+09
3.261402314883e+10
1.499368909027e+10
2.138499216287e+10
1.242781314689e+10
2.227217124432e+10
1.767518587290e+10
1.903476421242e+10
4.198616496847e+09
1.945250894398e+10
1.726600533196e+10
1.603641799606e+10
1.097687333229e+10
1.088674331512e+10
2.313990899301e+10
1.303201104040e+10
8.660425786510e+09
9.851715039483e+09
2.421897645574e+10
1.283487379471e+10
1.924926936275e+10
3.994177099049e+09
2.806371148637e+10
1.294209358403e+10
1.653022630400e+10
7.964031606588e+09
1.332694827087e+10
1.541959727899e+10
1.350799081044e+10
4.158332227254e+09
1.203007326624e+10
1.805076915917e+10
1.386222439359e+10
1.220671105003e+10
5.777938108142e+09
2.298619868248e+10
1.387288455328e+10
1.759449710714e+10
1.048576143498e+10
2.948782383357e+10
1.747105757088e+10
1.961671262469e+10
4.798755106702e+09
2.264058303302e+10
1.580573692465e+10
1.700594650012e+10
9.790904304657e+09
1.239381139961e+10
2.016628700950e+10
1.695744073993e+10
7.423345008915e+09
1.447041015148e+10
3.586150613713e+10
2.221537937408e+10
2.896277351595e+10
9.500294156669e+09
5.103662848128e+10
2.280848327427e+10
3.144191215920e+10
1.691481398941e+10
3.013550318673e+10
2.398686678614e+10
2.475847307935e+10
5.595642507345e+09
2.768812471530e+10
2.624647549111e+10
2.288244663985e+10
1.681103005791e+10
1.357273838327e+10
3.883491333111e+10
1.662065573361e+10
1.346707050075e+10
1.354507282369e+10
2.922150899909e+10
1.544059434372e+10
2.305536540421e+10
4.696336178527e+09
2.964756943006e+10
1.480915436887e+10
1.775385504269e+10
1.005304369860e+10
1.418862518240e+10
1.875268958773e+10
1.463468783281e+10
5.223277750500e+09
1.470869751071e+10
1.826926116300e+10
1.304092790167e+10
1.253137540685e+10
5.725622693220e+09
2.843188598204e+10
1.213518505816e+10
1.679440225255e+10
9.053367406310e+09
2.135126484258e+10
1.298767489663e+10
1.680448456654e+10
2.897627189341e+09
1.803508539056e+10
1.460673344235e+10
1.405308189340e+10
9.913961116028e+09
9.419851367574e+09
1.921879130599e+10
1.307717904146e+10
7.797631862873e+09
1.117553638624e+10
2.629364211012e+10
1.409078306079e+10
2.227034409514e+10
5.591959632209e+09
3.596077115043e+10
1.572648323564e+10
2.042257344727e+10
1.038548453679e+10
1.772300659619e+10
1.904578607968e+10
1.758469070772e+10
4.299716748348e+09
1.687278342206e+10
2.007611334942e+10
1.575999878606e+10
1.437676196662e+10
9.453985688011e+09
3.079872370726e+10
1.559779412651e+10
1.550417583246e+10
1.292797606304e+10
3.196105144349e+10
1.629280667173e+10
2.367737959725e+10
5.488486339371e+09
2.784802518008e+10
1.722162035907e+10
1.803173164736e+10
1.025224051029e+10
1.399110677868e+10
2.127570167804e+10
1.648591424458e+10
6.643173087309e+09
1.521986717133e+10
2.483092008826e+10
1.736772046946e+10
2.002601522916e+10
6.884568213989e+09
4.067981287397e+10
1.629882454446e+10
2.499212338860e+10
1.120620766569e+10
2.483577792354e+10
1.724396235718e+10
2.114822944008e+10
5.439522341346e+09
2.088152444594e+10
2.077757870092e+10
1.770596254952e+10
1.481291804016e+10
1.028622896672e+10
2.690046612086e+10
1.572352443720e+10
1.261181805861e+10
1.451118028480e+10
3.361949304923e+10
1.763956849920e+10
2.893223691205e+10
5.982842579719e+09
3.832157278886e+10
1.841262547818e+10
2.196926075742e+10
1.196220028076e+10
1.908750594329e+10
2.123350940695e+10
1.993918639328e+10
7.320438182203e+09
1.896727241630e+10
2.506129048854e+10
1.873732128938e+10
1.799828894444e+10
8.871284314339e+09
3.699256096640e+10
1.853903975160e+10
2.389961133926e+10
1.237228062400e+10
3.435061978708e+10
1.951804039198e+10
2.672621775143e+10
6.445831617299e+09
2.920160515390e+10
2.213697995460e+10
2.058854316653e+10
1.354036770411e+10
1.432136532842e+10
2.760406831069e+10
2.076294007209e+10
1.258470243407e+10
1.539308199118e+10
3.287656224603e+10
2.064284112266e+10
2.883411168192e+10
8.349174140185e+09
4.759053639792e+10
1.959747724577e+10
2.871406823814e+10
1.259430003605e+10
2.539963408811e+10
2.200005583908e+10
2.432868989502e+10
9.126009917741e+09
2.112649062116e+10
2.744017404191e+10
2.305944871458e+10
1.814094235047e+10
1.176311096917e+10
3.623243633028e+10
2.227462177414e+10
2.206089152872e+10
1.662793592046e+10
3.675447704434e+10
2.272108830172e+10
2.703913470537e+10
8.566167617067e+09
3.453411946284e+10
2.395083285922e+10
2.515716354314e+10
1.474901641755e+10
2.074426443810e+10
2.846840285192e+10
2.508622076506e+10
1.370363223891e+10
2.138567111039e+10
2.863000643859e+10
2.308824672508e+10
1.731108352292e+10
1.162850924312e+10
2.846592228543e+10
2.593088841182e+10
1.957729499989e+10
1.622425203934e+10
2.190324492850e+10
2.486083272137e+10
2.081575127598e+10
9.836046275599e+09
2.016019821007e+10
2.586724423176e+10
1.964514840470e+10
1.433317817596e+10
1.603220317274e+10
2.781989176351e+10
2.495053003782e+10
1.382689946861e+10
1.690210675305e+10
2.073667833162e+10
2.368896654213e+10
1.465888680893e+10
1.087860278569e+10
1.906514801869e+10
2.432638195808e+10
1.832776400822e+10
1.092014481116e+10
1.281122235037e+10
1.756954863798e+10
1.554539334241e+10
9.274947289723e+09
1.199392310188e+10
1.513191265686e+10
1.344302433809e+10
7.881497099087e+09
7.701320805283e+09
1.206661200656e+10
1.145472079731e+10
8.736916531062e+09
7.552659374679e+09
1.012702597889e+10
1.033445673340e+10
7.963215377815e+09
5.404600257852e+09
8.062796925551e+09
1.031813942986e+10
8.608064661537e+09
6.048308370274e+09
6.809695886746e+09
9.408219762939e+09
9.977371795272e+09
6.279358891413e+09
5.958619705279e+09
9.445472738275e+09
1.025905283654e+10
6.318823806718e+09
5.355307325234e+09
7.434479650151e+09
1.028942020673e+10
7.044232811927e+09
6.107583287323e+09
6.989832757800e+09
7.164069304844e+09
5.685590200727e+09
4.144278054450e+09
5.783043198339e+09
5.466470863735e+09
4.629620705173e+09
2.634141529736e+09
3.920702320123e+09
5.079943712371e+09
5.095010487972e+09
4.142523844923e+09
4.460317484901e+09
4.146689288873e+09
4.569463118248e+09
3.198912354076e+09
4.141209738894e+09
3.241560030984e+09
4.475884434102e+09
3.390585152038e+09
2.899853607496e+09
2.635853322005e+09
2.723349937945e+09
3.683976587197e+09
SCALARS log10_luminosity double 1
LOOKUP_TABLE default
3.756956256134e+01
3.758797287193e+01
3.773412203553e+01
3.755186630844e+01
3.773693118606e+01
3.762578742032e+01
3.766275261634e+01
3.780613711397e+01
3.759087820204e+01
3.777208067984e+01
3.780532896460e+01
3.772632452752e+01
3.785214210239e+01
3.766598707302e+01
3.776452423762e+01
3.796972542951e+01
3.771404915127e+01
3.787523264362e+01
3.786676482471e+01
3.786228727673e+01
3.797490903640e+01
3.771263055186e+01
3.782816403552e+01
3.799615775421e+01
3.782385056539e+01
3.794882312159e+01
3.791822193809e+01
3.797273070951e+01
3.810898197970e+01
3.771193974121e+01
3.792304013758e+01
3.805049187390e+01
3.794723037316e+01
3.808945552071e+01
3.778913935733e+01
3.803834868886e+01
3.818387907537e+01
3.783917053102e+01
3.808401051006e+01
3.803293648944e+01
3.811140477463e+01
3.822903037950e+01
3.789765780695e+01
3.808910961870e+01
3.822091768614e+01
3.804165396177e+01
3.816846223065e+01
3.801880069555e+01
3.824040625821e+01
3.828288367286e+01
3.791136745715e+01
3.811341813495e+01
3.821419822722e+01
3.820106714709e+01
3.829359862777e+01
3.805206765537e+01
3.823342200232e+01
3.838866498681e+01
3.813337402292e+01
3.822733131779e+01
3.821622094755e+01
3.837157339571e+01
3.841120274563e+01
3.804500664077e+01
3.821803869663e+01
3.841876372748e+01
3.832445492992e+01
3.833955183093e+01
3.820894010275e+01
3.839777888282e+01
3.845449270756e+01
3.815263187664e+01
3.817515935127e+01
3.839777047670e+01
3.847501297967e+01
3.850859443333e+01
3.815471202730e+01
3.841017050450e+01
3.853252602057e+01
3.839855205247e+01
3.831998561057e+01
3.834168622948e+01
3.854008050611e+01
3.852083626887e+01
3.827268497829e+01
3.826980806439e+01
3.858794716653e+01
3.844687388136e+01
3.853813308179e+01
3.830868724115e+01
3.863392053186e+01
3.846870851521e+01
3.842196047980e+01
3.813398004154e+01
3.852826328313e+01
3.849003609238e+01
3.857975683947e+01
3.820151795439e+01
3.838123747431e+01
3.854974098118e+01
3.842701666248e+01
3.833822277892e+01
3.832653044024e+01
3.860751110452e+01
3.845932931268e+01
3.844742942344e+01
3.810409636873e+01
3.870253933545e+01
3.840571031200e+01
3.866081974801e+01
3.818784038639e+01
3.860695242909e+01
3.846021752284e+01
3.843650465784e+01
3.809441151986e+01
3.838690139996e+01
3.848543343911e+01
3.843442592450e+01
3.825099118831e+01
3.817967335461e+01
3.858915567952e+01
3.839946223234e+01
3.843810782200e+01
3.821571814049e+01
3.869179457461e+01
3.841243242413e+01
3.853891585249e+01
3.796694559514e+01
3.862600403484e+01
3.838947790881e+01
3.850151540457e+01
3.817670205071e+01
3.841702017384e+01
3.848618388190e+01
3.839252112247e+01
3.809549041784e+01
3.829900150552e+01
3.851350503011e+01
3.840769536454e+01
3.836342514303e+01
3.805151910906e+01
3.865410782232e+01
3.835137344209e+01
3.856400093712e+01
3.816193340390e+01
3.862993526654e+01
3.841823922485e+01
3.844075651887e+01
3.794411778113e+01
3.845024109161e+01
3.840565837674e+01
3.845483191135e+01
3.822705842261e+01
3.821288693380e+01
3.846731105226e+01
3.832524879887e+01
3.821117792472e+01
3.820798840159e+01
3.857523373148e+01
3.835243315729e+01
3.844746221102e+01
3.799841763708e+01
3.866629814347e+01
3.833141382326e+01
3.852323116455e+01
3.815941815691e+01
3.841916019718e+01
3.843519284285e+01
3.838871789419e+01
3.787891224099e+01
3.829156326218e+01
3.844122849996e+01
3.836950688912e+01
3.825949801194e+01
3.808945296267e+01
3.856580208113e+01
3.832898501315e+01
3.835083771049e+01
3.813283262829e+01
3.863182344453e+01
3.835404449276e+01
3.851281896768e+01
3.791768874671e+01
3.855909655120e+01
3.834736346990e+01
3.841649606428e+01
3.814129684339e+01
3.825548723537e+01
3.842676468450e+01
3.834005672425e+01
3.796624940377e+01
3.823018560084e+01
3.848449553495e+01
3.832299227301e+01
3.838579214898e+01
3.799242753899e+01
3.865245428105e+01
3.831496200278e+01
3.846916615633e+01
3.823345529706e+01
3.848682662103e+01
3.838643149468e+01
3.841861840593e+01
3.776218046846e+01
3.842805319615e+01
3.837627270952e+01
3.834419142634e+01
3.817956588320e+01
3.817598833701e+01
3.850345507351e+01
3.832109093713e+01
3.814361857004e+01
3.819959092402e+01
3.859023455514e+01
3.831446999180e+01
3.849049219073e+01
3.780750474376e+01
3.865422195392e+01
3.831808073969e+01
3.842435429725e+01
3.810720770579e+01
3.833080461563e+01
3.839414604883e+01
3.833666283069e+01
3.782499025864e+01
3.828633829254e+01
3.846256462478e+01
3.834790067742e+01
3.829266520680e+01
3.796783816856e+01
3.856753113231e+01
3.828105509003e+01
3.838427759840e+01
3.815951304387e+01
3.860856803778e+01
3.838125666884e+01
3.843157578368e+01
3.782009014482e+01
3.849386109577e+01
3.833780010211e+01
3.836959796100e+01
3.812983169776e+01
3.823222545824e+01
3.844365815010e+01
3.828952793240e+01
3.793076461031e+01
3.822064312654e+01
3.851805533733e+01
3.831008132055e+01
3.842526841263e+01
3.794116589841e+01
3.867131130744e+01
3.832152612487e+01
3.846093895953e+01
3.819169742975e+01
3.844250874799e+01
3.834340382374e+01
3.835715406057e+01
3.771127997011e+01
3.840572326097e+01
3.838250032301e+01
3.832293130419e+01
3.818902258913e+01
3.809609506450e+01
3.855264915218e+01
3.828081043951e+01
3.818943809861e+01
3.819194896868e+01
3.860473484541e+01
3.832768458848e+01
3.850178090166e+01
3.781075633004e+01
3.861097444776e+01
3.830950374947e+01
3.838825422715e+01
3.814124712411e+01
3.829087779024e+01
3.841198887929e+01
3.830429653425e+01
3.785684386052e+01
3.830646253447e+01
3.846778496025e+01
3.832137377695e+01
3.830406528295e+01
3.796389047826e+01
3.865987458132e+01
3.829011642381e+01
3.843123562560e+01
3.816288221957e+01
3.853549662524e+01
3.831960531261e+01
3.843149992702e+01
3.766811800612e+01
3.846219440673e+01
3.837062995097e+01
3.835384900357e+01
3.820232515213e+01
3.818012243946e+01
3.848980484099e+01
3.832259315239e+01
3.809804205326e+01
3.825434787481e+01
3.855894417427e+01
3.828802548229e+01
3.848681415780e+01
3.788664808616e+01
3.869490983509e+01
3.833570918880e+01
3.844918472725e+01
3.815549766788e+01
3.838760490425e+01
3.841886296599e+01
3.838419531611e+01
3.777249690748e+01
3.836624023370e+01
3.844172954496e+01
3.833660245462e+01
3.829670369239e+01
3.811465385357e+01
3.862756790502e+01
3.833209461203e+01
3.832947632862e+01
3.825055437229e+01
3.864364105631e+01
3.835101204508e+01
3.851334589958e+01
3.787846095337e+01
3.858379885473e+01
3.837507453390e+01
3.839503401596e+01
3.814981141309e+01
3.828484073606e+01
3.846686858802e+01
3.835609375861e+01
3.796135231421e+01
3.832138363225e+01
3.853396160856e+01
3.837870764802e+01
3.844055540798e+01
3.797683362170e+01
3.874833192190e+01
3.835110533648e+01
3.853674830290e+01
3.818839992862e+01
3.853401517015e+01
3.837557063566e+01
3.846420378060e+01
3.787448676323e+01
3.845868446767e+01
3.845651351156e+01
3.838703446981e+01
3.830955194917e+01
3.815116396892e+01
3.856866409488e+01
3.833545075698e+01
3.823967518511e+01
3.830059692530e+01
3.866548211979e+01
3.838537576554e+01
3.860026675190e+01
3.791578933275e+01
3.872232219146e+01
3.840399179259e+01
3.848068882596e+01
3.821668186921e+01
3.841961751649e+01
3.846588776158e+01
3.843857119363e+01
3.800339874848e+01
3.841686460264e+01
3.853786134771e+01
3.841156377091e+01
3.839408599798e+01
3.808683995635e+01
3.870696671340e+01
3.840693859310e+01
3.851724143215e+01
3.823129979514e+01
3.867478426257e+01
3.842928577191e+01
3.856578716888e+01
3.794812897287e+01
3.860425734532e+01
3.848396986299e+01
3.845247825664e+01
3.827048453629e+01
3.829484024374e+01
3.857983097336e+01
3.845614912161e+01
3.823870596012e+01
3.832619169186e+01
3.865575598710e+01
3.845364293284e+01
3.859878432762e+01
3.806052599190e+01
3.881640824606e+01
3.843109346197e+01
3.859699416300e+01
3.823908012979e+01
3.854374075596e+01
3.848134484742e+01
3.852504814916e+01
3.809921934668e+01
3.846377540645e+01
3.857734522407e+01
3.850181831508e+01
3.839764101986e+01
3.820951593883e+01
3.869810467554e+01
3.848683173500e+01
3.848265962365e+01
3.835989102926e+01
3.870438006105e+01
3.849551712387e+01
3.857110007466e+01
3.807191431222e+01
3.867739781971e+01
3.851849303695e+01
3.853985843995e+01
3.830798561648e+01
3.845614790835e+01
3.859364188781e+01
3.853874463831e+01
3.827617750150e+01
3.846949899708e+01
3.859623387767e+01
3.850284183700e+01
3.837781584580e+01
3.820505874912e+01
3.859390563001e+01
3.855344614440e+01
3.843143269946e+01
3.834989904366e+01
3.848030044791e+01
3.853536879595e+01
3.845831010052e+01
3.813280747367e+01
3.844455490953e+01
3.855288809316e+01
3.843347602168e+01
3.821846369116e+01
3.826703727776e+01
3.850632197969e+01
3.845896846170e+01
3.820253538141e+01
3.828967314472e+01
3.837839316014e+01
3.843612179524e+01
3.822759855242e+01
3.809799286578e+01
3.834158256936e+01
3.844734317649e+01
3.832429922034e+01
3.817406575195e+01
3.824325499136e+01
3.838025001171e+01
3.832691409366e+01
3.810244487516e+01
3.821391391882e+01
3.831466404345e+01
3.826308325642e+01
3.810279910052e+01
3.809273702116e+01
3.828774408223e+01
3.826513636654e+01
3.814751016554e+01
3.808425991055e+01
3.821165894191e+01
3.822049187649e+01
3.810733152883e+01
3.793905879936e+01
3.811284839059e+01
3.822004914829e+01
3.814145880714e+01
3.792025383406e+01
3.797203775436e+01
3.811274855591e+01
3.813863652565e+01
3.793797224000e+01
3.791570801718e+01
3.811637522244e+01
3.807491818191e+01
3.786404526929e+01
3.779180557540e+01
3.793390205891e+01
3.807469608554e+01
3.790982275096e+01
3.784758135804e+01
3.790595251394e+01
3.798786225652e+01
3.788694037909e+01
3.774914936288e+01
3.789350434670e+01
3.786887622105e+01
3.787335385055e+01
3.762982449886e+01
3.780478669911e+01
3.785268925634e+01
3.785206501681e+01
3.776046277713e+01
3.779118176283e+01
3.775879860525e+01
3.778771620369e+01
3.763870260806e+01
3.767486537065e+01
3.765477732833e+01
3.779232893395e+01
3.769187088224e+01
3.757892841494e+01
3.764184470011e+01
3.757872298270e+01
3.760327228208e+01
SCALARS crossing_count double 1
LOOKUP_TABLE default
5.396400000000e+04
5.803300000000e+04
6.220800000000e+04
5.566500000000e+04
6.387000000000e+04
6.115000000000e+04
6.075100000000e+04
6.506600000000e+04
6.383600000000e+04
6.407000000000e+04
6.674300000000e+04
6.455600000000e+04
6.784600000000e+04
6.586900000000e+04
7.048500000000e+04
7.305800000000e+04
7.025600000000e+04
7.316100000000e+04
7.309400000000e+04
7.500200000000e+04
7.574900000000e+04
7.130600000000e+04
7.654200000000e+04
7.843800000000e+04
7.649400000000e+04
7.886900000000e+04
7.708700000000e+04
8.305900000000e+04
8.424400000000e+04
7.928700000000e+04
8.411500000000e+04
8.727200000000e+04
9.016200000000e+04
9.075300000000e+04
8.589500000000e+04
9.590100000000e+04
9.678500000000e+04
9.288900000000e+04
9.688700000000e+04
9.559200000000e+04
1.043500000000e+05
1.040150000000e+05
9.711100000000e+04
1.055440000000e+05
1.086860000000e+05
1.102620000000e+05
1.096790000000e+05
1.045600000000e+05
1.170440000000e+05
1.168450000000e+05
1.099510000000e+05
1.163860000000e+05
1.188890000000e+05
1.258460000000e+05
1.227100000000e+05
1.153290000000e+05
1.293770000000e+05
1.313250000000e+05
1.306100000000e+05
1.299870000000e+05
1.264530000000e+05
1.404560000000e+05
1.407270000000e+05
1.316170000000e+05
1.413770000000e+05
1.468830000000e+05
1.494930000000e+05
1.474600000000e+05
1.373520000000e+05
1.604810000000e+05
1.533160000000e+05
1.565560000000e+05
1.439730000000e+05
1.636760000000e+05
1.551270000000e+05
1.730480000000e+05
1.449710000000e+05
1.780070000000e+05
1.649680000000e+05
1.783850000000e+05
1.591300000000e+05
1.615860000000e+05
1.807940000000e+05
1.670980000000e+05
1.786120000000e+05
1.473880000000e+05
2.043220000000e+05
1.485910000000e+05
2.084900000000e+05
1.322740000000e+05
2.302830000000e+05
1.451590000000e+05
2.218650000000e+05
1.297000000000e+05
2.048430000000e+05
1.442090000000e+05
1.928420000000e+05
1.425160000000e+05
1.623130000000e+05
1.682550000000e+05
1.493300000000e+05
1.657410000000e+05
1.278260000000e+05
2.028700000000e+05
1.302140000000e+05
2.252490000000e+05
1.110420000000e+05
2.565340000000e+05
1.172940000000e+05
2.486790000000e+05
1.079170000000e+05
2.128750000000e+05
1.223530000000e+05
1.755330000000e+05
1.126050000000e+05
1.458790000000e+05
1.334150000000e+05
1.357560000000e+05
1.382530000000e+05
1.137900000000e+05
1.699070000000e+05
1.116150000000e+05
1.773290000000e+05
9.698100000000e+04
2.297160000000e+05
1.048030000000e+05
2.348660000000e+05
9.160300000000e+04
2.068310000000e+05
1.026070000000e+05
1.697090000000e+05
9.679000000000e+04
1.380810000000e+05
1.159540000000e+05
1.231100000000e+05
1.084290000000e+05
1.050540000000e+05
1.377130000000e+05
1.031920000000e+05
1.526780000000e+05
8.792800000000e+04
1.919670000000e+05
9.221400000000e+04
2.028090000000e+05
8.221300000000e+04
2.014800000000e+05
9.362200000000e+04
1.606830000000e+05
8.223000000000e+04
1.343080000000e+05
9.870100000000e+04
1.184450000000e+05
9.715900000000e+04
1.006150000000e+05
1.199290000000e+05
9.532000000000e+04
1.179010000000e+05
8.222900000000e+04
1.573030000000e+05
8.655100000000e+04
1.832210000000e+05
7.419600000000e+04
1.970650000000e+05
8.299200000000e+04
1.649010000000e+05
7.612100000000e+04
1.347590000000e+05
9.058400000000e+04
1.149380000000e+05
8.106300000000e+04
9.758500000000e+04
1.034330000000e+05
9.291800000000e+04
1.075760000000e+05
7.941200000000e+04
1.358600000000e+05
8.096900000000e+04
1.443730000000e+05
7.025500000000e+04
1.855780000000e+05
7.963800000000e+04
1.647750000000e+05
6.847100000000e+04
1.389410000000e+05
8.109700000000e+04
1.159960000000e+05
7.669600000000e+04
9.890400000000e+04
9.413500000000e+04
9.030100000000e+04
8.733400000000e+04
7.766200000000e+04
1.191030000000e+05
7.923800000000e+04
1.329350000000e+05
6.789900000000e+04
1.678080000000e+05
7.410800000000e+04
1.630760000000e+05
6.531500000000e+04
1.459370000000e+05
7.724600000000e+04
1.168760000000e+05
6.699200000000e+04
1.008020000000e+05
8.607300000000e+04
9.099500000000e+04
8.419300000000e+04
7.796000000000e+04
1.075450000000e+05
7.702000000000e+04
1.060200000000e+05
6.645600000000e+04
1.496640000000e+05
7.293800000000e+04
1.624220000000e+05
6.184200000000e+04
1.546520000000e+05
7.346800000000e+04
1.235430000000e+05
6.522600000000e+04
1.061890000000e+05
8.180000000000e+04
9.214300000000e+04
7.154100000000e+04
7.976700000000e+04
9.785700000000e+04
7.766400000000e+04
1.026140000000e+05
6.685400000000e+04
1.329010000000e+05
7.083400000000e+04
1.418570000000e+05
6.130000000000e+04
1.653440000000e+05
7.241600000000e+04
1.302520000000e+05
6.080200000000e+04
1.118960000000e+05
7.761300000000e+04
9.656700000000e+04
7.150200000000e+04
8.349400000000e+04
9.178600000000e+04
7.870600000000e+04
8.635500000000e+04
6.794600000000e+04
1.218010000000e+05
7.267300000000e+04
1.380850000000e+05
6.087400000000e+04
1.654170000000e+05
7.003400000000e+04
1.426840000000e+05
6.100200000000e+04
1.227590000000e+05
7.521600000000e+04
1.008910000000e+05
6.435500000000e+04
8.762500000000e+04
8.687400000000e+04
8.164900000000e+04
8.644000000000e+04
7.124700000000e+04
1.126670000000e+05
7.191700000000e+04
1.141210000000e+05
6.234600000000e+04
1.612470000000e+05
7.053000000000e+04
1.538550000000e+05
5.998300000000e+04
1.339130000000e+05
7.390300000000e+04
1.108210000000e+05
6.591000000000e+04
9.584300000000e+04
8.483200000000e+04
8.546800000000e+04
7.580100000000e+04
7.495000000000e+04
1.056920000000e+05
7.507300000000e+04
1.154220000000e+05
6.488500000000e+04
1.500930000000e+05
7.120700000000e+04
1.548020000000e+05
6.181300000000e+04
1.528730000000e+05
7.375100000000e+04
1.196330000000e+05
6.328100000000e+04
1.036480000000e+05
8.279700000000e+04
9.302700000000e+04
7.918100000000e+04
8.096000000000e+04
1.025290000000e+05
7.845500000000e+04
9.913700000000e+04
6.818500000000e+04
1.414930000000e+05
7.396100000000e+04
1.608950000000e+05
6.357700000000e+04
1.698850000000e+05
7.434100000000e+04
1.364010000000e+05
6.662400000000e+04
1.166650000000e+05
8.295700000000e+04
1.001440000000e+05
7.394000000000e+04
8.795500000000e+04
9.899900000000e+04
8.458700000000e+04
1.046870000000e+05
7.427400000000e+04
1.354650000000e+05
7.689700000000e+04
1.425730000000e+05
6.810600000000e+04
1.834640000000e+05
7.738000000000e+04
1.568750000000e+05
6.767500000000e+04
1.344260000000e+05
8.388100000000e+04
1.137490000000e+05
7.958400000000e+04
9.907600000000e+04
1.007730000000e+05
9.217800000000e+04
9.503300000000e+04
8.177600000000e+04
1.309460000000e+05
8.387700000000e+04
1.522170000000e+05
7.302200000000e+04
1.901240000000e+05
8.138100000000e+04
1.776930000000e+05
7.323000000000e+04
1.575550000000e+05
8.782100000000e+04
1.294870000000e+05
7.880800000000e+04
1.133370000000e+05
1.010040000000e+05
1.036810000000e+05
1.041780000000e+05
9.053000000000e+04
1.313900000000e+05
9.119900000000e+04
1.342140000000e+05
8.052000000000e+04
1.896050000000e+05
8.873900000000e+04
2.043670000000e+05
7.872400000000e+04
1.906110000000e+05
9.199000000000e+04
1.542960000000e+05
8.725300000000e+04
1.323130000000e+05
1.066630000000e+05
1.199330000000e+05
1.008300000000e+05
1.047820000000e+05
1.337110000000e+05
1.037470000000e+05
1.514280000000e+05
9.127500000000e+04
1.934380000000e+05
9.742200000000e+04
2.077960000000e+05
8.835600000000e+04
2.241970000000e+05
1.007180000000e+05
1.877090000000e+05
9.308900000000e+04
1.611370000000e+05
1.138730000000e+05
1.417500000000e+05
1.164570000000e+05
1.233360000000e+05
1.429250000000e+05
1.197020000000e+05
1.449300000000e+05
1.065660000000e+05
1.966070000000e+05
1.121660000000e+05
2.395550000000e+05
1.007300000000e+05
2.634560000000e+05
1.132240000000e+05
2.311620000000e+05
1.083600000000e+05
1.980930000000e+05
1.282590000000e+05
1.731800000000e+05
1.220080000000e+05
1.531210000000e+05
1.548010000000e+05
1.445490000000e+05
1.712190000000e+05
1.276570000000e+05
2.109900000000e+05
1.312010000000e+05
2.194780000000e+05
1.213660000000e+05
2.570450000000e+05
1.342980000000e+05
2.429860000000e+05
1.247870000000e+05
2.200440000000e+05
1.460200000000e+05
2.000380000000e+05
1.472010000000e+05
1.806750000000e+05
1.730550000000e+05
1.730530000000e+05
1.702080000000e+05
1.550590000000e+05
2.013230000000e+05
1.580620000000e+05
1.991150000000e+05
1.458400000000e+05
1.985030000000e+05
1.552860000000e+05
1.863970000000e+05
1.447130000000e+05
1.890220000000e+05
1.607770000000e+05
1.805190000000e+05
1.509360000000e+05
1.654750000000e+05
1.670310000000e+05
1.632300000000e+05
1.545720000000e+05
1.544410000000e+05
1.592460000000e+05
1.550700000000e+05
1.463620000000e+05
1.372490000000e+05
1.521290000000e+05
1.447460000000e+05
1.434650000000e+05
1.348300000000e+05
1.368490000000e+05
1.415100000000e+05
1.335800000000e+05
1.242660000000e+05
1.321000000000e+05
1.304480000000e+05
1.306310000000e+05
1.207950000000e+05
1.175550000000e+05
1.271260000000e+05
1.208860000000e+05
1.149500000000e+05
1.156380000000e+05
1.158610000000e+05
1.174200000000e+05
1.097360000000e+05
1.033050000000e+05
1.113430000000e+05
1.089750000000e+05
1.058500000000e+05
1.009990000000e+05
9.924500000000e+04
1.045740000000e+05
9.989500000000e+04
9.269000000000e+04
9.714600000000e+04
9.531400000000e+04
9.602200000000e+04
8.941900000000e+04
8.444200000000e+04
9.140000000000e+04
8.781000000000e+04
8.326200000000e+04
8.223100000000e+04
8.161300000000e+04
8.322600000000e+04
7.941300000000e+04
7.449900000000e+04
7.892200000000e+04
7.816200000000e+04
7.782800000000e+04
7.437100000000e+04
7.301800000000e+04
7.620300000000e+04
7.488700000000e+04
7.128800000000e+04
7.244100000000e+04
7.085000000000e+04
6.996900000000e+04
6.797900000000e+04
6.371700000000e+04
6.607200000000e+04
6.622000000000e+04
6.569700000000e+04
6.361400000000e+04
6.044100000000e+04
6.204700000000e+04
6.480900000000e+04
5.607200000000e+04
6.170500000000e+04
5.958200000000e+04
5.389400000000e+04
SCALARS max_packet_energy double 1
LOOKUP_TABLE default
8.670110166883e+39
6.550767164069e+39
7.261271909526e+39
5.147778127838e+39
7.898443069938e+39
8.186123113233e+39
6.347197622503e+39
6.796683934972e+39
9.742763611362e+39
5.308460774332e+39
5.055419262237e+39
6.291778033033e+39
3.991127449771e+39
4.175116867351e+39
5.110707479831e+39
6.472975199224e+39
1.119144726463e+40
8.109530676988e+39
5.793459371425e+39
6.934036174411e+39
7.785714805973e+39
6.630851542202e+39
6.353962312661e+39
6.462368950944e+39
1.135501904085e+40
7.600151326767e+39
7.653602867101e+39
5.424789403122e+39
7.956939015982e+39
6.009332326713e+39
7.466640513915e+39
6.520143735198e+39
7.259718714536e+39
7.043817032636e+39
7.889712758407e+39
8.202218460517e+39
8.278966808999e+39
7.460913598482e+39
3.454813050955e+40
6.972669921139e+39
5.244028273847e+39
8.094316731147e+39
8.254018890351e+39
5.423643410852e+39
7.094481836397e+39
9.459513136195e+39
9.074779173289e+39
8.221978566684e+39
9.117660986985e+39
9.713317328110e+39
1.077892766927e+40
8.163864029834e+39
6.916345893969e+39
4.967975517700e+39
6.233123125959e+39
6.984328804573e+39
4.656272511431e+39
9.577393205578e+39
5.390025828628e+39
7.240896459568e+39
6.739749409515e+39
7.424463802633e+39
6.712907821587e+39
5.191780082940e+39
6.617184929190e+39
6.671386144819e+39
6.102824844315e+39
7.859949453346e+39
7.352686714629e+39
5.558724060578e+39
8.507357573932e+39
8.216498889889e+39
6.732795551892e+39
7.913545302905e+39
7.275615290670e+39
8.114974821243e+39
4.871393542770e+39
7.164894311037e+39
8.148871520722e+39
7.920306418091e+39
8.498229918605e+39
8.211479352643e+39
8.934819869153e+39
9.733661885346e+39
6.066033426268e+39
7.415022290576e+39
8.030017305960e+39
6.042606619957e+39
7.068380241583e+39
1.181444983702e+40
6.085267352266e+39
7.621822956321e+39
5.833492997746e+39
7.206367771086e+39
6.074345417032e+39
7.540390423284e+39
6.251101230547e+39
1.233255709302e+40
6.613382770982e+39
6.980779770730e+39
8.771052968661e+39
5.295743136677e+39
1.086469590267e+40
7.001340940168e+39
8.856350841544e+39
7.600730798595e+39
7.701494080068e+39
2.609438369124e+40
6.823102348924e+39
7.764871947905e+39
5.635575011255e+39
8.057604415985e+39
1.119528101568e+40
8.201530949069e+39
7.182625050542e+39
9.160600166593e+39
6.088873804781e+39
7.542732222093e+39
7.612587127882e+39
5.384669582191e+39
9.346515828893e+39
4.262593530480e+39
7.517219850856e+39
9.075886231912e+39
6.830790917496e+39
6.903928111585e+39
1.013500147796e+40
7.237083161665e+39
7.117521842535e+39
4.870530383136e+39
6.069908100631e+39
5.725826536615e+39
1.635045350095e+40
8.783465454609e+39
9.574893223738e+39
6.592638898093e+39
5.846788225858e+39
5.602834536351e+39
7.532821512411e+39
6.886253184051e+39
8.813351011178e+39
9.660410128122e+39
5.339959965746e+39
8.530054893258e+39
1.109381056656e+40
6.493104556337e+39
8.149510100611e+39
6.542588967367e+39
5.131841787800e+39
8.633273355142e+39
9.220360724080e+39
8.359794874714e+39
1.328201178023e+40
5.446154684343e+39
7.071482972240e+39
6.376520169334e+39
8.348201400797e+39
7.619404881154e+39
5.580319610350e+39
7.518676072941e+39
8.319521466965e+39
4.593115719276e+39
9.221542367998e+39
4.810362232256e+39
1.760266501003e+40
5.465725278595e+39
4.496049416702e+39
2.358246255313e+40
1.228757020075e+40
5.074788813610e+39
4.637465473409e+39
4.360654529454e+39
7.992266893726e+39
8.848833060160e+39
5.868642783227e+39
8.077028956416e+39
5.311468340953e+39
7.029730160541e+39
7.493507025847e+39
7.007602923292e+39
1.136202954211e+40
7.392706030608e+39
7.309649389683e+39
1.088141908275e+40
6.867011535240e+39
6.006305269951e+39
5.787251456462e+39
4.009908541241e+39
8.360912734921e+39
1.889010630749e+40
7.430636992426e+39
8.234082552345e+39
3.743974764943e+39
5.732007450826e+39
7.251497522905e+39
8.169862117103e+39
9.361569620994e+39
8.399574223285e+39
5.183653135851e+39
3.549922431191e+40
7.969148080594e+39
8.032259936040e+39
1.066651161482e+40
3.715534566838e+39
9.569628821100e+39
5.564983588696e+39
8.130558257976e+39
4.820592452838e+39
4.659154159301e+39
1.201691662867e+40
6.984492021555e+39
1.412783179765e+40
9.698057442817e+39
6.085587682257e+39
9.462817667945e+39
6.514515934257e+39
2.963074576536e+39
9.498816808790e+39
8.225083805322e+39
1.439235597943e+40
5.309990235520e+39
6.553824488619e+39
7.382444464567e+39
8.193936940975e+39
5.849741114557e+39
8.075600342789e+39
4.805601988713e+39
3.294059324095e+40
6.214686225689e+39
4.140931062553e+39
8.622152685001e+39
8.259469480419e+39
6.290336579997e+39
7.334448044477e+39
6.452203385511e+39
2.436117711936e+40
5.279225305743e+39
7.226273579956e+39
8.529343279389e+39
9.373461885098e+39
6.256614438801e+39
9.556036662348e+39
1.053735662591e+40
6.280271823426e+39
3.621269721257e+39
3.377178958382e+39
8.490103807531e+39
4.079557770906e+39
8.879101917263e+39
9.152370742278e+39
7.290472704009e+39
9.701197820178e+39
6.082758683918e+39
8.346045749916e+39
7.576687648659e+39
5.786159294375e+39
5.896624387626e+39
6.677473966750e+39
4.329374657990e+39
8.768780468899e+39
5.653072177419e+39
7.018102795348e+39
6.863188190578e+39
7.080168911681e+39
1.055255503564e+40
4.777850195045e+39
8.340666435555e+39
6.660025546207e+39
5.051391792992e+39
4.921320185817e+39
6.141662417226e+39
7.841754449935e+39
8.290149976067e+39
3.888595804864e+39
8.740189211413e+39
5.449108968851e+39
5.500725356883e+39
5.983876099391e+39
5.179589924246e+39
4.603645690171e+39
4.943531605406e+39
4.653850697193e+39
8.355621728055e+39
5.410435553641e+39
5.602176832165e+39
7.608426846402e+39
5.315695383845e+39
5.383275535955e+39
5.685563937809e+39
6.107046209594e+39
6.043415313283e+39
6.033207027996e+39
4.132387858226e+39
7.461910169410e+39
1.495936874085e+40
6.254551519703e+39
7.120195308632e+39
4.592577120034e+39
7.548472099860e+39
7.425432493623e+39
5.182125803053e+39
8.439576631821e+39
8.397002724153e+39
4.773406894154e+39
6.559343136708e+39
4.938847722978e+39
7.081303472570e+39
5.908982917660e+39
6.727675881186e+39
7.816635997497e+39
7.575558668341e+39
7.472840610857e+39
4.457183540457e+39
3.331825588632e+39
7.641017630543e+39
1.014391699729e+40
6.590787261064e+39
2.129240411821e+40
4.900824975140e+39
7.557843493898e+39
6.352574438402e+39
6.639746418718e+39
1.393526187906e+40
4.662740134334e+39
5.572605906482e+39
6.292761047183e+39
9.635083620416e+39
1.279984237060e+40
4.418649678097e+39
7.113023431474e+39
4.780249925908e+39
3.973203795018e+39
7.122702099542e+39
7.286014690085e+39
3.273170923238e+39
1.090780009546e+40
5.807689601033e+39
7.545505771798e+39
6.714287449040e+39
7.445585454757e+39
2.347872431160e+40
1.572702837770e+40
7.101469005335e+39
6.417346790711e+39
7.011694463119e+39
7.168338208187e+39
8.374231286766e+39
3.933340063222e+39
6.890281665238e+39
4.842938245365e+39
6.493465822503e+39
6.954407972567e+39
6.036010519648e+39
7.721342870269e+39
4.724230992883e+39
7.532542994250e+39
7.165096632352e+39
8.083883574533e+39
9.021537098732e+39
8.316256517013e+39
4.700460268388e+39
9.470915656519e+39
5.108078836126e+39
6.980892159574e+39
5.692323891864e+39
9.453827374610e+39
6.926303780323e+39
6.617000711570e+39
4.206451352046e+39
1.059776209239e+40
6.062051512674e+39
7.585593747800e+39
7.915743378810e+39
4.680115847337e+39
1.128672763851e+40
6.412818011868e+39
6.880606884005e+39
5.481326929033e+39
4.927043802391e+39
7.451882999201e+39
9.202945238902e+39
6.451835095271e+39
8.586596803320e+39
1.198351262389e+40
4.865818054498e+39
9.039604849307e+39
5.935164408963e+39
2.057590986350e+40
6.802186292645e+39
7.217619131850e+39
5.969941957425e+39
6.297806813302e+39
7.504762456511e+39
7.414911042720e+39
6.002329013125e+39
8.266216684712e+39
7.769495199268e+39
5.175659672162e+39
6.820011496715e+39
6.457463172475e+39
5.949164389151e+39
6.579726995244e+39
1.219944943926e+40
1.018626853830e+40
6.103412238295e+39
8.299270316457e+39
5.902923331932e+39
3.127104522837e+39
8.321157951756e+39
7.709390813565e+39
1.411117030238e+40
6.691675943544e+39
5.822570632505e+39
8.571588005395e+39
7.340964002997e+39
5.993173271209e+39
9.534365561806e+39
5.569274295172e+39
7.635254364335e+39
4.986667392740e+39
1.172029182080e+40
8.429724960936e+39
1.377619732880e+40
2.166234264345e+40
8.188443115037e+39
5.986934111432e+39
7.408476077674e+39
1.112923751278e+40
4.330307588786e+39
9.270071589059e+39
6.261102126705e+39
8.359222124719e+39
8.346073204254e+39
6.693094967581e+39
1.197914707931e+40
9.620476652644e+39
5.466037903182e+39
7.967301057460e+39
9.696161515821e+39
4.958142333786e+39
6.838207093101e+39
6.427783970066e+39
1.039383434520e+40
6.796855068578e+39
6.814919650591e+39
6.756189286614e+39
5.970132252615e+39
5.529230531697e+39
6.799395119571e+39
3.983786852625e+39
6.002435293486e+39
5.980936376150e+39
8.726545409245e+39
1.119670956843e+40
4.882561361317e+39
6.959535087979e+39
7.373780895837e+39
7.978675651768e+39
7.741358228550e+39
4.677735486965e+39
1.017571865978e+40
5.574243131084e+39
1.053897788871e+40
1.671736668596e+40
6.368905324245e+39
9.001730023374e+39
6.872920932312e+39
9.422413990397e+39
4.195649124675e+39
7.475479723421e+39
9.908955462404e+39
8.304133748571e+39
5.473757264990e+39
5.167554578550e+39
4.286000577637e+39
5.606596636526e+39
1.582896307755e+40
7.879768867891e+39
4.790187273568e+39
7.919287578491e+39
7.655795356264e+39
6.523614082878e+39
9.856407370778e+39
6.997738135048e+39
7.327076489437e+39
1.634170910611e+40
6.595947567845e+39
6.288743411491e+39
5.580244468946e+39
6.766579556168e+39
3.550995289672e+39
5.800435239010e+39
7.158093339310e+39
3.259824751221e+39
6.480697391009e+39
4.024378244512e+39
7.356408850001e+39
5.150682322430e+39
7.205946927367e+39
4.021441930966e+39
5.628645956557e+39
6.066362676780e+39
5.772403455248e+39
6.041911898747e+39
4.804252495057e+39
9.730788274283e+39
7.599001199255e+39
1.319514125740e+40
7.566724288267e+39
5.620749845761e+39
3.425578230350e+39
7.355239705789e+39
SCALARS solid_angle double 1
LOOKUP_TABLE default
1.935677018275e-02
2.474554402707e-02
2.956656923901e-02
2.325036708507e-02
2.579132770346e-02
2.462223899752e-02
2.476855854866e-02
2.030559020157e-02
2.418676250066e-02
2.386319007903e-02
2.460223618872e-02
2.464299354085e-02
2.472152362060e-02
2.481975028557e-02
2.492917058445e-02
2.892679398895e-02
2.877814964832e-02
2.868705143545e-02
2.404621116514e-02
2.405610903228e-02
2.407564605672e-02
2.410140154424e-02
2.413125734700e-02
2.048156803461e-02
2.049223998313e-02
2.050531868080e-02
2.052025036001e-02
2.053661942780e-02
2.055410874290e-02
2.057247279983e-02
2.059151917310e-02
2.460531882275e-02
2.457196125735e-02
2.454338204557e-02
2.451872275358e-02
2.449732002787e-02
2.447865268160e-02
2.446230529189e-02
2.860426281778e-02
2.859731303197e-02
2.859171079335e-02
2.858727075459e-02
2.858383787878e-02
2.858128156422e-02
2.857949108547e-02
2.857837201730e-02
2.857784340207e-02
2.857783548563e-02
2.857828789272e-02
2.857914814522e-02
2.858037045042e-02
2.423615630630e-02
2.424642374233e-02
2.425661147081e-02
2.426670989373e-02
2.427671117596e-02
2.428660896270e-02
2.429639814465e-02
2.430607466203e-02
2.046761359482e-02
2.047119184202e-02
2.047480909615e-02
2.047845647935e-02
2.048212603764e-02
2.048581063527e-02
2.048950386272e-02
2.049319995632e-02
2.049689372798e-02
2.050058050352e-02
2.050425606838e-02
2.050791661983e-02
2.051155872473e-02
2.455263914510e-02
2.454795976474e-02
2.454356160880e-02
2.453942507528e-02
2.453553226247e-02
2.453186679107e-02
2.452841364802e-02
2.452515904908e-02
2.452209031757e-02
2.451919577709e-02
2.451646465642e-02
2.451388700492e-02
2.451145361723e-02
2.450915596603e-02
2.450698614182e-02
2.450493679905e-02
2.450300110767e-02
2.450117270953e-02
2.449944567911e-02
2.449781448804e-02
2.449627397308e-02
2.449481930700e-02
2.449344597224e-02
2.449214973698e-02
2.449092663335e-02
2.448977293756e-02
2.448868515177e-02
2.448765998760e-02
2.448669435094e-02
2.448578532810e-02
2.448493017310e-02
2.448412629602e-02
2.448337125225e-02
2.448266273263e-02
2.448199855437e-02
2.448137665266e-02
2.448079507297e-02
2.448025196385e-02
2.447974557038e-02
2.447927422803e-02
2.447883635700e-02
2.447843045699e-02
2.447805510228e-02
2.447770893728e-02
2.447739067224e-02
2.447709907941e-02
2.447683298934e-02
2.447659128756e-02
2.447637291132e-02
2.447617684672e-02
2.447600212592e-02
2.447584782457e-02
2.447571305940e-02
2.447559698596e-02
2.447549879655e-02
2.447541771820e-02
2.447535301083e-02
2.447530396553e-02
2.447526990293e-02
2.447525017164e-02
2.447524414687e-02
2.447525122900e-02
2.447527084238e-02
2.447530243412e-02
2.447534547292e-02
2.447539944807e-02
2.447546386841e-02
2.447553826139e-02
2.447562217222e-02
2.447571516298e-02
2.447581681187e-02
2.447592671242e-02
2.447604447282e-02
2.447616971524e-02
2.447630207519e-02
2.447644120092e-02
2.447658675288e-02
2.447673840315e-02
2.447689583495e-02
2.447705874214e-02
2.447722682881e-02
2.447739980878e-02
2.447757740525e-02
2.447775935038e-02
2.447794538490e-02
2.447813525782e-02
2.447832872604e-02
2.447852555404e-02
2.447872551361e-02
2.447892838353e-02
2.447913394931e-02
2.447934200294e-02
2.447955234263e-02
2.447976477255e-02
2.447997910268e-02
2.448019514851e-02
2.448041273090e-02
2.448063167585e-02
2.448085181432e-02
2.448107298207e-02
2.448129501950e-02
2.448151777143e-02
2.448174108703e-02
2.448196481961e-02
2.448218882651e-02
2.448241296895e-02
2.448263711193e-02
2.448286112408e-02
2.448308487754e-02
2.448330824789e-02
2.448353111401e-02
2.448375335798e-02
2.448397486498e-02
2.448419552322e-02
2.448441522384e-02
2.448463386081e-02
2.448485133085e-02
2.448506753340e-02
2.448528237048e-02
2.448549574663e-02
2.448570756891e-02
2.448591774674e-02
2.448612619189e-02
2.448633281843e-02
2.448653754262e-02
2.448674028291e-02
2.448694095986e-02
2.448713949610e-02
2.448733581626e-02
2.448752984697e-02
2.448772151674e-02
2.448791075600e-02
2.448809749701e-02
2.448828167383e-02
2.448846322229e-02
2.448864207994e-02
2.448881818604e-02
2.448899148148e-02
2.857307434025e-02
2.857306300263e-02
2.857304701843e-02
2.857302645856e-02
2.857300139553e-02
2.857297190341e-02
2.857293805787e-02
2.857289993610e-02
2.857285761688e-02
2.857281118050e-02
2.857276070880e-02
2.857270628516e-02
2.857264799448e-02
2.857258592318e-02
2.857252015923e-02
2.857245079210e-02
2.857237791280e-02
2.857230161386e-02
2.857222198935e-02
2.857213913486e-02
2.857205314754e-02
2.447742852257e-02
2.447812867627e-02
2.447882369375e-02
2.447951379234e-02
2.448019919019e-02
2.448088010625e-02
2.448155676034e-02
2.448222937321e-02
2.448289816655e-02
2.448356336307e-02
2.448422518650e-02
2.448488386166e-02
2.448553961452e-02
2.041949971829e-02
2.041937467819e-02
2.041924870066e-02
1.634196534262e-02
1.634199448652e-02
1.634202000042e-02
1.634204187911e-02
1.634206011815e-02
1.634207471383e-02
1.634208566317e-02
1.634209296397e-02
1.634209661473e-02
1.634209661473e-02
1.634209296397e-02
1.634208566317e-02
1.634207471383e-02
1.634206011815e-02
1.634204187911e-02
1.634202000042e-02
1.634199448652e-02
1.634196534263e-02
2.041924870066e-02
2.041937467819e-02
2.041949971829e-02
2.448553961452e-02
2.448488386166e-02
2.448422518650e-02
2.448356336307e-02
2.448289816655e-02
2.448222937321e-02
2.448155676034e-02
2.448088010625e-02
2.448019919019e-02
2.447951379234e-02
2.447882369375e-02
2.447812867627e-02
2.447742852257e-02
2.857205314754e-02
2.857213913486e-02
2.857222198935e-02
2.857230161386e-02
2.857237791280e-02
2.857245079210e-02
2.857252015923e-02
2.857258592318e-02
2.857264799447e-02
2.857270628516e-02
2.857276070880e-02
2.857281118050e-02
2.857285761688e-02
2.857289993611e-02
2.857293805787e-02
2.857297190341e-02
2.857300139553e-02
2.857302645856e-02
2.857304701844e-02
2.857306300264e-02
2.857307434025e-02
2.448899148148e-02
2.448881818604e-02
2.448864207995e-02
2.448846322230e-02
2.448828167384e-02
2.448809749701e-02
2.448791075600e-02
2.448772151674e-02
2.448752984697e-02
2.448733581626e-02
2.448713949610e-02
2.448694095986e-02
2.448674028290e-02
2.448653754261e-02
2.448633281842e-02
2.448612619189e-02
2.448591774674e-02
2.448570756891e-02
2.448549574664e-02
2.448528237048e-02
2.448506753340e-02
2.448485133086e-02
2.448463386081e-02
2.448441522384e-02
2.448419552322e-02
2.448397486498e-02
2.448375335798e-02
2.448353111401e-02
2.448330824790e-02
2.448308487754e-02
2.448286112408e-02
2.448263711193e-02
2.448241296895e-02
2.448218882651e-02
2.448196481961e-02
2.448174108703e-02
2.448151777143e-02
2.448129501950e-02
2.448107298207e-02
2.448085181432e-02
2.448063167585e-02
2.448041273090e-02
2.448019514851e-02
2.447997910268e-02
2.447976477255e-02
2.447955234262e-02
2.447934200294e-02
2.447913394931e-02
2.447892838352e-02
2.447872551360e-02
2.447852555404e-02
2.447832872604e-02
2.447813525782e-02
2.447794538490e-02
2.447775935038e-02
2.447757740525e-02
2.447739980878e-02
2.447722682881e-02
2.447705874215e-02
2.447689583495e-02
2.447673840316e-02
2.447658675288e-02
2.447644120092e-02
2.447630207519e-02
2.447616971524e-02
2.447604447282e-02
2.447592671241e-02
2.447581681186e-02
2.447571516298e-02
2.447562217222e-02
2.447553826139e-02
2.447546386841e-02
2.447539944807e-02
2.447534547292e-02
2.447530243412e-02
2.447527084239e-02
2.447525122900e-02
2.447524414687e-02
2.447525017165e-02
2.447526990293e-02
2.447530396553e-02
2.447535301083e-02
2.447541771820e-02
2.447549879656e-02
2.447559698597e-02
2.447571305940e-02
2.447584782457e-02
2.447600212592e-02
2.447617684672e-02
2.447637291132e-02
2.447659128756e-02
2.447683298934e-02
2.447709907941e-02
2.447739067224e-02
2.447770893728e-02
2.447805510228e-02
2.447843045699e-02
2.447883635700e-02
2.447927422803e-02
2.447974557038e-02
2.448025196385e-02
2.448079507297e-02
2.448137665266e-02
2.448199855437e-02
2.448266273263e-02
2.448337125225e-02
2.448412629602e-02
2.448493017310e-02
2.448578532810e-02
2.448669435094e-02
2.448765998761e-02
2.448868515178e-02
2.448977293756e-02
2.449092663335e-02
2.449214973698e-02
2.449344597224e-02
2.449481930700e-02
2.449627397308e-02
2.449781448804e-02
2.449944567911e-02
2.450117270953e-02
2.450300110767e-02
2.450493679905e-02
2.450698614182e-02
2.450915596603e-02
2.451145361723e-02
2.451388700492e-02
2.451646465642e-02
2.451919577709e-02
2.452209031757e-02
2.452515904908e-02
2.452841364803e-02
2.453186679108e-02
2.453553226247e-02
2.453942507528e-02
2.454356160881e-02
2.454795976474e-02
2.455263914510e-02
2.051155872473e-02
2.050791661983e-02
2.050425606837e-02
2.050058050351e-02
2.049689372798e-02
2.049319995631e-02
2.048950386272e-02
2.048581063527e-02
2.048212603764e-02
2.047845647935e-02
2.047480909616e-02
2.047119184202e-02
2.046761359482e-02
2.430607466203e-02
2.429639814465e-02
2.428660896270e-02
2.427671117596e-02
2.426670989373e-02
2.425661147081e-02
2.424642374233e-02
2.423615630630e-02
2.858037045042e-02
2.857914814522e-02
2.857828789271e-02
2.857783548563e-02
2.857784340206e-02
2.857837201730e-02
2.857949108546e-02
2.858128156422e-02
2.858383787878e-02
2.858727075460e-02
2.859171079335e-02
2.859731303197e-02
2.860426281778e-02
2.446230529189e-02
2.447865268160e-02
2.449732002786e-02
2.451872275358e-02
2.454338204557e-02
2.457196125735e-02
2.460531882275e-02
2.059151917310e-02
2.057247279983e-02
2.055410874290e-02
2.053661942780e-02
2.052025036001e-02
2.050531868080e-02
2.049223998313e-02
2.048156803461e-02
2.413125734700e-02
2.410140154424e-02
2.407564605672e-02
2.405610903227e-02
2.404621116514e-02
2.868705143545e-02
2.877814964832e-02
2.892679398895e-02
2.492917058445e-02
2.481975028557e-02
2.472152362060e-02
2.464299354085e-02
2.460223618872e-02
2.386319007903e-02
2.418676250066e-02
2.030559020157e-02
2.476855854866e-02
2.462223899752e-02
2.579132770346e-02
2.325036708507e-02
2.956656923901e-02
2.474554402707e-02
1.935677018275e-02
SCALARS photosphere_grey_radius_tau_total double 1
LOOKUP_TABLE default
2.263209779328e+14
2.473933028204e+14
2.131221723205e+14
2.264526026238e+14
1.964539096370e+14
1.992037636765e+14
2.339845135265e+14
1.785857278067e+14
2.377619484384e+14
2.197598334294e+14
2.109403320715e+14
2.421887516885e+14
2.072419065159e+14
2.385017862239e+14
2.214076243491e+14
1.820695086380e+14
2.603889112352e+14
1.981178122795e+14
2.118390012976e+14
2.240530283134e+14
1.913941208422e+14
3.003400523830e+14
2.199392736824e+14
1.439860544094e+14
2.475338141715e+14
2.083329639800e+14
2.612024203745e+14
2.069890588160e+14
1.606164991515e+14
2.753644859207e+14
1.896708565066e+14
1.763949181114e+14
2.229967227529e+14
1.540180794650e+14
2.918786959609e+14
1.966909900122e+14
8.187432514846e+13
2.514999815061e+14
1.870881291777e+14
2.149047823613e+14
1.695291153798e+14
7.724439651754e+13
2.954881870821e+14
1.710524807968e+14
2.163894632787e+14
2.279948874477e+14
1.614366655141e+14
2.773904613779e+14
1.826267483004e+14
6.226827130482e+13
2.601075991991e+14
1.756690573939e+14
2.176529447906e+14
1.667829277297e+14
8.850954286953e+13
2.921275295244e+14
1.605574882018e+14
1.028499490096e+14
2.437680204801e+14
1.661037778298e+14
2.529926300152e+14
1.592549900119e+14
6.847736214989e+13
2.494307788680e+14
1.637824454267e+14
2.214941329569e+14
1.802877910191e+14
1.436103731418e+14
2.756124932878e+14
1.636120135588e+14
5.959585591638e+13
2.391461323664e+14
1.651099380557e+14
2.112792771823e+14
1.500374746124e+14
7.997557259569e+13
2.624335445202e+14
1.508472694808e+14
7.946031905439e+13
2.045548722421e+14
1.663219995889e+14
2.241609594406e+14
1.589502947005e+14
5.697426490405e+13
2.171993189218e+14
1.540925473545e+14
1.837101845873e+14
1.606867783838e+14
1.372675359489e+14
2.566120851669e+14
1.456820766045e+14
1.434585071375e+14
1.814088298939e+14
1.645833399581e+14
1.981594953217e+14
1.387511956830e+14
6.933613665369e+13
2.431466336197e+14
1.452254337102e+14
1.737892416596e+14
2.004842093934e+14
1.554119416903e+14
2.348363782286e+14
1.440144488214e+14
1.483651525697e+14
1.850926443604e+14
1.674131280258e+14
1.977677603183e+14
1.326582636848e+14
1.647903738362e+14
2.483481703864e+14
1.362458306155e+14
1.573578596920e+14
1.724515303185e+14
1.628526670729e+14
1.851184970440e+14
6.342936525556e+13
6.067695714533e+13
2.013426104013e+14
1.407223246130e+14
7.720055048878e+13
9.395045083508e+13
1.511843588738e+14
2.335917529739e+14
1.085694205765e+14
1.490172896513e+14
1.731412972832e+14
1.422977332570e+14
2.039224160407e+14
5.400714530218e+13
1.557002812338e+14
2.263989016935e+14
1.436850335013e+14
1.640475965291e+14
1.461915958585e+14
2.083241470566e+14
1.842917081403e+14
5.708810113820e+13
5.099975251952e+13
2.062185511522e+14
1.378417026235e+14
7.604965198959e+13
6.476169388778e+13
1.614147577307e+14
2.428742870656e+14
1.298575776422e+14
1.525442543488e+14
1.650155385740e+14
1.808176448228e+14
1.921766713459e+14
4.881336640173e+13
1.309509676031e+14
2.191436690349e+14
1.257177920650e+14
6.763702436901e+13
8.116512335502e+13
2.208318389983e+14
2.012569030420e+14
5.560080556134e+13
1.607078619375e+14
1.956856661797e+14
1.430448222203e+14
8.418506276014e+13
5.430985770501e+13
1.279083426988e+14
1.955727583196e+14
9.168771930669e+13
1.508023742505e+14
1.428794058995e+14
2.267916757766e+14
1.876567557160e+14
4.949350868604e+13
5.078747945337e+13
1.966456606605e+14
1.222868492141e+14
7.152714712663e+13
6.808499919424e+13
2.533143910757e+14
1.431219105529e+14
5.127856845614e+13
1.474976601569e+14
1.585082070552e+14
2.451347694757e+14
1.684678245808e+14
4.631082022877e+13
1.247658291867e+14
1.509658417795e+14
6.523201529251e+13
1.448457694299e+14
8.829447511487e+13
2.545187362536e+14
1.416896540657e+14
4.315191801544e+13
4.207109885987e+13
1.696111228632e+14
1.483302209931e+14
7.529315241940e+13
5.519654910075e+13
2.759203531429e+14
1.081882201914e+14
5.286875846560e+13
1.576914095485e+14
1.026130789339e+14
2.397365295993e+14
1.182833349320e+14
3.928464216896e+13
1.207855357468e+14
1.508604008582e+14
6.166115949399e+13
6.229162588187e+13
7.036656313448e+13
2.530176345513e+14
1.455396467542e+14
4.287278700327e+13
1.365738572298e+14
1.687057228968e+14
2.251583707063e+14
8.248840735431e+13
4.500352701609e+13
1.932767721017e+14
1.043625766829e+14
5.092893965828e+13
4.911500855685e+13
8.765148018116e+13
2.527601731368e+14
1.594090102245e+14
3.798459264966e+13
4.151772611809e+13
1.175155566380e+14
1.467060586834e+14
6.882015180057e+13
6.341585895388e+13
2.560721618492e+14
1.045096382121e+14
4.408786836032e+13
1.487019990215e+14
1.528806297601e+14
2.284581261107e+14
1.197203210687e+14
3.610672815226e+13
1.285459525891e+14
1.026855429081e+14
5.001228866465e+13
5.142345417373e+13
7.341089802368e+13
2.752778796375e+14
1.399387384064e+14
3.983106051086e+13
3.714820770082e+13
9.986080589301e+13
2.030218321704e+14
7.714185226051e+13
4.605735453200e+13
2.219647165202e+14
1.039246818944e+14
4.135896267626e+13
4.822442013339e+13
8.141608346375e+13
2.463513334361e+14
9.466215791537e+13
3.693622789028e+13
1.297911575176e+14
9.681388415511e+13
1.143009528352e+14
6.089862078739e+13
6.601867971492e+13
2.581429452158e+14
1.130727148021e+14
4.129601040738e+13
1.454481982034e+14
1.564539981525e+14
2.300416502903e+14
1.594091004686e+14
3.910989921011e+13
1.215931342550e+14
1.048407242742e+14
4.908322179459e+13
5.303734481907e+13
7.272375266958e+13
2.640475566849e+14
1.179455707901e+14
3.820866672122e+13
1.125104185487e+14
9.891448625494e+13
1.582763553927e+14
7.030295000288e+13
5.192331242108e+13
2.594427583185e+14
1.309384587425e+14
4.583584485593e+13
4.349329581245e+13
8.359970859768e+13
2.316914936076e+14
9.147741885105e+13
3.906873879999e+13
4.930022265332e+13
1.063954192036e+14
1.086220224210e+14
5.827370585836e+13
6.559329780568e+13
2.607287817050e+14
1.015148807917e+14
4.319422512580e+13
3.728446849745e+13
1.503147865784e+14
1.994355913007e+14
8.564230422598e+13
4.421479580179e+13
1.503802050299e+14
1.337664825206e+14
6.142365089025e+13
5.624461049457e+13
8.210615308431e+13
2.413845367934e+14
1.018268964286e+14
4.016460805871e+13
1.301705399706e+14
1.938445295199e+14
1.203900375860e+14
6.608915602144e+13
5.557469103881e+13
2.275016123239e+14
1.484375532463e+14
5.228824685264e+13
4.094471900623e+13
1.012480113504e+14
2.122849828282e+14
8.919564221434e+13
4.221548142218e+13
1.046880268514e+14
1.540850935749e+14
1.112275188450e+14
6.724764561122e+13
7.575790349901e+13
2.557371652543e+14
9.816651170829e+13
4.858598853333e+13
4.314613976316e+13
1.795636214654e+14
1.300628115550e+14
7.997112450210e+13
4.863544674077e+13
1.473809951671e+14
1.479864184558e+14
6.540734272153e+13
1.182964776840e+14
1.470981486421e+14
2.459167423733e+14
9.357351194094e+13
4.814483528153e+13
5.437252855938e+13
1.960147680092e+14
1.184314976969e+14
1.430177548950e+14
6.726374828934e+13
1.485537470994e+14
2.155644551499e+14
5.738612153396e+13
3.862363587521e+13
1.684682614703e+14
1.685803792305e+14
1.076444007868e+14
4.839412480973e+13
7.613042399379e+13
1.877440284830e+14
1.235605720690e+14
6.318911287066e+13
1.452813938026e+14
1.375125332170e+14
9.427727105168e+13
5.621501989279e+13
5.110871313865e+13
1.968285502613e+14
1.253007521117e+14
1.544857402341e+14
6.363385444917e+13
1.483147703619e+14
2.108057383605e+14
7.736208424643e+13
1.480384679580e+14
1.536997588566e+14
1.719931299795e+14
2.037336535936e+14
1.591730619588e+14
6.765144059259e+13
1.993199619739e+14
1.309681204008e+14
1.531430132385e+14
8.536304014075e+13
1.532845451959e+14
2.579247229702e+14
8.129995046049e+13
4.831968791867e+13
1.764323541831e+14
1.378206878538e+14
1.350722689058e+14
6.094645295210e+13
1.504748019316e+14
2.256062221350e+14
1.397429150549e+14
1.601253322180e+14
1.299924680663e+14
1.639956693687e+14
2.096806282664e+14
1.785122752955e+14
5.942702875022e+13
2.070635930750e+14
1.418577752613e+14
1.502462016216e+14
8.215008449922e+13
1.602580839641e+14
2.359305854639e+14
1.526320170116e+14
1.564381928538e+14
1.702209805325e+14
1.489830431019e+14
1.578274184465e+14
6.759896417982e+13
1.451362075626e+14
2.723989926248e+14
1.576956943942e+14
1.480711194899e+14
1.305075422152e+14
1.460851911871e+14
2.156460962150e+14
1.548955941997e+14
5.537573515521e+13
2.020605495858e+14
1.653859114735e+14
1.891834220360e+14
8.111734422012e+13
1.442867616675e+14
2.479292052931e+14
1.599052392132e+14
1.592039962263e+14
1.718422718400e+14
1.485601848376e+14
1.979806547017e+14
1.725440895507e+14
6.422679919057e+13
2.566494728154e+14
1.688617649514e+14
1.069199679563e+14
1.497116036761e+14
1.349002761309e+14
2.246306235477e+14
1.739765979807e+14
1.521480432620e+14
1.947471581643e+14
1.561285094351e+14
1.771051247796e+14
9.478540664050e+13
7.810822664018e+13
2.702166325577e+14
1.887097484764e+14
1.571407119034e+14
1.824135759177e+14
1.474929932602e+14
2.076189614168e+14
1.734720401370e+14
1.638892479130e+14
2.408445527817e+14
1.619381780544e+14
1.673306506706e+14
1.262480219116e+14
1.430313171483e+14
2.174266105326e+14
1.984189679277e+14
1.510577830638e+14
1.787534270844e+14
1.774549658054e+14
2.059925850252e+14
1.740324568553e+14
6.997075290401e+13
2.653018122921e+14
1.934318049457e+14
1.598109653494e+14
1.914192978800e+14
1.772025600110e+14
2.068799891106e+14
1.950535244009e+14
1.788173665632e+14
2.390483555516e+14
1.979281565434e+14
1.978304796345e+14
1.738122551264e+14
1.668602398043e+14
2.729137243280e+14
1.971572166591e+14
1.768772917963e+14
2.357294333040e+14
1.921577731549e+14
1.984783828084e+14
1.935817655650e+14
1.797006046942e+14
2.500342892847e+14
2.093502709274e+14
1.829910311829e+14
2.024105104057e+14
2.158241107135e+14
2.241732824399e+14
2.038820484748e+14
1.812859382558e+14
2.486697441648e+14
2.038967758550e+14
2.048738292284e+14
1.958667340303e+14
1.941980671712e+14
2.313903387736e+14
2.188604423897e+14
2.031679650137e+14
2.244309623975e+14
SCALARS photosphere_grey_radius_thermalization double 1
LOOKUP_TABLE default
2.263943032798e+14
2.475061639554e+14
2.131499743174e+14
2.264812099768e+14
1.964982128085e+14
1.993136317964e+14
2.340233374929e+14
1.786292716361e+14
2.378612937685e+14
2.198055326359e+14
2.109634300917e+14
2.422470535663e+14
2.076723567083e+14
2.385887822692e+14
2.214647502346e+14
1.820967506173e+14
2.604662312020e+14
1.983053917669e+14
2.118501197190e+14
2.240962677702e+14
1.914316226302e+14
3.004300293585e+14
2.200186865912e+14
1.454997435039e+14
2.475692381043e+14
2.088854846915e+14
2.613076818179e+14
2.071460611019e+14
1.611376833107e+14
2.754013414327e+14
1.897771322004e+14
1.765115887318e+14
2.231530785254e+14
1.547864956152e+14
2.919807566925e+14
1.967490514172e+14
8.238380145870e+13
2.515531294039e+14
1.873928878806e+14
2.149222091068e+14
1.695494490878e+14
7.766518904568e+13
2.955622658667e+14
1.711004725392e+14
2.164350168410e+14
2.283452985840e+14
1.615129541213e+14
2.775922427865e+14
1.826540397134e+14
6.259599422782e+13
2.601586095530e+14
1.760658447488e+14
2.176932082903e+14
1.668177048651e+14
8.863277222732e+13
2.922902646995e+14
1.605787878186e+14
1.187337374422e+14
2.438436328611e+14
1.663727300738e+14
2.532575282771e+14
1.596010083842e+14
6.854793544538e+13
2.495939498258e+14
1.640380975447e+14
2.215398877670e+14
1.802965791016e+14
1.436625767718e+14
2.758230339044e+14
1.636403006069e+14
6.046102093630e+13
2.392296699511e+14
1.653173540295e+14
2.112962500730e+14
1.518300443797e+14
8.002785650715e+13
2.625240398332e+14
1.510223378276e+14
8.455471575180e+13
2.045776359889e+14
1.664144607293e+14
2.242791241671e+14
1.593189961461e+14
5.716878782533e+13
2.172167335144e+14
1.542572524606e+14
1.843259791114e+14
1.607417980302e+14
1.382345253807e+14
2.569829749677e+14
1.457151538004e+14
1.436580238092e+14
1.814223113571e+14
1.648771464837e+14
1.982056858572e+14
1.415101077980e+14
6.934567473425e+13
2.433334686456e+14
1.452871054496e+14
1.742249688816e+14
2.005339835029e+14
1.554382266046e+14
2.350877845491e+14
1.443840636482e+14
1.488977524897e+14
1.851017525161e+14
1.678892686250e+14
1.977930504657e+14
1.350527701939e+14
1.649410769540e+14
2.486518681486e+14
1.363629323814e+14
1.575617160890e+14
1.724696313193e+14
1.642712979092e+14
1.855404583203e+14
6.348824110905e+13
6.108310432037e+13
2.013523014985e+14
1.408711577206e+14
7.733572814739e+13
9.936539186763e+13
1.512052986694e+14
2.337311182115e+14
1.104306404357e+14
1.492714773337e+14
1.732139186394e+14
1.423404753851e+14
2.039479218337e+14
5.515922467153e+13
1.558369937237e+14
2.264229784919e+14
1.438023043888e+14
1.643219930784e+14
1.500958656319e+14
2.095637922297e+14
1.844792413757e+14
5.716719140942e+13
5.103400996391e+13
2.062382081159e+14
1.379141266472e+14
7.735829879742e+13
6.481936857231e+13
1.614357890326e+14
2.431810088161e+14
1.301968571586e+14
1.527992952806e+14
1.650595636731e+14
1.827211506515e+14
1.922359920996e+14
4.933961237502e+13
1.326154442835e+14
2.191742208280e+14
1.259657808022e+14
6.782092894354e+13
8.157376503158e+13
2.234988216668e+14
2.012712245201e+14
5.572201378487e+13
1.615887144804e+14
1.957054135680e+14
1.441162085110e+14
8.682747657812e+13
5.453167507170e+13
1.282496900296e+14
1.955982504046e+14
9.221409859748e+13
1.510023422350e+14
1.444775442471e+14
2.269034096315e+14
1.877146156699e+14
4.966854349483e+13
5.082489715672e+13
1.966804010718e+14
1.244013103417e+14
7.201643909240e+13
6.891395431796e+13
2.534176308156e+14
1.442536985808e+14
5.132610245499e+13
1.480506231906e+14
1.586746429731e+14
2.456843749417e+14
1.688700596336e+14
4.637370003419e+13
1.264426811364e+14
1.521097717623e+14
6.554875351716e+13
1.450487753514e+14
8.863138309555e+13
2.545616861727e+14
1.424393042565e+14
4.315232948414e+13
4.252772531347e+13
1.698455059134e+14
1.485961383341e+14
7.537228287966e+13
5.528331489752e+13
2.762961591997e+14
1.086462519261e+14
5.288802508711e+13
1.582482737962e+14
1.048568531689e+14
2.397927310677e+14
1.261000133963e+14
3.931297882137e+13
1.221420503051e+14
1.528833474236e+14
6.168200882536e+13
6.251805154586e+13
7.042483671298e+13
2.530214876173e+14
1.468979549085e+14
4.289441837570e+13
1.372816366561e+14
1.692493934906e+14
2.260029186479e+14
8.253566418862e+13
4.522498715018e+13
1.960337325856e+14
1.044631160946e+14
5.167370084696e+13
4.960141141067e+13
8.794009179651e+13
2.527608221148e+14
1.595257337595e+14
3.801443546154e+13
4.152141261141e+13
1.195060140650e+14
1.470239604017e+14
6.894733726362e+13
6.348783677549e+13
2.560969410569e+14
1.045694933874e+14
4.418677809399e+13
1.494157785877e+14
1.540803215025e+14
2.284663247908e+14
1.276788738429e+14
3.619322553946e+13
1.299184028016e+14
1.027077115731e+14
5.010262097612e+13
5.202253117819e+13
7.411361289038e+13
2.752779395511e+14
1.414457403530e+14
3.984326328523e+13
3.758747967052e+13
1.004166657832e+14
2.036357700416e+14
7.723515054901e+13
4.612038985558e+13
2.220808339205e+14
1.043873471547e+14
4.172944012361e+13
5.067389739139e+13
8.143182339460e+13
2.463519930648e+14
9.464656716390e+13
3.735980888672e+13
1.313736539159e+14
9.726791885151e+13
1.146423651609e+14
6.123932164792e+13
6.614967712721e+13
2.581432137887e+14
1.140285719374e+14
4.149444102257e+13
1.461663835560e+14
1.573590252777e+14
2.300921129196e+14
1.600724780211e+14
3.911423580966e+13
1.238032088492e+14
1.050681243279e+14
4.921087628375e+13
5.308643063882e+13
7.275242725611e+13
2.640482212122e+14
1.429447401935e+14
3.843448831279e+13
1.134475382585e+14
9.915314649386e+13
1.587747793529e+14
7.032550163453e+13
5.256446985246e+13
2.594528319072e+14
1.466524099846e+14
4.583895671709e+13
4.481737878832e+13
8.362662881626e+13
2.316994032617e+14
9.155848159802e+13
3.907776163442e+13
4.957390620471e+13
1.069316187807e+14
1.094755839834e+14
5.880521695673e+13
6.609077175144e+13
2.607335935067e+14
1.016895309098e+14
4.322976547156e+13
3.730090080993e+13
1.505421374748e+14
1.995086547222e+14
8.599506906129e+13
4.431262818956e+13
1.506112435263e+14
1.394246164166e+14
6.176343440032e+13
5.721110967305e+13
8.228304662876e+13
2.414387413801e+14
1.021005976973e+14
4.016702786279e+13
1.311113490736e+14
1.938585853596e+14
1.209896231985e+14
6.610960602456e+13
5.566010577625e+13
2.275599961064e+14
1.489505348260e+14
5.239743816532e+13
4.097762455145e+13
1.038382817625e+14
2.125067086897e+14
8.932277921667e+13
4.224788201190e+13
1.144837387051e+14
1.541625562859e+14
1.117840217852e+14
7.375407425851e+13
7.577117710660e+13
2.559469251375e+14
9.816341504103e+13
4.878234162365e+13
4.337470250209e+13
1.795949115360e+14
1.309952057854e+14
8.012778333173e+13
4.863694042385e+13
1.474423820372e+14
1.485284176601e+14
6.785050476515e+13
1.208918132047e+14
1.475146326982e+14
2.462837301097e+14
9.408733041065e+13
4.817560901665e+13
5.437428415670e+13
1.960284824202e+14
1.185461801890e+14
1.436425508917e+14
6.813912392036e+13
1.485885960521e+14
2.156060586574e+14
5.766097151787e+13
3.862475903413e+13
1.684875824566e+14
1.704209178979e+14
1.183455792353e+14
4.841472341236e+13
7.835178189705e+13
1.877656817902e+14
1.236523429666e+14
6.333976690783e+13
1.456957340832e+14
1.375585230265e+14
9.442929694717e+13
5.623665567367e+13
5.113225371882e+13
1.968435097910e+14
1.253167930489e+14
1.551156858612e+14
6.372675957058e+13
1.483579107275e+14
2.108389472843e+14
8.184737043403e+13
1.484252844872e+14
1.538429897443e+14
1.738511725299e+14
2.037534974890e+14
1.594468976646e+14
6.796320797648e+13
1.993465670247e+14
1.310598273141e+14
1.536115266714e+14
8.554814279351e+13
1.533024865935e+14
2.580879902906e+14
1.059979464254e+14
4.868189965119e+13
1.764617685604e+14
1.380028202334e+14
1.369279038037e+14
6.097943335576e+13
1.505447410570e+14
2.258136002207e+14
1.398453237724e+14
1.608068453159e+14
1.310424476261e+14
1.642557244217e+14
2.098052815146e+14
1.787862178126e+14
5.998142932158e+13
2.070906415790e+14
1.419928609660e+14
1.507107137492e+14
8.241255976194e+13
1.603010627707e+14
2.360601723752e+14
1.528164327258e+14
1.571282753953e+14
1.703311872478e+14
1.490935544313e+14
1.579744552742e+14
6.767244456521e+13
1.462084608261e+14
2.725380172023e+14
1.594092435139e+14
1.485285336564e+14
1.313551813676e+14
1.461236336566e+14
2.158001788775e+14
1.549210406794e+14
5.543668965935e+13
2.020736188100e+14
1.659914204660e+14
1.892251657648e+14
8.115795759104e+13
1.443681317899e+14
2.480497244651e+14
1.602548552155e+14
1.598800137710e+14
1.718513898926e+14
1.486789307948e+14
1.979892327664e+14
1.727522903387e+14
6.477123848694e+13
2.567614586214e+14
1.694537838148e+14
1.130235855807e+14
1.497542768309e+14
1.358829359003e+14
2.247809215119e+14
1.747476774985e+14
1.526129548937e+14
1.947552416473e+14
1.563777294130e+14
1.771220207485e+14
9.584662786621e+13
7.882830472531e+13
2.703129947594e+14
1.891577735557e+14
1.573725893420e+14
1.824173409005e+14
1.475201234828e+14
2.076398788544e+14
1.735037408959e+14
1.644015256309e+14
2.408899958406e+14
1.621939696063e+14
1.675698432534e+14
1.264182833749e+14
1.444275863104e+14
2.175019694728e+14
1.985967579110e+14
1.513635057296e+14
1.787570497503e+14
1.779953530389e+14
2.060114349179e+14
1.740408866904e+14
6.997360808403e+13
2.653523651015e+14
1.934884838502e+14
1.598240148654e+14
1.914251774266e+14
1.772525174777e+14
2.069199144260e+14
1.952053552947e+14
1.788689926093e+14
2.390816380207e+14
1.980641127374e+14
1.978494403700e+14
1.738152157845e+14
1.669096591440e+14
2.729690912713e+14
1.972157891762e+14
1.769174209619e+14
2.357813049955e+14
1.923672610630e+14
1.985220261118e+14
1.936408881670e+14
1.797544289957e+14
2.500660232778e+14
2.093919525362e+14
1.829975128364e+14
2.024290289290e+14
2.159867267940e+14
2.242411739022e+14
2.039173518773e+14
1.812952624760e+14
2.487092249860e+14
2.039245862722e+14
2.049267526619e+14
1.958821208338e+14
1.942575821487e+14
2.314269592744e+14
2.188987259330e+14
2.031991967339e+14
2.244852900426e+14
SCALARS photosphere_grey_valid_tau_total double 1
LOOKUP_TABLE default
1.000000000000e+00
1.000000000000e+00
1.000000000000e+00
1.000000000000e+00
1.000000000000e+00
1.000000000000e+00
1.000000000000e+00
1.000000000000e+00
1.000000000000e+00
1.000000000000e+00
1.000000000000e+00
1.000000000000e+00
1.000000000000e+00
1.000000000000e+00
1.000000000000e+00
1.000000000000e+00
1.000000000000e+00
1.000000000000e+00
1.000000000000e+00
1.000000000000e+00
1.000000000000e+00
1.000000000000e+00
1.000000000000e+00
1.000000000000e+00
1.000000000000e+00
1.000000000000e+00
1.000000000000e+00
1.000000000000e+00
1.000000000000e+00
1.000000000000e+00
1.000000000000e+00
1.000000000000e+00
1.000000000000e+00
1.000000000000e+00
1.000000000000e+00
1.000000000000e+00
1.000000000000e+00
1.000000000000e+00
1.000000000000e+00
1.000000000000e+00
1.000000000000e+00
1.000000000000e+00
1.000000000000e+00
1.000000000000e+00
1.000000000000e+00
1.000000000000e+00
1.000000000000e+00
1.000000000000e+00
1.000000000000e+00
1.000000000000e+00
1.000000000000e+00
1.000000000000e+00
1.000000000000e+00
1.000000000000e+00
1.000000000000e+00
1.000000000000e+00
1.000000000000e+00
1.000000000000e+00
1.000000000000e+00
1.000000000000e+00
1.000000000000e+00
1.000000000000e+00
1.000000000000e+00
1.000000000000e+00
1.000000000000e+00
1.000000000000e+00
1.000000000000e+00
1.000000000000e+00
1.000000000000e+00
1.000000000000e+00
1.000000000000e+00
1.000000000000e+00
1.000000000000e+00
1.000000000000e+00
1.000000000000e+00
1.000000000000e+00
1.000000000000e+00
1.000000000000e+00
1.000000000000e+00
1.000000000000e+00
1.000000000000e+00
1.000000000000e+00
1.000000000000e+00
1.000000000000e+00
1.000000000000e+00
1.000000000000e+00
1.000000000000e+00
1.000000000000e+00
1.000000000000e+00
1.000000000000e+00
1.000000000000e+00
1.000000000000e+00
1.000000000000e+00
1.000000000000e+00
1.000000000000e+00
1.000000000000e+00
1.000000000000e+00
1.000000000000e+00
1.000000000000e+00
1.000000000000e+00
1.000000000000e+00
1.000000000000e+00
1.000000000000e+00
1.000000000000e+00
1.000000000000e+00
1.000000000000e+00
1.000000000000e+00
1.000000000000e+00
1.000000000000e+00
1.000000000000e+00
1.000000000000e+00
1.000000000000e+00
1.000000000000e+00
1.000000000000e+00
1.000000000000e+00
1.000000000000e+00
1.000000000000e+00
1.000000000000e+00
1.000000000000e+00
1.000000000000e+00
1.000000000000e+00
1.000000000000e+00
1.000000000000e+00
1.000000000000e+00
1.000000000000e+00
1.000000000000e+00
1.000000000000e+00
1.000000000000e+00
1.000000000000e+00
1.000000000000e+00
1.000000000000e+00
1.000000000000e+00
1.000000000000e+00
1.000000000000e+00
1.000000000000e+00
1.000000000000e+00
1.000000000000e+00
1.000000000000e+00
1.000000000000e+00
1.000000000000e+00
1.000000000000e+00
1.000000000000e+00
1.000000000000e+00
1.000000000000e+00
1.000000000000e+00
1.000000000000e+00
1.000000000000e+00
1.000000000000e+00
1.000000000000e+00
1.000000000000e+00
1.000000000000e+00
1.000000000000e+00
1.000000000000e+00
1.000000000000e+00
1.000000000000e+00
1.000000000000e+00
1.000000000000e+00
1.000000000000e+00
1.000000000000e+00
1.000000000000e+00
1.000000000000e+00
1.000000000000e+00
1.000000000000e+00
1.000000000000e+00
1.000000000000e+00
1.000000000000e+00
1.000000000000e+00
1.000000000000e+00
1.000000000000e+00
1.000000000000e+00
1.000000000000e+00
1.000000000000e+00
1.000000000000e+00
1.000000000000e+00
1.000000000000e+00
1.000000000000e+00
1.000000000000e+00
1.000000000000e+00
1.000000000000e+00
1.000000000000e+00
1.000000000000e+00
1.000000000000e+00
1.000000000000e+00
1.000000000000e+00
1.000000000000e+00
1.000000000000e+00
1.000000000000e+00
1.000000000000e+00
1.000000000000e+00
1.000000000000e+00
1.000000000000e+00
1.000000000000e+00
1.000000000000e+00
1.000000000000e+00
1.000000000000e+00
1.000000000000e+00
1.000000000000e+00
1.000000000000e+00
1.000000000000e+00
1.000000000000e+00
1.000000000000e+00
1.000000000000e+00
1.000000000000e+00
1.000000000000e+00
1.000000000000e+00
1.000000000000e+00
1.000000000000e+00
1.000000000000e+00
1.000000000000e+00
1.000000000000e+00
1.000000000000e+00
1.000000000000e+00
1.000000000000e+00
1.000000000000e+00
1.000000000000e+00
1.000000000000e+00
1.000000000000e+00
1.000000000000e+00
1.000000000000e+00
1.000000000000e+00
1.000000000000e+00
1.000000000000e+00
1.000000000000e+00
1.000000000000e+00
1.000000000000e+00
1.000000000000e+00
1.000000000000e+00
1.000000000000e+00
1.000000000000e+00
1.000000000000e+00
1.000000000000e+00
1.000000000000e+00
1.000000000000e+00
1.000000000000e+00
1.000000000000e+00
1.000000000000e+00
1.000000000000e+00
1.000000000000e+00
1.000000000000e+00
1.000000000000e+00
1.000000000000e+00
1.000000000000e+00
1.000000000000e+00
1.000000000000e+00
1.000000000000e+00
1.000000000000e+00
1.000000000000e+00
1.000000000000e+00
1.000000000000e+00
1.000000000000e+00
1.000000000000e+00
1.000000000000e+00
1.000000000000e+00
1.000000000000e+00
1.000000000000e+00
1.000000000000e+00
1.000000000000e+00
1.000000000000e+00
1.000000000000e+00
1.000000000000e+00
1.000000000000e+00
1.000000000000e+00
1.000000000000e+00
1.000000000000e+00
1.000000000000e+00
1.000000000000e+00
1.000000000000e+00
1.000000000000e+00
1.000000000000e+00
1.000000000000e+00
1.000000000000e+00
1.000000000000e+00
1.000000000000e+00
1.000000000000e+00
1.000000000000e+00
1.000000000000e+00
1.000000000000e+00
1.000000000000e+00
1.000000000000e+00
1.000000000000e+00
1.000000000000e+00
1.000000000000e+00
1.000000000000e+00
1.000000000000e+00
1.000000000000e+00
1.000000000000e+00
1.000000000000e+00
1.000000000000e+00
1.000000000000e+00
1.000000000000e+00
1.000000000000e+00
1.000000000000e+00
1.000000000000e+00
1.000000000000e+00
1.000000000000e+00
1.000000000000e+00
1.000000000000e+00
1.000000000000e+00
1.000000000000e+00
1.000000000000e+00
1.000000000000e+00
1.000000000000e+00
1.000000000000e+00
1.000000000000e+00
1.000000000000e+00
1.000000000000e+00
1.000000000000e+00
1.000000000000e+00
1.000000000000e+00
1.000000000000e+00
1.000000000000e+00
1.000000000000e+00
1.000000000000e+00
1.000000000000e+00
1.000000000000e+00
1.000000000000e+00
1.000000000000e+00
1.000000000000e+00
1.000000000000e+00
1.000000000000e+00
1.000000000000e+00
1.000000000000e+00
1.000000000000e+00
1.000000000000e+00
1.000000000000e+00
1.000000000000e+00
1.000000000000e+00
1.000000000000e+00
1.000000000000e+00
1.000000000000e+00
1.000000000000e+00
1.000000000000e+00
1.000000000000e+00
1.000000000000e+00
1.000000000000e+00
1.000000000000e+00
1.000000000000e+00
1.000000000000e+00
1.000000000000e+00
1.000000000000e+00
1.000000000000e+00
1.000000000000e+00
1.000000000000e+00
1.000000000000e+00
1.000000000000e+00
1.000000000000e+00
1.000000000000e+00
1.000000000000e+00
1.000000000000e+00
1.000000000000e+00
1.000000000000e+00
1.000000000000e+00
1.000000000000e+00
1.000000000000e+00
1.000000000000e+00
1.000000000000e+00
1.000000000000e+00
1.000000000000e+00
1.000000000000e+00
1.000000000000e+00
1.000000000000e+00
1.000000000000e+00
1.000000000000e+00
1.000000000000e+00
1.000000000000e+00
1.000000000000e+00
1.000000000000e+00
1.000000000000e+00
1.000000000000e+00
1.000000000000e+00
1.000000000000e+00
1.000000000000e+00
1.000000000000e+00
1.000000000000e+00
1.000000000000e+00
1.000000000000e+00
1.000000000000e+00
1.000000000000e+00
1.000000000000e+00
1.000000000000e+00
1.000000000000e+00
1.000000000000e+00
1.000000000000e+00
1.000000000000e+00
1.000000000000e+00
1.000000000000e+00
1.000000000000e+00
1.000000000000e+00
1.000000000000e+00
1.000000000000e+00
1.000000000000e+00
1.000000000000e+00
1.000000000000e+00
1.000000000000e+00
1.000000000000e+00
1.000000000000e+00
1.000000000000e+00
1.000000000000e+00
1.000000000000e+00
1.000000000000e+00
1.000000000000e+00
1.000000000000e+00
1.000000000000e+00
1.000000000000e+00
1.000000000000e+00
1.000000000000e+00
1.000000000000e+00
1.000000000000e+00
1.000000000000e+00
1.000000000000e+00
1.000000000000e+00
1.000000000000e+00
1.000000000000e+00
1.000000000000e+00
1.000000000000e+00
1.000000000000e+00
1.000000000000e+00
1.000000000000e+00
1.000000000000e+00
1.000000000000e+00
1.000000000000e+00
1.000000000000e+00
1.000000000000e+00
1.000000000000e+00
1.000000000000e+00
1.000000000000e+00
1.000000000000e+00
1.000000000000e+00
1.000000000000e+00
1.000000000000e+00
1.000000000000e+00
1.000000000000e+00
1.000000000000e+00
1.000000000000e+00
1.000000000000e+00
1.000000000000e+00
1.000000000000e+00
1.000000000000e+00
1.000000000000e+00
1.000000000000e+00
1.000000000000e+00
1.000000000000e+00
1.000000000000e+00
1.000000000000e+00
1.000000000000e+00
1.000000000000e+00
1.000000000000e+00
1.000000000000e+00
1.000000000000e+00
1.000000000000e+00
1.000000000000e+00
1.000000000000e+00
1.000000000000e+00
1.000000000000e+00
1.000000000000e+00
1.000000000000e+00
1.000000000000e+00
1.000000000000e+00
1.000000000000e+00
1.000000000000e+00
1.000000000000e+00
1.000000000000e+00
1.000000000000e+00
1.000000000000e+00
1.000000000000e+00
1.000000000000e+00
1.000000000000e+00
1.000000000000e+00
1.000000000000e+00
1.000000000000e+00
1.000000000000e+00
1.000000000000e+00
1.000000000000e+00
1.000000000000e+00
1.000000000000e+00
1.000000000000e+00
1.000000000000e+00
1.000000000000e+00
1.000000000000e+00
1.000000000000e+00
1.000000000000e+00
1.000000000000e+00
1.000000000000e+00
1.000000000000e+00
1.000000000000e+00
1.000000000000e+00
1.000000000000e+00
1.000000000000e+00
1.000000000000e+00
1.000000000000e+00
1.000000000000e+00
1.000000000000e+00
1.000000000000e+00
1.000000000000e+00
1.000000000000e+00
1.000000000000e+00
1.000000000000e+00
1.000000000000e+00
1.000000000000e+00
1.000000000000e+00
1.000000000000e+00
1.000000000000e+00
1.000000000000e+00
1.000000000000e+00
1.000000000000e+00
1.000000000000e+00
1.000000000000e+00
1.000000000000e+00
1.000000000000e+00
1.000000000000e+00
1.000000000000e+00
1.000000000000e+00
SCALARS photosphere_grey_valid_thermalization double 1
LOOKUP_TABLE default
1.000000000000e+00
1.000000000000e+00
1.000000000000e+00
1.000000000000e+00
1.000000000000e+00
1.000000000000e+00
1.000000000000e+00
1.000000000000e+00
1.000000000000e+00
1.000000000000e+00
1.000000000000e+00
1.000000000000e+00
1.000000000000e+00
1.000000000000e+00
1.000000000000e+00
1.000000000000e+00
1.000000000000e+00
1.000000000000e+00
1.000000000000e+00
1.000000000000e+00
1.000000000000e+00
1.000000000000e+00
1.000000000000e+00
1.000000000000e+00
1.000000000000e+00
1.000000000000e+00
1.000000000000e+00
1.000000000000e+00
1.000000000000e+00
1.000000000000e+00
1.000000000000e+00
1.000000000000e+00
1.000000000000e+00
1.000000000000e+00
1.000000000000e+00
1.000000000000e+00
1.000000000000e+00
1.000000000000e+00
1.000000000000e+00
1.000000000000e+00
1.000000000000e+00
1.000000000000e+00
1.000000000000e+00
1.000000000000e+00
1.000000000000e+00
1.000000000000e+00
1.000000000000e+00
1.000000000000e+00
1.000000000000e+00
1.000000000000e+00
1.000000000000e+00
1.000000000000e+00
1.000000000000e+00
1.000000000000e+00
1.000000000000e+00
1.000000000000e+00
1.000000000000e+00
1.000000000000e+00
1.000000000000e+00
1.000000000000e+00
1.000000000000e+00
1.000000000000e+00
1.000000000000e+00
1.000000000000e+00
1.000000000000e+00
1.000000000000e+00
1.000000000000e+00
1.000000000000e+00
1.000000000000e+00
1.000000000000e+00
1.000000000000e+00
1.000000000000e+00
1.000000000000e+00
1.000000000000e+00
1.000000000000e+00
1.000000000000e+00
1.000000000000e+00
1.000000000000e+00
1.000000000000e+00
1.000000000000e+00
1.000000000000e+00
1.000000000000e+00
1.000000000000e+00
1.000000000000e+00
1.000000000000e+00
1.000000000000e+00
1.000000000000e+00
1.000000000000e+00
1.000000000000e+00
1.000000000000e+00
1.000000000000e+00
1.000000000000e+00
1.000000000000e+00
1.000000000000e+00
1.000000000000e+00
1.000000000000e+00
1.000000000000e+00
1.000000000000e+00
1.000000000000e+00
1.000000000000e+00
1.000000000000e+00
1.000000000000e+00
1.000000000000e+00
1.000000000000e+00
1.000000000000e+00
1.000000000000e+00
1.000000000000e+00
1.000000000000e+00
1.000000000000e+00
1.000000000000e+00
1.000000000000e+00
1.000000000000e+00
1.000000000000e+00
1.000000000000e+00
1.000000000000e+00
1.000000000000e+00
1.000000000000e+00
1.000000000000e+00
1.000000000000e+00
1.000000000000e+00
1.000000000000e+00
1.000000000000e+00
1.000000000000e+00
1.000000000000e+00
1.000000000000e+00
1.000000000000e+00
1.000000000000e+00
1.000000000000e+00
1.000000000000e+00
1.000000000000e+00
1.000000000000e+00
1.000000000000e+00
1.000000000000e+00
1.000000000000e+00
1.000000000000e+00
1.000000000000e+00
1.000000000000e+00
1.000000000000e+00
1.000000000000e+00
1.000000000000e+00
1.000000000000e+00
1.000000000000e+00
1.000000000000e+00
1.000000000000e+00
1.000000000000e+00
1.000000000000e+00
1.000000000000e+00
1.000000000000e+00
1.000000000000e+00
1.000000000000e+00
1.000000000000e+00
1.000000000000e+00
1.000000000000e+00
1.000000000000e+00
1.000000000000e+00
1.000000000000e+00
1.000000000000e+00
1.000000000000e+00
1.000000000000e+00
1.000000000000e+00
1.000000000000e+00
1.000000000000e+00
1.000000000000e+00
1.000000000000e+00
1.000000000000e+00
1.000000000000e+00
1.000000000000e+00
1.000000000000e+00
1.000000000000e+00
1.000000000000e+00
1.000000000000e+00
1.000000000000e+00
1.000000000000e+00
1.000000000000e+00
1.000000000000e+00
1.000000000000e+00
1.000000000000e+00
1.000000000000e+00
1.000000000000e+00
1.000000000000e+00
1.000000000000e+00
1.000000000000e+00
1.000000000000e+00
1.000000000000e+00
1.000000000000e+00
1.000000000000e+00
1.000000000000e+00
1.000000000000e+00
1.000000000000e+00
1.000000000000e+00
1.000000000000e+00
1.000000000000e+00
1.000000000000e+00
1.000000000000e+00
1.000000000000e+00
1.000000000000e+00
1.000000000000e+00
1.000000000000e+00
1.000000000000e+00
1.000000000000e+00
1.000000000000e+00
1.000000000000e+00
1.000000000000e+00
1.000000000000e+00
1.000000000000e+00
1.000000000000e+00
1.000000000000e+00
1.000000000000e+00
1.000000000000e+00
1.000000000000e+00
1.000000000000e+00
1.000000000000e+00
1.000000000000e+00
1.000000000000e+00
1.000000000000e+00
1.000000000000e+00
1.000000000000e+00
1.000000000000e+00
1.000000000000e+00
1.000000000000e+00
1.000000000000e+00
1.000000000000e+00
1.000000000000e+00
1.000000000000e+00
1.000000000000e+00
1.000000000000e+00
1.000000000000e+00
1.000000000000e+00
1.000000000000e+00
1.000000000000e+00
1.000000000000e+00
1.000000000000e+00
1.000000000000e+00
1.000000000000e+00
1.000000000000e+00
1.000000000000e+00
1.000000000000e+00
1.000000000000e+00
1.000000000000e+00
1.000000000000e+00
1.000000000000e+00
1.000000000000e+00
1.000000000000e+00
1.000000000000e+00
1.000000000000e+00
1.000000000000e+00
1.000000000000e+00
1.000000000000e+00
1.000000000000e+00
1.000000000000e+00
1.000000000000e+00
1.000000000000e+00
1.000000000000e+00
1.000000000000e+00
1.000000000000e+00
1.000000000000e+00
1.000000000000e+00
1.000000000000e+00
1.000000000000e+00
1.000000000000e+00
1.000000000000e+00
1.000000000000e+00
1.000000000000e+00
1.000000000000e+00
1.000000000000e+00
1.000000000000e+00
1.000000000000e+00
1.000000000000e+00
1.000000000000e+00
1.000000000000e+00
1.000000000000e+00
1.000000000000e+00
1.000000000000e+00
1.000000000000e+00
1.000000000000e+00
1.000000000000e+00
1.000000000000e+00
1.000000000000e+00
1.000000000000e+00
1.000000000000e+00
1.000000000000e+00
1.000000000000e+00
1.000000000000e+00
1.000000000000e+00
1.000000000000e+00
1.000000000000e+00
1.000000000000e+00
1.000000000000e+00
1.000000000000e+00
1.000000000000e+00
1.000000000000e+00
1.000000000000e+00
1.000000000000e+00
1.000000000000e+00
1.000000000000e+00
1.000000000000e+00
1.000000000000e+00
1.000000000000e+00
1.000000000000e+00
1.000000000000e+00
1.000000000000e+00
1.000000000000e+00
1.000000000000e+00
1.000000000000e+00
1.000000000000e+00
1.000000000000e+00
1.000000000000e+00
1.000000000000e+00
1.000000000000e+00
1.000000000000e+00
1.000000000000e+00
1.000000000000e+00
1.000000000000e+00
1.000000000000e+00
1.000000000000e+00
1.000000000000e+00
1.000000000000e+00
1.000000000000e+00
1.000000000000e+00
1.000000000000e+00
1.000000000000e+00
1.000000000000e+00
1.000000000000e+00
1.000000000000e+00
1.000000000000e+00
1.000000000000e+00
1.000000000000e+00
1.000000000000e+00
1.000000000000e+00
1.000000000000e+00
1.000000000000e+00
1.000000000000e+00
1.000000000000e+00
1.000000000000e+00
1.000000000000e+00
1.000000000000e+00
1.000000000000e+00
1.000000000000e+00
1.000000000000e+00
1.000000000000e+00
1.000000000000e+00
1.000000000000e+00
1.000000000000e+00
1.000000000000e+00
1.000000000000e+00
1.000000000000e+00
1.000000000000e+00
1.000000000000e+00
1.000000000000e+00
1.000000000000e+00
1.000000000000e+00
1.000000000000e+00
1.000000000000e+00
1.000000000000e+00
1.000000000000e+00
1.000000000000e+00
1.000000000000e+00
1.000000000000e+00
1.000000000000e+00
1.000000000000e+00
1.000000000000e+00
1.000000000000e+00
1.000000000000e+00
1.000000000000e+00
1.000000000000e+00
1.000000000000e+00
1.000000000000e+00
1.000000000000e+00
1.000000000000e+00
1.000000000000e+00
1.000000000000e+00
1.000000000000e+00
1.000000000000e+00
1.000000000000e+00
1.000000000000e+00
1.000000000000e+00
1.000000000000e+00
1.000000000000e+00
1.000000000000e+00
1.000000000000e+00
1.000000000000e+00
1.000000000000e+00
1.000000000000e+00
1.000000000000e+00
1.000000000000e+00
1.000000000000e+00
1.000000000000e+00
1.000000000000e+00
1.000000000000e+00
1.000000000000e+00
1.000000000000e+00
1.000000000000e+00
1.000000000000e+00
1.000000000000e+00
1.000000000000e+00
1.000000000000e+00
1.000000000000e+00
1.000000000000e+00
1.000000000000e+00
1.000000000000e+00
1.000000000000e+00
1.000000000000e+00
1.000000000000e+00
1.000000000000e+00
1.000000000000e+00
1.000000000000e+00
1.000000000000e+00
1.000000000000e+00
1.000000000000e+00
1.000000000000e+00
1.000000000000e+00
1.000000000000e+00
1.000000000000e+00
1.000000000000e+00
1.000000000000e+00
1.000000000000e+00
1.000000000000e+00
1.000000000000e+00
1.000000000000e+00
1.000000000000e+00
1.000000000000e+00
1.000000000000e+00
1.000000000000e+00
1.000000000000e+00
1.000000000000e+00
1.000000000000e+00
1.000000000000e+00
1.000000000000e+00
1.000000000000e+00
1.000000000000e+00
1.000000000000e+00
1.000000000000e+00
1.000000000000e+00
1.000000000000e+00
1.000000000000e+00
1.000000000000e+00
1.000000000000e+00
1.000000000000e+00
1.000000000000e+00
1.000000000000e+00
1.000000000000e+00
1.000000000000e+00
1.000000000000e+00
1.000000000000e+00
1.000000000000e+00
1.000000000000e+00
1.000000000000e+00
1.000000000000e+00
1.000000000000e+00
1.000000000000e+00
1.000000000000e+00
1.000000000000e+00
1.000000000000e+00
1.000000000000e+00
1.000000000000e+00
1.000000000000e+00
1.000000000000e+00
1.000000000000e+00
1.000000000000e+00
1.000000000000e+00
1.000000000000e+00
1.000000000000e+00
1.000000000000e+00
1.000000000000e+00
1.000000000000e+00
1.000000000000e+00
1.000000000000e+00
1.000000000000e+00
1.000000000000e+00
1.000000000000e+00
1.000000000000e+00
1.000000000000e+00
1.000000000000e+00
1.000000000000e+00
1.000000000000e+00
1.000000000000e+00
1.000000000000e+00
1.000000000000e+00
1.000000000000e+00
1.000000000000e+00
1.000000000000e+00
1.000000000000e+00
1.000000000000e+00
1.000000000000e+00
1.000000000000e+00
1.000000000000e+00
1.000000000000e+00
1.000000000000e+00
1.000000000000e+00
1.000000000000e+00
1.000000000000e+00
1.000000000000e+00
1.000000000000e+00
1.000000000000e+00
1.000000000000e+00
1.000000000000e+00
1.000000000000e+00
1.000000000000e+00
1.000000000000e+00
1.000000000000e+00
1.000000000000e+00
1.000000000000e+00
1.000000000000e+00
1.000000000000e+00
1.000000000000e+00
1.000000000000e+00
1.000000000000e+00
1.000000000000e+00
1.000000000000e+00
1.000000000000e+00
1.000000000000e+00
1.000000000000e+00
SCALARS luminosity_stderr_gen double 1
LOOKUP_TABLE default
5.913139807657e+36
5.102655585493e+36
5.565537471054e+36
4.834437459891e+36
7.558059236491e+36
5.375441440241e+36
6.572251600742e+36
4.723416523591e+36
6.028782884816e+36
6.971505110631e+36
5.780693626358e+36
4.372745074933e+36
6.163173982873e+36
5.291807960042e+36
4.805648276353e+36
6.069522691836e+36
6.684676165254e+36
8.207774620699e+36
6.665255259087e+36
6.363191079140e+36
7.003701506468e+36
6.593245417716e+36
4.813952910713e+36
7.025679017053e+36
9.802987036897e+36
6.545408048036e+36
6.359559696480e+36
5.155457933782e+36
7.877448217506e+36
6.383865333015e+36
6.558043733447e+36
7.806746876534e+36
7.038107453763e+36
6.707220910965e+36
5.269517678042e+36
6.414063625280e+36
1.060406522205e+37
6.842830214496e+36
1.729194011185e+37
7.611019136408e+36
5.087022074711e+36
9.619350232879e+36
7.835527925382e+36
8.314485813455e+36
7.990774812440e+36
7.141255207672e+36
7.241705097971e+36
9.068202435352e+36
9.223923358688e+36
8.277239115109e+36
7.234822197472e+36
1.093875472751e+37
9.304666929859e+36
6.874435274422e+36
8.066462648283e+36
1.043506925309e+37
5.155820597901e+36
1.138050841771e+37
8.310681388639e+36
1.053751410019e+37
9.644416636128e+36
1.154090537532e+37
8.337394132383e+36
8.609380647326e+36
8.765356987347e+36
1.417783651368e+37
8.049529335929e+36
1.016723142354e+37
8.323519783690e+36
9.685394048070e+36
1.262227031474e+37
8.709573244966e+36
8.560626235513e+36
1.052397187407e+37
7.624038356137e+36
1.453316945680e+37
8.145945642634e+36
6.839520433797e+36
9.529784077532e+36
1.074604840780e+37
8.588418511667e+36
1.040922676192e+37
8.887773116076e+36
1.221669726682e+37
8.259567063498e+36
1.022474838632e+37
1.280135604171e+37
1.046794293258e+37
1.212621776002e+37
1.391474392970e+37
1.163797956641e+37
1.163324967052e+37
1.045210093294e+37
7.269600351741e+36
1.482636918664e+37
1.037492282496e+37
1.095158658930e+37
1.094006046459e+37
8.802208631431e+36
1.339715247687e+37
1.079687365157e+37
9.679254710024e+36
1.229002234541e+37
8.546662153386e+36
1.414821649472e+37
1.122253316026e+37
6.692333309984e+36
1.533634652074e+37
8.226285549061e+36
1.454627805298e+37
1.052117301205e+37
1.294564626183e+37
1.258325404470e+37
1.029797443390e+37
7.919285806617e+36
1.343651475955e+37
1.182617846657e+37
9.425033830545e+36
9.000093199608e+36
5.485561936356e+36
1.141910949697e+37
7.149359851055e+36
1.024080029269e+37
7.346051906721e+36
1.192060306950e+37
1.114406595563e+37
1.095507846907e+37
5.644140342494e+36
1.150464888701e+37
7.733184760365e+36
1.067124946257e+37
7.030285465198e+36
1.012390152152e+37
1.398102576324e+37
1.004121844377e+37
8.599828029775e+36
8.724120419129e+36
8.416044220153e+36
9.380524997454e+36
8.601281681648e+36
6.284101960298e+36
1.464512513955e+37
5.296584188387e+36
1.349794780006e+37
9.735218860641e+36
1.025911814768e+37
1.348848279953e+37
9.979514833997e+36
6.827046758939e+36
1.038316465178e+37
7.912549511459e+36
1.376596319256e+37
1.129466485087e+37
7.516851573176e+36
9.570010451776e+36
7.886660331273e+36
8.833762381905e+36
9.223278200027e+36
9.358773488874e+36
6.990144016023e+36
8.197099313851e+36
5.229307617922e+36
1.134917498144e+37
8.269041545344e+36
1.219093743755e+37
6.864316867081e+36
7.602514985060e+36
1.770412087941e+37
8.729629302467e+36
5.328502367259e+36
9.733571564121e+36
9.052057984411e+36
1.003578330106e+37
8.796785965774e+36
6.939812093654e+36
1.616338793359e+37
5.951211409711e+36
9.579345320388e+36
7.441706477016e+36
1.166668076654e+37
1.044368296928e+37
1.449688459253e+37
6.502931004539e+36
9.660684717043e+36
7.649021548056e+36
1.041336138184e+37
7.247787302045e+36
6.802737465763e+36
1.028068902622e+37
1.088414928203e+37
7.084768892862e+36
9.230111393426e+36
8.190611728904e+36
7.586666204613e+36
9.393127576720e+36
8.732451820589e+36
1.371545378392e+37
8.515352825025e+36
9.653742947983e+36
1.554039875251e+37
8.462082084033e+36
9.681504386879e+36
1.161839838104e+37
5.177059266661e+36
9.354087726432e+36
6.165997260269e+36
8.157206482173e+36
7.626970822501e+36
5.740759600099e+36
9.927478782875e+36
1.101750748088e+37
9.285859854011e+36
8.983371804258e+36
1.167430350375e+37
9.154701217648e+36
9.247864289025e+36
4.189785321478e+36
1.418011776071e+37
6.958598198759e+36
8.265384866889e+36
4.764348776587e+36
7.075502951166e+36
9.182340165620e+36
7.465201547791e+36
5.136739297691e+36
8.002787538219e+36
6.848525340656e+36
1.538154815672e+37
6.334270082781e+36
3.671776033966e+36
1.033804650305e+37
8.620587995263e+36
1.109392457947e+37
8.308785256163e+36
1.451033695212e+37
1.345512403600e+37
7.820657441842e+36
5.709790875242e+36
1.394841449639e+37
7.158543719735e+36
8.748470158003e+36
8.614425691568e+36
9.032407410856e+36
1.032493987387e+37
6.173835954705e+36
4.984989473724e+36
7.008222031273e+36
9.824324783394e+36
7.693379846736e+36
1.246134894690e+37
6.796523465342e+36
1.808794527049e+37
8.546006358359e+36
1.045437469357e+37
9.745331898325e+36
7.894049377624e+36
8.213725836590e+36
7.410138382324e+36
4.774703334667e+36
1.159023483234e+37
5.907918419258e+36
9.059065619261e+36
7.283238244642e+36
7.483028211126e+36
1.236397037372e+37
7.242652764976e+36
8.158963499308e+36
6.410413111913e+36
1.179984099846e+37
9.000497564857e+36
9.062724109107e+36
5.378515306016e+36
1.398682812182e+37
6.693037881835e+36
9.392051915335e+36
6.338928296296e+36
7.009057464929e+36
8.257656602087e+36
6.920972797897e+36
5.369390148148e+36
7.962694452976e+36
6.566231271916e+36
9.840681337243e+36
8.200889801343e+36
4.878045589532e+36
1.031203846820e+37
7.449471842125e+36
1.097190156717e+37
6.733127458229e+36
1.041027804935e+37
6.783553588094e+36
9.121091296730e+36
3.828579547080e+36
7.619889136035e+36
1.376274066994e+37
7.592068992077e+36
7.655498908256e+36
7.043810465967e+36
1.148581428712e+37
8.599598922864e+36
8.517896310806e+36
7.472809732123e+36
9.086267973375e+36
7.063713971418e+36
8.049131415165e+36
4.122745522304e+36
1.631746837260e+37
7.221005422210e+36
1.067187789120e+37
7.305707957026e+36
7.787538703328e+36
9.908647549856e+36
7.407148146399e+36
5.348143350346e+36
7.193057635597e+36
1.003137094716e+37
8.418760290628e+36
1.062811114289e+37
4.858634500986e+36
9.354961783278e+36
1.000955437589e+37
9.095301177310e+36
1.078322587998e+37
1.123938756212e+37
1.041755026897e+37
6.961513175209e+36
5.754769617755e+36
1.224029994271e+37
5.348277216967e+36
1.006462888879e+37
6.622312368745e+36
6.710569149641e+36
8.259065070085e+36
9.608627678470e+36
6.172744312490e+36
1.180779402740e+37
9.827195459029e+36
1.061572566892e+37
7.306161273782e+36
6.135441681269e+36
1.464741613597e+37
9.102358043648e+36
1.203696125294e+37
9.114502796289e+36
9.571557282064e+36
1.042868641753e+37
1.112387254235e+37
4.248803088457e+36
9.999364894067e+36
8.833406738597e+36
1.025705984979e+37
1.004855092686e+37
5.822080287038e+36
8.580941328993e+36
6.302041865796e+36
8.416242755843e+36
1.002147315861e+37
9.836016721654e+36
9.636054365407e+36
1.142449115788e+37
5.085825168377e+36
9.796978969209e+36
8.916699966247e+36
8.380308894145e+36
9.294503614865e+36
8.808555113970e+36
9.625204569953e+36
9.553205170250e+36
6.493809570233e+36
8.293423061728e+36
1.036787818821e+37
1.296785941851e+37
9.904109946126e+36
6.369051604545e+36
1.295591393075e+37
8.958154857982e+36
1.311701028406e+37
6.590120366102e+36
1.075318162804e+37
9.045457619175e+36
7.833896887226e+36
7.524681605725e+36
1.039787705006e+37
1.029446652803e+37
9.536486687036e+36
8.182691860869e+36
6.632562329367e+36
1.459368464210e+37
9.337808284359e+36
1.058593102659e+37
9.090241031297e+36
1.148255223096e+37
1.171372548737e+37
1.252740803004e+37
7.002182477793e+36
1.691020762819e+37
8.025568324601e+36
1.213761326802e+37
8.822488019102e+36
7.274321823303e+36
9.559965439254e+36
8.046731329994e+36
1.055367991014e+37
1.030061942045e+37
1.059198793284e+37
1.062002555345e+37
9.259535605481e+36
8.461754758922e+36
1.415839124254e+37
8.800416078715e+36
1.501477234395e+37
8.803224337425e+36
1.073245092817e+37
1.016209502055e+37
9.516630084782e+36
6.335773010451e+36
1.443988170882e+37
8.379693861171e+36
9.507623697595e+36
1.014428171693e+37
9.322243571468e+36
1.233561558979e+37
1.074140959674e+37
1.859506945662e+37
1.032072257982e+37
1.081261426569e+37
1.276824237846e+37
1.073584476253e+37
6.953410994823e+36
1.298575935289e+37
1.228208730481e+37
9.881145493932e+36
1.318911838654e+37
9.875772418656e+36
1.285575338154e+37
1.087762303060e+37
1.018997382156e+37
1.351518029160e+37
8.980779633037e+36
8.448410070091e+36
9.787506253199e+36
9.513306774513e+36
1.172506939176e+37
8.336829966337e+36
8.618337415115e+36
1.145387971378e+37
6.960115786924e+36
1.025597837541e+37
8.565164429620e+36
7.138506905410e+36
7.417663122980e+36
8.568549700802e+36
1.093873435192e+37
1.245994570780e+37
6.644570762391e+36
6.559832127346e+36
9.265625299394e+36
9.527206959606e+36
1.173302551798e+37
7.370951475547e+36
7.726774402826e+36
8.522215787382e+36
9.249629593082e+36
1.221156843260e+37
7.129162653195e+36
9.429326147506e+36
7.052611223236e+36
8.469580304197e+36
9.193263431607e+36
8.789048942948e+36
7.468784483273e+36
8.354234824754e+36
9.063052702939e+36
5.178872178672e+36
7.012096835533e+36
6.683535745051e+36
9.975547030441e+36
7.857736571849e+36
8.124130033778e+36
5.956769244693e+36
9.405577840048e+36
9.539435636658e+36
6.521583788251e+36
5.435478621954e+36
5.922618607660e+36
8.678657101331e+36
7.214002153796e+36
9.532210419603e+36
6.098524573073e+36
7.659103583389e+36
5.402373424413e+36
4.974557864280e+36
6.832071912236e+36
4.618405416483e+36
8.723949411929e+36
3.452662120279e+36
6.075137603333e+36
6.979623372848e+36
5.560268047256e+36
5.794502399015e+36
6.827004405137e+36
4.266384885009e+36
6.522577411880e+36
4.397684723128e+36
4.139433133954e+36
5.870612343622e+36
6.386539500382e+36
7.108503099939e+36
6.587864719082e+36
5.147549453131e+36
4.958799151228e+36
5.486599782110e+36
SCALARS luminosity_relerr_gen double 1
LOOKUP_TABLE default
1.593146031386e-01
1.317720746939e-01
1.026561743517e-01
1.356686920117e-01
1.385093545035e-01
1.272408948515e-01
1.428767505606e-01
7.381066711025e-02
1.546505403663e-01
1.178272848738e-01
9.050050195896e-02
8.211634899204e-02
8.662880536403e-02
1.141870891818e-01
8.264712377185e-02
6.507723763178e-02
1.291312103587e-01
1.093938177026e-01
9.058409744990e-02
8.737510045267e-02
7.420250930112e-02
1.277817082666e-01
7.150522906588e-02
7.088111653618e-02
1.470645041384e-01
7.363997027773e-02
7.677239873765e-02
5.489547383046e-02
6.129196957362e-02
1.239207336263e-01
7.829502568774e-02
6.949894696138e-02
7.947408197013e-02
5.458673139501e-02
8.563109715356e-02
5.871980095992e-02
6.943737826524e-02
9.909807842404e-02
1.425060205553e-01
7.055151180942e-02
3.936034057301e-02
5.676953773346e-02
9.917688321477e-02
6.772137665191e-02
4.804754540658e-02
6.488145670532e-02
4.913360210903e-02
8.684013922406e-02
5.302851037948e-02
4.315208936843e-02
8.872794135636e-02
8.424608920587e-02
5.682017991097e-02
4.326830477752e-02
4.102839229318e-02
9.256092376698e-02
3.012144449314e-02
4.650468184331e-02
6.113115620696e-02
6.243194296600e-02
5.862124205714e-02
4.905310292638e-02
3.234652169351e-02
7.761850417418e-02
5.305556107977e-02
5.405629010519e-02
3.813428057250e-02
4.652119671515e-02
5.144781244848e-02
3.875595221536e-02
4.432459428772e-02
6.128652528102e-02
5.719343549335e-02
4.211232332971e-02
2.553713032688e-02
4.505737682419e-02
5.704656256953e-02
2.659837758577e-02
2.796127945962e-02
4.292365940633e-02
4.110811745969e-02
4.739496862809e-02
2.562786652565e-02
3.682286224208e-02
4.408311809074e-02
5.493442273131e-02
3.306045377023e-02
3.740997905057e-02
3.512305478749e-02
6.835778429869e-02
2.703691019375e-02
3.953598230870e-02
3.955880056057e-02
5.339867667926e-02
4.393104428675e-02
3.356980221246e-02
2.882174037905e-02
6.878627124391e-02
3.658930697606e-02
3.778083212450e-02
4.039069784231e-02
4.442415129820e-02
5.794583591177e-02
2.110014463512e-02
4.913289836431e-02
4.005543697099e-02
5.266004113617e-02
3.042163681783e-02
3.232164593966e-02
3.176377689067e-02
6.826903686371e-02
3.200157157250e-02
4.360893110751e-02
3.769182373303e-02
6.371981365378e-02
5.512964978021e-02
3.867327839471e-02
3.466226939312e-02
5.049586527169e-02
3.627001776853e-02
2.940874948398e-02
2.849737942255e-02
3.734445063152e-02
4.470291588316e-02
2.423838349584e-02
4.311329836545e-02
3.167376135265e-02
6.090489641285e-02
2.721882253506e-02
3.154136452467e-02
3.362790934652e-02
4.680270015276e-02
3.875499972473e-02
4.564100029485e-02
4.066916845514e-02
6.902387690790e-02
4.382482050328e-02
2.579900630221e-02
3.668865412845e-02
3.725100786147e-02
5.581155384529e-02
3.247769991038e-02
2.358426997190e-02
3.683552017636e-02
6.705208943093e-02
2.405330536318e-02
5.149011687516e-02
3.617036648889e-02
7.764528640524e-02
3.682041247506e-02
3.109267331436e-02
4.830306539013e-02
6.695991996987e-02
4.604145513577e-02
3.262881937866e-02
3.729446125452e-02
5.432100400601e-02
5.713429946598e-02
2.488772530496e-02
3.104938240763e-02
2.925485742494e-02
5.248395484815e-02
2.447181317995e-02
3.855150621257e-02
3.654314641502e-02
4.755313636343e-02
2.895990198516e-02
6.499523574559e-02
3.566793018516e-02
7.041949755834e-02
4.974036457243e-02
3.277319841403e-02
4.285923214498e-02
4.839784377582e-02
5.648000789297e-02
4.392687571627e-02
2.790103829508e-02
4.270690694227e-02
5.480748931544e-02
2.723477990835e-02
4.621779128923e-02
4.450980728244e-02
7.859961151318e-02
2.666314396700e-02
3.437497685884e-02
3.991120828779e-02
5.234902488370e-02
3.777430437584e-02
3.848199139645e-02
4.974366334348e-02
7.657310964884e-02
5.432770278027e-02
2.684236663404e-02
3.606273856990e-02
3.863830549700e-02
8.886048088946e-02
3.053204543740e-02
4.123259273820e-02
3.277400942480e-02
9.078348723939e-02
2.758357881269e-02
3.976594906460e-02
4.431266380200e-02
8.951641238394e-02
3.490987087418e-02
2.592570755935e-02
3.692751041865e-02
5.044129196951e-02
3.828080163602e-02
3.114468150773e-02
5.260080818720e-02
6.671193762807e-02
5.673465922527e-02
2.999137827955e-02
4.437865982439e-02
2.989160654989e-02
6.526600458847e-02
3.143821528333e-02
3.345345832919e-02
3.111062840194e-02
3.722166884319e-02
3.303335623170e-02
3.705163086226e-02
3.438576626360e-02
7.685944889410e-02
4.139072129125e-02
2.360654570113e-02
6.903977575520e-02
3.228727332745e-02
3.954012284554e-02
2.798384258148e-02
4.513171108265e-02
4.579389780897e-02
5.754723884587e-02
3.573628966881e-02
5.592822506675e-02
2.895126067969e-02
8.640324580597e-02
4.473667976420e-02
3.288702432808e-02
3.735374534771e-02
6.388437220955e-02
5.291490980170e-02
3.717315145635e-02
3.169765638948e-02
5.846549557674e-02
4.216622540054e-02
2.980213475337e-02
3.767349005602e-02
4.680547368838e-02
7.782532128516e-02
3.855475323629e-02
4.076027324516e-02
3.617088226285e-02
6.267570168516e-02
2.849647167254e-02
3.725086645028e-02
3.255908997033e-02
9.282531309470e-02
4.553747799894e-02
2.448692023942e-02
4.306774185789e-02
4.713048700693e-02
5.997666567035e-02
3.463449052815e-02
3.793911751824e-02
5.274689403983e-02
4.120377902212e-02
2.931847048546e-02
4.232353461281e-02
2.854156991391e-02
8.315839120685e-02
3.425664209489e-02
3.281856092671e-02
3.841547940806e-02
4.578979667692e-02
3.587416740302e-02
3.197922534448e-02
3.434556048751e-02
7.465881648955e-02
3.931855210599e-02
2.236305927234e-02
4.695170757974e-02
4.071886774177e-02
5.300970368407e-02
2.256679808633e-02
3.819522380451e-02
4.064866408750e-02
4.627374150392e-02
3.033651609241e-02
3.249764929140e-02
3.377122977920e-02
8.220905743026e-02
2.628780024393e-02
5.862393628111e-02
3.361329929243e-02
4.804501648875e-02
4.652487575859e-02
3.718407214075e-02
4.091523446460e-02
6.796577849952e-02
4.160409217171e-02
2.508657467166e-02
3.639214237564e-02
2.623824966626e-02
5.352275284935e-02
3.294146765011e-02
3.333408068586e-02
3.793640037239e-02
5.106985673932e-02
3.190034014306e-02
3.777038527592e-02
3.058128391350e-02
9.030382206187e-02
3.095090173763e-02
3.627694824281e-02
3.878338302151e-02
5.367257048200e-02
3.731301787596e-02
2.205332677363e-02
4.659294171500e-02
4.259324770987e-02
6.056118024722e-02
2.553298503687e-02
4.642517609173e-02
2.134802731556e-02
7.613195613781e-02
3.191487923326e-02
2.254962770368e-02
4.052880044898e-02
4.690274374802e-02
3.482720480900e-02
2.818787258634e-02
4.232213876058e-02
6.747237132768e-02
5.633588699319e-02
2.873875734988e-02
4.438559427260e-02
2.649316513330e-02
6.471608111744e-02
2.614743537148e-02
4.055538962363e-02
3.497587270353e-02
5.906538700839e-02
2.798771434236e-02
4.391966037364e-02
3.819902020081e-02
5.672569700217e-02
3.477666638593e-02
3.087555099687e-02
4.207154101237e-02
4.926647488243e-02
4.110685216974e-02
2.316705542467e-02
2.910921722373e-02
4.846665737588e-02
5.015735684519e-02
2.124893356042e-02
3.967559752159e-02
2.867940348267e-02
6.174077745623e-02
1.856820765324e-02
3.517323882762e-02
2.770583228047e-02
5.643445449662e-02
3.351869946317e-02
3.292472884753e-02
3.479989322191e-02
6.443187955099e-02
3.175917537097e-02
3.004889722725e-02
5.026949505553e-02
3.996956804746e-02
5.214765832893e-02
2.543907647092e-02
3.509780628507e-02
3.986515223438e-02
3.868953871323e-02
2.273802390860e-02
3.366237635813e-02
2.129073635222e-02
8.479283489218e-02
2.586350218524e-02
3.377800400652e-02
3.364419567713e-02
4.389465710648e-02
3.363884658493e-02
3.840024399659e-02
3.266599050753e-02
6.109745214146e-02
4.289273180540e-02
2.536777882148e-02
4.121469679660e-02
3.155563292551e-02
6.091264138728e-02
2.580718849791e-02
2.974283312346e-02
3.070005353186e-02
5.087576439824e-02
2.079944539011e-02
3.155814554698e-02
2.401990867565e-02
8.398168254678e-02
3.540690249729e-02
2.803059091465e-02
3.344315538172e-02
3.706365000605e-02
5.223294290199e-02
2.837325972773e-02
2.868609754259e-02
4.941503736577e-02
3.843711119497e-02
2.119916965012e-02
3.246879174332e-02
2.554954166976e-02
5.368899781947e-02
3.035049760229e-02
2.539423391516e-02
2.742922547410e-02
4.991552979693e-02
3.261163235124e-02
3.144263536942e-02
3.106823913666e-02
9.845103890304e-02
3.501153141325e-02
2.739661031101e-02
4.011338217787e-02
4.498009592595e-02
4.336498004152e-02
3.307971204570e-02
3.434203573144e-02
3.659102662989e-02
5.892732446943e-02
3.267914048902e-02
3.747388645848e-02
3.786377437176e-02
7.505257455952e-02
4.855868687264e-02
2.514351244897e-02
3.113859148159e-02
5.918455156774e-02
5.143920215324e-02
3.654209496949e-02
2.897560297179e-02
5.406150250575e-02
5.878675299675e-02
2.912214127534e-02
3.757122031763e-02
5.071508437056e-02
5.696584163386e-02
3.378193612129e-02
3.058891999940e-02
5.184034167256e-02
8.345462269783e-02
3.795001391834e-02
2.733019395521e-02
4.364762724670e-02
7.525246394582e-02
7.169619312283e-02
3.571572815302e-02
4.216139538742e-02
6.725946772209e-02
7.471147667600e-02
6.295458499125e-02
3.871704085862e-02
6.713832346231e-02
5.808848279807e-02
5.202390503340e-02
5.533218603663e-02
6.864522835309e-02
8.593916474606e-02
6.442557270547e-02
5.460411305768e-02
3.739180111439e-02
8.425468726343e-02
7.128013617912e-02
7.694637497307e-02
5.710326484493e-02
9.371403253101e-02
7.232738432731e-02
7.194659740743e-02
8.027947066185e-02
8.918828420729e-02
8.778740603607e-02
6.896229529824e-02
7.307291693980e-02
8.878784530223e-02
1.353980041445e-01
7.573075109002e-02
7.876180974185e-02
7.008808939009e-02
8.863497449950e-02
8.730680234252e-02
6.246199234703e-02
1.167775307777e-01
8.097101460730e-02
9.522904304869e-02
9.798119501617e-02
7.816830801512e-02
1.005896668717e-01
1.104201722412e-01
7.434665384563e-02
1.063415628041e-01
1.010465483025e-01
8.751359021462e-02
1.299888420547e-01
1.030235874520e-01
1.445131191583e-01
1.737065750586e-01
1.174237180392e-01
1.308137921267e-01
1.367826457211e-01
SCALARS energy_stderr_gen double 1
LOOKUP_TABLE default
5.913139807657e+38
5.102655585493e+38
5.565537471054e+38
4.834437459891e+38
7.558059236491e+38
5.375441440241e+38
6.572251600742e+38
4.723416523591e+38
6.028782884816e+38
6.971505110631e+38
5.780693626358e+38
4.372745074933e+38
6.163173982873e+38
5.291807960042e+38
4.805648276353e+38
6.069522691836e+38
6.684676165254e+38
8.207774620699e+38
6.665255259087e+38
6.363191079140e+38
7.003701506468e+38
6.593245417716e+38
4.813952910713e+38
7.025679017053e+38
9.802987036897e+38
6.545408048036e+38
6.359559696480e+38
5.155457933782e+38
7.877448217506e+38
6.383865333015e+38
6.558043733447e+38
7.806746876534e+38
7.038107453763e+38
6.707220910965e+38
5.269517678042e+38
6.414063625280e+38
1.060406522205e+39
6.842830214496e+38
1.729194011185e+39
7.611019136408e+38
5.087022074711e+38
9.619350232879e+38
7.835527925382e+38
8.314485813455e+38
7.990774812440e+38
7.141255207672e+38
7.241705097971e+38
9.068202435352e+38
9.223923358688e+38
8.277239115109e+38
7.234822197472e+38
1.093875472751e+39
9.304666929859e+38
6.874435274422e+38
8.066462648283e+38
1.043506925309e+39
5.155820597901e+38
1.138050841771e+39
8.310681388639e+38
1.053751410019e+39
9.644416636128e+38
1.154090537532e+39
8.337394132383e+38
8.609380647326e+38
8.765356987347e+38
1.417783651368e+39
8.049529335929e+38
1.016723142354e+39
8.323519783690e+38
9.685394048070e+38
1.262227031474e+39
8.709573244966e+38
8.560626235513e+38
1.052397187407e+39
7.624038356138e+38
1.453316945680e+39
8.145945642634e+38
6.839520433797e+38
9.529784077533e+38
1.074604840780e+39
8.588418511667e+38
1.040922676192e+39
8.887773116076e+38
1.221669726682e+39
8.259567063498e+38
1.022474838632e+39
1.280135604171e+39
1.046794293258e+39
1.212621776002e+39
1.391474392970e+39
1.163797956641e+39
1.163324967052e+39
1.045210093294e+39
7.269600351741e+38
1.482636918664e+39
1.037492282496e+39
1.095158658930e+39
1.094006046459e+39
8.802208631431e+38
1.339715247687e+39
1.079687365157e+39
9.679254710024e+38
1.229002234541e+39
8.546662153387e+38
1.414821649472e+39
1.122253316026e+39
6.692333309984e+38
1.533634652074e+39
8.226285549061e+38
1.454627805298e+39
1.052117301205e+39
1.294564626183e+39
1.258325404470e+39
1.029797443390e+39
7.919285806617e+38
1.343651475955e+39
1.182617846657e+39
9.425033830545e+38
9.000093199608e+38
5.485561936356e+38
1.141910949697e+39
7.149359851055e+38
1.024080029269e+39
7.346051906721e+38
1.192060306950e+39
1.114406595563e+39
1.095507846907e+39
5.644140342494e+38
1.150464888701e+39
7.733184760365e+38
1.067124946257e+39
7.030285465198e+38
1.012390152152e+39
1.398102576324e+39
1.004121844377e+39
8.599828029775e+38
8.724120419129e+38
8.416044220153e+38
9.380524997455e+38
8.601281681648e+38
6.284101960298e+38
1.464512513955e+39
5.296584188387e+38
1.349794780006e+39
9.735218860641e+38
1.025911814768e+39
1.348848279953e+39
9.979514833997e+38
6.827046758939e+38
1.038316465178e+39
7.912549511459e+38
1.376596319256e+39
1.129466485087e+39
7.516851573177e+38
9.570010451776e+38
7.886660331272e+38
8.833762381905e+38
9.223278200027e+38
9.358773488874e+38
6.990144016023e+38
8.197099313851e+38
5.229307617922e+38
1.134917498144e+39
8.269041545344e+38
1.219093743755e+39
6.864316867081e+38
7.602514985060e+38
1.770412087941e+39
8.729629302467e+38
5.328502367259e+38
9.733571564121e+38
9.052057984411e+38
1.003578330106e+39
8.796785965774e+38
6.939812093654e+38
1.616338793359e+39
5.951211409711e+38
9.579345320388e+38
7.441706477016e+38
1.166668076654e+39
1.044368296928e+39
1.449688459253e+39
6.502931004539e+38
9.660684717043e+38
7.649021548056e+38
1.041336138184e+39
7.247787302045e+38
6.802737465763e+38
1.028068902622e+39
1.088414928203e+39
7.084768892862e+38
9.230111393426e+38
8.190611728904e+38
7.586666204613e+38
9.393127576720e+38
8.732451820589e+38
1.371545378392e+39
8.515352825025e+38
9.653742947983e+38
1.554039875251e+39
8.462082084033e+38
9.681504386879e+38
1.161839838104e+39
5.177059266661e+38
9.354087726431e+38
6.165997260269e+38
8.157206482173e+38
7.626970822501e+38
5.740759600099e+38
9.927478782875e+38
1.101750748088e+39
9.285859854010e+38
8.983371804258e+38
1.167430350375e+39
9.154701217648e+38
9.247864289025e+38
4.189785321478e+38
1.418011776071e+39
6.958598198759e+38
8.265384866889e+38
4.764348776587e+38
7.075502951166e+38
9.182340165620e+38
7.465201547792e+38
5.136739297691e+38
8.002787538219e+38
6.848525340656e+38
1.538154815672e+39
6.334270082781e+38
3.671776033966e+38
1.033804650305e+39
8.620587995263e+38
1.109392457947e+39
8.308785256163e+38
1.451033695212e+39
1.345512403600e+39
7.820657441842e+38
5.709790875242e+38
1.394841449639e+39
7.158543719735e+38
8.748470158003e+38
8.614425691568e+38
9.032407410856e+38
1.032493987387e+39
6.173835954705e+38
4.984989473724e+38
7.008222031273e+38
9.824324783394e+38
7.693379846736e+38
1.246134894690e+39
6.796523465342e+38
1.808794527049e+39
8.546006358359e+38
1.045437469357e+39
9.745331898325e+38
7.894049377624e+38
8.213725836590e+38
7.410138382324e+38
4.774703334667e+38
1.159023483234e+39
5.907918419258e+38
9.059065619261e+38
7.283238244642e+38
7.483028211126e+38
1.236397037372e+39
7.242652764976e+38
8.158963499308e+38
6.410413111913e+38
1.179984099846e+39
9.000497564857e+38
9.062724109107e+38
5.378515306016e+38
1.398682812182e+39
6.693037881835e+38
9.392051915335e+38
6.338928296296e+38
7.009057464929e+38
8.257656602087e+38
6.920972797897e+38
5.369390148148e+38
7.962694452976e+38
6.566231271916e+38
9.840681337243e+38
8.200889801343e+38
4.878045589532e+38
1.031203846820e+39
7.449471842125e+38
1.097190156717e+39
6.733127458229e+38
1.041027804935e+39
6.783553588094e+38
9.121091296730e+38
3.828579547080e+38
7.619889136035e+38
1.376274066994e+39
7.592068992077e+38
7.655498908256e+38
7.043810465967e+38
1.148581428712e+39
8.599598922864e+38
8.517896310806e+38
7.472809732123e+38
9.086267973375e+38
7.063713971418e+38
8.049131415165e+38
4.122745522304e+38
1.631746837260e+39
7.221005422210e+38
1.067187789120e+39
7.305707957026e+38
7.787538703328e+38
9.908647549856e+38
7.407148146399e+38
5.348143350346e+38
7.193057635597e+38
1.003137094716e+39
8.418760290628e+38
1.062811114289e+39
4.858634500986e+38
9.354961783278e+38
1.000955437589e+39
9.095301177310e+38
1.078322587998e+39
1.123938756212e+39
1.041755026897e+39
6.961513175209e+38
5.754769617755e+38
1.224029994271e+39
5.348277216967e+38
1.006462888879e+39
6.622312368745e+38
6.710569149641e+38
8.259065070085e+38
9.608627678470e+38
6.172744312490e+38
1.180779402740e+39
9.827195459029e+38
1.061572566892e+39
7.306161273782e+38
6.135441681269e+38
1.464741613597e+39
9.102358043648e+38
1.203696125294e+39
9.114502796289e+38
9.571557282064e+38
1.042868641753e+39
1.112387254235e+39
4.248803088457e+38
9.999364894067e+38
8.833406738597e+38
1.025705984979e+39
1.004855092686e+39
5.822080287038e+38
8.580941328993e+38
6.302041865796e+38
8.416242755843e+38
1.002147315861e+39
9.836016721654e+38
9.636054365407e+38
1.142449115788e+39
5.085825168377e+38
9.796978969209e+38
8.916699966247e+38
8.380308894145e+38
9.294503614865e+38
8.808555113970e+38
9.625204569953e+38
9.553205170250e+38
6.493809570233e+38
8.293423061728e+38
1.036787818821e+39
1.296785941851e+39
9.904109946126e+38
6.369051604545e+38
1.295591393075e+39
8.958154857982e+38
1.311701028406e+39
6.590120366102e+38
1.075318162804e+39
9.045457619175e+38
7.833896887226e+38
7.524681605725e+38
1.039787705006e+39
1.029446652803e+39
9.536486687036e+38
8.182691860869e+38
6.632562329367e+38
1.459368464210e+39
9.337808284359e+38
1.058593102659e+39
9.090241031297e+38
1.148255223096e+39
1.171372548737e+39
1.252740803004e+39
7.002182477793e+38
1.691020762819e+39
8.025568324601e+38
1.213761326802e+39
8.822488019102e+38
7.274321823303e+38
9.559965439254e+38
8.046731329994e+38
1.055367991014e+39
1.030061942045e+39
1.059198793284e+39
1.062002555345e+39
9.259535605481e+38
8.461754758922e+38
1.415839124254e+39
8.800416078715e+38
1.501477234395e+39
8.803224337425e+38
1.073245092817e+39
1.016209502055e+39
9.516630084782e+38
6.335773010451e+38
1.443988170882e+39
8.379693861171e+38
9.507623697595e+38
1.014428171693e+39
9.322243571467e+38
1.233561558979e+39
1.074140959674e+39
1.859506945662e+39
1.032072257982e+39
1.081261426569e+39
1.276824237846e+39
1.073584476253e+39
6.953410994823e+38
1.298575935289e+39
1.228208730481e+39
9.881145493932e+38
1.318911838654e+39
9.875772418656e+38
1.285575338154e+39
1.087762303060e+39
1.018997382156e+39
1.351518029160e+39
8.980779633037e+38
8.448410070091e+38
9.787506253199e+38
9.513306774513e+38
1.172506939176e+39
8.336829966337e+38
8.618337415115e+38
1.145387971378e+39
6.960115786924e+38
1.025597837541e+39
8.565164429620e+38
7.138506905410e+38
7.417663122980e+38
8.568549700802e+38
1.093873435192e+39
1.245994570780e+39
6.644570762391e+38
6.559832127346e+38
9.265625299394e+38
9.527206959606e+38
1.173302551798e+39
7.370951475547e+38
7.726774402826e+38
8.522215787382e+38
9.249629593082e+38
1.221156843260e+39
7.129162653195e+38
9.429326147506e+38
7.052611223236e+38
8.469580304197e+38
9.193263431607e+38
8.789048942948e+38
7.468784483273e+38
8.354234824754e+38
9.063052702939e+38
5.178872178672e+38
7.012096835533e+38
6.683535745051e+38
9.975547030441e+38
7.857736571849e+38
8.124130033778e+38
5.956769244693e+38
9.405577840048e+38
9.539435636658e+38
6.521583788251e+38
5.435478621954e+38
5.922618607660e+38
8.678657101331e+38
7.214002153796e+38
9.532210419603e+38
6.098524573073e+38
7.659103583389e+38
5.402373424413e+38
4.974557864280e+38
6.832071912236e+38
4.618405416483e+38
8.723949411929e+38
3.452662120279e+38
6.075137603333e+38
6.979623372848e+38
5.560268047256e+38
5.794502399015e+38
6.827004405137e+38
4.266384885009e+38
6.522577411880e+38
4.397684723128e+38
4.139433133954e+38
5.870612343622e+38
6.386539500382e+38
7.108503099939e+38
6.587864719082e+38
5.147549453131e+38
4.958799151228e+38
5.486599782110e+38
SCALARS energy_relerr_gen double 1
LOOKUP_TABLE default
1.593146031386e-01
1.317720746939e-01
1.026561743517e-01
1.356686920117e-01
1.385093545035e-01
1.272408948515e-01
1.428767505606e-01
7.381066711025e-02
1.546505403663e-01
1.178272848738e-01
9.050050195896e-02
8.211634899204e-02
8.662880536403e-02
1.141870891818e-01
8.264712377185e-02
6.507723763178e-02
1.291312103587e-01
1.093938177026e-01
9.058409744990e-02
8.737510045267e-02
7.420250930112e-02
1.277817082666e-01
7.150522906588e-02
7.088111653618e-02
1.470645041384e-01
7.363997027773e-02
7.677239873765e-02
5.489547383046e-02
6.129196957362e-02
1.239207336263e-01
7.829502568774e-02
6.949894696138e-02
7.947408197013e-02
5.458673139501e-02
8.563109715356e-02
5.871980095992e-02
6.943737826524e-02
9.909807842404e-02
1.425060205553e-01
7.055151180942e-02
3.936034057301e-02
5.676953773346e-02
9.917688321477e-02
6.772137665191e-02
4.804754540658e-02
6.488145670532e-02
4.913360210903e-02
8.684013922406e-02
5.302851037948e-02
4.315208936843e-02
8.872794135636e-02
8.424608920587e-02
5.682017991097e-02
4.326830477752e-02
4.102839229318e-02
9.256092376698e-02
3.012144449314e-02
4.650468184331e-02
6.113115620696e-02
6.243194296600e-02
5.862124205714e-02
4.905310292638e-02
3.234652169351e-02
7.761850417418e-02
5.305556107977e-02
5.405629010519e-02
3.813428057250e-02
4.652119671515e-02
5.144781244848e-02
3.875595221536e-02
4.432459428772e-02
6.128652528102e-02
5.719343549335e-02
4.211232332971e-02
2.553713032688e-02
4.505737682419e-02
5.704656256953e-02
2.659837758577e-02
2.796127945962e-02
4.292365940633e-02
4.110811745969e-02
4.739496862809e-02
2.562786652565e-02
3.682286224208e-02
4.408311809074e-02
5.493442273131e-02
3.306045377023e-02
3.740997905057e-02
3.512305478749e-02
6.835778429869e-02
2.703691019375e-02
3.953598230870e-02
3.955880056057e-02
5.339867667926e-02
4.393104428675e-02
3.356980221246e-02
2.882174037905e-02
6.878627124391e-02
3.658930697606e-02
3.778083212450e-02
4.039069784231e-02
4.442415129820e-02
5.794583591177e-02
2.110014463512e-02
4.913289836431e-02
4.005543697099e-02
5.266004113617e-02
3.042163681783e-02
3.232164593965e-02
3.176377689067e-02
6.826903686371e-02
3.200157157250e-02
4.360893110751e-02
3.769182373303e-02
6.371981365378e-02
5.512964978021e-02
3.867327839471e-02
3.466226939312e-02
5.049586527169e-02
3.627001776853e-02
2.940874948398e-02
2.849737942255e-02
3.734445063152e-02
4.470291588316e-02
2.423838349584e-02
4.311329836545e-02
3.167376135265e-02
6.090489641285e-02
2.721882253506e-02
3.154136452467e-02
3.362790934652e-02
4.680270015276e-02
3.875499972473e-02
4.564100029485e-02
4.066916845514e-02
6.902387690790e-02
4.382482050328e-02
2.579900630221e-02
3.668865412845e-02
3.725100786147e-02
5.581155384529e-02
3.247769991038e-02
2.358426997190e-02
3.683552017636e-02
6.705208943093e-02
2.405330536318e-02
5.149011687516e-02
3.617036648889e-02
7.764528640524e-02
3.682041247506e-02
3.109267331436e-02
4.830306539013e-02
6.695991996987e-02
4.604145513577e-02
3.262881937866e-02
3.729446125452e-02
5.432100400601e-02
5.713429946598e-02
2.488772530496e-02
3.104938240763e-02
2.925485742494e-02
5.248395484815e-02
2.447181317995e-02
3.855150621257e-02
3.654314641502e-02
4.755313636343e-02
2.895990198516e-02
6.499523574559e-02
3.566793018516e-02
7.041949755834e-02
4.974036457243e-02
3.277319841403e-02
4.285923214498e-02
4.839784377582e-02
5.648000789297e-02
4.392687571627e-02
2.790103829508e-02
4.270690694227e-02
5.480748931544e-02
2.723477990835e-02
4.621779128923e-02
4.450980728244e-02
7.859961151318e-02
2.666314396700e-02
3.437497685884e-02
3.991120828779e-02
5.234902488370e-02
3.777430437584e-02
3.848199139645e-02
4.974366334348e-02
7.657310964884e-02
5.432770278027e-02
2.684236663404e-02
3.606273856990e-02
3.863830549700e-02
8.886048088946e-02
3.053204543740e-02
4.123259273820e-02
3.277400942480e-02
9.078348723939e-02
2.758357881269e-02
3.976594906460e-02
4.431266380200e-02
8.951641238394e-02
3.490987087418e-02
2.592570755935e-02
3.692751041865e-02
5.044129196951e-02
3.828080163602e-02
3.114468150773e-02
5.260080818720e-02
6.671193762807e-02
5.673465922527e-02
2.999137827955e-02
4.437865982439e-02
2.989160654989e-02
6.526600458847e-02
3.143821528333e-02
3.345345832919e-02
3.111062840194e-02
3.722166884319e-02
3.303335623170e-02
3.705163086226e-02
3.438576626360e-02
7.685944889410e-02
4.139072129125e-02
2.360654570113e-02
6.903977575520e-02
3.228727332745e-02
3.954012284554e-02
2.798384258148e-02
4.513171108265e-02
4.579389780897e-02
5.754723884587e-02
3.573628966881e-02
5.592822506675e-02
2.895126067969e-02
8.640324580597e-02
4.473667976420e-02
3.288702432808e-02
3.735374534771e-02
6.388437220955e-02
5.291490980170e-02
3.717315145635e-02
3.169765638948e-02
5.846549557674e-02
4.216622540054e-02
2.980213475337e-02
3.767349005602e-02
4.680547368838e-02
7.782532128516e-02
3.855475323629e-02
4.076027324516e-02
3.617088226285e-02
6.267570168516e-02
2.849647167254e-02
3.725086645028e-02
3.255908997033e-02
9.282531309470e-02
4.553747799894e-02
2.448692023942e-02
4.306774185789e-02
4.713048700693e-02
5.997666567035e-02
3.463449052815e-02
3.793911751824e-02
5.274689403983e-02
4.120377902212e-02
2.931847048546e-02
4.232353461281e-02
2.854156991391e-02
8.315839120685e-02
3.425664209489e-02
3.281856092671e-02
3.841547940806e-02
4.578979667692e-02
3.587416740302e-02
3.197922534448e-02
3.434556048751e-02
7.465881648955e-02
3.931855210599e-02
2.236305927234e-02
4.695170757974e-02
4.071886774177e-02
5.300970368407e-02
2.256679808633e-02
3.819522380451e-02
4.064866408750e-02
4.627374150392e-02
3.033651609241e-02
3.249764929140e-02
3.377122977920e-02
8.220905743026e-02
2.628780024393e-02
5.862393628111e-02
3.361329929243e-02
4.804501648875e-02
4.652487575859e-02
3.718407214075e-02
4.091523446460e-02
6.796577849952e-02
4.160409217171e-02
2.508657467166e-02
3.639214237564e-02
2.623824966626e-02
5.352275284935e-02
3.294146765011e-02
3.333408068586e-02
3.793640037239e-02
5.106985673932e-02
3.190034014306e-02
3.777038527592e-02
3.058128391350e-02
9.030382206187e-02
3.095090173763e-02
3.627694824281e-02
3.878338302151e-02
5.367257048200e-02
3.731301787596e-02
2.205332677363e-02
4.659294171500e-02
4.259324770987e-02
6.056118024722e-02
2.553298503687e-02
4.642517609173e-02
2.134802731556e-02
7.613195613781e-02
3.191487923326e-02
2.254962770368e-02
4.052880044898e-02
4.690274374802e-02
3.482720480900e-02
2.818787258634e-02
4.232213876058e-02
6.747237132768e-02
5.633588699319e-02
2.873875734989e-02
4.438559427260e-02
2.649316513330e-02
6.471608111744e-02
2.614743537148e-02
4.055538962363e-02
3.497587270353e-02
5.906538700839e-02
2.798771434236e-02
4.391966037364e-02
3.819902020081e-02
5.672569700217e-02
3.477666638593e-02
3.087555099687e-02
4.207154101237e-02
4.926647488243e-02
4.110685216974e-02
2.316705542467e-02
2.910921722373e-02
4.846665737588e-02
5.015735684519e-02
2.124893356042e-02
3.967559752159e-02
2.867940348267e-02
6.174077745623e-02
1.856820765324e-02
3.517323882762e-02
2.770583228047e-02
5.643445449662e-02
3.351869946317e-02
3.292472884753e-02
3.479989322191e-02
6.443187955099e-02
3.175917537097e-02
3.004889722725e-02
5.026949505553e-02
3.996956804746e-02
5.214765832893e-02
2.543907647092e-02
3.509780628507e-02
3.986515223438e-02
3.868953871323e-02
2.273802390860e-02
3.366237635813e-02
2.129073635222e-02
8.479283489218e-02
2.586350218524e-02
3.377800400652e-02
3.364419567712e-02
4.389465710648e-02
3.363884658493e-02
3.840024399659e-02
3.266599050753e-02
6.109745214146e-02
4.289273180540e-02
2.536777882148e-02
4.121469679660e-02
3.155563292551e-02
6.091264138728e-02
2.580718849791e-02
2.974283312346e-02
3.070005353186e-02
5.087576439824e-02
2.079944539011e-02
3.155814554698e-02
2.401990867565e-02
8.398168254678e-02
3.540690249729e-02
2.803059091465e-02
3.344315538172e-02
3.706365000605e-02
5.223294290199e-02
2.837325972773e-02
2.868609754259e-02
4.941503736577e-02
3.843711119497e-02
2.119916965012e-02
3.246879174332e-02
2.554954166976e-02
5.368899781947e-02
3.035049760229e-02
2.539423391516e-02
2.742922547410e-02
4.991552979693e-02
3.261163235124e-02
3.144263536942e-02
3.106823913666e-02
9.845103890304e-02
3.501153141325e-02
2.739661031101e-02
4.011338217787e-02
4.498009592595e-02
4.336498004152e-02
3.307971204570e-02
3.434203573144e-02
3.659102662989e-02
5.892732446943e-02
3.267914048902e-02
3.747388645848e-02
3.786377437176e-02
7.505257455952e-02
4.855868687264e-02
2.514351244897e-02
3.113859148159e-02
5.918455156774e-02
5.143920215324e-02
3.654209496949e-02
2.897560297179e-02
5.406150250575e-02
5.878675299675e-02
2.912214127534e-02
3.757122031763e-02
5.071508437056e-02
5.696584163386e-02
3.378193612129e-02
3.058891999940e-02
5.184034167256e-02
8.345462269783e-02
3.795001391834e-02
2.733019395521e-02
4.364762724670e-02
7.525246394582e-02
7.169619312283e-02
3.571572815302e-02
4.216139538742e-02
6.725946772209e-02
7.471147667600e-02
6.295458499125e-02
3.871704085862e-02
6.713832346231e-02
5.808848279807e-02
5.202390503340e-02
5.533218603663e-02
6.864522835309e-02
8.593916474607e-02
6.442557270547e-02
5.460411305768e-02
3.739180111439e-02
8.425468726343e-02
7.128013617912e-02
7.694637497307e-02
5.710326484494e-02
9.371403253101e-02
7.232738432731e-02
7.194659740743e-02
8.027947066185e-02
8.918828420729e-02
8.778740603607e-02
6.896229529824e-02
7.307291693980e-02
8.878784530223e-02
1.353980041445e-01
7.573075109002e-02
7.876180974185e-02
7.008808939009e-02
8.863497449950e-02
8.730680234252e-02
6.246199234703e-02
1.167775307777e-01
8.097101460730e-02
9.522904304869e-02
9.798119501617e-02
7.816830801512e-02
1.005896668717e-01
1.104201722412e-01
7.434665384563e-02
1.063415628041e-01
1.010465483025e-01
8.751359021462e-02
1.299888420547e-01
1.030235874520e-01
1.445131191583e-01
1.737065750586e-01
1.174237180392e-01
1.308137921267e-01
1.367826457211e-01
SCALARS isotropic_equivalent_luminosity_stderr_gen double 1
LOOKUP_TABLE default
3.838796742224e+39
2.591248797545e+39
2.365462355947e+39
2.612919297603e+39
3.682531375781e+39
2.743446254447e+39
3.334443109538e+39
2.923145892940e+39
3.132288584800e+39
3.671198891262e+39
2.952672186367e+39
2.229823869516e+39
3.132846082554e+39
2.679270310168e+39
2.422445507296e+39
2.636720530696e+39
2.918954802727e+39
3.595417885136e+39
3.483212687844e+39
3.323987985055e+39
3.655607355054e+39
3.437690763268e+39
2.506869639083e+39
4.310572618103e+39
6.011444738830e+39
4.011253111167e+39
3.894522858543e+39
3.154628019982e+39
4.816114142180e+39
3.899483475194e+39
4.002172319919e+39
3.987043421373e+39
3.599365380783e+39
3.434140559891e+39
2.700740685668e+39
3.290217075487e+39
5.443707026380e+39
3.515185486423e+39
7.596662409066e+39
3.344471108672e+39
2.235802018853e+39
4.228466618356e+39
3.444749032201e+39
3.655641191769e+39
3.513534845275e+39
3.140124970625e+39
3.184353306885e+39
3.987509574193e+39
4.055919650570e+39
3.639536554960e+39
3.181045438866e+39
5.671709830067e+39
4.822397493600e+39
3.561367239063e+39
4.177169448562e+39
5.401512036384e+39
2.667723293683e+39
5.886127059054e+39
4.296666732067e+39
6.469650549324e+39
5.920286163314e+39
7.083206172544e+39
5.116146557783e+39
5.282101466205e+39
5.376830159725e+39
8.695376390484e+39
4.935947978942e+39
6.233393210004e+39
5.102120615553e+39
5.935853061348e+39
7.734385199138e+39
5.335904830928e+39
4.381443531619e+39
5.387336958836e+39
3.903528472695e+39
7.442276786650e+39
4.172111322253e+39
3.503522554054e+39
4.882288773809e+39
5.506134604961e+39
4.401143973094e+39
5.334848764552e+39
4.555593658309e+39
6.262554180308e+39
4.234460446732e+39
5.242448081001e+39
6.564111288742e+39
5.368063241277e+39
6.218933993153e+39
7.136712650348e+39
5.969407077590e+39
5.967378309622e+39
5.361834790318e+39
3.729461772848e+39
7.606673649588e+39
5.323139320719e+39
5.619293134830e+39
5.613643486694e+39
4.516854016536e+39
6.875037602066e+39
5.540866963809e+39
4.967498502789e+39
6.307593060685e+39
4.386536927504e+39
7.261734104062e+39
5.760260330500e+39
3.435109289028e+39
7.872196771615e+39
4.222679560893e+39
7.466995084170e+39
5.400912316962e+39
6.645613234001e+39
6.459695696078e+39
5.286620134448e+39
4.065546875809e+39
6.898040362622e+39
6.071404568910e+39
4.838746118699e+39
4.620634816575e+39
2.816307365287e+39
5.862664478302e+39
3.670569391062e+39
5.257790516747e+39
3.771604214646e+39
6.120300387348e+39
5.721636249755e+39
5.624628012527e+39
2.897861035912e+39
5.906827233025e+39
3.970453885472e+39
5.478953907222e+39
3.609571794398e+39
5.197933790542e+39
7.178302264030e+39
5.155476039337e+39
4.415415357289e+39
4.479223003915e+39
4.321037987619e+39
4.816217347669e+39
4.416119156023e+39
3.226408450656e+39
7.519129429796e+39
2.719371550009e+39
6.930083448192e+39
4.998208282820e+39
5.267159131521e+39
6.925117747099e+39
5.123550475580e+39
3.505031181044e+39
5.330722297027e+39
4.062281031710e+39
7.067360386870e+39
5.798571279078e+39
3.859051347757e+39
4.913080086696e+39
4.048846759775e+39
4.535034712459e+39
4.734965752910e+39
4.804487163861e+39
3.588481673832e+39
4.208053555864e+39
2.684489147308e+39
5.826102315521e+39
4.244878831785e+39
6.258114357344e+39
3.523708277738e+39
3.902618564450e+39
9.088021685381e+39
4.481123678209e+39
2.735220906597e+39
4.996381196368e+39
4.646508571666e+39
5.151417531877e+39
4.515392946352e+39
3.562175192232e+39
8.296520506168e+39
3.054674919338e+39
4.916901111487e+39
3.819655585545e+39
5.988182247522e+39
5.360402556592e+39
7.440711144866e+39
3.337681999468e+39
4.958379655597e+39
3.925851098123e+39
5.344597021426e+39
3.719851200811e+39
3.491402839550e+39
5.276362381323e+39
5.586027218972e+39
3.636054927924e+39
4.737049303874e+39
4.203524127455e+39
3.893538328466e+39
4.820587847664e+39
4.481488786552e+39
7.038703413781e+39
4.370000999520e+39
4.954171772577e+39
7.975060143310e+39
4.342557329836e+39
4.968299088981e+39
5.962216611358e+39
2.656692360798e+39
4.800166004889e+39
3.164134087140e+39
4.185909050410e+39
3.913787530871e+39
2.945855214194e+39
5.094222754993e+39
4.845473770255e+39
4.083900854022e+39
3.950869481510e+39
5.134339713905e+39
4.026226253665e+39
4.067203455070e+39
1.842666478248e+39
6.236420368070e+39
3.060398266582e+39
3.635130224027e+39
2.095372339860e+39
3.111829571899e+39
4.038431777503e+39
3.283234132628e+39
2.259169628874e+39
3.519683869087e+39
3.012038684886e+39
6.764951503458e+39
2.785880127256e+39
1.614891284056e+39
4.546810938471e+39
4.425689715007e+39
5.695303332909e+39
4.265371416141e+39
7.448770160485e+39
6.906891319997e+39
4.014450437877e+39
2.930832747737e+39
7.159517353277e+39
3.674275522012e+39
4.490217240190e+39
4.421298409304e+39
4.635700120368e+39
5.298924306700e+39
3.799442287490e+39
3.067832694328e+39
4.312985099684e+39
7.554544614164e+39
5.915915741549e+39
9.582287209143e+39
5.226252226403e+39
1.390888433147e+40
6.571520755621e+39
8.038970646008e+39
7.493743467517e+39
6.070185023740e+39
6.316002494702e+39
5.698079519024e+39
3.671544312869e+39
8.912404878891e+39
4.542945741175e+39
6.966055822985e+39
5.600523745076e+39
5.754163354802e+39
9.507438715209e+39
4.457257963308e+39
5.021140988751e+39
3.945034308714e+39
6.055867157170e+39
4.619323038356e+39
4.651384679861e+39
2.760562900429e+39
7.179038392530e+39
3.435438549200e+39
4.820935463900e+39
3.253858599993e+39
3.597945142413e+39
4.239004669300e+39
3.552928452705e+39
2.756491211689e+39
4.087936340728e+39
2.887916219265e+39
4.328050069962e+39
3.606839560802e+39
2.145410950095e+39
4.535320706469e+39
3.276331622041e+39
4.825509988935e+39
2.961264173334e+39
4.578484017022e+39
2.983429277563e+39
4.011478443062e+39
1.683815750968e+39
3.351234664998e+39
6.052857788830e+39
3.338989938347e+39
3.366882410558e+39
3.097859116281e+39
5.051442462666e+39
3.782086913231e+39
3.746152167389e+39
3.286524071796e+39
4.662560764953e+39
3.624725660680e+39
4.130419651545e+39
2.115606345391e+39
8.373448075665e+39
3.705548393657e+39
5.476448116306e+39
3.749072110507e+39
3.996364603995e+39
5.084903410188e+39
3.801218546493e+39
2.744595641789e+39
3.691411231346e+39
5.148050224443e+39
4.320502490511e+39
5.454385985985e+39
2.493490440122e+39
4.801083102091e+39
5.137072627547e+39
4.667903098439e+39
5.534230715979e+39
5.768395636778e+39
5.346651222876e+39
3.572923992534e+39
2.953601957163e+39
6.282319205084e+39
2.745021675152e+39
5.165752281544e+39
3.398986391345e+39
3.444316734981e+39
4.239148033917e+39
4.931886052593e+39
3.168355702389e+39
6.060778181959e+39
5.044210346180e+39
5.449005551598e+39
3.750254832719e+39
3.149352760473e+39
7.518659817000e+39
4.672370287956e+39
6.178799557873e+39
4.678688278781e+39
4.913348747152e+39
5.353384412377e+39
5.710296088746e+39
2.181087036629e+39
5.133133282421e+39
4.534631947946e+39
5.265508908997e+39
5.158512644543e+39
2.988840911679e+39
4.405173660631e+39
3.235287037949e+39
4.320690482281e+39
5.144815095628e+39
5.049643167171e+39
4.947021798139e+39
5.865222844665e+39
2.611031195330e+39
5.029741902663e+39
4.577838541529e+39
4.302481734478e+39
4.771861078256e+39
4.522397533710e+39
4.941699999316e+39
4.904759707301e+39
3.334035876044e+39
4.258008166037e+39
5.323096748350e+39
6.658009605692e+39
5.085024682980e+39
3.270044782604e+39
6.651937037720e+39
4.599383248370e+39
6.734675210879e+39
3.383574198094e+39
5.521024661080e+39
4.644226310346e+39
4.022171415988e+39
3.863407357206e+39
5.338588513450e+39
5.285483793066e+39
4.896301564614e+39
4.201211154122e+39
3.405319853953e+39
7.492719390715e+39
4.794210213600e+39
5.434986150670e+39
4.667041690722e+39
5.895236498306e+39
6.013869089034e+39
6.431553142981e+39
3.594871264763e+39
8.681478310620e+39
4.120167709168e+39
6.231121960561e+39
4.529156981024e+39
3.734320646071e+39
4.907582947561e+39
4.130688688580e+39
5.417487258385e+39
5.287467208851e+39
5.436902009041e+39
5.451155335306e+39
4.752700202836e+39
4.343092511766e+39
7.266732310794e+39
4.516626726066e+39
7.705744023971e+39
4.517742494759e+39
5.507588558160e+39
5.214679818661e+39
4.883242525362e+39
3.250904833848e+39
7.408778205637e+39
4.299204726591e+39
4.877616019471e+39
5.203926271052e+39
4.781927291251e+39
6.327241819589e+39
5.509145848384e+39
9.536486300790e+39
5.292567208376e+39
5.544350389986e+39
6.546552074012e+39
5.503982189343e+39
3.564475090277e+39
6.656092834925e+39
6.294711392385e+39
5.063603255804e+39
6.757931697413e+39
5.059545150238e+39
6.585318716062e+39
5.571195315573e+39
5.218173905849e+39
6.919809242485e+39
4.597359876593e+39
4.324009790371e+39
5.996298605029e+39
5.829345852764e+39
7.185901647180e+39
5.110279442474e+39
5.283787069165e+39
7.023485730020e+39
4.268692647873e+39
6.291204559726e+39
5.254973550975e+39
4.380463122160e+39
4.552574993890e+39
5.259858439057e+39
6.715985196878e+39
6.441858579642e+39
3.436646793340e+39
3.394186557984e+39
4.796171962587e+39
4.933607155581e+39
6.078406592944e+39
3.820196702265e+39
4.006308160927e+39
3.747093559392e+39
4.067100702988e+39
5.369639191919e+39
3.134866533722e+39
4.146303321288e+39
3.101146782488e+39
3.724065090324e+39
4.042014532394e+39
3.863947410884e+39
3.283122570926e+39
3.671777871776e+39
3.982530772568e+39
2.275172325753e+39
3.602138333557e+39
3.431062496743e+39
5.117148362470e+39
4.027258309671e+39
4.159607210374e+39
3.046357155175e+39
4.803594614306e+39
5.821624070296e+39
3.983606621973e+39
3.323142817053e+39
3.624054128920e+39
5.314712036008e+39
4.420990772616e+39
5.845397526352e+39
3.741721329954e+39
3.988484015509e+39
2.816775054502e+39
2.596488485411e+39
3.568920792549e+39
2.413544225837e+39
3.821528391578e+39
1.507651893530e+39
2.639159759145e+39
3.518309353884e+39
2.815193069755e+39
2.945444050671e+39
3.481341152754e+39
2.179191079919e+39
3.434793288202e+39
2.284842217904e+39
2.561740406374e+39
2.978465230355e+39
3.259477024536e+39
3.463493058373e+39
3.560612583635e+39
2.187809267314e+39
2.518195108919e+39
3.561887940173e+39
SCALARS isotropic_equivalent_luminosity_relerr_gen double 1
LOOKUP_TABLE default
1.593146031386e-01
1.317720746939e-01
1.026561743517e-01
1.356686920117e-01
1.385093545035e-01
1.272408948515e-01
1.428767505606e-01
7.381066711025e-02
1.546505403663e-01
1.178272848738e-01
9.050050195896e-02
8.211634899204e-02
8.662880536403e-02
1.141870891818e-01
8.264712377185e-02
6.507723763178e-02
1.291312103587e-01
1.093938177026e-01
9.058409744990e-02
8.737510045267e-02
7.420250930112e-02
1.277817082666e-01
7.150522906588e-02
7.088111653618e-02
1.470645041384e-01
7.363997027773e-02
7.677239873765e-02
5.489547383046e-02
6.129196957362e-02
1.239207336263e-01
7.829502568774e-02
6.949894696138e-02
7.947408197013e-02
5.458673139501e-02
8.563109715356e-02
5.871980095992e-02
6.943737826524e-02
9.909807842404e-02
1.425060205553e-01
7.055151180942e-02
3.936034057301e-02
5.676953773346e-02
9.917688321477e-02
6.772137665191e-02
4.804754540658e-02
6.488145670532e-02
4.913360210903e-02
8.684013922406e-02
5.302851037948e-02
4.315208936843e-02
8.872794135636e-02
8.424608920587e-02
5.682017991097e-02
4.326830477752e-02
4.102839229318e-02
9.256092376698e-02
3.012144449314e-02
4.650468184331e-02
6.113115620696e-02
6.243194296600e-02
5.862124205714e-02
4.905310292638e-02
3.234652169351e-02
7.761850417418e-02
5.305556107977e-02
5.405629010519e-02
3.813428057250e-02
4.652119671515e-02
5.144781244848e-02
3.875595221536e-02
4.432459428772e-02
6.128652528102e-02
5.719343549335e-02
4.211232332971e-02
2.553713032688e-02
4.505737682419e-02
5.704656256953e-02
2.659837758577e-02
2.796127945962e-02
4.292365940633e-02
4.110811745969e-02
4.739496862809e-02
2.562786652565e-02
3.682286224207e-02
4.408311809074e-02
5.493442273131e-02
3.306045377023e-02
3.740997905057e-02
3.512305478749e-02
6.835778429869e-02
2.703691019375e-02
3.953598230870e-02
3.955880056057e-02
5.339867667926e-02
4.393104428675e-02
3.356980221246e-02
2.882174037905e-02
6.878627124391e-02
3.658930697606e-02
3.778083212450e-02
4.039069784231e-02
4.442415129820e-02
5.794583591177e-02
2.110014463512e-02
4.913289836431e-02
4.005543697099e-02
5.266004113617e-02
3.042163681783e-02
3.232164593966e-02
3.176377689067e-02
6.826903686371e-02
3.200157157250e-02
4.360893110751e-02
3.769182373303e-02
6.371981365378e-02
5.512964978021e-02
3.867327839471e-02
3.466226939312e-02
5.049586527169e-02
3.627001776853e-02
2.940874948398e-02
2.849737942255e-02
3.734445063152e-02
4.470291588316e-02
2.423838349584e-02
4.311329836545e-02
3.167376135265e-02
6.090489641285e-02
2.721882253506e-02
3.154136452467e-02
3.362790934652e-02
4.680270015276e-02
3.875499972473e-02
4.564100029485e-02
4.066916845514e-02
6.902387690790e-02
4.382482050328e-02
2.579900630221e-02
3.668865412845e-02
3.725100786147e-02
5.581155384529e-02
3.247769991038e-02
2.358426997190e-02
3.683552017636e-02
6.705208943093e-02
2.405330536318e-02
5.149011687516e-02
3.617036648889e-02
7.764528640524e-02
3.682041247506e-02
3.109267331436e-02
4.830306539013e-02
6.695991996987e-02
4.604145513577e-02
3.262881937866e-02
3.729446125452e-02
5.432100400601e-02
5.713429946598e-02
2.488772530496e-02
3.104938240763e-02
2.925485742494e-02
5.248395484815e-02
2.447181317995e-02
3.855150621257e-02
3.654314641502e-02
4.755313636343e-02
2.895990198516e-02
6.499523574559e-02
3.566793018516e-02
7.041949755834e-02
4.974036457243e-02
3.277319841403e-02
4.285923214498e-02
4.839784377582e-02
5.648000789297e-02
4.392687571627e-02
2.790103829508e-02
4.270690694227e-02
5.480748931544e-02
2.723477990835e-02
4.621779128923e-02
4.450980728244e-02
7.859961151318e-02
2.666314396700e-02
3.437497685884e-02
3.991120828779e-02
5.234902488370e-02
3.777430437584e-02
3.848199139645e-02
4.974366334348e-02
7.657310964884e-02
5.432770278027e-02
2.684236663404e-02
3.606273856990e-02
3.863830549700e-02
8.886048088946e-02
3.053204543740e-02
4.123259273820e-02
3.277400942480e-02
9.078348723939e-02
2.758357881269e-02
3.976594906460e-02
4.431266380200e-02
8.951641238394e-02
3.490987087418e-02
2.592570755935e-02
3.692751041865e-02
5.044129196951e-02
3.828080163602e-02
3.114468150773e-02
5.260080818720e-02
6.671193762807e-02
5.673465922527e-02
2.999137827955e-02
4.437865982439e-02
2.989160654989e-02
6.526600458847e-02
3.143821528333e-02
3.345345832919e-02
3.111062840194e-02
3.722166884319e-02
3.303335623170e-02
3.705163086226e-02
3.438576626360e-02
7.685944889410e-02
4.139072129125e-02
2.360654570113e-02
6.903977575520e-02
3.228727332745e-02
3.954012284554e-02
2.798384258148e-02
4.513171108265e-02
4.579389780897e-02
5.754723884587e-02
3.573628966881e-02
5.592822506675e-02
2.895126067969e-02
8.640324580597e-02
4.473667976420e-02
3.288702432808e-02
3.735374534771e-02
6.388437220955e-02
5.291490980170e-02
3.717315145635e-02
3.169765638948e-02
5.846549557674e-02
4.216622540054e-02
2.980213475337e-02
3.767349005602e-02
4.680547368838e-02
7.782532128516e-02
3.855475323629e-02
4.076027324516e-02
3.617088226285e-02
6.267570168516e-02
2.849647167254e-02
3.725086645028e-02
3.255908997033e-02
9.282531309470e-02
4.553747799894e-02
2.448692023942e-02
4.306774185789e-02
4.713048700693e-02
5.997666567035e-02
3.463449052815e-02
3.793911751824e-02
5.274689403983e-02
4.120377902212e-02
2.931847048546e-02
4.232353461281e-02
2.854156991391e-02
8.315839120685e-02
3.425664209489e-02
3.281856092671e-02
3.841547940806e-02
4.578979667692e-02
3.587416740302e-02
3.197922534448e-02
3.434556048751e-02
7.465881648955e-02
3.931855210599e-02
2.236305927234e-02
4.695170757974e-02
4.071886774177e-02
5.300970368407e-02
2.256679808633e-02
3.819522380451e-02
4.064866408750e-02
4.627374150392e-02
3.033651609241e-02
3.249764929140e-02
3.377122977920e-02
8.220905743026e-02
2.628780024393e-02
5.862393628111e-02
3.361329929243e-02
4.804501648875e-02
4.652487575859e-02
3.718407214075e-02
4.091523446460e-02
6.796577849952e-02
4.160409217171e-02
2.508657467166e-02
3.639214237564e-02
2.623824966626e-02
5.352275284935e-02
3.294146765011e-02
3.333408068586e-02
3.793640037239e-02
5.106985673932e-02
3.190034014306e-02
3.777038527592e-02
3.058128391350e-02
9.030382206187e-02
3.095090173763e-02
3.627694824281e-02
3.878338302151e-02
5.367257048200e-02
3.731301787596e-02
2.205332677363e-02
4.659294171500e-02
4.259324770987e-02
6.056118024722e-02
2.553298503687e-02
4.642517609173e-02
2.134802731556e-02
7.613195613781e-02
3.191487923325e-02
2.254962770368e-02
4.052880044898e-02
4.690274374802e-02
3.482720480900e-02
2.818787258634e-02
4.232213876058e-02
6.747237132768e-02
5.633588699319e-02
2.873875734989e-02
4.438559427260e-02
2.649316513330e-02
6.471608111744e-02
2.614743537148e-02
4.055538962363e-02
3.497587270353e-02
5.906538700839e-02
2.798771434236e-02
4.391966037364e-02
3.819902020081e-02
5.672569700217e-02
3.477666638593e-02
3.087555099687e-02
4.207154101237e-02
4.926647488243e-02
4.110685216974e-02
2.316705542467e-02
2.910921722373e-02
4.846665737588e-02
5.015735684519e-02
2.124893356042e-02
3.967559752159e-02
2.867940348267e-02
6.174077745623e-02
1.856820765324e-02
3.517323882762e-02
2.770583228047e-02
5.643445449662e-02
3.351869946317e-02
3.292472884753e-02
3.479989322191e-02
6.443187955099e-02
3.175917537097e-02
3.004889722725e-02
5.026949505553e-02
3.996956804746e-02
5.214765832893e-02
2.543907647092e-02
3.509780628507e-02
3.986515223438e-02
3.868953871323e-02
2.273802390860e-02
3.366237635813e-02
2.129073635222e-02
8.479283489218e-02
2.586350218524e-02
3.377800400652e-02
3.364419567713e-02
4.389465710648e-02
3.363884658493e-02
3.840024399659e-02
3.266599050753e-02
6.109745214146e-02
4.289273180540e-02
2.536777882147e-02
4.121469679660e-02
3.155563292551e-02
6.091264138728e-02
2.580718849791e-02
2.974283312346e-02
3.070005353186e-02
5.087576439824e-02
2.079944539011e-02
3.155814554698e-02
2.401990867565e-02
8.398168254678e-02
3.540690249729e-02
2.803059091465e-02
3.344315538172e-02
3.706365000605e-02
5.223294290199e-02
2.837325972773e-02
2.868609754259e-02
4.941503736577e-02
3.843711119497e-02
2.119916965012e-02
3.246879174332e-02
2.554954166976e-02
5.368899781947e-02
3.035049760229e-02
2.539423391516e-02
2.742922547410e-02
4.991552979693e-02
3.261163235124e-02
3.144263536942e-02
3.106823913666e-02
9.845103890304e-02
3.501153141325e-02
2.739661031101e-02
4.011338217787e-02
4.498009592595e-02
4.336498004152e-02
3.307971204570e-02
3.434203573144e-02
3.659102662989e-02
5.892732446943e-02
3.267914048902e-02
3.747388645848e-02
3.786377437176e-02
7.505257455952e-02
4.855868687264e-02
2.514351244897e-02
3.113859148159e-02
5.918455156774e-02
5.143920215324e-02
3.654209496949e-02
2.897560297179e-02
5.406150250575e-02
5.878675299675e-02
2.912214127534e-02
3.757122031763e-02
5.071508437056e-02
5.696584163386e-02
3.378193612129e-02
3.058891999940e-02
5.184034167256e-02
8.345462269783e-02
3.795001391834e-02
2.733019395521e-02
4.364762724670e-02
7.525246394582e-02
7.169619312283e-02
3.571572815302e-02
4.216139538742e-02
6.725946772209e-02
7.471147667600e-02
6.295458499125e-02
3.871704085862e-02
6.713832346231e-02
5.808848279807e-02
5.202390503340e-02
5.533218603663e-02
6.864522835309e-02
8.593916474607e-02
6.442557270547e-02
5.460411305768e-02
3.739180111439e-02
8.425468726343e-02
7.128013617912e-02
7.694637497307e-02
5.710326484494e-02
9.371403253101e-02
7.232738432731e-02
7.194659740743e-02
8.027947066185e-02
8.918828420729e-02
8.778740603607e-02
6.896229529824e-02
7.307291693980e-02
8.878784530223e-02
1.353980041445e-01
7.573075109002e-02
7.876180974185e-02
7.008808939009e-02
8.863497449950e-02
8.730680234252e-02
6.246199234703e-02
1.167775307777e-01
8.097101460730e-02
9.522904304870e-02
9.798119501617e-02
7.816830801512e-02
1.005896668717e-01
1.104201722412e-01
7.434665384563e-02
1.063415628041e-01
1.010465483025e-01
8.751359021462e-02
1.299888420547e-01
1.030235874520e-01
1.445131191583e-01
1.737065750586e-01
1.174237180392e-01
1.308137921267e-01
1.367826457211e-01
SCALARS flux_stderr_gen double 1
LOOKUP_TABLE default
5.430786462667e+08
3.665867154757e+08
3.346444681304e+08
3.696524641011e+08
5.209716191524e+08
3.881182511131e+08
4.717272029703e+08
4.135405495469e+08
4.431281879656e+08
5.193684005491e+08
4.177176655914e+08
3.154555476069e+08
4.432070577640e+08
3.790392122156e+08
3.427059349839e+08
3.730196497885e+08
4.129476315696e+08
5.086475812448e+08
4.927737929873e+08
4.702481054218e+08
5.171626493866e+08
4.863337580404e+08
3.546495064418e+08
6.098212797579e+08
8.504454624965e+08
5.674762316755e+08
5.509622790414e+08
4.462885715523e+08
6.813407753090e+08
5.516640627399e+08
5.661915625073e+08
5.640512611853e+08
5.092060376405e+08
4.858315070035e+08
3.820766490075e+08
4.654704990303e+08
7.701270062155e+08
4.972970187103e+08
1.074707887470e+09
4.731458746429e+08
3.163012827337e+08
5.982056568981e+08
4.873322988319e+08
5.171674363026e+08
4.970635007565e+08
4.442368097789e+08
4.504938394148e+08
5.641172083192e+08
5.737952543749e+08
5.148890962538e+08
4.500258718182e+08
8.023828046561e+08
6.822296876981e+08
5.038304002333e+08
5.909485918854e+08
7.641576362320e+08
3.774056435476e+08
8.327166374359e+08
6.078539993129e+08
9.152683244463e+08
8.375491621422e+08
1.002068689155e+09
7.237866793366e+08
7.472644962306e+08
7.606658649652e+08
1.230144119636e+09
6.982937952827e+08
8.818447480956e+08
7.218024144145e+08
8.397514277162e+08
1.094191676640e+09
7.548761152978e+08
6.198474630535e+08
7.621522729782e+08
5.522363128261e+08
1.052866789736e+09
5.902330133922e+08
4.956470512992e+08
6.907025706256e+08
7.789587019634e+08
6.226345054018e+08
7.547267124677e+08
6.444846661671e+08
8.859701814906e+08
5.990536101551e+08
7.416546897724e+08
9.286317854298e+08
7.594255997148e+08
8.797991873533e+08
1.009638307315e+09
8.444983499789e+08
8.442113380228e+08
7.585444541521e+08
5.276109121964e+08
1.076124188283e+09
7.530701650305e+08
7.949673591917e+08
7.941680974782e+08
6.390041279611e+08
9.726188607213e+08
7.838723256043e+08
7.027572813515e+08
8.923418796624e+08
6.205680311711e+08
1.027325224960e+09
8.149101378624e+08
4.859685541420e+08
1.113688025951e+09
5.973869557416e+08
1.056363713501e+09
7.640727932893e+08
9.401619520606e+08
9.138600008002e+08
7.479037570191e+08
5.751572281394e+08
9.758730856522e+08
8.589280432468e+08
6.845425450291e+08
6.536861078048e+08
3.984259897348e+08
8.293973612542e+08
5.192793444882e+08
7.438252004284e+08
5.335728481308e+08
8.658453865366e+08
8.094459481976e+08
7.957220899972e+08
4.099634740078e+08
8.356451130007e+08
5.617043219478e+08
7.751134198285e+08
5.106499497988e+08
7.353572058925e+08
1.015522034069e+09
7.293506628020e+08
6.246534932591e+08
6.336804286968e+08
6.113018266822e+08
6.813553758991e+08
6.247530604123e+08
4.564434252048e+08
1.063739214667e+09
3.847123771444e+08
9.804062549503e+08
7.071018265010e+08
7.451505882961e+08
9.797037519505e+08
7.248341194395e+08
4.958604783595e+08
7.541429367307e+08
5.746952057113e+08
9.998269690508e+08
8.203300283875e+08
5.459440867920e+08
6.950586503147e+08
5.727946450132e+08
6.415761702943e+08
6.698606266190e+08
6.796958943557e+08
5.076663080756e+08
5.953177992989e+08
3.797775266405e+08
8.242248733105e+08
6.005275101376e+08
8.853420750273e+08
4.985027470364e+08
5.521075871417e+08
1.285692065915e+09
6.339493191050e+08
3.869546024295e+08
7.068433466430e+08
6.573464953774e+08
7.287765014475e+08
6.387974288126e+08
5.039447022249e+08
1.173717554684e+09
4.321481004013e+08
6.955992147442e+08
5.403707265316e+08
8.471544931807e+08
7.583418345281e+08
1.052645296733e+09
4.721854121637e+08
7.014672283684e+08
5.553943183191e+08
7.561058087060e+08
5.262512943781e+08
4.939324624351e+08
7.464525818060e+08
7.902611947958e+08
5.143965467847e+08
6.701553887836e+08
5.946770162582e+08
5.508229965272e+08
6.819736751685e+08
6.340009713695e+08
9.957728366765e+08
6.182286759023e+08
7.008719346951e+08
1.128240216234e+09
6.143461908475e+08
7.028705411291e+08
8.434811070954e+08
3.758450857737e+08
6.790845754131e+08
4.476334049546e+08
5.921849926275e+08
5.536876726663e+08
4.167532613085e+08
7.206850957053e+08
6.854943130296e+08
5.777537849021e+08
5.589336955496e+08
7.263604844275e+08
5.695944980242e+08
5.753915861643e+08
2.606839808737e+08
8.822730033576e+08
4.329577884058e+08
5.142657279436e+08
2.964345471171e+08
4.402338297131e+08
5.713212264258e+08
4.644826146985e+08
3.196071233053e+08
4.979334096765e+08
4.261163070965e+08
9.570448636021e+08
3.941214161016e+08
2.284603825899e+08
6.432421654773e+08
6.261070175416e+08
8.057206025246e+08
6.034266177793e+08
1.053785414219e+09
9.771252399786e+08
5.679285608760e+08
4.146280170471e+08
1.012864512823e+09
5.198036547643e+08
6.352357949623e+08
6.254857748667e+08
6.558174123096e+08
7.496444413165e+08
5.375111298191e+08
4.340095447833e+08
6.101625760857e+08
1.068749438358e+09
8.369308739402e+08
1.355616333743e+09
7.393634450463e+08
1.967704617108e+09
9.296800105672e+08
1.137281702829e+09
1.060147835660e+09
8.587555128983e+08
8.935315712112e+08
8.061133525185e+08
5.194172677103e+08
1.260847370055e+09
6.426953519167e+08
9.854953049619e+08
7.923120337177e+08
8.140475922444e+08
1.345027437928e+09
6.305730111078e+08
7.103461407298e+08
5.581081874657e+08
8.567299491302e+08
6.535005291490e+08
6.580363235749e+08
3.905397611728e+08
1.015626174949e+09
4.860151349277e+08
6.820228528060e+08
4.603268269431e+08
5.090051150120e+08
5.996964861411e+08
5.026365561777e+08
3.899637350485e+08
5.783246894860e+08
4.085565702500e+08
6.122938334076e+08
5.102634178142e+08
3.035135623744e+08
6.416166301703e+08
4.635061092055e+08
6.826700157140e+08
4.189331830996e+08
6.477229894901e+08
4.220689039016e+08
5.675081096176e+08
2.382112000200e+08
4.741027221292e+08
8.563042105996e+08
4.723704476640e+08
4.763164252884e+08
4.382574145408e+08
7.146329223800e+08
5.350558466167e+08
5.299721200128e+08
4.649480458816e+08
6.596174161854e+08
5.127937833327e+08
5.843348485220e+08
2.992970733383e+08
1.184600579525e+09
5.242278610816e+08
7.747589229301e+08
5.303852074623e+08
5.653699387763e+08
7.193666781123e+08
5.377624190639e+08
3.882808561593e+08
5.222278617365e+08
7.283001248937e+08
6.112260693384e+08
7.716377699562e+08
3.527567369759e+08
6.792143181270e+08
7.267471126188e+08
6.603732017694e+08
7.829334885858e+08
8.160610482693e+08
7.563964187636e+08
5.054653464030e+08
4.178492012519e+08
8.887663605069e+08
3.883411275510e+08
7.308044536853e+08
4.808582094975e+08
4.872711412856e+08
5.997167680855e+08
6.977191502544e+08
4.482306413410e+08
8.574247170154e+08
7.136097871909e+08
7.708765941974e+08
5.305525284281e+08
4.455422749951e+08
1.063672778046e+09
6.610051798080e+08
8.741213262306e+08
6.618989926703e+08
6.950966579943e+08
7.573489702230e+08
8.078416435931e+08
3.085606961717e+08
7.261898092861e+08
6.415191907716e+08
7.449171295655e+08
7.297802545609e+08
4.228344935191e+08
6.232045895713e+08
4.576994883651e+08
6.112526647334e+08
7.278424477893e+08
7.143783741382e+08
6.998604202286e+08
8.297592960568e+08
3.693853522701e+08
7.115629211424e+08
6.476316733876e+08
6.086766538708e+08
6.750802474242e+08
6.397883752147e+08
6.991075397053e+08
6.938815574177e+08
4.716695912162e+08
6.023849309782e+08
7.530641422722e+08
9.419156799105e+08
7.193838347027e+08
4.626167033629e+08
9.410565872792e+08
6.506796259130e+08
9.527616443821e+08
4.786778301733e+08
7.810652139939e+08
6.570236214480e+08
5.690208558377e+08
5.465603360684e+08
7.552557787104e+08
7.477429975987e+08
6.926849750016e+08
5.943497974678e+08
4.817542111694e+08
1.060002958429e+09
6.782420033032e+08
7.688932546800e+08
6.602513375061e+08
8.340053594677e+08
8.507884378910e+08
9.098786439676e+08
5.085702502810e+08
1.228177943538e+09
5.828844953616e+08
8.815234320282e+08
6.407446413948e+08
5.282983021444e+08
6.942809642114e+08
5.843729094767e+08
7.664176678305e+08
7.480235935332e+08
7.691642931956e+08
7.711807263784e+08
6.723695380580e+08
6.144219036027e+08
1.028032326567e+09
6.389719729373e+08
1.090139779214e+09
6.391298219175e+08
7.791643942645e+08
7.377262842502e+08
6.908374988692e+08
4.599089545139e+08
1.048127709954e+09
6.082130520898e+08
6.900415111137e+08
7.362049684656e+08
6.765043252522e+08
8.951216104225e+08
7.793847057641e+08
1.349136830666e+09
7.487450958747e+08
7.843651295997e+08
9.261476647000e+08
7.786541974433e+08
5.042700712405e+08
9.416445123172e+08
8.905194963866e+08
7.163533226821e+08
9.560517641962e+08
7.157792181840e+08
9.316320226639e+08
7.881629096923e+08
7.382205964703e+08
9.789527521729e+08
6.503933773619e+08
6.117222507691e+08
8.483027228849e+08
8.246837399641e+08
1.016597126863e+09
7.229566523116e+08
7.475029602691e+08
9.936199748161e+08
6.038964759547e+08
8.900233810513e+08
7.434266812932e+08
6.197087634876e+08
6.440576125104e+08
7.441177515907e+08
9.501175482802e+08
9.113365650213e+08
4.861860665076e+08
4.801791719815e+08
6.785195340129e+08
6.979626365193e+08
8.599186270128e+08
5.404472788879e+08
5.667766643209e+08
5.301052997378e+08
5.753770497183e+08
7.596485511235e+08
4.434928931335e+08
5.865819281257e+08
4.387225241657e+08
5.268474377965e+08
5.718280825598e+08
5.466367380349e+08
4.644668319462e+08
5.194503095365e+08
5.634128519732e+08
3.218710418040e+08
5.095983302102e+08
4.853960501457e+08
7.239284057082e+08
5.697405040818e+08
5.884640434238e+08
4.309713774840e+08
6.795696244235e+08
8.235913312092e+08
5.635650535294e+08
4.701285386082e+08
5.126987810224e+08
7.518779481251e+08
6.254422531783e+08
8.269545872499e+08
5.293452847418e+08
5.642550635655e+08
3.984921542239e+08
3.673279796750e+08
5.048990094556e+08
3.414466612558e+08
5.406356743872e+08
2.132891122819e+08
3.733647300241e+08
4.977389555530e+08
3.982683491641e+08
4.166950935688e+08
4.925090249333e+08
3.082924731652e+08
4.859238491700e+08
3.232390517018e+08
3.624121320824e+08
4.213666348785e+08
4.611216714216e+08
4.899840360930e+08
5.037236383296e+08
3.095116972758e+08
3.562517326704e+08
5.039040643715e+08
SCALARS flux_relerr_gen double 1
LOOKUP_TABLE default
1.593146031386e-01
1.317720746939e-01
1.026561743517e-01
1.356686920117e-01
1.385093545035e-01
1.272408948515e-01
1.428767505606e-01
7.381066711025e-02
1.546505403663e-01
1.178272848738e-01
9.050050195896e-02
8.211634899204e-02
8.662880536403e-02
1.141870891818e-01
8.264712377185e-02
6.507723763178e-02
1.291312103587e-01
1.093938177026e-01
9.058409744990e-02
8.737510045267e-02
7.420250930112e-02
1.277817082666e-01
7.150522906588e-02
7.088111653618e-02
1.470645041384e-01
7.363997027773e-02
7.677239873765e-02
5.489547383046e-02
6.129196957362e-02
1.239207336263e-01
7.829502568774e-02
6.949894696138e-02
7.947408197013e-02
5.458673139501e-02
8.563109715356e-02
5.871980095992e-02
6.943737826524e-02
9.909807842404e-02
1.425060205553e-01
7.055151180942e-02
3.936034057301e-02
5.676953773346e-02
9.917688321477e-02
6.772137665191e-02
4.804754540658e-02
6.488145670532e-02
4.913360210903e-02
8.684013922406e-02
5.302851037948e-02
4.315208936843e-02
8.872794135636e-02
8.424608920587e-02
5.682017991097e-02
4.326830477752e-02
4.102839229318e-02
9.256092376698e-02
3.012144449314e-02
4.650468184331e-02
6.113115620696e-02
6.243194296600e-02
5.862124205714e-02
4.905310292638e-02
3.234652169351e-02
7.761850417418e-02
5.305556107977e-02
5.405629010519e-02
3.813428057250e-02
4.652119671515e-02
5.144781244848e-02
3.875595221536e-02
4.432459428772e-02
6.128652528102e-02
5.719343549335e-02
4.211232332971e-02
2.553713032688e-02
4.505737682419e-02
5.704656256953e-02
2.659837758577e-02
2.796127945962e-02
4.292365940633e-02
4.110811745969e-02
4.739496862809e-02
2.562786652565e-02
3.682286224208e-02
4.408311809074e-02
5.493442273131e-02
3.306045377023e-02
3.740997905057e-02
3.512305478749e-02
6.835778429869e-02
2.703691019375e-02
3.953598230870e-02
3.955880056057e-02
5.339867667926e-02
4.393104428675e-02
3.356980221246e-02
2.882174037905e-02
6.878627124391e-02
3.658930697606e-02
3.778083212450e-02
4.039069784231e-02
4.442415129820e-02
5.794583591177e-02
2.110014463512e-02
4.913289836431e-02
4.005543697099e-02
5.266004113617e-02
3.042163681783e-02
3.232164593966e-02
3.176377689067e-02
6.826903686371e-02
3.200157157250e-02
4.360893110751e-02
3.769182373303e-02
6.371981365378e-02
5.512964978021e-02
3.867327839471e-02
3.466226939312e-02
5.049586527169e-02
3.627001776853e-02
2.940874948398e-02
2.849737942255e-02
3.734445063152e-02
4.470291588316e-02
2.423838349584e-02
4.311329836545e-02
3.167376135265e-02
6.090489641285e-02
2.721882253506e-02
3.154136452467e-02
3.362790934652e-02
4.680270015276e-02
3.875499972473e-02
4.564100029485e-02
4.066916845514e-02
6.902387690790e-02
4.382482050328e-02
2.579900630221e-02
3.668865412845e-02
3.725100786147e-02
5.581155384529e-02
3.247769991038e-02
2.358426997190e-02
3.683552017636e-02
6.705208943093e-02
2.405330536318e-02
5.149011687516e-02
3.617036648889e-02
7.764528640524e-02
3.682041247506e-02
3.109267331436e-02
4.830306539013e-02
6.695991996987e-02
4.604145513577e-02
3.262881937866e-02
3.729446125452e-02
5.432100400601e-02
5.713429946598e-02
2.488772530496e-02
3.104938240763e-02
2.925485742494e-02
5.248395484815e-02
2.447181317995e-02
3.855150621257e-02
3.654314641502e-02
4.755313636343e-02
2.895990198516e-02
6.499523574559e-02
3.566793018516e-02
7.041949755834e-02
4.974036457243e-02
3.277319841403e-02
4.285923214498e-02
4.839784377582e-02
5.648000789297e-02
4.392687571627e-02
2.790103829508e-02
4.270690694227e-02
5.480748931544e-02
2.723477990835e-02
4.621779128923e-02
4.450980728244e-02
7.859961151318e-02
2.666314396700e-02
3.437497685884e-02
3.991120828779e-02
5.234902488370e-02
3.777430437584e-02
3.848199139645e-02
4.974366334348e-02
7.657310964884e-02
5.432770278027e-02
2.684236663404e-02
3.606273856990e-02
3.863830549700e-02
8.886048088946e-02
3.053204543740e-02
4.123259273820e-02
3.277400942480e-02
9.078348723939e-02
2.758357881269e-02
3.976594906460e-02
4.431266380200e-02
8.951641238394e-02
3.490987087418e-02
2.592570755935e-02
3.692751041865e-02
5.044129196951e-02
3.828080163602e-02
3.114468150773e-02
5.260080818720e-02
6.671193762807e-02
5.673465922527e-02
2.999137827955e-02
4.437865982439e-02
2.989160654989e-02
6.526600458847e-02
3.143821528333e-02
3.345345832919e-02
3.111062840194e-02
3.722166884319e-02
3.303335623170e-02
3.705163086226e-02
3.438576626360e-02
7.685944889410e-02
4.139072129125e-02
2.360654570113e-02
6.903977575520e-02
3.228727332745e-02
3.954012284554e-02
2.798384258148e-02
4.513171108265e-02
4.579389780897e-02
5.754723884587e-02
3.573628966881e-02
5.592822506675e-02
2.895126067969e-02
8.640324580597e-02
4.473667976420e-02
3.288702432808e-02
3.735374534771e-02
6.388437220955e-02
5.291490980170e-02
3.717315145635e-02
3.169765638948e-02
5.846549557674e-02
4.216622540054e-02
2.980213475337e-02
3.767349005602e-02
4.680547368838e-02
7.782532128516e-02
3.855475323629e-02
4.076027324516e-02
3.617088226285e-02
6.267570168516e-02
2.849647167254e-02
3.725086645028e-02
3.255908997033e-02
9.282531309470e-02
4.553747799894e-02
2.448692023942e-02
4.306774185789e-02
4.713048700693e-02
5.997666567035e-02
3.463449052815e-02
3.793911751824e-02
5.274689403982e-02
4.120377902212e-02
2.931847048546e-02
4.232353461281e-02
2.854156991391e-02
8.315839120685e-02
3.425664209489e-02
3.281856092671e-02
3.841547940806e-02
4.578979667692e-02
3.587416740302e-02
3.197922534448e-02
3.434556048751e-02
7.465881648955e-02
3.931855210599e-02
2.236305927234e-02
4.695170757974e-02
4.071886774177e-02
5.300970368407e-02
2.256679808633e-02
3.819522380451e-02
4.064866408750e-02
4.627374150392e-02
3.033651609241e-02
3.249764929140e-02
3.377122977920e-02
8.220905743026e-02
2.628780024393e-02
5.862393628111e-02
3.361329929243e-02
4.804501648875e-02
4.652487575859e-02
3.718407214075e-02
4.091523446460e-02
6.796577849952e-02
4.160409217171e-02
2.508657467166e-02
3.639214237564e-02
2.623824966626e-02
5.352275284935e-02
3.294146765011e-02
3.333408068586e-02
3.793640037239e-02
5.106985673932e-02
3.190034014306e-02
3.777038527592e-02
3.058128391350e-02
9.030382206187e-02
3.095090173763e-02
3.627694824281e-02
3.878338302151e-02
5.367257048200e-02
3.731301787596e-02
2.205332677363e-02
4.659294171500e-02
4.259324770987e-02
6.056118024722e-02
2.553298503687e-02
4.642517609173e-02
2.134802731556e-02
7.613195613781e-02
3.191487923326e-02
2.254962770368e-02
4.052880044898e-02
4.690274374802e-02
3.482720480900e-02
2.818787258634e-02
4.232213876058e-02
6.747237132768e-02
5.633588699319e-02
2.873875734989e-02
4.438559427260e-02
2.649316513330e-02
6.471608111744e-02
2.614743537148e-02
4.055538962363e-02
3.497587270353e-02
5.906538700839e-02
2.798771434236e-02
4.391966037364e-02
3.819902020081e-02
5.672569700217e-02
3.477666638593e-02
3.087555099687e-02
4.207154101237e-02
4.926647488243e-02
4.110685216974e-02
2.316705542467e-02
2.910921722373e-02
4.846665737588e-02
5.015735684519e-02
2.124893356042e-02
3.967559752159e-02
2.867940348267e-02
6.174077745623e-02
1.856820765324e-02
3.517323882762e-02
2.770583228047e-02
5.643445449662e-02
3.351869946317e-02
3.292472884753e-02
3.479989322191e-02
6.443187955099e-02
3.175917537097e-02
3.004889722725e-02
5.026949505553e-02
3.996956804746e-02
5.214765832893e-02
2.543907647092e-02
3.509780628507e-02
3.986515223438e-02
3.868953871323e-02
2.273802390860e-02
3.366237635813e-02
2.129073635222e-02
8.479283489218e-02
2.586350218524e-02
3.377800400652e-02
3.364419567712e-02
4.389465710648e-02
3.363884658493e-02
3.840024399659e-02
3.266599050753e-02
6.109745214146e-02
4.289273180540e-02
2.536777882148e-02
4.121469679660e-02
3.155563292551e-02
6.091264138728e-02
2.580718849791e-02
2.974283312346e-02
3.070005353186e-02
5.087576439824e-02
2.079944539011e-02
3.155814554698e-02
2.401990867565e-02
8.398168254678e-02
3.540690249729e-02
2.803059091466e-02
3.344315538172e-02
3.706365000605e-02
5.223294290199e-02
2.837325972773e-02
2.868609754259e-02
4.941503736577e-02
3.843711119497e-02
2.119916965012e-02
3.246879174332e-02
2.554954166976e-02
5.368899781947e-02
3.035049760229e-02
2.539423391516e-02
2.742922547410e-02
4.991552979693e-02
3.261163235124e-02
3.144263536942e-02
3.106823913666e-02
9.845103890304e-02
3.501153141325e-02
2.739661031101e-02
4.011338217787e-02
4.498009592595e-02
4.336498004152e-02
3.307971204570e-02
3.434203573144e-02
3.659102662989e-02
5.892732446943e-02
3.267914048902e-02
3.747388645848e-02
3.786377437176e-02
7.505257455952e-02
4.855868687264e-02
2.514351244897e-02
3.113859148159e-02
5.918455156774e-02
5.143920215324e-02
3.654209496949e-02
2.897560297179e-02
5.406150250575e-02
5.878675299675e-02
2.912214127534e-02
3.757122031763e-02
5.071508437056e-02
5.696584163386e-02
3.378193612129e-02
3.058891999940e-02
5.184034167256e-02
8.345462269783e-02
3.795001391834e-02
2.733019395521e-02
4.364762724670e-02
7.525246394582e-02
7.169619312283e-02
3.571572815302e-02
4.216139538742e-02
6.725946772209e-02
7.471147667600e-02
6.295458499125e-02
3.871704085862e-02
6.713832346231e-02
5.808848279807e-02
5.202390503340e-02
5.533218603663e-02
6.864522835309e-02
8.593916474607e-02
6.442557270547e-02
5.460411305768e-02
3.739180111439e-02
8.425468726343e-02
7.128013617912e-02
7.694637497307e-02
5.710326484494e-02
9.371403253101e-02
7.232738432731e-02
7.194659740743e-02
8.027947066185e-02
8.918828420729e-02
8.778740603607e-02
6.896229529824e-02
7.307291693980e-02
8.878784530223e-02
1.353980041445e-01
7.573075109002e-02
7.876180974185e-02
7.008808939009e-02
8.863497449950e-02
8.730680234252e-02
6.246199234703e-02
1.167775307777e-01
8.097101460730e-02
9.522904304870e-02
9.798119501617e-02
7.816830801512e-02
1.005896668717e-01
1.104201722412e-01
7.434665384563e-02
1.063415628041e-01
1.010465483025e-01
8.751359021462e-02
1.299888420547e-01
1.030235874520e-01
1.445131191583e-01
1.737065750586e-01
1.174237180392e-01
1.308137921267e-01
1.367826457211e-01
SCALARS log10_luminosity_stderr_gen double 1
LOOKUP_TABLE default
6.918945302971e-02
5.722788490849e-02
4.458301005425e-02
5.892016430773e-02
6.015384835285e-02
5.526001850642e-02
6.205058436074e-02
3.205556543158e-02
6.716387630446e-02
5.117173963834e-02
3.930386861025e-02
3.566267724128e-02
3.762241214347e-02
4.959082273624e-02
3.589318979929e-02
2.826268520099e-02
5.608097210026e-02
4.750913138257e-02
3.934017367068e-02
3.794652398234e-02
3.222574033285e-02
5.549489078836e-02
3.105432641054e-02
3.078327778280e-02
6.386930263113e-02
3.198143273914e-02
3.334182913424e-02
2.384080136603e-02
2.661876417080e-02
5.381809080731e-02
3.400309761666e-02
3.018300916341e-02
3.451515525395e-02
2.370671622999e-02
3.718911297311e-02
2.550168553535e-02
3.015627021842e-02
4.303774862677e-02
6.188957836514e-02
3.064013226877e-02
1.709397871669e-02
2.465469697784e-02
4.307197311254e-02
2.941102018682e-02
2.086678383907e-02
2.817765862497e-02
2.133845227198e-02
3.771419327272e-02
2.302998944136e-02
1.874071429530e-02
3.853405532170e-02
3.658761166404e-02
2.467669059609e-02
1.879118600618e-02
1.781840437429e-02
4.019869843187e-02
1.308157713033e-02
2.019672670722e-02
2.654892381305e-02
2.711384832463e-02
2.545888194773e-02
2.130349192116e-02
1.404791588026e-02
3.370928805643e-02
2.304173741123e-02
2.347634850485e-02
1.656150762399e-02
2.020389902492e-02
2.234350105237e-02
1.683149618804e-02
1.924992671176e-02
2.661639974457e-02
2.483879343585e-02
1.828914964222e-02
1.109063478461e-02
1.956817012378e-02
2.477500733550e-02
1.155152861308e-02
1.214342937627e-02
1.864150842326e-02
1.785302857418e-02
2.058337334516e-02
1.113004101504e-02
1.599196587962e-02
1.914505493190e-02
2.385771665875e-02
1.435797264163e-02
1.624694746978e-02
1.525374888179e-02
2.968740851605e-02
1.174198090486e-02
1.717025895329e-02
1.718016879417e-02
2.319075062274e-02
1.907901011798e-02
1.457917985945e-02
1.251712280547e-02
2.987349803193e-02
1.589053411637e-02
1.640800691339e-02
1.754145719314e-02
1.929316377204e-02
2.516555678575e-02
9.163676382394e-03
2.133814663953e-02
1.739585524673e-02
2.286996528224e-02
1.321194900045e-02
1.403711247762e-02
1.379483302802e-02
2.964886599476e-02
1.389810594617e-02
1.893911814169e-02
1.636935106013e-02
2.767316345774e-02
2.394250268880e-02
1.679559140393e-02
1.505363232768e-02
2.193007564642e-02
1.575186857541e-02
1.277205762057e-02
1.237625463192e-02
1.621848883898e-02
1.941422969304e-02
1.052659620250e-02
1.872386757676e-02
1.375573977658e-02
2.645066043299e-02
1.182098443088e-02
1.369824056476e-02
1.460441546714e-02
2.032615441452e-02
1.683108252661e-02
1.982163457660e-02
1.766239544366e-02
2.997668886067e-02
1.903287771498e-02
1.120436607564e-02
1.593368003644e-02
1.617790715957e-02
2.423864986146e-02
1.410488585599e-02
1.024251830851e-02
1.599746315063e-02
2.912035243994e-02
1.044621779076e-02
2.236187363144e-02
1.570859057454e-02
3.372091943159e-02
1.599090195932e-02
1.350337644805e-02
2.097775475795e-02
2.908032375160e-02
1.999554990426e-02
1.417051620717e-02
1.619677872839e-02
2.359131229126e-02
2.481311098548e-02
1.080860176707e-02
1.348457544614e-02
1.270522314852e-02
2.279349197901e-02
1.062797342622e-02
1.674270641718e-02
1.587048683943e-02
2.065206471983e-02
1.257712562861e-02
2.822707223431e-02
1.549038526033e-02
3.058279920798e-02
2.160196586166e-02
1.423321922553e-02
1.861352801918e-02
2.101891648785e-02
2.452895576577e-02
1.907719973083e-02
1.211726697093e-02
1.854737402418e-02
2.380259017667e-02
1.182791463004e-02
2.007213172267e-02
1.933036369334e-02
3.413537755991e-02
1.157965629506e-02
1.492886276535e-02
1.733321752548e-02
2.273489264001e-02
1.640517194816e-02
1.671251651613e-02
2.160339849973e-02
3.325527898267e-02
2.359422153195e-02
1.165749171039e-02
1.566184836323e-02
1.678040286744e-02
3.859161650956e-02
1.325989885468e-02
1.790708750077e-02
1.423357144304e-02
3.942676755600e-02
1.197939606949e-02
1.727013224640e-02
1.924474536764e-02
3.887648393812e-02
1.516116428461e-02
1.125939173246e-02
1.603741400525e-02
2.190637476243e-02
1.662514091336e-02
1.352596331944e-02
2.284424073935e-02
2.897262638894e-02
2.463954943420e-02
1.302509009148e-02
1.927340707599e-02
1.298175977984e-02
2.834466564865e-02
1.365344341844e-02
1.452865235295e-02
1.351117424350e-02
1.616516538583e-02
1.434620433017e-02
1.609131882900e-02
1.493354854430e-02
3.337963453683e-02
1.797576185879e-02
1.025219253480e-02
2.998359364232e-02
1.402218464181e-02
1.717205716560e-02
1.215322841559e-02
1.960045308205e-02
1.988803712328e-02
2.499244827953e-02
1.552007340686e-02
2.428931952913e-02
1.257337275733e-02
3.752445287206e-02
1.942889316027e-02
1.428265319190e-02
1.622252548293e-02
2.774463033046e-02
2.298065333729e-02
1.614409455245e-02
1.376611725922e-02
2.539124211072e-02
1.831255901414e-02
1.294290267233e-02
1.636138884537e-02
2.032735894573e-02
3.379910758649e-02
1.674411658166e-02
1.770196175124e-02
1.570881457233e-02
2.721971139128e-02
1.237586040109e-02
1.617784574547e-02
1.414023310991e-02
4.031352125797e-02
1.977667541473e-02
1.063453433879e-02
1.870408263692e-02
2.046851043652e-02
2.604753494359e-02
1.504156811991e-02
1.647674938645e-02
2.290768501903e-02
1.789457386287e-02
1.273284994968e-02
1.838087753699e-02
1.239544631847e-02
3.611523042509e-02
1.487747063035e-02
1.425291991448e-02
1.668363072659e-02
1.988625602426e-02
1.557995294600e-02
1.388840110265e-02
1.491608739760e-02
3.242391202684e-02
1.707583021606e-02
9.712153240454e-03
2.039086751781e-02
1.768397956960e-02
2.302182179732e-02
9.800635883118e-03
1.658797493336e-02
1.765349050994e-02
2.009643059217e-02
1.317498153910e-02
1.411354976208e-02
1.466665874019e-02
3.570294000443e-02
1.141664658731e-02
2.546005203433e-02
1.459807040127e-02
2.086568554401e-02
2.020549681319e-02
1.614883734542e-02
1.776926055376e-02
2.951716256060e-02
1.806842765477e-02
1.089496094975e-02
1.580490661838e-02
1.139512704486e-02
2.324463621875e-02
1.430629762624e-02
1.447680730119e-02
1.647556934500e-02
2.217935697348e-02
1.385414169497e-02
1.640346990469e-02
1.328128285315e-02
3.921845161624e-02
1.344180583458e-02
1.575487844214e-02
1.684340923578e-02
2.330970118990e-02
1.620483776669e-02
9.577638125396e-03
2.023505748246e-02
1.849801244674e-02
2.630138639892e-02
1.108883450803e-02
2.016219779803e-02
9.271330462666e-03
3.306368844715e-02
1.386045594161e-02
9.793178880680e-03
1.760143439315e-02
2.036960279589e-02
1.512526286866e-02
1.224183752084e-02
1.838027132607e-02
2.930287854854e-02
2.446636485427e-02
1.248108373381e-02
1.927641866859e-02
1.150583542554e-02
2.810583691971e-02
1.135568689776e-02
1.761298192498e-02
1.518982851489e-02
2.565177164922e-02
1.215490989997e-02
1.907406614734e-02
1.658962368732e-02
2.463565719016e-02
1.510331431040e-02
1.340908142366e-02
1.827143810684e-02
2.139615818426e-02
1.785247906573e-02
1.006132433288e-02
1.264197241279e-02
2.104880185464e-02
2.178306330472e-02
9.228294591620e-03
1.723089306984e-02
1.245530667680e-02
2.681367895766e-02
8.064070122636e-03
1.527554353350e-02
1.203249007594e-02
2.450917217710e-02
1.455698621743e-02
1.429902805664e-02
1.511340159710e-02
2.798240974765e-02
1.379283461341e-02
1.305007025307e-02
2.183176431068e-02
1.735856284707e-02
2.264744025643e-02
1.104805053603e-02
1.524278359652e-02
1.731321563562e-02
1.680265317054e-02
9.874998312889e-03
1.461938430009e-02
9.246449313428e-03
3.682506029861e-02
1.123237628174e-02
1.466960074974e-02
1.461148853065e-02
1.906320736638e-02
1.460916544943e-02
1.667701407146e-02
1.418665942332e-02
2.653428632338e-02
1.862807673684e-02
1.101708636031e-02
1.789931539208e-02
1.370443725251e-02
2.645402403265e-02
1.120791955808e-02
1.291714830169e-02
1.333286384302e-02
2.209506374076e-02
9.033084359572e-03
1.370552847015e-02
1.043171379366e-02
3.647278131102e-02
1.537702237586e-02
1.217353095872e-02
1.452417783971e-02
1.609653867682e-02
2.268447887590e-02
1.232235013336e-02
1.245821387008e-02
2.146067805100e-02
1.669302529228e-02
9.206682399980e-03
1.410101708819e-02
1.109602496234e-02
2.331683549191e-02
1.318105363169e-02
1.102857566151e-02
1.191236126628e-02
2.167803915208e-02
1.416305197600e-02
1.365536303743e-02
1.349276481950e-02
4.275674293323e-02
1.520531489576e-02
1.189819668093e-02
1.742102053033e-02
1.953460745612e-02
1.883317153988e-02
1.436633640440e-02
1.491455661549e-02
1.589128095254e-02
2.559181185039e-02
1.419237038772e-02
1.627470210439e-02
1.644402827368e-02
3.259491898383e-02
2.108876975725e-02
1.091968871225e-02
1.352331845469e-02
2.570352415979e-02
2.233976164866e-02
1.587003020243e-02
1.258394448047e-02
2.347861222165e-02
2.553076243550e-02
1.264758525709e-02
1.631697366232e-02
2.202528129139e-02
2.473995067856e-02
1.467130844548e-02
1.328459916312e-02
2.251397432837e-02
3.624388212699e-02
1.648148163289e-02
1.186935242410e-02
1.895592366141e-02
3.268172984129e-02
3.113726104672e-02
1.551114365402e-02
1.831046136610e-02
2.921041568745e-02
3.244678205523e-02
2.734082887221e-02
1.681459720052e-02
2.915780340392e-02
2.522750754133e-02
2.259369488306e-02
2.403046306735e-02
2.981224388274e-02
3.732290502859e-02
2.797967071944e-02
2.371426499017e-02
1.623905289241e-02
3.659134575299e-02
3.095656981190e-02
3.341738605326e-02
2.479963282082e-02
4.069948720512e-02
3.141138390385e-02
3.124601024576e-02
3.486493111856e-02
3.873397968164e-02
3.812558602207e-02
2.994994430741e-02
3.173516460353e-02
3.856007127484e-02
5.880260606067e-02
3.288944730879e-02
3.420581935560e-02
3.043887046926e-02
3.849368032877e-02
3.791686248997e-02
2.712689860500e-02
5.071583722702e-02
3.516526483806e-02
4.135744791298e-02
4.255269232581e-02
3.394806483068e-02
4.368553725885e-02
4.795487149517e-02
3.228834151313e-02
4.618355392277e-02
4.388395834317e-02
3.800666932175e-02
5.645343681337e-02
4.474257553627e-02
6.276125021309e-02
7.543980701827e-02
5.099647278898e-02
5.681170807745e-02
5.940394825682e-02
SCALARS log10_luminosity_relerr_gen double 1
LOOKUP_TABLE default
1.841635843290e-03
1.522505220047e-03
1.181503839211e-03
1.569034247826e-03
1.594031270224e-03
1.468674074222e-03
1.647531846459e-03
8.478931696974e-04
1.786706762834e-03
1.354750353100e-03
1.039638317843e-03
9.452995405176e-04
9.939308597568e-04
1.316594269522e-03
9.504472921052e-04
7.443478951003e-04
1.487004799599e-03
1.254358800370e-03
1.038910344012e-03
1.002224818194e-03
8.486061231104e-04
1.471520017996e-03
8.209313669407e-04
8.101681749491e-04
1.688598640181e-03
8.427516351868e-04
8.793088765785e-04
6.278400557604e-04
6.984905601778e-04
1.427083602080e-03
8.966342754511e-04
7.932357159387e-04
9.095566373235e-04
6.223957760987e-04
9.841217240080e-04
6.704204155638e-04
7.897644489943e-04
1.137386153629e-03
1.625080382456e-03
8.056209984541e-04
4.485265976885e-04
6.449208031983e-04
1.136533907503e-03
7.721634997837e-04
5.459519316209e-04
7.407054029061e-04
5.590597845686e-04
9.919879791773e-04
6.022422796937e-04
4.895324619601e-04
1.016424832611e-03
9.599666850790e-04
6.457466528372e-04
4.919021223630e-04
4.653102610567e-04
1.056412986436e-03
3.421503084273e-04
5.261117237122e-04
6.962122941729e-04
7.092791306626e-04
6.661799967786e-04
5.551894289417e-04
3.657244469351e-04
8.860371184771e-04
6.029021424707e-04
6.110646524540e-04
4.321394173583e-04
5.269727490301e-04
5.847715480273e-04
4.383455678362e-04
5.005897973522e-04
6.976294539950e-04
6.506533006791e-04
4.763075932576e-04
2.882555176906e-04
5.081507235394e-04
6.493302142543e-04
3.007414041999e-04
3.151475034309e-04
4.854742542842e-04
4.658934049613e-04
5.368405870823e-04
2.887913275967e-04
4.151510566384e-04
5.002276412735e-04
6.234083175595e-04
3.720843863414e-04
4.225817557993e-04
3.958092326221e-04
7.749523842771e-04
3.039293124595e-04
4.463435248028e-04
4.471445126596e-04
6.081387412874e-04
4.951951760135e-04
3.787780251611e-04
3.244479444895e-04
7.819976700297e-04
4.140182850280e-04
4.256320923503e-04
4.564876151384e-04
5.032357363903e-04
6.566093120531e-04
2.373547561143e-04
5.548236805185e-04
4.524582139195e-04
6.001970250371e-04
3.413716316114e-04
3.654954527228e-04
3.568168786367e-04
7.763954623977e-04
3.599897187351e-04
4.924339840367e-04
4.258803240785e-04
7.264363026927e-04
6.237154293685e-04
4.364142456783e-04
3.916705392516e-04
5.733204543240e-04
4.125721147246e-04
3.309753062918e-04
3.223028113527e-04
4.219377528697e-04
5.080168746711e-04
2.720627543444e-04
4.874429031212e-04
3.569311557499e-04
6.966760169503e-04
3.060369491035e-04
3.568227887157e-04
3.793205361835e-04
5.324230046774e-04
4.381152533551e-04
5.150324760029e-04
4.600478147116e-04
7.868828706989e-04
4.969549326823e-04
2.909204463961e-04
4.148564470013e-04
4.217013235721e-04
6.369955898998e-04
3.649000494546e-04
2.670704433565e-04
4.148289275460e-04
7.630732995557e-04
2.704176882173e-04
5.820639905062e-04
4.086441578440e-04
8.886995245510e-04
4.158856096954e-04
3.515986190260e-04
5.455167456278e-04
7.607261701935e-04
5.232671883416e-04
3.683781324855e-04
4.226137921085e-04
6.173929612360e-04
6.494220717584e-04
2.801953668591e-04
3.515963482900e-04
3.304567432510e-04
5.998537148759e-04
2.748640013788e-04
4.367881261667e-04
4.119718507422e-04
5.412049165664e-04
3.273659695855e-04
7.344069366250e-04
4.035140038545e-04
8.073832483206e-04
5.641442662906e-04
3.702592185770e-04
4.851125158571e-04
5.493777383407e-04
6.439828839182e-04
4.946662250325e-04
3.161384776239e-04
4.836236998054e-04
6.242019943466e-04
3.061702393372e-04
5.233380726369e-04
5.019202491919e-04
9.002494268027e-04
3.003093259636e-04
3.893061064566e-04
4.511920477202e-04
5.960702577407e-04
4.288318652754e-04
4.349186472852e-04
5.634680891346e-04
8.759168868380e-04
6.171620974667e-04
3.029139799897e-04
4.086802056492e-04
4.371514023291e-04
1.015771273630e-03
3.430545123543e-04
4.673653989130e-04
3.699994791983e-04
1.031211206250e-03
3.112596470333e-04
4.499019985433e-04
5.009223695736e-04
1.029508451467e-03
3.945337591583e-04
2.933946143672e-04
4.182488509650e-04
5.737722327553e-04
4.354868501791e-04
3.512921968591e-04
5.961270981777e-04
7.595668023929e-04
6.450212904951e-04
3.375229573396e-04
5.030320680442e-04
3.372718570476e-04
7.497100335171e-04
3.532199777481e-04
3.791591873207e-04
3.516304825576e-04
4.242023060475e-04
3.742734981442e-04
4.191086528799e-04
3.895369977885e-04
8.824756942060e-04
4.695085155817e-04
2.665498942884e-04
7.818835741373e-04
3.661846091435e-04
4.522790338855e-04
3.151155404243e-04
5.120144425475e-04
5.181297752001e-04
6.549467298180e-04
4.019852119787e-04
6.328432583306e-04
3.271625610176e-04
9.921830627154e-04
5.047270553591e-04
3.725475419524e-04
4.227963373351e-04
7.276357931600e-04
6.010807129809e-04
4.199416842542e-04
3.595269516907e-04
6.694102365608e-04
4.791274430814e-04
3.360217061577e-04
4.270778938960e-04
5.290102004609e-04
8.908294404287e-04
4.329854875762e-04
4.619325883202e-04
4.084355451867e-04
7.127127942232e-04
3.219316533742e-04
4.219199166520e-04
3.686465655814e-04
1.069004321517e-03
5.149408404666e-04
2.770672637085e-04
4.880650305283e-04
5.359789030670e-04
6.837324114056e-04
3.901565378953e-04
4.304179874270e-04
5.998434687592e-04
4.685430920936e-04
3.298261210876e-04
4.795718221526e-04
3.219447523772e-04
9.551575776439e-04
3.853171499330e-04
3.720465816442e-04
4.346024861633e-04
5.213845252503e-04
4.068841939679e-04
3.615642279365e-04
3.894102945936e-04
8.564874596071e-04
4.457689143363e-04
2.524749800512e-04
5.321016839454e-04
4.616737006625e-04
6.064136606469e-04
2.535092518860e-04
4.332181900352e-04
4.593526651581e-04
5.265962480650e-04
3.418920915235e-04
3.683114595504e-04
3.816311819222e-04
9.478291429010e-04
2.968277489990e-04
6.635296857745e-04
3.806155257040e-04
5.461888893130e-04
5.292150868618e-04
4.195614244378e-04
4.636758395523e-04
7.747684912346e-04
4.723235046091e-04
2.825534044841e-04
4.127898061939e-04
2.960787296693e-04
6.135310826623e-04
3.697204021719e-04
3.776324374199e-04
4.285024367064e-04
5.812886301873e-04
3.609014349690e-04
4.269639608859e-04
3.460091515211e-04
1.038280622864e-03
3.503550452873e-04
4.098379190696e-04
4.393558155218e-04
6.086607708362e-04
4.251603026213e-04
2.479482567721e-04
5.278881231842e-04
4.826054049928e-04
6.876079792968e-04
2.869510792700e-04
5.257279201479e-04
2.407303298664e-04
8.728889087615e-04
3.592299450294e-04
2.551963481407e-04
4.584299726322e-04
5.339371818992e-04
3.950718503164e-04
3.182436722872e-04
4.792008133503e-04
7.719134530823e-04
6.384520216978e-04
3.238982760350e-04
5.022685715573e-04
2.993150151820e-04
7.400784699345e-04
2.930625999758e-04
4.592561745078e-04
3.941647695727e-04
6.717163247786e-04
3.154332567291e-04
4.970366780583e-04
4.313003274928e-04
6.504552086519e-04
3.927153130549e-04
3.486816718221e-04
4.759794122988e-04
5.585071371405e-04
4.679406133000e-04
2.608678461906e-04
3.297723689994e-04
5.504440545781e-04
5.687395250576e-04
2.386701027813e-04
4.488921295205e-04
3.226741088826e-04
7.071903138385e-04
2.082537840258e-04
3.977592646097e-04
3.126890511333e-04
6.413213020685e-04
3.788946157827e-04
3.717326932702e-04
3.931832304839e-04
7.363133474680e-04
3.590307214312e-04
3.386298511826e-04
5.683643717523e-04
4.521155380019e-04
5.946263928008e-04
2.854279597220e-04
3.968757770049e-04
4.494926166018e-04
4.394999191912e-04
2.553342830782e-04
3.804230030935e-04
2.397578266181e-04
9.704051634518e-04
2.909621128382e-04
3.811873047912e-04
3.799882138449e-04
4.981177426250e-04
3.814917455313e-04
4.322728651396e-04
3.689048369992e-04
6.939117226158e-04
4.860403790340e-04
2.850050679124e-04
4.654777552114e-04
3.550484164525e-04
6.950514566793e-04
2.887417992677e-04
3.361119119462e-04
3.454378801290e-04
5.778136834298e-04
2.343593066580e-04
3.561603297519e-04
2.707774368838e-04
9.573104629556e-04
3.997793303795e-04
3.155616564078e-04
3.772335561104e-04
4.192064473049e-04
5.936866332517e-04
3.184225748697e-04
3.237006869223e-04
5.576713839656e-04
4.351687359993e-04
2.378718477200e-04
3.663028358033e-04
2.876771712722e-04
6.124418987891e-04
3.407947373589e-04
2.863189806240e-04
3.090919829102e-04
5.658882554962e-04
3.682909689695e-04
3.538241629834e-04
3.501090901152e-04
1.117058852900e-03
3.952563795258e-04
3.082735149403e-04
4.524606418424e-04
5.090077959259e-04
4.929496814427e-04
3.722436527187e-04
3.868540456702e-04
4.134969694418e-04
6.673240996348e-04
3.688217145533e-04
4.223315518418e-04
4.275806251160e-04
8.547736488151e-04
5.485502383077e-04
2.832391878363e-04
3.518630073185e-04
6.725420563081e-04
5.837860267703e-04
4.121409001568e-04
3.272044202901e-04
6.145825659800e-04
6.667793255638e-04
3.295496297699e-04
4.245218534076e-04
5.761617816821e-04
6.493767471089e-04
3.826474407765e-04
3.455271044904e-04
5.874595174966e-04
9.494373054864e-04
4.309644050071e-04
3.092567771308e-04
4.945851788404e-04
8.577331441164e-04
8.148147586470e-04
4.048356951904e-04
4.785411892552e-04
7.666212555775e-04
8.517839512873e-04
7.140882683892e-04
4.394234229158e-04
7.643435515814e-04
6.624129653716e-04
5.912775186603e-04
6.287324387401e-04
7.823230514102e-04
9.837593817488e-04
7.341269913153e-04
6.204666272971e-04
4.257585682425e-04
9.649551902558e-04
8.152464719476e-04
8.768033615902e-04
6.502495914907e-04
1.072790262686e-03
8.284530487896e-04
8.197529293753e-04
9.156928703558e-04
1.022975210550e-03
1.008832085199e-03
7.895297525916e-04
8.334975158366e-04
1.017152507627e-03
1.553668793374e-03
8.676591703291e-04
9.004407545921e-04
8.034132649585e-04
1.019723119023e-03
1.000616415496e-03
7.163375656212e-04
1.339090206459e-03
9.345051513362e-04
1.093973846279e-03
1.124165631605e-03
8.968616326641e-04
1.156912125699e-03
1.268943421672e-03
8.551209971135e-04
1.222184311797e-03
1.165926434823e-03
1.008807037473e-03
1.499237037604e-03
1.183906279353e-03
1.665113690142e-03
2.007502879945e-03
1.354781445895e-03
1.511805180383e-03
1.579754756746e-03
SCALARS energy_stderr_packet double 1
LOOKUP_TABLE default
5.413637851581e+38
4.675472424906e+38
5.833794034437e+38
4.649347442763e+38
6.543739715530e+38
5.108265876259e+38
5.587698207270e+38
5.454787527978e+38
5.854943109538e+38
5.688972034484e+38
5.559211071875e+38
6.135672544670e+38
5.556289945848e+38
5.187835942111e+38
5.059844009468e+38
6.882135537832e+38
7.224891916414e+38
7.811887386773e+38
6.440184719319e+38
6.427467511981e+38
6.242526932454e+38
6.920976152510e+38
5.710017983145e+38
7.136933133461e+38
8.805714176914e+38
6.963931640178e+38
7.734463891256e+38
6.285515767949e+38
8.781807857592e+38
5.662139225360e+38
6.761654874977e+38
7.998215425086e+38
7.474708941569e+38
7.117920582268e+38
6.522082799754e+38
6.399424585730e+38
9.407460369037e+38
6.381262173344e+38
1.579112135999e+39
8.143459840448e+38
6.089907586052e+38
9.287855822249e+38
7.581355379505e+38
7.430904303548e+38
9.130614115567e+38
7.246751480578e+38
9.095451248051e+38
8.356158630804e+38
8.670059258065e+38
9.169028655491e+38
8.129918234604e+38
9.271754309567e+38
9.354368623249e+38
6.138962758056e+38
9.458691043894e+38
8.646107745315e+38
6.796009979396e+38
1.117684044435e+39
7.774767293568e+38
1.039212008344e+39
9.517636227971e+38
9.354192685190e+38
1.064847213647e+39
7.982213719625e+38
8.501635768694e+38
1.184766391565e+39
7.624165749631e+38
1.002173093169e+39
9.803831184075e+38
7.857144082351e+38
1.135807438426e+39
8.328768314601e+38
9.137792663595e+38
1.118369831170e+39
1.049591137468e+39
1.337825109765e+39
7.765746495112e+38
9.169215590654e+38
1.244288447530e+39
1.037646788750e+39
1.032860301183e+39
1.076339989063e+39
1.039631333206e+39
1.248813854858e+39
9.448547001042e+38
8.865069287275e+38
1.364694962022e+39
9.122050275047e+38
1.214980161745e+39
1.209937880379e+39
1.152733644200e+39
9.743514646033e+38
9.134390113023e+38
7.094622539291e+38
1.237697401928e+39
9.809204206516e+38
1.234339970317e+39
9.379744424939e+38
8.806784428064e+38
1.242537192670e+39
9.335750123869e+38
9.553733549354e+38
1.121396741084e+39
1.022627708354e+39
1.066578359194e+39
1.171657942812e+39
7.557185735456e+38
1.866104901343e+39
8.733439430654e+38
1.411835288385e+39
7.739133689015e+38
1.199187539986e+39
1.111982752185e+39
9.111468298858e+38
8.624584746887e+38
1.062548057818e+39
9.028993730774e+38
9.479599171535e+38
9.048662632275e+38
6.759887497510e+38
1.320424376037e+39
8.113087104850e+38
1.142848973197e+39
8.584872232946e+38
1.136407857165e+39
1.008737518934e+39
1.142123056442e+39
6.109917229932e+38
1.236616828000e+39
7.797969851951e+38
1.059985767785e+39
8.420284459532e+38
1.071106257058e+39
1.129197745706e+39
9.656302071002e+38
7.466294802923e+38
8.714991935544e+38
8.624574049832e+38
1.005735037997e+39
9.205527839054e+38
6.539883087726e+38
1.452332535115e+39
7.165423839731e+38
1.263400614959e+39
9.611935054512e+38
1.108472813641e+39
1.103566019420e+39
9.085304711437e+38
5.940066034794e+38
1.057800110220e+39
8.659795823449e+38
1.240685243556e+39
1.000179026293e+39
6.763247678937e+38
1.019818068110e+39
7.101405092343e+38
8.752017793527e+38
7.845328073614e+38
1.005538314441e+39
8.493966839712e+38
9.608974219840e+38
5.834724293353e+38
1.380014327702e+39
6.812943739922e+38
1.356814432003e+39
7.649519265572e+38
8.037385882553e+38
1.430963874037e+39
9.128117543541e+38
5.269350019463e+38
7.834123110214e+38
8.027989052942e+38
9.932879731782e+38
9.501117570547e+38
6.659359432697e+38
1.283274267590e+39
8.124932008866e+38
8.840077574005e+38
7.108535032168e+38
1.059617493495e+39
9.845061461464e+38
1.165855043198e+39
6.926684795600e+38
1.199563808629e+39
7.836400413067e+38
9.320247681077e+38
7.462224794757e+38
6.700046508494e+38
9.932926833058e+38
1.138671387307e+39
6.868468292485e+38
7.797606893295e+38
8.256453594866e+38
7.639513732760e+38
1.031222392702e+39
7.181527138883e+38
1.325143200789e+39
8.533039434167e+38
9.968533671690e+38
1.702059388262e+39
9.052862097956e+38
9.726394644513e+38
1.151196817125e+39
4.731967093809e+38
1.121675715192e+39
8.021628094303e+38
8.306604546283e+38
6.852415140519e+38
6.831149008792e+38
1.204545544431e+39
8.564656159569e+38
9.513023402633e+38
8.871819790083e+38
1.028408581961e+39
9.119893124022e+38
9.832306057298e+38
4.120165032117e+38
1.392707804115e+39
7.869676976592e+38
1.078473007543e+39
5.657832383825e+38
7.702025423421e+38
9.892698496453e+38
7.882484757055e+38
5.542274838319e+38
8.014666412611e+38
9.301826275864e+38
1.610204744185e+39
8.686843571818e+38
4.422593333234e+38
1.100793319781e+39
7.286950301623e+38
9.941072861881e+38
7.392276355153e+38
1.131165731684e+39
1.352054456074e+39
8.100475541971e+38
6.451879792199e+38
1.139305007086e+39
8.186312369961e+38
9.230597483967e+38
7.619822027603e+38
8.046507918411e+38
9.563115382536e+38
5.930106632948e+38
5.244548334325e+38
8.314466162029e+38
9.201499348826e+38
8.593312798943e+38
1.043838146112e+39
6.602765875571e+38
1.246936883132e+39
8.037975035536e+38
1.082987237731e+39
9.213570952296e+38
9.060389350019e+38
8.215949177728e+38
7.689472179337e+38
4.485213927093e+38
1.149677255726e+39
8.263973425330e+38
8.492553434425e+38
7.396833747767e+38
7.017130629829e+38
1.209598341989e+39
6.755686673291e+38
8.081451214352e+38
7.477390580115e+38
1.006440312392e+39
8.039569795055e+38
9.584231231851e+38
5.408184730494e+38
1.245048651472e+39
6.429787250453e+38
9.373354154426e+38
6.607812220469e+38
7.506616694497e+38
8.898414960371e+38
6.602413913180e+38
5.200693444116e+38
8.243626885045e+38
8.784113129088e+38
8.250961690265e+38
7.479637603476e+38
4.893755480553e+38
1.215694037581e+39
7.259320214149e+38
9.101353101676e+38
7.042242722229e+38
1.007045380511e+39
8.001259728965e+38
8.811900305603e+38
4.251990939338e+38
1.009741256874e+39
1.045676477725e+39
8.940214564254e+38
8.269316039273e+38
6.948987970756e+38
1.060525865014e+39
8.356865688698e+38
7.460970214088e+38
8.683396521345e+38
9.983983943628e+38
7.496944877539e+38
9.858635366621e+38
4.871688135450e+38
1.257174155707e+39
7.313694003090e+38
1.007746892134e+39
7.990895696172e+38
9.367128941779e+38
1.055486546309e+39
7.872742583893e+38
4.232955028206e+38
8.985610174858e+38
9.414003252692e+38
8.967663272390e+38
1.172184307858e+39
7.340642399533e+38
1.281504356351e+39
8.296857789200e+38
8.883163910740e+38
1.029184770581e+39
1.043093993853e+39
8.514838201478e+38
1.037038864789e+39
6.805245916194e+38
1.250856605254e+39
7.528571228160e+38
8.779365450625e+38
6.301301889138e+38
7.287133097271e+38
9.565507287872e+38
8.131199822332e+38
5.284749644776e+38
1.009498891432e+39
9.932789452518e+38
1.019744901713e+39
9.998805869238e+38
5.786018845650e+38
1.690368116627e+39
1.021253882850e+39
1.192936216767e+39
7.926087984124e+38
9.592745378176e+38
9.262911857118e+38
9.986237965858e+38
5.182865807219e+38
9.827646654021e+38
8.837453937602e+38
9.432156968576e+38
9.886328609474e+38
6.260495504848e+38
1.203389372019e+39
6.541243793774e+38
8.615578729196e+38
9.596246047746e+38
1.180951962306e+39
1.061855540195e+39
1.300192706732e+39
4.973316635291e+38
1.485143468838e+39
8.414257186251e+38
1.060063904920e+39
8.086377773811e+38
9.469739603257e+38
9.912069502964e+38
8.804207960600e+38
6.026440920344e+38
1.135818932502e+39
1.007933018120e+39
9.956250619278e+38
9.855985956997e+38
6.472822509049e+38
1.351467414961e+39
8.175045561983e+38
1.134516882031e+39
7.722060023449e+38
1.127209410994e+39
9.746557361380e+38
1.083178686280e+39
6.270541931537e+38
1.270422167013e+39
1.061921793354e+39
9.272971746121e+38
8.826344027442e+38
7.406654552838e+38
1.419341486113e+39
9.400394912987e+38
8.619021657647e+38
8.916631762213e+38
1.106873462161e+39
1.129298355583e+39
1.221986641626e+39
6.808150455177e+38
1.725661016565e+39
8.772112074682e+38
1.156538204339e+39
9.269696175250e+38
9.328208409421e+38
9.353234586680e+38
9.603516415028e+38
8.655341969360e+38
1.010029356712e+39
1.004819879137e+39
1.143783119106e+39
1.033188659100e+39
6.533520005492e+38
1.346309075226e+39
9.834110002178e+38
1.195559448260e+39
1.032984862340e+39
1.115401756075e+39
1.106836485633e+39
1.050332876839e+39
7.113039515827e+38
1.460182112824e+39
8.864992295271e+38
1.117405909220e+39
9.389629823955e+38
1.053088809092e+39
1.255132927421e+39
1.251567789714e+39
1.241427507776e+39
1.233449423647e+39
1.015885503608e+39
1.090481268472e+39
1.049336742926e+39
7.414448218433e+38
1.200731981035e+39
1.139081886094e+39
1.010719716457e+39
1.192650532370e+39
9.085618424172e+38
1.364339853673e+39
1.053410885529e+39
7.689487829872e+38
1.095197420253e+39
1.128892410874e+39
9.290503852849e+38
8.028394341390e+38
7.762252107641e+38
1.345055495991e+39
8.863769071046e+38
8.523342673716e+38
1.044587827914e+39
7.526993167987e+38
1.028180510367e+39
7.399947470160e+38
6.989553931993e+38
9.469697842246e+38
9.532380387371e+38
1.047591717703e+39
1.031337307892e+39
6.980252010025e+38
1.025687839201e+39
9.257192470840e+38
8.261267908119e+38
9.637535467378e+38
7.479438427300e+38
8.269986720754e+38
8.061484146174e+38
8.484838384041e+38
1.201279432408e+39
7.357985525364e+38
8.694504565687e+38
9.101744466764e+38
8.717018520540e+38
8.016339759697e+38
7.432517991972e+38
7.917742909312e+38
8.577169835490e+38
7.872758116505e+38
7.844526821315e+38
6.195481635901e+38
5.465126573782e+38
1.010903668354e+39
7.485392589342e+38
6.466132169722e+38
7.887964010269e+38
7.867145894596e+38
7.838305440551e+38
6.825393180856e+38
5.617657776792e+38
6.402487690768e+38
9.019083665817e+38
6.134917440456e+38
6.899981577428e+38
6.013889911976e+38
7.472594673836e+38
4.961480995510e+38
5.178445436522e+38
7.669786290202e+38
4.304229869292e+38
6.400498901130e+38
4.170701078144e+38
6.629947529350e+38
6.486305970773e+38
5.537641988461e+38
5.173043717690e+38
7.179724626245e+38
5.019370719214e+38
5.901340150517e+38
4.554983763450e+38
5.196785939612e+38
5.896103696327e+38
6.325112248284e+38
7.413939832412e+38
5.982004931821e+38
5.201665380253e+38
4.103249804300e+38
5.353120890070e+38
SCALARS energy_relerr_packet double 1
LOOKUP_TABLE default
1.458567857205e-01
1.207404049286e-01
1.076041587440e-01
1.304745157013e-01
1.199208865235e-01
1.209166407002e-01
1.214731588909e-01
8.523946689304e-02
1.501911966319e-01
9.615084804630e-02
8.703304914940e-02
1.152225934384e-01
7.809851897781e-02
1.119435719994e-01
8.701876002338e-02
7.379004784216e-02
1.395668263971e-01
1.041174038267e-01
8.752527810767e-02
8.825770160458e-02
6.613805033527e-02
1.341333591593e-01
8.481515117160e-02
7.200354412946e-02
1.321034072715e-01
7.834862475116e-02
9.337019765852e-02
6.692836422726e-02
6.832851008944e-02
1.099109097857e-01
8.072589382531e-02
7.120348057967e-02
8.440417186405e-02
5.792921152784e-02
1.059856214538e-01
5.858578272455e-02
6.160178860478e-02
9.241363580215e-02
1.301375005096e-01
7.548705275941e-02
4.712007007731e-02
5.481319099515e-02
9.595973675841e-02
6.052461697517e-02
5.490125883971e-02
6.583993692540e-02
6.171091981488e-02
8.002136962100e-02
4.984433515745e-02
4.780129442451e-02
9.970540929175e-02
7.140749199669e-02
5.712368987877e-02
3.863917558751e-02
4.810967380001e-02
7.669251640649e-02
3.970379369922e-02
4.567242427142e-02
5.718911502799e-02
6.157052243787e-02
5.785063816526e-02
3.975876776193e-02
4.131279264191e-02
7.196423462916e-02
5.145929098554e-02
4.517196661671e-02
3.611913985206e-02
4.585544448415e-02
6.059764151978e-02
3.144023868244e-02
3.988522083736e-02
5.860692085775e-02
6.104947709187e-02
4.475225940927e-02
3.515662489538e-02
4.147676821269e-02
5.438400435842e-02
3.565838581904e-02
3.650858899500e-02
4.144741923183e-02
4.943744010938e-02
4.900757873909e-02
2.997773761248e-02
3.764102485239e-02
5.042896437921e-02
4.762928586303e-02
3.524426205737e-02
3.260007356608e-02
3.519136439014e-02
5.943959375729e-02
2.677986830764e-02
3.311365556319e-02
3.457156786390e-02
5.211338131487e-02
3.667340175685e-02
3.173932477666e-02
3.248463213422e-02
5.897569271219e-02
3.660832779625e-02
3.504034843657e-02
3.492468973458e-02
4.384805621652e-02
5.287237868620e-02
2.524680649229e-02
3.703935838090e-02
4.181878566068e-02
5.946531549901e-02
3.701661637332e-02
3.431428868224e-02
3.082934407228e-02
5.021713857415e-02
2.964385486329e-02
3.853723294509e-02
3.334906871968e-02
6.939475936753e-02
4.359605399941e-02
2.952608817476e-02
3.486294331991e-02
5.076836861958e-02
4.469573810168e-02
3.400618033983e-02
3.233880044253e-02
4.167551933350e-02
5.224150688970e-02
2.310679190393e-02
3.902525505447e-02
3.302151894872e-02
6.593101046379e-02
2.925708929996e-02
3.180560367746e-02
3.340293508526e-02
5.605633664683e-02
4.100269309139e-02
3.686261331427e-02
3.911017151736e-02
5.992592080338e-02
4.377896440142e-02
2.643824514761e-02
3.933582071788e-02
3.986791766549e-02
5.808324552953e-02
3.220759112407e-02
3.190571211344e-02
3.447784769395e-02
6.620296247115e-02
2.598901259297e-02
4.212686049569e-02
3.292933639984e-02
6.755748786013e-02
3.751133462743e-02
3.402900697400e-02
4.353411353044e-02
5.929517027763e-02
4.142555716985e-02
3.477055715994e-02
3.358114410213e-02
5.381833618218e-02
4.859848243171e-02
2.674021481894e-02
3.772918325566e-02
3.429373733784e-02
5.856022034623e-02
2.975674696037e-02
3.176296085529e-02
4.067141571407e-02
5.299269246950e-02
3.061643519717e-02
5.253343838418e-02
3.729609219179e-02
6.963776221806e-02
4.003382900514e-02
2.906553167808e-02
4.241976789672e-02
5.227291031794e-02
5.419752988194e-02
3.487525603785e-02
3.809208302606e-02
3.941108266678e-02
5.235371201851e-02
2.473578372448e-02
4.356863351694e-02
3.579526550052e-02
8.372143786061e-02
3.310753167491e-02
3.521706419094e-02
3.572164000204e-02
5.389785533003e-02
3.720408106558e-02
3.718027108461e-02
5.204052671586e-02
7.423530444443e-02
4.589609503500e-02
2.705814435181e-02
3.631394595668e-02
4.241897655400e-02
7.307843984632e-02
2.949908406603e-02
4.131823390500e-02
3.384270932713e-02
9.943045169929e-02
2.950932556310e-02
3.995033194842e-02
4.390673813566e-02
8.182033388808e-02
4.186143590402e-02
3.372793975482e-02
3.760383246359e-02
4.531873542501e-02
4.555178728389e-02
3.778923950718e-02
4.089017743991e-02
6.834393732710e-02
5.603015031169e-02
2.641989802443e-02
4.420992285423e-02
3.178068091804e-02
6.418150078309e-02
3.087721026820e-02
3.783346922482e-02
4.059335834875e-02
4.420204591147e-02
3.595839776670e-02
3.991799544681e-02
3.630783130197e-02
8.292735235450e-02
4.145215928106e-02
3.206295898207e-02
7.227372259661e-02
4.427889703007e-02
4.762542215928e-02
2.979714491166e-02
3.814966402144e-02
4.103511534512e-02
5.119943287849e-02
2.785853035962e-02
5.620015521188e-02
2.998711819167e-02
9.763288494734e-02
3.654087227543e-02
3.760869034381e-02
3.941230656287e-02
5.650841553586e-02
4.713917578714e-02
3.443033478666e-02
3.044630336523e-02
6.150968202816e-02
5.002547760456e-02
2.791279091162e-02
4.208034579452e-02
3.920710277112e-02
7.560665070274e-02
2.657866502329e-02
3.833721214890e-02
3.747005920138e-02
5.925575757563e-02
3.270680434136e-02
3.726094974079e-02
3.378644278879e-02
8.719733099569e-02
4.517026919281e-02
3.425220928358e-02
4.037448390378e-02
4.786557368188e-02
5.624248444295e-02
3.388379383984e-02
3.538824777764e-02
5.224578476513e-02
4.806191796790e-02
2.500651542517e-02
3.780491112199e-02
3.018397145071e-02
8.361711661103e-02
3.049382295452e-02
3.152774096759e-02
3.833900161006e-02
4.773210295364e-02
3.842080412040e-02
3.446067461251e-02
3.276470129858e-02
7.231316904706e-02
4.070575295036e-02
2.991664996647e-02
3.936686162845e-02
3.713772306543e-02
5.318042301267e-02
2.660416945248e-02
3.722027092983e-02
3.371866241295e-02
4.839815098674e-02
2.934623671609e-02
3.833125649920e-02
3.262643693947e-02
9.130074562292e-02
3.483499035863e-02
4.454176146378e-02
3.958210972535e-02
5.189726106930e-02
4.589856634408e-02
3.433336922054e-02
3.976035651305e-02
5.953238105503e-02
4.834390840765e-02
2.756510807918e-02
3.862414113449e-02
3.213680119953e-02
6.324575664983e-02
2.537964887392e-02
3.376195581586e-02
3.582339487371e-02
5.585959647208e-02
3.837086540308e-02
4.023367801413e-02
3.250354541011e-02
7.147377933283e-02
3.866404965231e-02
3.404433058598e-02
4.131205872297e-02
5.919597945072e-02
5.637417694606e-02
3.021010132074e-02
3.862060156456e-02
4.159981000315e-02
5.780148268485e-02
2.369640088474e-02
3.794585604965e-02
3.180161188469e-02
9.002909204223e-02
3.261434579352e-02
3.174227353007e-02
3.535323103800e-02
4.462917653660e-02
3.781951592924e-02
3.264670981112e-02
3.581466351765e-02
5.776597447664e-02
4.816396300230e-02
2.904755757362e-02
4.263673052656e-02
3.625707195653e-02
6.103040081128e-02
3.017514534525e-02
4.550177978609e-02
3.466322137648e-02
5.136401455003e-02
2.804966939982e-02
3.901008492803e-02
3.429241968887e-02
6.919635230496e-02
3.417944966170e-02
3.088969723772e-02
3.868802410728e-02
4.847112421115e-02
4.420228690423e-02
3.248942885185e-02
3.021409418744e-02
4.961457439818e-02
4.802910009067e-02
2.551232932520e-02
4.372095822756e-02
3.263931034325e-02
6.037494908557e-02
2.814791417937e-02
3.319127913794e-02
3.504638447972e-02
4.909894464819e-02
3.603466762133e-02
3.390600151208e-02
3.207148715768e-02
5.979462614375e-02
4.349551734973e-02
2.921260755927e-02
3.859508922212e-02
3.977535624360e-02
5.299729968977e-02
2.653620817559e-02
3.202960543269e-02
3.448018049480e-02
4.533497472367e-02
2.383528468482e-02
3.627149624795e-02
2.943831424376e-02
7.066040193392e-02
3.160026449104e-02
3.484357202275e-02
3.271452959286e-02
4.734741955043e-02
3.756486616150e-02
3.734701736942e-02
3.288493419907e-02
4.974529513859e-02
4.207354826647e-02
2.445355405897e-02
3.973431797463e-02
3.078095788893e-02
5.922473864427e-02
2.633584407548e-02
3.250953141571e-02
2.925269078923e-02
5.345463520428e-02
2.667211681201e-02
3.087571187334e-02
2.866699257054e-02
6.887551904108e-02
3.471831109640e-02
2.659150968976e-02
3.601847884710e-02
4.135600799292e-02
4.033028457083e-02
2.697988522200e-02
3.205555694682e-02
3.934699338455e-02
4.510274019449e-02
2.203186505425e-02
3.536440396716e-02
2.819855701529e-02
6.027551214748e-02
3.069087033247e-02
2.686490601349e-02
3.223684445761e-02
4.620222114667e-02
3.683978519980e-02
3.199247470852e-02
3.620009742333e-02
6.572700798376e-02
4.184295518912e-02
2.574013885917e-02
3.425913339007e-02
4.396418577158e-02
4.624024083297e-02
3.058725107812e-02
3.184995340162e-02
3.742812215743e-02
5.328612788202e-02
3.006450415486e-02
3.976983320227e-02
3.666804041493e-02
5.663565665446e-02
3.934934454915e-02
3.160563063138e-02
3.424232509216e-02
4.854729147670e-02
4.197111107560e-02
4.191970557402e-02
3.080703990285e-02
5.346561513179e-02
5.361321068280e-02
3.149403905441e-02
3.766583261710e-02
4.381573329626e-02
5.577718529340e-02
4.312742737043e-02
3.402970528909e-02
4.964698001790e-02
6.907723991961e-02
3.986723452978e-02
4.273317828671e-02
4.360790267923e-02
6.525320254282e-02
5.889142600419e-02
3.624139848064e-02
4.512545103619e-02
6.362325787673e-02
6.853407465127e-02
6.192984017012e-02
3.995973160958e-02
6.190627524640e-02
7.496606719907e-02
5.354377990397e-02
4.824854701666e-02
5.805029623902e-02
9.110508059568e-02
6.614478649872e-02
4.743269054697e-02
5.663800468896e-02
7.444254977112e-02
5.828576090189e-02
7.797604731798e-02
5.439738932314e-02
7.458857969821e-02
9.577604588914e-02
6.017858637180e-02
6.596354707140e-02
9.334313973507e-02
9.072974774126e-02
7.454983614899e-02
7.593925464393e-02
7.550678375644e-02
9.800913881384e-02
7.467976795856e-02
7.684385954187e-02
6.436813900147e-02
9.226777368679e-02
9.801192438399e-02
5.821290010531e-02
8.567615676416e-02
9.781029424734e-02
1.039258038101e-01
9.105591753407e-02
7.785022249874e-02
8.980145462765e-02
1.161250795851e-01
8.746829633107e-02
9.621315235006e-02
1.046608422041e-01
1.098675544296e-01
1.305532791571e-01
1.020326821459e-01
1.507225298169e-01
1.577314703625e-01
1.186581876496e-01
1.082442846693e-01
1.334549752647e-01
SCALARS energy_neff double 1
LOOKUP_TABLE default
4.700528850795e+01
6.859536067434e+01
8.636581725709e+01
5.874198431608e+01
6.953610159969e+01
6.839555117871e+01
6.777029080314e+01
1.376317240917e+02
4.433135899814e+01
1.081667452420e+02
1.320175296784e+02
7.532249681774e+01
1.639511259545e+02
7.979977717530e+01
1.320608897538e+02
1.836557018420e+02
5.133760375423e+01
9.224723109148e+01
1.305368117502e+02
1.283792319633e+02
2.286110526331e+02
5.558100535878e+01
1.390122648174e+02
1.928822452214e+02
5.730228778299e+01
1.629060616751e+02
1.147052890497e+02
2.232438885448e+02
2.141884746592e+02
8.277866050195e+01
1.534526084862e+02
1.972411623526e+02
1.403693127950e+02
2.979921099512e+02
8.902379392433e+01
2.913503383523e+02
2.635198628946e+02
1.170921785209e+02
5.904662479183e+01
1.754910857425e+02
4.503893833124e+02
3.328356434112e+02
1.085980192643e+02
2.729831875176e+02
3.317686876311e+02
2.306859729538e+02
2.625886561262e+02
1.561665583529e+02
4.025023170918e+02
4.376437046702e+02
1.005917951911e+02
1.961157351519e+02
3.064555525279e+02
6.697986944435e+02
4.320511600082e+02
1.700176559307e+02
6.343602897314e+02
4.793932019962e+02
3.057547747118e+02
2.637875672337e+02
2.988021318830e+02
6.326072548774e+02
5.859099773799e+02
1.930930214640e+02
3.776351434024e+02
4.900743843083e+02
7.665230186174e+02
4.755740894055e+02
2.723256549399e+02
1.011645446890e+03
6.286023466942e+02
2.911402098712e+02
2.683095328630e+02
4.993097735835e+02
8.090691643343e+02
5.812864247613e+02
3.381097043056e+02
7.864600030775e+02
7.502567357511e+02
5.821099358331e+02
4.091551769335e+02
4.163643213089e+02
1.112762014279e+03
7.057926332766e+02
3.932238953137e+02
4.408104283850e+02
8.050505600613e+02
9.409419687973e+02
8.074725919022e+02
2.830403384542e+02
1.394386360582e+03
9.119809063125e+02
8.366847406004e+02
3.682150153135e+02
7.435284788228e+02
9.926693972964e+02
9.476415488975e+02
2.875106249182e+02
7.461741799072e+02
8.144476374398e+02
8.198509170740e+02
5.201149154050e+02
3.577192414773e+02
1.568870501484e+03
7.289086265679e+02
5.718171345245e+02
2.827955330285e+02
7.298045451753e+02
8.492782437696e+02
1.052134909330e+03
3.965482840732e+02
1.137969555610e+03
6.733470218969e+02
8.991508904327e+02
2.076570364302e+02
5.261452286095e+02
1.147065387670e+03
8.227575955936e+02
3.879837924077e+02
5.005734057215e+02
8.647374997409e+02
9.562075912884e+02
5.757553194487e+02
3.664110892748e+02
1.872926323746e+03
6.566115226426e+02
9.170772229963e+02
2.300490988320e+02
1.168255314735e+03
9.885365102149e+02
8.962532446089e+02
3.182369288932e+02
5.948058552237e+02
7.359151757507e+02
6.537633327436e+02
2.784649686666e+02
5.217578980951e+02
1.430654448194e+03
6.462842439921e+02
6.291481075675e+02
2.964136839103e+02
9.640143785844e+02
9.823429112661e+02
8.412395963671e+02
2.281629652359e+02
1.480541007709e+03
5.634842881205e+02
9.222189509486e+02
2.191053672567e+02
7.106814296919e+02
8.635777582233e+02
5.276434957802e+02
2.844208034275e+02
5.827245072441e+02
8.271355753037e+02
8.867659796402e+02
3.452545935859e+02
4.234036369352e+02
1.398524942196e+03
7.024981618644e+02
8.502964494739e+02
2.916047510926e+02
1.129351404092e+03
9.911925776620e+02
6.045349590688e+02
3.560967650087e+02
1.066819032113e+03
3.623500672173e+02
7.189080399379e+02
2.062103153630e+02
6.239441831744e+02
1.183704930808e+03
5.557294654073e+02
3.659709719008e+02
3.404403379922e+02
8.221767485927e+02
6.891766512735e+02
6.438182286058e+02
3.648421786963e+02
1.634363482075e+03
5.268077096108e+02
7.804567192470e+02
1.426680229931e+02
9.123183150784e+02
8.062945088702e+02
7.836772170549e+02
3.442365902433e+02
7.224683662655e+02
7.233939897512e+02
3.692467087548e+02
1.814592084578e+02
4.747320226770e+02
1.365853064132e+03
7.583210544980e+02
5.557502003052e+02
1.872498446103e+02
1.149166446551e+03
5.857556687316e+02
8.731115881781e+02
1.011489025904e+02
1.148368926291e+03
6.265550223219e+02
5.187255639467e+02
1.493748579094e+02
5.706525439862e+02
8.790637534199e+02
7.071894640655e+02
4.869052243293e+02
4.819357644529e+02
7.002670568059e+02
5.980837595861e+02
2.140917882906e+02
3.185344617821e+02
1.432642155140e+03
5.116352824601e+02
9.900875605535e+02
2.427617523071e+02
1.048875375218e+03
6.986307009358e+02
6.068621267432e+02
5.118176487210e+02
7.733913948466e+02
6.275705444466e+02
7.585764959104e+02
1.454133904293e+02
5.819768150479e+02
9.727310996335e+02
1.914428500436e+02
5.100425537063e+02
4.408819544697e+02
1.126291207838e+03
6.870978109709e+02
5.938663024730e+02
3.814781774720e+02
1.288497546406e+03
3.166102495119e+02
1.112065934084e+03
1.049077940818e+02
7.489316415340e+02
7.070067818286e+02
6.437782434111e+02
3.131653759788e+02
4.500243678065e+02
8.435629729920e+02
1.078774965053e+03
2.643096600262e+02
3.995926696875e+02
1.283492913673e+03
5.647307032309e+02
6.505347460613e+02
1.749363257429e+02
1.415577570222e+03
6.803916007210e+02
7.122480050211e+02
2.847992821038e+02
9.348109139649e+02
7.202647474095e+02
8.760220972224e+02
1.315205499466e+02
4.901112173677e+02
8.523595317565e+02
6.134596919379e+02
4.364690598823e+02
3.161338542999e+02
8.709955549455e+02
7.985127981670e+02
3.663510883836e+02
4.329101857948e+02
1.599166351487e+03
6.996866009542e+02
1.097607932772e+03
1.430242321352e+02
1.075415399351e+03
1.006037785549e+03
6.803280880637e+02
4.389134228380e+02
6.774341715386e+02
8.420782494655e+02
9.315101124000e+02
1.912340448901e+02
6.035154813280e+02
1.117311013793e+03
6.452654509560e+02
7.250524981504e+02
3.535871104265e+02
1.412864747901e+03
7.218399924999e+02
8.795475506001e+02
4.269160277155e+02
1.161168289851e+03
6.806030463764e+02
9.394219510115e+02
1.199641141561e+02
8.240785512435e+02
5.040402570877e+02
6.382666066567e+02
3.712881801070e+02
4.746809022144e+02
8.483345447620e+02
6.325567002299e+02
2.821587314612e+02
4.278745773415e+02
1.316074882850e+03
6.703202344231e+02
9.682660566466e+02
2.499983916222e+02
1.552489892148e+03
8.772932859277e+02
7.792315344711e+02
3.204825679831e+02
6.791986461113e+02
6.177610579521e+02
9.465390358462e+02
1.957521343614e+02
6.689371573273e+02
8.628005273551e+02
5.859307952361e+02
2.853747726459e+02
3.146585748994e+02
1.095710027898e+03
6.704431094681e+02
5.778529115006e+02
2.993105620143e+02
1.780882323001e+03
6.944984651679e+02
9.887846913809e+02
1.233770152468e+02
9.401186256283e+02
9.924849743813e+02
8.000954066878e+02
5.020676656856e+02
6.991463076908e+02
9.382555935096e+02
7.796115228148e+02
2.996786419546e+02
4.310777146345e+02
1.185170294540e+03
5.500880501204e+02
7.607019736403e+02
2.684772901704e+02
1.098250118256e+03
4.829956634389e+02
8.322660102987e+02
3.790374130874e+02
1.270996943479e+03
6.571223042325e+02
8.503617941636e+02
2.088495758814e+02
8.559923209143e+02
1.048027543821e+03
6.681083512539e+02
4.256315521078e+02
5.118120678330e+02
9.473617512193e+02
1.095420445495e+03
4.062388550241e+02
4.335019956403e+02
1.536383998425e+03
5.231432865921e+02
9.386810546485e+02
2.743383011756e+02
1.262140095426e+03
9.077202426018e+02
8.141671167634e+02
4.148161776498e+02
7.701209872805e+02
8.698549634039e+02
9.722138477429e+02
2.796891958321e+02
5.285803306777e+02
1.171815804427e+03
6.713297625538e+02
6.320797018112e+02
3.560348544989e+02
1.420110926341e+03
9.747580323342e+02
8.411257699295e+02
4.865564612284e+02
1.760189042593e+03
7.600970686148e+02
1.153915816390e+03
2.002847086604e+02
1.001425312721e+03
8.236726746905e+02
9.343694711661e+02
4.460744723180e+02
7.086573702987e+02
7.169488173946e+02
9.247110463096e+02
4.041066304351e+02
5.649131971284e+02
1.672307062627e+03
6.333860210582e+02
1.055445320001e+03
2.850976872308e+02
1.441801641071e+03
9.461904939833e+02
1.168606664968e+03
3.499687447505e+02
1.405675356158e+03
1.048977181299e+03
1.216846317763e+03
2.107998175388e+02
8.296268885223e+02
1.414210349592e+03
7.708134161092e+02
5.846861128332e+02
6.148050515020e+02
1.373788271947e+03
9.731803834321e+02
6.459172683915e+02
4.915799306240e+02
2.060143509178e+03
7.995899268183e+02
1.257610717767e+03
2.752442034624e+02
1.061650555475e+03
1.385572799214e+03
9.622655821810e+02
4.684619166612e+02
7.368274916492e+02
9.770219694119e+02
7.630983620137e+02
2.314793607395e+02
5.711567338006e+02
1.509309234112e+03
8.520150261504e+02
5.173708208804e+02
4.676918751303e+02
1.068855764773e+03
9.857854356752e+02
7.138450025794e+02
3.521856647175e+02
1.106348391824e+03
6.322552743215e+02
7.437459216850e+02
3.117598038297e+02
6.458400822294e+02
1.001085288968e+03
8.528516771167e+02
4.242970282339e+02
5.676740837337e+02
5.690671976912e+02
1.053658943470e+03
3.498250173524e+02
3.479015531905e+02
1.008192068727e+03
7.048632301352e+02
5.208825772767e+02
3.214302980455e+02
5.376416373987e+02
8.635423160599e+02
4.057087069466e+02
2.095704506290e+02
6.291696689938e+02
5.476077811218e+02
5.258593501777e+02
2.348531219435e+02
2.883340013900e+02
7.613600841278e+02
4.910852481616e+02
2.470405198619e+02
2.129055062111e+02
2.607354494662e+02
6.262602900006e+02
2.609339876714e+02
1.779387536286e+02
3.488043933301e+02
4.295676039666e+02
2.967502676309e+02
1.204799577860e+02
2.285644916542e+02
4.444720743052e+02
3.117339551930e+02
1.804502632942e+02
2.943574684072e+02
1.644665441082e+02
3.379433349361e+02
1.797443819463e+02
1.090149835305e+02
2.761315537313e+02
2.298222107523e+02
1.147717992781e+02
1.214788279761e+02
1.799312568006e+02
1.734072854219e+02
1.753993810902e+02
1.041038650230e+02
1.793056936367e+02
1.693486196068e+02
2.413559967738e+02
1.174626830240e+02
1.040979476920e+02
2.950947806345e+02
1.362322866815e+02
1.045275735849e+02
9.258768289438e+01
1.206100923839e+02
1.649986092908e+02
1.240033040182e+02
7.415628258281e+01
1.307069452179e+02
1.080267005280e+02
9.129175364904e+01
8.284400475099e+01
5.867112702237e+01
9.605531348254e+01
4.401935250290e+01
4.019419141450e+01
7.102391018260e+01
8.534735186708e+01
5.614750490333e+01
SCALARS luminosity_stderr_packet double 1
LOOKUP_TABLE default
5.413637851581e+36
4.675472424906e+36
5.833794034437e+36
4.649347442763e+36
6.543739715530e+36
5.108265876259e+36
5.587698207270e+36
5.454787527978e+36
5.854943109538e+36
5.688972034484e+36
5.559211071875e+36
6.135672544670e+36
5.556289945848e+36
5.187835942111e+36
5.059844009468e+36
6.882135537832e+36
7.224891916414e+36
7.811887386773e+36
6.440184719319e+36
6.427467511981e+36
6.242526932454e+36
6.920976152510e+36
5.710017983145e+36
7.136933133461e+36
8.805714176914e+36
6.963931640178e+36
7.734463891256e+36
6.285515767949e+36
8.781807857592e+36
5.662139225360e+36
6.761654874977e+36
7.998215425086e+36
7.474708941569e+36
7.117920582268e+36
6.522082799754e+36
6.399424585730e+36
9.407460369037e+36
6.381262173344e+36
1.579112135999e+37
8.143459840448e+36
6.089907586052e+36
9.287855822249e+36
7.581355379505e+36
7.430904303548e+36
9.130614115567e+36
7.246751480578e+36
9.095451248051e+36
8.356158630804e+36
8.670059258065e+36
9.169028655491e+36
8.129918234604e+36
9.271754309567e+36
9.354368623249e+36
6.138962758056e+36
9.458691043894e+36
8.646107745315e+36
6.796009979396e+36
1.117684044435e+37
7.774767293568e+36
1.039212008344e+37
9.517636227971e+36
9.354192685190e+36
1.064847213647e+37
7.982213719625e+36
8.501635768694e+36
1.184766391565e+37
7.624165749631e+36
1.002173093169e+37
9.803831184075e+36
7.857144082351e+36
1.135807438426e+37
8.328768314601e+36
9.137792663595e+36
1.118369831170e+37
1.049591137468e+37
1.337825109765e+37
7.765746495112e+36
9.169215590654e+36
1.244288447530e+37
1.037646788750e+37
1.032860301183e+37
1.076339989063e+37
1.039631333206e+37
1.248813854858e+37
9.448547001042e+36
8.865069287275e+36
1.364694962022e+37
9.122050275047e+36
1.214980161745e+37
1.209937880379e+37
1.152733644200e+37
9.743514646033e+36
9.134390113023e+36
7.094622539291e+36
1.237697401928e+37
9.809204206516e+36
1.234339970317e+37
9.379744424939e+36
8.806784428064e+36
1.242537192670e+37
9.335750123869e+36
9.553733549354e+36
1.121396741084e+37
1.022627708354e+37
1.066578359194e+37
1.171657942812e+37
7.557185735456e+36
1.866104901343e+37
8.733439430654e+36
1.411835288385e+37
7.739133689015e+36
1.199187539986e+37
1.111982752185e+37
9.111468298858e+36
8.624584746887e+36
1.062548057818e+37
9.028993730774e+36
9.479599171535e+36
9.048662632275e+36
6.759887497510e+36
1.320424376037e+37
8.113087104850e+36
1.142848973197e+37
8.584872232946e+36
1.136407857165e+37
1.008737518934e+37
1.142123056442e+37
6.109917229932e+36
1.236616828000e+37
7.797969851951e+36
1.059985767785e+37
8.420284459532e+36
1.071106257058e+37
1.129197745706e+37
9.656302071002e+36
7.466294802923e+36
8.714991935544e+36
8.624574049832e+36
1.005735037997e+37
9.205527839054e+36
6.539883087726e+36
1.452332535115e+37
7.165423839731e+36
1.263400614959e+37
9.611935054512e+36
1.108472813641e+37
1.103566019420e+37
9.085304711437e+36
5.940066034794e+36
1.057800110220e+37
8.659795823449e+36
1.240685243556e+37
1.000179026293e+37
6.763247678937e+36
1.019818068110e+37
7.101405092343e+36
8.752017793527e+36
7.845328073614e+36
1.005538314441e+37
8.493966839712e+36
9.608974219840e+36
5.834724293353e+36
1.380014327702e+37
6.812943739922e+36
1.356814432003e+37
7.649519265572e+36
8.037385882553e+36
1.430963874037e+37
9.128117543541e+36
5.269350019463e+36
7.834123110214e+36
8.027989052942e+36
9.932879731782e+36
9.501117570547e+36
6.659359432697e+36
1.283274267590e+37
8.124932008866e+36
8.840077574005e+36
7.108535032168e+36
1.059617493495e+37
9.845061461464e+36
1.165855043198e+37
6.926684795600e+36
1.199563808629e+37
7.836400413067e+36
9.320247681077e+36
7.462224794757e+36
6.700046508494e+36
9.932926833058e+36
1.138671387307e+37
6.868468292485e+36
7.797606893295e+36
8.256453594866e+36
7.639513732760e+36
1.031222392702e+37
7.181527138883e+36
1.325143200789e+37
8.533039434167e+36
9.968533671690e+36
1.702059388262e+37
9.052862097956e+36
9.726394644513e+36
1.151196817125e+37
4.731967093809e+36
1.121675715192e+37
8.021628094303e+36
8.306604546283e+36
6.852415140519e+36
6.831149008792e+36
1.204545544431e+37
8.564656159569e+36
9.513023402633e+36
8.871819790083e+36
1.028408581961e+37
9.119893124022e+36
9.832306057298e+36
4.120165032117e+36
1.392707804115e+37
7.869676976592e+36
1.078473007543e+37
5.657832383825e+36
7.702025423421e+36
9.892698496453e+36
7.882484757055e+36
5.542274838319e+36
8.014666412611e+36
9.301826275864e+36
1.610204744185e+37
8.686843571818e+36
4.422593333234e+36
1.100793319781e+37
7.286950301623e+36
9.941072861881e+36
7.392276355153e+36
1.131165731684e+37
1.352054456074e+37
8.100475541971e+36
6.451879792199e+36
1.139305007086e+37
8.186312369961e+36
9.230597483967e+36
7.619822027603e+36
8.046507918411e+36
9.563115382536e+36
5.930106632948e+36
5.244548334325e+36
8.314466162029e+36
9.201499348826e+36
8.593312798943e+36
1.043838146112e+37
6.602765875571e+36
1.246936883132e+37
8.037975035536e+36
1.082987237731e+37
9.213570952296e+36
9.060389350019e+36
8.215949177728e+36
7.689472179337e+36
4.485213927093e+36
1.149677255726e+37
8.263973425330e+36
8.492553434425e+36
7.396833747767e+36
7.017130629829e+36
1.209598341989e+37
6.755686673291e+36
8.081451214352e+36
7.477390580115e+36
1.006440312392e+37
8.039569795055e+36
9.584231231851e+36
5.408184730494e+36
1.245048651472e+37
6.429787250453e+36
9.373354154426e+36
6.607812220469e+36
7.506616694497e+36
8.898414960371e+36
6.602413913180e+36
5.200693444116e+36
8.243626885045e+36
8.784113129088e+36
8.250961690265e+36
7.479637603476e+36
4.893755480553e+36
1.215694037581e+37
7.259320214149e+36
9.101353101676e+36
7.042242722229e+36
1.007045380511e+37
8.001259728965e+36
8.811900305603e+36
4.251990939338e+36
1.009741256874e+37
1.045676477725e+37
8.940214564254e+36
8.269316039273e+36
6.948987970756e+36
1.060525865014e+37
8.356865688698e+36
7.460970214088e+36
8.683396521345e+36
9.983983943628e+36
7.496944877539e+36
9.858635366621e+36
4.871688135450e+36
1.257174155707e+37
7.313694003090e+36
1.007746892134e+37
7.990895696172e+36
9.367128941779e+36
1.055486546309e+37
7.872742583893e+36
4.232955028206e+36
8.985610174858e+36
9.414003252692e+36
8.967663272390e+36
1.172184307858e+37
7.340642399533e+36
1.281504356351e+37
8.296857789200e+36
8.883163910740e+36
1.029184770581e+37
1.043093993853e+37
8.514838201478e+36
1.037038864789e+37
6.805245916194e+36
1.250856605254e+37
7.528571228160e+36
8.779365450625e+36
6.301301889138e+36
7.287133097271e+36
9.565507287872e+36
8.131199822332e+36
5.284749644776e+36
1.009498891432e+37
9.932789452518e+36
1.019744901713e+37
9.998805869238e+36
5.786018845650e+36
1.690368116627e+37
1.021253882850e+37
1.192936216767e+37
7.926087984124e+36
9.592745378176e+36
9.262911857118e+36
9.986237965858e+36
5.182865807219e+36
9.827646654021e+36
8.837453937602e+36
9.432156968576e+36
9.886328609474e+36
6.260495504848e+36
1.203389372019e+37
6.541243793774e+36
8.615578729196e+36
9.596246047746e+36
1.180951962306e+37
1.061855540195e+37
1.300192706732e+37
4.973316635291e+36
1.485143468838e+37
8.414257186251e+36
1.060063904920e+37
8.086377773811e+36
9.469739603257e+36
9.912069502964e+36
8.804207960600e+36
6.026440920344e+36
1.135818932502e+37
1.007933018120e+37
9.956250619278e+36
9.855985956997e+36
6.472822509049e+36
1.351467414961e+37
8.175045561983e+36
1.134516882031e+37
7.722060023449e+36
1.127209410994e+37
9.746557361380e+36
1.083178686280e+37
6.270541931537e+36
1.270422167013e+37
1.061921793354e+37
9.272971746121e+36
8.826344027442e+36
7.406654552838e+36
1.419341486113e+37
9.400394912987e+36
8.619021657647e+36
8.916631762213e+36
1.106873462161e+37
1.129298355583e+37
1.221986641626e+37
6.808150455177e+36
1.725661016565e+37
8.772112074682e+36
1.156538204339e+37
9.269696175250e+36
9.328208409421e+36
9.353234586680e+36
9.603516415028e+36
8.655341969360e+36
1.010029356712e+37
1.004819879137e+37
1.143783119106e+37
1.033188659100e+37
6.533520005492e+36
1.346309075226e+37
9.834110002178e+36
1.195559448260e+37
1.032984862340e+37
1.115401756075e+37
1.106836485633e+37
1.050332876839e+37
7.113039515827e+36
1.460182112824e+37
8.864992295271e+36
1.117405909220e+37
9.389629823955e+36
1.053088809092e+37
1.255132927421e+37
1.251567789714e+37
1.241427507776e+37
1.233449423647e+37
1.015885503608e+37
1.090481268472e+37
1.049336742926e+37
7.414448218433e+36
1.200731981035e+37
1.139081886094e+37
1.010719716457e+37
1.192650532370e+37
9.085618424172e+36
1.364339853673e+37
1.053410885529e+37
7.689487829872e+36
1.095197420253e+37
1.128892410874e+37
9.290503852849e+36
8.028394341390e+36
7.762252107641e+36
1.345055495991e+37
8.863769071046e+36
8.523342673716e+36
1.044587827914e+37
7.526993167987e+36
1.028180510367e+37
7.399947470160e+36
6.989553931993e+36
9.469697842246e+36
9.532380387371e+36
1.047591717703e+37
1.031337307892e+37
6.980252010025e+36
1.025687839201e+37
9.257192470840e+36
8.261267908119e+36
9.637535467378e+36
7.479438427300e+36
8.269986720754e+36
8.061484146174e+36
8.484838384041e+36
1.201279432408e+37
7.357985525364e+36
8.694504565687e+36
9.101744466764e+36
8.717018520540e+36
8.016339759697e+36
7.432517991972e+36
7.917742909312e+36
8.577169835490e+36
7.872758116505e+36
7.844526821315e+36
6.195481635901e+36
5.465126573782e+36
1.010903668354e+37
7.485392589342e+36
6.466132169722e+36
7.887964010269e+36
7.867145894596e+36
7.838305440551e+36
6.825393180856e+36
5.617657776792e+36
6.402487690768e+36
9.019083665817e+36
6.134917440456e+36
6.899981577428e+36
6.013889911976e+36
7.472594673836e+36
4.961480995510e+36
5.178445436522e+36
7.669786290202e+36
4.304229869292e+36
6.400498901130e+36
4.170701078144e+36
6.629947529350e+36
6.486305970773e+36
5.537641988461e+36
5.173043717690e+36
7.179724626245e+36
5.019370719214e+36
5.901340150517e+36
4.554983763450e+36
5.196785939612e+36
5.896103696327e+36
6.325112248284e+36
7.413939832412e+36
5.982004931821e+36
5.201665380253e+36
4.103249804300e+36
5.353120890070e+36
SCALARS luminosity_relerr_packet double 1
LOOKUP_TABLE default
1.458567857205e-01
1.207404049286e-01
1.076041587440e-01
1.304745157013e-01
1.199208865235e-01
1.209166407002e-01
1.214731588909e-01
8.523946689304e-02
1.501911966319e-01
9.615084804630e-02
8.703304914940e-02
1.152225934384e-01
7.809851897781e-02
1.119435719994e-01
8.701876002338e-02
7.379004784216e-02
1.395668263971e-01
1.041174038267e-01
8.752527810767e-02
8.825770160458e-02
6.613805033527e-02
1.341333591593e-01
8.481515117160e-02
7.200354412946e-02
1.321034072715e-01
7.834862475116e-02
9.337019765852e-02
6.692836422726e-02
6.832851008944e-02
1.099109097857e-01
8.072589382531e-02
7.120348057967e-02
8.440417186405e-02
5.792921152784e-02
1.059856214538e-01
5.858578272455e-02
6.160178860478e-02
9.241363580215e-02
1.301375005096e-01
7.548705275941e-02
4.712007007731e-02
5.481319099515e-02
9.595973675841e-02
6.052461697517e-02
5.490125883971e-02
6.583993692540e-02
6.171091981488e-02
8.002136962100e-02
4.984433515745e-02
4.780129442451e-02
9.970540929175e-02
7.140749199669e-02
5.712368987877e-02
3.863917558751e-02
4.810967380001e-02
7.669251640649e-02
3.970379369922e-02
4.567242427142e-02
5.718911502799e-02
6.157052243787e-02
5.785063816526e-02
3.975876776193e-02
4.131279264191e-02
7.196423462916e-02
5.145929098554e-02
4.517196661671e-02
3.611913985206e-02
4.585544448415e-02
6.059764151978e-02
3.144023868244e-02
3.988522083736e-02
5.860692085775e-02
6.104947709187e-02
4.475225940927e-02
3.515662489538e-02
4.147676821269e-02
5.438400435842e-02
3.565838581904e-02
3.650858899500e-02
4.144741923183e-02
4.943744010938e-02
4.900757873909e-02
2.997773761248e-02
3.764102485239e-02
5.042896437921e-02
4.762928586303e-02
3.524426205737e-02
3.260007356608e-02
3.519136439014e-02
5.943959375729e-02
2.677986830764e-02
3.311365556319e-02
3.457156786390e-02
5.211338131487e-02
3.667340175685e-02
3.173932477666e-02
3.248463213422e-02
5.897569271219e-02
3.660832779625e-02
3.504034843657e-02
3.492468973458e-02
4.384805621652e-02
5.287237868620e-02
2.524680649229e-02
3.703935838090e-02
4.181878566068e-02
5.946531549901e-02
3.701661637332e-02
3.431428868224e-02
3.082934407228e-02
5.021713857415e-02
2.964385486329e-02
3.853723294509e-02
3.334906871968e-02
6.939475936753e-02
4.359605399941e-02
2.952608817476e-02
3.486294331991e-02
5.076836861958e-02
4.469573810168e-02
3.400618033983e-02
3.233880044253e-02
4.167551933350e-02
5.224150688970e-02
2.310679190393e-02
3.902525505447e-02
3.302151894872e-02
6.593101046379e-02
2.925708929996e-02
3.180560367746e-02
3.340293508526e-02
5.605633664683e-02
4.100269309139e-02
3.686261331427e-02
3.911017151736e-02
5.992592080338e-02
4.377896440142e-02
2.643824514761e-02
3.933582071788e-02
3.986791766549e-02
5.808324552953e-02
3.220759112407e-02
3.190571211344e-02
3.447784769395e-02
6.620296247115e-02
2.598901259297e-02
4.212686049569e-02
3.292933639984e-02
6.755748786013e-02
3.751133462743e-02
3.402900697400e-02
4.353411353044e-02
5.929517027763e-02
4.142555716985e-02
3.477055715994e-02
3.358114410213e-02
5.381833618218e-02
4.859848243171e-02
2.674021481894e-02
3.772918325566e-02
3.429373733784e-02
5.856022034623e-02
2.975674696037e-02
3.176296085529e-02
4.067141571407e-02
5.299269246950e-02
3.061643519717e-02
5.253343838418e-02
3.729609219179e-02
6.963776221806e-02
4.003382900514e-02
2.906553167808e-02
4.241976789672e-02
5.227291031794e-02
5.419752988194e-02
3.487525603785e-02
3.809208302606e-02
3.941108266678e-02
5.235371201851e-02
2.473578372448e-02
4.356863351694e-02
3.579526550052e-02
8.372143786061e-02
3.310753167491e-02
3.521706419094e-02
3.572164000204e-02
5.389785533003e-02
3.720408106558e-02
3.718027108461e-02
5.204052671586e-02
7.423530444443e-02
4.589609503500e-02
2.705814435181e-02
3.631394595668e-02
4.241897655400e-02
7.307843984632e-02
2.949908406603e-02
4.131823390500e-02
3.384270932713e-02
9.943045169929e-02
2.950932556310e-02
3.995033194842e-02
4.390673813566e-02
8.182033388808e-02
4.186143590402e-02
3.372793975482e-02
3.760383246359e-02
4.531873542501e-02
4.555178728389e-02
3.778923950718e-02
4.089017743991e-02
6.834393732710e-02
5.603015031169e-02
2.641989802443e-02
4.420992285423e-02
3.178068091804e-02
6.418150078309e-02
3.087721026820e-02
3.783346922482e-02
4.059335834875e-02
4.420204591147e-02
3.595839776670e-02
3.991799544681e-02
3.630783130197e-02
8.292735235450e-02
4.145215928106e-02
3.206295898207e-02
7.227372259661e-02
4.427889703007e-02
4.762542215928e-02
2.979714491166e-02
3.814966402144e-02
4.103511534512e-02
5.119943287849e-02
2.785853035962e-02
5.620015521188e-02
2.998711819167e-02
9.763288494734e-02
3.654087227543e-02
3.760869034381e-02
3.941230656287e-02
5.650841553586e-02
4.713917578714e-02
3.443033478666e-02
3.044630336523e-02
6.150968202816e-02
5.002547760456e-02
2.791279091162e-02
4.208034579452e-02
3.920710277112e-02
7.560665070274e-02
2.657866502329e-02
3.833721214890e-02
3.747005920138e-02
5.925575757563e-02
3.270680434136e-02
3.726094974079e-02
3.378644278879e-02
8.719733099569e-02
4.517026919281e-02
3.425220928358e-02
4.037448390378e-02
4.786557368188e-02
5.624248444295e-02
3.388379383984e-02
3.538824777764e-02
5.224578476513e-02
4.806191796790e-02
2.500651542517e-02
3.780491112199e-02
3.018397145071e-02
8.361711661103e-02
3.049382295452e-02
3.152774096759e-02
3.833900161006e-02
4.773210295364e-02
3.842080412040e-02
3.446067461251e-02
3.276470129858e-02
7.231316904706e-02
4.070575295036e-02
2.991664996647e-02
3.936686162845e-02
3.713772306543e-02
5.318042301267e-02
2.660416945248e-02
3.722027092983e-02
3.371866241295e-02
4.839815098674e-02
2.934623671609e-02
3.833125649920e-02
3.262643693947e-02
9.130074562292e-02
3.483499035863e-02
4.454176146378e-02
3.958210972535e-02
5.189726106930e-02
4.589856634408e-02
3.433336922054e-02
3.976035651305e-02
5.953238105503e-02
4.834390840765e-02
2.756510807918e-02
3.862414113449e-02
3.213680119953e-02
6.324575664983e-02
2.537964887392e-02
3.376195581586e-02
3.582339487371e-02
5.585959647208e-02
3.837086540308e-02
4.023367801413e-02
3.250354541011e-02
7.147377933283e-02
3.866404965231e-02
3.404433058598e-02
4.131205872297e-02
5.919597945072e-02
5.637417694606e-02
3.021010132074e-02
3.862060156456e-02
4.159981000315e-02
5.780148268485e-02
2.369640088474e-02
3.794585604965e-02
3.180161188469e-02
9.002909204223e-02
3.261434579352e-02
3.174227353007e-02
3.535323103800e-02
4.462917653660e-02
3.781951592924e-02
3.264670981112e-02
3.581466351765e-02
5.776597447664e-02
4.816396300230e-02
2.904755757362e-02
4.263673052656e-02
3.625707195653e-02
6.103040081128e-02
3.017514534525e-02
4.550177978609e-02
3.466322137648e-02
5.136401455003e-02
2.804966939982e-02
3.901008492803e-02
3.429241968887e-02
6.919635230496e-02
3.417944966170e-02
3.088969723772e-02
3.868802410728e-02
4.847112421115e-02
4.420228690423e-02
3.248942885185e-02
3.021409418744e-02
4.961457439818e-02
4.802910009067e-02
2.551232932520e-02
4.372095822756e-02
3.263931034325e-02
6.037494908557e-02
2.814791417937e-02
3.319127913794e-02
3.504638447972e-02
4.909894464819e-02
3.603466762133e-02
3.390600151208e-02
3.207148715768e-02
5.979462614375e-02
4.349551734973e-02
2.921260755927e-02
3.859508922212e-02
3.977535624360e-02
5.299729968977e-02
2.653620817559e-02
3.202960543269e-02
3.448018049480e-02
4.533497472367e-02
2.383528468482e-02
3.627149624795e-02
2.943831424376e-02
7.066040193392e-02
3.160026449104e-02
3.484357202275e-02
3.271452959286e-02
4.734741955043e-02
3.756486616150e-02
3.734701736942e-02
3.288493419907e-02
4.974529513859e-02
4.207354826647e-02
2.445355405897e-02
3.973431797463e-02
3.078095788893e-02
5.922473864427e-02
2.633584407548e-02
3.250953141571e-02
2.925269078923e-02
5.345463520428e-02
2.667211681201e-02
3.087571187334e-02
2.866699257054e-02
6.887551904108e-02
3.471831109640e-02
2.659150968976e-02
3.601847884710e-02
4.135600799292e-02
4.033028457083e-02
2.697988522200e-02
3.205555694682e-02
3.934699338455e-02
4.510274019449e-02
2.203186505425e-02
3.536440396716e-02
2.819855701529e-02
6.027551214748e-02
3.069087033247e-02
2.686490601349e-02
3.223684445761e-02
4.620222114667e-02
3.683978519980e-02
3.199247470852e-02
3.620009742333e-02
6.572700798376e-02
4.184295518912e-02
2.574013885917e-02
3.425913339007e-02
4.396418577158e-02
4.624024083297e-02
3.058725107812e-02
3.184995340162e-02
3.742812215743e-02
5.328612788202e-02
3.006450415486e-02
3.976983320227e-02
3.666804041493e-02
5.663565665446e-02
3.934934454915e-02
3.160563063138e-02
3.424232509216e-02
4.854729147670e-02
4.197111107560e-02
4.191970557402e-02
3.080703990285e-02
5.346561513179e-02
5.361321068280e-02
3.149403905441e-02
3.766583261710e-02
4.381573329626e-02
5.577718529340e-02
4.312742737043e-02
3.402970528909e-02
4.964698001790e-02
6.907723991961e-02
3.986723452978e-02
4.273317828671e-02
4.360790267923e-02
6.525320254282e-02
5.889142600419e-02
3.624139848064e-02
4.512545103619e-02
6.362325787673e-02
6.853407465127e-02
6.192984017012e-02
3.995973160958e-02
6.190627524640e-02
7.496606719907e-02
5.354377990397e-02
4.824854701666e-02
5.805029623902e-02
9.110508059568e-02
6.614478649872e-02
4.743269054697e-02
5.663800468896e-02
7.444254977112e-02
5.828576090189e-02
7.797604731798e-02
5.439738932314e-02
7.458857969821e-02
9.577604588914e-02
6.017858637180e-02
6.596354707140e-02
9.334313973507e-02
9.072974774126e-02
7.454983614899e-02
7.593925464393e-02
7.550678375644e-02
9.800913881384e-02
7.467976795856e-02
7.684385954187e-02
6.436813900147e-02
9.226777368679e-02
9.801192438399e-02
5.821290010531e-02
8.567615676416e-02
9.781029424734e-02
1.039258038101e-01
9.105591753407e-02
7.785022249874e-02
8.980145462765e-02
1.161250795851e-01
8.746829633107e-02
9.621315235006e-02
1.046608422041e-01
1.098675544296e-01
1.305532791571e-01
1.020326821459e-01
1.507225298169e-01
1.577314703625e-01
1.186581876496e-01
1.082442846693e-01
1.334549752647e-01
SCALARS luminosity_neff double 1
LOOKUP_TABLE default
4.700528850795e+01
6.859536067434e+01
8.636581725709e+01
5.874198431608e+01
6.953610159969e+01
6.839555117871e+01
6.777029080314e+01
1.376317240917e+02
4.433135899814e+01
1.081667452420e+02
1.320175296784e+02
7.532249681774e+01
1.639511259545e+02
7.979977717530e+01
1.320608897538e+02
1.836557018420e+02
5.133760375423e+01
9.224723109148e+01
1.305368117502e+02
1.283792319633e+02
2.286110526331e+02
5.558100535878e+01
1.390122648174e+02
1.928822452214e+02
5.730228778299e+01
1.629060616751e+02
1.147052890497e+02
2.232438885448e+02
2.141884746592e+02
8.277866050195e+01
1.534526084862e+02
1.972411623526e+02
1.403693127950e+02
2.979921099512e+02
8.902379392433e+01
2.913503383523e+02
2.635198628946e+02
1.170921785209e+02
5.904662479183e+01
1.754910857425e+02
4.503893833124e+02
3.328356434112e+02
1.085980192643e+02
2.729831875176e+02
3.317686876311e+02
2.306859729538e+02
2.625886561262e+02
1.561665583529e+02
4.025023170918e+02
4.376437046702e+02
1.005917951911e+02
1.961157351519e+02
3.064555525279e+02
6.697986944435e+02
4.320511600082e+02
1.700176559307e+02
6.343602897314e+02
4.793932019962e+02
3.057547747118e+02
2.637875672337e+02
2.988021318830e+02
6.326072548774e+02
5.859099773799e+02
1.930930214640e+02
3.776351434024e+02
4.900743843083e+02
7.665230186174e+02
4.755740894055e+02
2.723256549399e+02
1.011645446890e+03
6.286023466942e+02
2.911402098712e+02
2.683095328630e+02
4.993097735835e+02
8.090691643343e+02
5.812864247613e+02
3.381097043056e+02
7.864600030775e+02
7.502567357511e+02
5.821099358331e+02
4.091551769335e+02
4.163643213089e+02
1.112762014279e+03
7.057926332766e+02
3.932238953137e+02
4.408104283850e+02
8.050505600613e+02
9.409419687973e+02
8.074725919022e+02
2.830403384542e+02
1.394386360582e+03
9.119809063125e+02
8.366847406004e+02
3.682150153135e+02
7.435284788228e+02
9.926693972964e+02
9.476415488975e+02
2.875106249182e+02
7.461741799072e+02
8.144476374398e+02
8.198509170740e+02
5.201149154050e+02
3.577192414773e+02
1.568870501484e+03
7.289086265679e+02
5.718171345245e+02
2.827955330285e+02
7.298045451753e+02
8.492782437696e+02
1.052134909330e+03
3.965482840732e+02
1.137969555610e+03
6.733470218969e+02
8.991508904327e+02
2.076570364302e+02
5.261452286095e+02
1.147065387670e+03
8.227575955936e+02
3.879837924077e+02
5.005734057215e+02
8.647374997409e+02
9.562075912884e+02
5.757553194487e+02
3.664110892748e+02
1.872926323746e+03
6.566115226426e+02
9.170772229963e+02
2.300490988320e+02
1.168255314735e+03
9.885365102149e+02
8.962532446089e+02
3.182369288932e+02
5.948058552237e+02
7.359151757507e+02
6.537633327436e+02
2.784649686666e+02
5.217578980951e+02
1.430654448194e+03
6.462842439921e+02
6.291481075675e+02
2.964136839103e+02
9.640143785844e+02
9.823429112661e+02
8.412395963671e+02
2.281629652359e+02
1.480541007709e+03
5.634842881205e+02
9.222189509486e+02
2.191053672567e+02
7.106814296919e+02
8.635777582233e+02
5.276434957802e+02
2.844208034275e+02
5.827245072441e+02
8.271355753037e+02
8.867659796402e+02
3.452545935859e+02
4.234036369352e+02
1.398524942196e+03
7.024981618644e+02
8.502964494739e+02
2.916047510926e+02
1.129351404092e+03
9.911925776620e+02
6.045349590688e+02
3.560967650087e+02
1.066819032113e+03
3.623500672173e+02
7.189080399379e+02
2.062103153630e+02
6.239441831744e+02
1.183704930808e+03
5.557294654073e+02
3.659709719008e+02
3.404403379922e+02
8.221767485927e+02
6.891766512735e+02
6.438182286058e+02
3.648421786963e+02
1.634363482075e+03
5.268077096108e+02
7.804567192470e+02
1.426680229931e+02
9.123183150784e+02
8.062945088702e+02
7.836772170549e+02
3.442365902433e+02
7.224683662655e+02
7.233939897512e+02
3.692467087548e+02
1.814592084578e+02
4.747320226770e+02
1.365853064132e+03
7.583210544980e+02
5.557502003052e+02
1.872498446103e+02
1.149166446551e+03
5.857556687316e+02
8.731115881781e+02
1.011489025904e+02
1.148368926291e+03
6.265550223219e+02
5.187255639467e+02
1.493748579094e+02
5.706525439862e+02
8.790637534199e+02
7.071894640655e+02
4.869052243293e+02
4.819357644529e+02
7.002670568059e+02
5.980837595861e+02
2.140917882906e+02
3.185344617821e+02
1.432642155140e+03
5.116352824601e+02
9.900875605535e+02
2.427617523071e+02
1.048875375218e+03
6.986307009358e+02
6.068621267432e+02
5.118176487210e+02
7.733913948466e+02
6.275705444466e+02
7.585764959104e+02
1.454133904293e+02
5.819768150479e+02
9.727310996335e+02
1.914428500436e+02
5.100425537063e+02
4.408819544697e+02
1.126291207838e+03
6.870978109709e+02
5.938663024730e+02
3.814781774720e+02
1.288497546406e+03
3.166102495119e+02
1.112065934084e+03
1.049077940818e+02
7.489316415340e+02
7.070067818286e+02
6.437782434111e+02
3.131653759788e+02
4.500243678065e+02
8.435629729920e+02
1.078774965053e+03
2.643096600262e+02
3.995926696875e+02
1.283492913673e+03
5.647307032309e+02
6.505347460613e+02
1.749363257429e+02
1.415577570222e+03
6.803916007210e+02
7.122480050211e+02
2.847992821038e+02
9.348109139649e+02
7.202647474095e+02
8.760220972224e+02
1.315205499466e+02
4.901112173677e+02
8.523595317565e+02
6.134596919379e+02
4.364690598823e+02
3.161338542999e+02
8.709955549455e+02
7.985127981670e+02
3.663510883836e+02
4.329101857948e+02
1.599166351487e+03
6.996866009542e+02
1.097607932772e+03
1.430242321352e+02
1.075415399351e+03
1.006037785549e+03
6.803280880637e+02
4.389134228380e+02
6.774341715386e+02
8.420782494655e+02
9.315101124000e+02
1.912340448901e+02
6.035154813280e+02
1.117311013793e+03
6.452654509560e+02
7.250524981504e+02
3.535871104265e+02
1.412864747901e+03
7.218399924999e+02
8.795475506001e+02
4.269160277155e+02
1.161168289851e+03
6.806030463764e+02
9.394219510115e+02
1.199641141561e+02
8.240785512435e+02
5.040402570877e+02
6.382666066567e+02
3.712881801070e+02
4.746809022144e+02
8.483345447620e+02
6.325567002299e+02
2.821587314612e+02
4.278745773415e+02
1.316074882850e+03
6.703202344231e+02
9.682660566466e+02
2.499983916222e+02
1.552489892148e+03
8.772932859277e+02
7.792315344711e+02
3.204825679831e+02
6.791986461113e+02
6.177610579521e+02
9.465390358462e+02
1.957521343614e+02
6.689371573273e+02
8.628005273551e+02
5.859307952361e+02
2.853747726459e+02
3.146585748994e+02
1.095710027898e+03
6.704431094681e+02
5.778529115006e+02
2.993105620143e+02
1.780882323001e+03
6.944984651679e+02
9.887846913809e+02
1.233770152468e+02
9.401186256283e+02
9.924849743813e+02
8.000954066878e+02
5.020676656856e+02
6.991463076908e+02
9.382555935096e+02
7.796115228148e+02
2.996786419546e+02
4.310777146345e+02
1.185170294540e+03
5.500880501204e+02
7.607019736403e+02
2.684772901704e+02
1.098250118256e+03
4.829956634389e+02
8.322660102987e+02
3.790374130874e+02
1.270996943479e+03
6.571223042325e+02
8.503617941636e+02
2.088495758814e+02
8.559923209143e+02
1.048027543821e+03
6.681083512539e+02
4.256315521078e+02
5.118120678330e+02
9.473617512193e+02
1.095420445495e+03
4.062388550241e+02
4.335019956403e+02
1.536383998425e+03
5.231432865921e+02
9.386810546485e+02
2.743383011756e+02
1.262140095426e+03
9.077202426018e+02
8.141671167634e+02
4.148161776498e+02
7.701209872805e+02
8.698549634039e+02
9.722138477429e+02
2.796891958321e+02
5.285803306777e+02
1.171815804427e+03
6.713297625538e+02
6.320797018112e+02
3.560348544989e+02
1.420110926341e+03
9.747580323342e+02
8.411257699295e+02
4.865564612284e+02
1.760189042593e+03
7.600970686148e+02
1.153915816390e+03
2.002847086604e+02
1.001425312721e+03
8.236726746905e+02
9.343694711661e+02
4.460744723180e+02
7.086573702987e+02
7.169488173946e+02
9.247110463096e+02
4.041066304351e+02
5.649131971284e+02
1.672307062627e+03
6.333860210582e+02
1.055445320001e+03
2.850976872308e+02
1.441801641071e+03
9.461904939833e+02
1.168606664968e+03
3.499687447505e+02
1.405675356158e+03
1.048977181299e+03
1.216846317763e+03
2.107998175388e+02
8.296268885223e+02
1.414210349592e+03
7.708134161092e+02
5.846861128332e+02
6.148050515020e+02
1.373788271947e+03
9.731803834321e+02
6.459172683915e+02
4.915799306240e+02
2.060143509178e+03
7.995899268183e+02
1.257610717767e+03
2.752442034624e+02
1.061650555475e+03
1.385572799214e+03
9.622655821810e+02
4.684619166612e+02
7.368274916492e+02
9.770219694119e+02
7.630983620137e+02
2.314793607395e+02
5.711567338006e+02
1.509309234112e+03
8.520150261504e+02
5.173708208804e+02
4.676918751303e+02
1.068855764773e+03
9.857854356752e+02
7.138450025794e+02
3.521856647175e+02
1.106348391824e+03
6.322552743215e+02
7.437459216850e+02
3.117598038297e+02
6.458400822294e+02
1.001085288968e+03
8.528516771167e+02
4.242970282339e+02
5.676740837337e+02
5.690671976912e+02
1.053658943470e+03
3.498250173524e+02
3.479015531905e+02
1.008192068727e+03
7.048632301352e+02
5.208825772767e+02
3.214302980455e+02
5.376416373987e+02
8.635423160599e+02
4.057087069466e+02
2.095704506290e+02
6.291696689938e+02
5.476077811218e+02
5.258593501777e+02
2.348531219435e+02
2.883340013900e+02
7.613600841278e+02
4.910852481616e+02
2.470405198619e+02
2.129055062111e+02
2.607354494662e+02
6.262602900006e+02
2.609339876714e+02
1.779387536286e+02
3.488043933301e+02
4.295676039666e+02
2.967502676309e+02
1.204799577860e+02
2.285644916542e+02
4.444720743052e+02
3.117339551930e+02
1.804502632942e+02
2.943574684072e+02
1.644665441082e+02
3.379433349361e+02
1.797443819463e+02
1.090149835305e+02
2.761315537313e+02
2.298222107523e+02
1.147717992781e+02
1.214788279761e+02
1.799312568006e+02
1.734072854219e+02
1.753993810902e+02
1.041038650230e+02
1.793056936367e+02
1.693486196068e+02
2.413559967738e+02
1.174626830240e+02
1.040979476920e+02
2.950947806345e+02
1.362322866815e+02
1.045275735849e+02
9.258768289438e+01
1.206100923839e+02
1.649986092908e+02
1.240033040182e+02
7.415628258281e+01
1.307069452179e+02
1.080267005280e+02
9.129175364904e+01
8.284400475099e+01
5.867112702237e+01
9.605531348254e+01
4.401935250290e+01
4.019419141450e+01
7.102391018260e+01
8.534735186708e+01
5.614750490333e+01
SCALARS isotropic_equivalent_luminosity_stderr_packet double 1
LOOKUP_TABLE default
3.514521222942e+39
2.374315118080e+39
2.479476645800e+39
2.512881747927e+39
3.188322036567e+39
2.607088746243e+39
2.834928258575e+39
3.375764063921e+39
3.041969136565e+39
2.995816182300e+39
2.839542963361e+39
3.128805558336e+39
2.824356612154e+39
2.626628728531e+39
2.550581250123e+39
2.989735600139e+39
3.154847360926e+39
3.421999375597e+39
3.365592502373e+39
3.357564548736e+39
3.258309530657e+39
3.608568206540e+39
2.973496206976e+39
4.378832062731e+39
5.399891274079e+39
4.267738886959e+39
4.736498729581e+39
3.846111134316e+39
5.369021521826e+39
3.458628462814e+39
4.126429935114e+39
4.084829788598e+39
3.822648172462e+39
3.644421452361e+39
3.342707141109e+39
3.282707699106e+39
4.829417495926e+39
3.278076391444e+39
6.937325554941e+39
3.578438796813e+39
2.676581205184e+39
4.082748558862e+39
3.333006640398e+39
3.267155717577e+39
4.014720925918e+39
3.186513381517e+39
3.999490433193e+39
3.674406563082e+39
3.812375965079e+39
4.031660134623e+39
3.574606066696e+39
4.807375370368e+39
4.848156752200e+39
3.180348636013e+39
4.898126598324e+39
4.475490667241e+39
3.516389638056e+39
5.780787690632e+39
4.019596278291e+39
6.380383909071e+39
5.842461207745e+39
5.741115901408e+39
6.534313144084e+39
4.897316603732e+39
5.215058744795e+39
7.266263579434e+39
4.675116264877e+39
6.144188810090e+39
6.009516466061e+39
4.815379996230e+39
6.959740222468e+39
5.102605355692e+39
4.676845064570e+39
5.725058178800e+39
5.373935306212e+39
6.850855753520e+39
3.977384615536e+39
4.696901476615e+39
6.374725250155e+39
5.316766381877e+39
5.292903324895e+39
5.516366577674e+39
5.328824044763e+39
6.401701095117e+39
4.844018850796e+39
4.545311406900e+39
6.997703662570e+39
4.677876358509e+39
6.231028980691e+39
6.205632687648e+39
5.912655487145e+39
4.998022014913e+39
4.685860862861e+39
3.639694381099e+39
6.350010643128e+39
5.032881834170e+39
6.333436771638e+39
4.813002758837e+39
4.519202086920e+39
6.376347463629e+39
4.791030358701e+39
4.903079681674e+39
5.755330709368e+39
5.248591935983e+39
5.474335545052e+39
6.013842572367e+39
3.879029587490e+39
9.578777422633e+39
4.483009489542e+39
7.247329605300e+39
3.972787294322e+39
6.155997487186e+39
5.708436127005e+39
4.677509356068e+39
4.427628251977e+39
5.454911129273e+39
4.635366694715e+39
4.866759581216e+39
4.645570292978e+39
3.470550723632e+39
6.779167051275e+39
4.165358831348e+39
5.867569253978e+39
4.407638375976e+39
5.834568442418e+39
5.179105344316e+39
5.863962869053e+39
3.137004042930e+39
6.349156787125e+39
4.003716535542e+39
5.442299127554e+39
4.323241415501e+39
5.499400991788e+39
5.797659536435e+39
4.957847918001e+39
3.833424647648e+39
4.474536168830e+39
4.428103170742e+39
5.163717956592e+39
4.726354668524e+39
3.357732607436e+39
7.456594738916e+39
3.678870955406e+39
6.486520632508e+39
4.934912516207e+39
5.691037590528e+39
5.665814858327e+39
4.664456944991e+39
3.049651980507e+39
5.430751435093e+39
4.445915221274e+39
6.369601327733e+39
5.134822017628e+39
3.472161159035e+39
5.235571964873e+39
3.645713114330e+39
4.493069066359e+39
4.027565789872e+39
5.162103699002e+39
4.360488749956e+39
4.932852047514e+39
2.995282585664e+39
7.084307611103e+39
3.497396948021e+39
6.965091832079e+39
3.926781772864e+39
4.125851960377e+39
7.345538819366e+39
4.685677048197e+39
2.704856889240e+39
4.021367197031e+39
4.120844123179e+39
5.098596617460e+39
4.876926576073e+39
3.418220068091e+39
6.586930487495e+39
4.170415789348e+39
4.537448624672e+39
3.648646399119e+39
5.438721424441e+39
5.053149620022e+39
5.983899890941e+39
3.555177064330e+39
6.156802502627e+39
4.022023074937e+39
4.783562787143e+39
3.829909006251e+39
3.438698247963e+39
5.097880243701e+39
5.843956379272e+39
3.525044833480e+39
4.001863762129e+39
4.237314994527e+39
3.920660106446e+39
5.292271497321e+39
3.685555214555e+39
6.800569720907e+39
4.379077605177e+39
5.115718162000e+39
8.734670329279e+39
4.645732843180e+39
4.991335614834e+39
5.907599792075e+39
2.428286056261e+39
5.756017897246e+39
4.116366877276e+39
4.262573372938e+39
3.516323525743e+39
3.505385581054e+39
6.181049041827e+39
3.766715551994e+39
4.183806885861e+39
3.901809122214e+39
4.522924235083e+39
4.010917697212e+39
4.324240485990e+39
1.812047493367e+39
6.125133417733e+39
3.461091600607e+39
4.743142501715e+39
2.488328633472e+39
3.387376224918e+39
4.350850355437e+39
3.466757439649e+39
2.437526661171e+39
3.524908284003e+39
4.091020940912e+39
7.081833957197e+39
3.820567257006e+39
1.945109767235e+39
4.841436054575e+39
3.741018712573e+39
5.103462259672e+39
3.794875338979e+39
5.806752507909e+39
6.940473504247e+39
4.158084896098e+39
3.311746610796e+39
5.847886131441e+39
4.201799742253e+39
4.737672668614e+39
3.910824495567e+39
4.129707178741e+39
4.907943791182e+39
3.649448750477e+39
3.227568870874e+39
5.116871084939e+39
7.075614750176e+39
6.607929865948e+39
8.026704780139e+39
5.077260460233e+39
9.588430646362e+39
6.180865958228e+39
8.327712435520e+39
7.084842040951e+39
6.967050383246e+39
6.317712148573e+39
5.912875263126e+39
3.448939239106e+39
8.840536306033e+39
6.354654924721e+39
6.530430818174e+39
5.687874219030e+39
5.395905880187e+39
9.301366598974e+39
4.157570326684e+39
4.973438837472e+39
4.601663241233e+39
5.165212678938e+39
4.126146327485e+39
4.919044846050e+39
2.775790952751e+39
6.390478235406e+39
3.300315846607e+39
4.811337912750e+39
3.391880396135e+39
3.853356204748e+39
4.567933057043e+39
3.389394082838e+39
2.669887152517e+39
4.232163135455e+39
3.863370284542e+39
3.628872239329e+39
3.289625084861e+39
2.152320309920e+39
5.346723985151e+39
3.192701560082e+39
4.002831235413e+39
3.097214660295e+39
4.429027886890e+39
3.518980461020e+39
3.875495482762e+39
1.870032796391e+39
4.440851884200e+39
4.598888524160e+39
3.931904005068e+39
3.636838702955e+39
3.056156300363e+39
4.664175524147e+39
3.675333308024e+39
3.281318381731e+39
3.818937282676e+39
5.123218019751e+39
3.847036924807e+39
5.058968372535e+39
2.499929786199e+39
6.451296411006e+39
3.753112687258e+39
5.171417463176e+39
4.100690086260e+39
4.806969694801e+39
5.416528453282e+39
4.040153447748e+39
2.172295909299e+39
4.611332760051e+39
4.831220160557e+39
4.602199155802e+39
6.015693264606e+39
3.767276926032e+39
6.576840240581e+39
4.258087767247e+39
4.559029715951e+39
5.282042714455e+39
5.353475720661e+39
4.370112829514e+39
5.322493756659e+39
3.492752793272e+39
6.420006462890e+39
3.864065074762e+39
4.506080413716e+39
3.234223663327e+39
3.740248243818e+39
4.909708431730e+39
4.173556551105e+39
2.712564432459e+39
5.181618888087e+39
5.098410785834e+39
5.234305975817e+39
5.132390133119e+39
2.969992279338e+39
8.676822394096e+39
5.242241928747e+39
6.123566915139e+39
4.068647053683e+39
4.924225191018e+39
4.754954359905e+39
5.126306093549e+39
2.660580212678e+39
5.044982422590e+39
4.536709578746e+39
4.842041216139e+39
5.075234380685e+39
3.213907086429e+39
6.177806095925e+39
3.358086427975e+39
4.423024631595e+39
4.926512374618e+39
6.062805885729e+39
5.451424726990e+39
6.675063125879e+39
2.553270010094e+39
7.624685487391e+39
4.319884148998e+39
5.442407488685e+39
4.151601092630e+39
4.861856056134e+39
5.088980031545e+39
4.520213236320e+39
3.094080603378e+39
5.831520053586e+39
5.174949853686e+39
5.111777520136e+39
5.060316589683e+39
3.323323594887e+39
6.938820526980e+39
4.197311634877e+39
5.824957483662e+39
3.964747470452e+39
5.787450795098e+39
5.004193269013e+39
5.561383323117e+39
3.219492744190e+39
6.522736473412e+39
5.452220776078e+39
4.761005552587e+39
4.531679257719e+39
3.802757749969e+39
7.287212061831e+39
4.826343391437e+39
4.425143449733e+39
4.577908553997e+39
5.682779143427e+39
5.797858657574e+39
6.273661723782e+39
3.495256588231e+39
8.859316819871e+39
4.503428473784e+39
5.937353946081e+39
4.758738017349e+39
4.788696747313e+39
4.801458211726e+39
4.929844802732e+39
4.443019424050e+39
5.184636851048e+39
5.157773266211e+39
5.870926977312e+39
5.303112552173e+39
3.353403947498e+39
6.909872378626e+39
5.047148187725e+39
6.135740764292e+39
5.301193551543e+39
5.723924563574e+39
5.679732252571e+39
5.389544538634e+39
3.649722694801e+39
7.491865675839e+39
4.548187249850e+39
5.732533318963e+39
4.816796563800e+39
5.401912187450e+39
6.437886694598e+39
6.419147720397e+39
6.366664264928e+39
6.325248956454e+39
5.209124315090e+39
5.591131651630e+39
5.379670507019e+39
3.800813155217e+39
6.154575422540e+39
5.837926035950e+39
5.179443668853e+39
6.110985283799e+39
4.654734301906e+39
6.988787437667e+39
5.395257561625e+39
3.937702436318e+39
5.607440720362e+39
5.778924421719e+39
4.755004703123e+39
4.918581765827e+39
4.756374750051e+39
8.243393860838e+39
5.433280641383e+39
5.225547067403e+39
6.405382181798e+39
4.616362914125e+39
6.307047146813e+39
4.540079592613e+39
4.289059833540e+39
5.812006946331e+39
5.851512003266e+39
6.431832277958e+39
5.332069048414e+39
3.610264913234e+39
5.307111232301e+39
4.791806871773e+39
4.278048187519e+39
4.992817840111e+39
3.876423024837e+39
4.287962034714e+39
3.544516599543e+39
3.730818819197e+39
5.282234756578e+39
3.235485526303e+39
3.823184455996e+39
4.002183684127e+39
3.832863400323e+39
3.524554914189e+39
3.267572957876e+39
3.480475372474e+39
3.769760255134e+39
3.459485726460e+39
3.446242679243e+39
3.182640288485e+39
2.805579493031e+39
5.185624442799e+39
3.836424042844e+39
3.310701562454e+39
4.033991349230e+39
4.017890265958e+39
4.783476650095e+39
4.169183798851e+39
3.434523505290e+39
3.917686328996e+39
5.523185436734e+39
3.759690226977e+39
4.231246842981e+39
3.689794128073e+39
3.891359359026e+39
2.586895574153e+39
2.702908341827e+39
4.006523953076e+39
2.249358428047e+39
2.803740268998e+39
1.821193374492e+39
2.880180148529e+39
3.269636447420e+39
2.803737376725e+39
2.629546040868e+39
3.661206192863e+39
2.563802421238e+39
3.107649363191e+39
2.366567832811e+39
3.216096526740e+39
2.991398311823e+39
3.228126601215e+39
3.612311731984e+39
3.233157167589e+39
2.210809595518e+39
2.083726981622e+39
3.475233750930e+39
SCALARS isotropic_equivalent_luminosity_relerr_packet double 1
LOOKUP_TABLE default
1.458567857205e-01
1.207404049286e-01
1.076041587440e-01
1.304745157013e-01
1.199208865235e-01
1.209166407002e-01
1.214731588909e-01
8.523946689304e-02
1.501911966319e-01
9.615084804630e-02
8.703304914940e-02
1.152225934384e-01
7.809851897781e-02
1.119435719994e-01
8.701876002338e-02
7.379004784216e-02
1.395668263971e-01
1.041174038267e-01
8.752527810767e-02
8.825770160458e-02
6.613805033527e-02
1.341333591593e-01
8.481515117160e-02
7.200354412946e-02
1.321034072715e-01
7.834862475116e-02
9.337019765852e-02
6.692836422726e-02
6.832851008944e-02
1.099109097857e-01
8.072589382531e-02
7.120348057967e-02
8.440417186405e-02
5.792921152784e-02
1.059856214538e-01
5.858578272455e-02
6.160178860478e-02
9.241363580215e-02
1.301375005096e-01
7.548705275941e-02
4.712007007731e-02
5.481319099515e-02
9.595973675841e-02
6.052461697517e-02
5.490125883971e-02
6.583993692540e-02
6.171091981488e-02
8.002136962100e-02
4.984433515745e-02
4.780129442451e-02
9.970540929175e-02
7.140749199669e-02
5.712368987877e-02
3.863917558751e-02
4.810967380001e-02
7.669251640649e-02
3.970379369922e-02
4.567242427142e-02
5.718911502799e-02
6.157052243787e-02
5.785063816526e-02
3.975876776193e-02
4.131279264191e-02
7.196423462916e-02
5.145929098554e-02
4.517196661671e-02
3.611913985206e-02
4.585544448415e-02
6.059764151978e-02
3.144023868244e-02
3.988522083736e-02
5.860692085775e-02
6.104947709187e-02
4.475225940927e-02
3.515662489538e-02
4.147676821269e-02
5.438400435842e-02
3.565838581904e-02
3.650858899500e-02
4.144741923183e-02
4.943744010938e-02
4.900757873909e-02
2.997773761248e-02
3.764102485239e-02
5.042896437921e-02
4.762928586303e-02
3.524426205737e-02
3.260007356608e-02
3.519136439014e-02
5.943959375729e-02
2.677986830764e-02
3.311365556319e-02
3.457156786390e-02
5.211338131487e-02
3.667340175685e-02
3.173932477666e-02
3.248463213422e-02
5.897569271219e-02
3.660832779625e-02
3.504034843657e-02
3.492468973458e-02
4.384805621652e-02
5.287237868620e-02
2.524680649229e-02
3.703935838090e-02
4.181878566068e-02
5.946531549901e-02
3.701661637332e-02
3.431428868224e-02
3.082934407228e-02
5.021713857415e-02
2.964385486329e-02
3.853723294509e-02
3.334906871968e-02
6.939475936753e-02
4.359605399941e-02
2.952608817476e-02
3.486294331991e-02
5.076836861958e-02
4.469573810168e-02
3.400618033983e-02
3.233880044253e-02
4.167551933350e-02
5.224150688970e-02
2.310679190393e-02
3.902525505447e-02
3.302151894872e-02
6.593101046379e-02
2.925708929996e-02
3.180560367746e-02
3.340293508526e-02
5.605633664683e-02
4.100269309139e-02
3.686261331427e-02
3.911017151736e-02
5.992592080338e-02
4.377896440142e-02
2.643824514761e-02
3.933582071788e-02
3.986791766549e-02
5.808324552953e-02
3.220759112407e-02
3.190571211344e-02
3.447784769395e-02
6.620296247115e-02
2.598901259297e-02
4.212686049569e-02
3.292933639984e-02
6.755748786013e-02
3.751133462743e-02
3.402900697400e-02
4.353411353044e-02
5.929517027763e-02
4.142555716985e-02
3.477055715994e-02
3.358114410213e-02
5.381833618218e-02
4.859848243171e-02
2.674021481894e-02
3.772918325566e-02
3.429373733784e-02
5.856022034623e-02
2.975674696037e-02
3.176296085529e-02
4.067141571407e-02
5.299269246950e-02
3.061643519717e-02
5.253343838418e-02
3.729609219179e-02
6.963776221806e-02
4.003382900514e-02
2.906553167808e-02
4.241976789672e-02
5.227291031794e-02
5.419752988194e-02
3.487525603785e-02
3.809208302606e-02
3.941108266678e-02
5.235371201851e-02
2.473578372448e-02
4.356863351694e-02
3.579526550052e-02
8.372143786061e-02
3.310753167491e-02
3.521706419094e-02
3.572164000204e-02
5.389785533003e-02
3.720408106558e-02
3.718027108461e-02
5.204052671586e-02
7.423530444443e-02
4.589609503500e-02
2.705814435181e-02
3.631394595668e-02
4.241897655400e-02
7.307843984632e-02
2.949908406603e-02
4.131823390500e-02
3.384270932713e-02
9.943045169929e-02
2.950932556310e-02
3.995033194842e-02
4.390673813566e-02
8.182033388808e-02
4.186143590402e-02
3.372793975482e-02
3.760383246359e-02
4.531873542501e-02
4.555178728389e-02
3.778923950718e-02
4.089017743991e-02
6.834393732710e-02
5.603015031169e-02
2.641989802443e-02
4.420992285423e-02
3.178068091804e-02
6.418150078309e-02
3.087721026820e-02
3.783346922482e-02
4.059335834875e-02
4.420204591147e-02
3.595839776670e-02
3.991799544681e-02
3.630783130197e-02
8.292735235450e-02
4.145215928106e-02
3.206295898207e-02
7.227372259661e-02
4.427889703007e-02
4.762542215928e-02
2.979714491166e-02
3.814966402144e-02
4.103511534512e-02
5.119943287849e-02
2.785853035962e-02
5.620015521188e-02
2.998711819167e-02
9.763288494734e-02
3.654087227543e-02
3.760869034381e-02
3.941230656287e-02
5.650841553586e-02
4.713917578714e-02
3.443033478666e-02
3.044630336523e-02
6.150968202816e-02
5.002547760456e-02
2.791279091162e-02
4.208034579452e-02
3.920710277112e-02
7.560665070274e-02
2.657866502329e-02
3.833721214890e-02
3.747005920138e-02
5.925575757563e-02
3.270680434136e-02
3.726094974079e-02
3.378644278879e-02
8.719733099569e-02
4.517026919281e-02
3.425220928358e-02
4.037448390378e-02
4.786557368188e-02
5.624248444295e-02
3.388379383984e-02
3.538824777764e-02
5.224578476513e-02
4.806191796790e-02
2.500651542517e-02
3.780491112199e-02
3.018397145071e-02
8.361711661103e-02
3.049382295452e-02
3.152774096759e-02
3.833900161006e-02
4.773210295364e-02
3.842080412040e-02
3.446067461251e-02
3.276470129858e-02
7.231316904706e-02
4.070575295036e-02
2.991664996647e-02
3.936686162845e-02
3.713772306543e-02
5.318042301267e-02
2.660416945248e-02
3.722027092983e-02
3.371866241295e-02
4.839815098674e-02
2.934623671609e-02
3.833125649920e-02
3.262643693947e-02
9.130074562292e-02
3.483499035863e-02
4.454176146378e-02
3.958210972535e-02
5.189726106930e-02
4.589856634408e-02
3.433336922054e-02
3.976035651305e-02
5.953238105503e-02
4.834390840765e-02
2.756510807918e-02
3.862414113449e-02
3.213680119953e-02
6.324575664983e-02
2.537964887392e-02
3.376195581586e-02
3.582339487371e-02
5.585959647208e-02
3.837086540308e-02
4.023367801413e-02
3.250354541011e-02
7.147377933283e-02
3.866404965231e-02
3.404433058598e-02
4.131205872297e-02
5.919597945072e-02
5.637417694606e-02
3.021010132074e-02
3.862060156456e-02
4.159981000315e-02
5.780148268485e-02
2.369640088474e-02
3.794585604965e-02
3.180161188469e-02
9.002909204223e-02
3.261434579352e-02
3.174227353007e-02
3.535323103800e-02
4.462917653660e-02
3.781951592924e-02
3.264670981112e-02
3.581466351765e-02
5.776597447664e-02
4.816396300230e-02
2.904755757362e-02
4.263673052656e-02
3.625707195653e-02
6.103040081128e-02
3.017514534525e-02
4.550177978609e-02
3.466322137648e-02
5.136401455003e-02
2.804966939982e-02
3.901008492803e-02
3.429241968887e-02
6.919635230496e-02
3.417944966170e-02
3.088969723772e-02
3.868802410728e-02
4.847112421115e-02
4.420228690423e-02
3.248942885185e-02
3.021409418744e-02
4.961457439818e-02
4.802910009067e-02
2.551232932520e-02
4.372095822756e-02
3.263931034325e-02
6.037494908557e-02
2.814791417937e-02
3.319127913794e-02
3.504638447972e-02
4.909894464819e-02
3.603466762133e-02
3.390600151208e-02
3.207148715768e-02
5.979462614375e-02
4.349551734973e-02
2.921260755927e-02
3.859508922212e-02
3.977535624360e-02
5.299729968977e-02
2.653620817559e-02
3.202960543269e-02
3.448018049480e-02
4.533497472367e-02
2.383528468482e-02
3.627149624795e-02
2.943831424376e-02
7.066040193392e-02
3.160026449104e-02
3.484357202275e-02
3.271452959286e-02
4.734741955043e-02
3.756486616150e-02
3.734701736942e-02
3.288493419907e-02
4.974529513859e-02
4.207354826647e-02
2.445355405897e-02
3.973431797463e-02
3.078095788893e-02
5.922473864427e-02
2.633584407548e-02
3.250953141571e-02
2.925269078923e-02
5.345463520428e-02
2.667211681201e-02
3.087571187334e-02
2.866699257054e-02
6.887551904108e-02
3.471831109640e-02
2.659150968976e-02
3.601847884710e-02
4.135600799292e-02
4.033028457083e-02
2.697988522200e-02
3.205555694682e-02
3.934699338455e-02
4.510274019449e-02
2.203186505425e-02
3.536440396716e-02
2.819855701529e-02
6.027551214748e-02
3.069087033247e-02
2.686490601349e-02
3.223684445761e-02
4.620222114667e-02
3.683978519980e-02
3.199247470852e-02
3.620009742333e-02
6.572700798376e-02
4.184295518912e-02
2.574013885917e-02
3.425913339007e-02
4.396418577158e-02
4.624024083297e-02
3.058725107812e-02
3.184995340162e-02
3.742812215743e-02
5.328612788202e-02
3.006450415486e-02
3.976983320227e-02
3.666804041493e-02
5.663565665446e-02
3.934934454915e-02
3.160563063138e-02
3.424232509216e-02
4.854729147670e-02
4.197111107560e-02
4.191970557402e-02
3.080703990285e-02
5.346561513179e-02
5.361321068280e-02
3.149403905441e-02
3.766583261710e-02
4.381573329626e-02
5.577718529340e-02
4.312742737043e-02
3.402970528909e-02
4.964698001790e-02
6.907723991961e-02
3.986723452978e-02
4.273317828671e-02
4.360790267923e-02
6.525320254282e-02
5.889142600419e-02
3.624139848064e-02
4.512545103619e-02
6.362325787673e-02
6.853407465127e-02
6.192984017012e-02
3.995973160958e-02
6.190627524640e-02
7.496606719907e-02
5.354377990397e-02
4.824854701666e-02
5.805029623902e-02
9.110508059568e-02
6.614478649872e-02
4.743269054697e-02
5.663800468896e-02
7.444254977112e-02
5.828576090189e-02
7.797604731798e-02
5.439738932314e-02
7.458857969821e-02
9.577604588914e-02
6.017858637180e-02
6.596354707140e-02
9.334313973507e-02
9.072974774126e-02
7.454983614899e-02
7.593925464393e-02
7.550678375644e-02
9.800913881384e-02
7.467976795856e-02
7.684385954187e-02
6.436813900147e-02
9.226777368679e-02
9.801192438399e-02
5.821290010531e-02
8.567615676416e-02
9.781029424734e-02
1.039258038101e-01
9.105591753407e-02
7.785022249874e-02
8.980145462765e-02
1.161250795851e-01
8.746829633107e-02
9.621315235006e-02
1.046608422041e-01
1.098675544296e-01
1.305532791571e-01
1.020326821459e-01
1.507225298169e-01
1.577314703625e-01
1.186581876496e-01
1.082442846693e-01
1.334549752647e-01
SCALARS isotropic_equivalent_luminosity_neff double 1
LOOKUP_TABLE default
4.700528850795e+01
6.859536067434e+01
8.636581725709e+01
5.874198431608e+01
6.953610159969e+01
6.839555117871e+01
6.777029080314e+01
1.376317240917e+02
4.433135899814e+01
1.081667452420e+02
1.320175296784e+02
7.532249681774e+01
1.639511259545e+02
7.979977717530e+01
1.320608897538e+02
1.836557018420e+02
5.133760375423e+01
9.224723109148e+01
1.305368117502e+02
1.283792319633e+02
2.286110526331e+02
5.558100535878e+01
1.390122648174e+02
1.928822452214e+02
5.730228778299e+01
1.629060616751e+02
1.147052890497e+02
2.232438885448e+02
2.141884746592e+02
8.277866050195e+01
1.534526084862e+02
1.972411623526e+02
1.403693127950e+02
2.979921099512e+02
8.902379392433e+01
2.913503383523e+02
2.635198628946e+02
1.170921785209e+02
5.904662479183e+01
1.754910857425e+02
4.503893833124e+02
3.328356434112e+02
1.085980192643e+02
2.729831875176e+02
3.317686876311e+02
2.306859729538e+02
2.625886561262e+02
1.561665583529e+02
4.025023170918e+02
4.376437046702e+02
1.005917951911e+02
1.961157351519e+02
3.064555525279e+02
6.697986944435e+02
4.320511600082e+02
1.700176559307e+02
6.343602897314e+02
4.793932019962e+02
3.057547747118e+02
2.637875672337e+02
2.988021318830e+02
6.326072548774e+02
5.859099773799e+02
1.930930214640e+02
3.776351434024e+02
4.900743843083e+02
7.665230186174e+02
4.755740894055e+02
2.723256549399e+02
1.011645446890e+03
6.286023466942e+02
2.911402098712e+02
2.683095328630e+02
4.993097735835e+02
8.090691643343e+02
5.812864247613e+02
3.381097043056e+02
7.864600030775e+02
7.502567357511e+02
5.821099358331e+02
4.091551769335e+02
4.163643213089e+02
1.112762014279e+03
7.057926332766e+02
3.932238953137e+02
4.408104283850e+02
8.050505600613e+02
9.409419687973e+02
8.074725919022e+02
2.830403384542e+02
1.394386360582e+03
9.119809063125e+02
8.366847406004e+02
3.682150153135e+02
7.435284788228e+02
9.926693972964e+02
9.476415488975e+02
2.875106249182e+02
7.461741799072e+02
8.144476374398e+02
8.198509170740e+02
5.201149154050e+02
3.577192414773e+02
1.568870501484e+03
7.289086265679e+02
5.718171345245e+02
2.827955330285e+02
7.298045451753e+02
8.492782437696e+02
1.052134909330e+03
3.965482840732e+02
1.137969555610e+03
6.733470218969e+02
8.991508904327e+02
2.076570364302e+02
5.261452286095e+02
1.147065387670e+03
8.227575955936e+02
3.879837924077e+02
5.005734057215e+02
8.647374997409e+02
9.562075912884e+02
5.757553194487e+02
3.664110892748e+02
1.872926323746e+03
6.566115226426e+02
9.170772229963e+02
2.300490988320e+02
1.168255314735e+03
9.885365102149e+02
8.962532446089e+02
3.182369288932e+02
5.948058552237e+02
7.359151757507e+02
6.537633327436e+02
2.784649686666e+02
5.217578980951e+02
1.430654448194e+03
6.462842439921e+02
6.291481075675e+02
2.964136839103e+02
9.640143785844e+02
9.823429112661e+02
8.412395963671e+02
2.281629652359e+02
1.480541007709e+03
5.634842881205e+02
9.222189509486e+02
2.191053672567e+02
7.106814296919e+02
8.635777582233e+02
5.276434957802e+02
2.844208034275e+02
5.827245072441e+02
8.271355753037e+02
8.867659796402e+02
3.452545935859e+02
4.234036369352e+02
1.398524942196e+03
7.024981618644e+02
8.502964494739e+02
2.916047510926e+02
1.129351404092e+03
9.911925776620e+02
6.045349590688e+02
3.560967650087e+02
1.066819032113e+03
3.623500672173e+02
7.189080399379e+02
2.062103153630e+02
6.239441831744e+02
1.183704930808e+03
5.557294654073e+02
3.659709719008e+02
3.404403379922e+02
8.221767485927e+02
6.891766512735e+02
6.438182286058e+02
3.648421786963e+02
1.634363482075e+03
5.268077096108e+02
7.804567192470e+02
1.426680229931e+02
9.123183150784e+02
8.062945088702e+02
7.836772170549e+02
3.442365902433e+02
7.224683662655e+02
7.233939897512e+02
3.692467087548e+02
1.814592084578e+02
4.747320226770e+02
1.365853064132e+03
7.583210544980e+02
5.557502003052e+02
1.872498446103e+02
1.149166446551e+03
5.857556687316e+02
8.731115881781e+02
1.011489025904e+02
1.148368926291e+03
6.265550223219e+02
5.187255639467e+02
1.493748579094e+02
5.706525439862e+02
8.790637534199e+02
7.071894640655e+02
4.869052243293e+02
4.819357644529e+02
7.002670568059e+02
5.980837595861e+02
2.140917882906e+02
3.185344617821e+02
1.432642155140e+03
5.116352824601e+02
9.900875605535e+02
2.427617523071e+02
1.048875375218e+03
6.986307009358e+02
6.068621267432e+02
5.118176487210e+02
7.733913948466e+02
6.275705444466e+02
7.585764959104e+02
1.454133904293e+02
5.819768150479e+02
9.727310996335e+02
1.914428500436e+02
5.100425537063e+02
4.408819544697e+02
1.126291207838e+03
6.870978109709e+02
5.938663024730e+02
3.814781774720e+02
1.288497546406e+03
3.166102495119e+02
1.112065934084e+03
1.049077940818e+02
7.489316415340e+02
7.070067818286e+02
6.437782434111e+02
3.131653759788e+02
4.500243678065e+02
8.435629729920e+02
1.078774965053e+03
2.643096600262e+02
3.995926696875e+02
1.283492913673e+03
5.647307032309e+02
6.505347460613e+02
1.749363257429e+02
1.415577570222e+03
6.803916007210e+02
7.122480050211e+02
2.847992821038e+02
9.348109139649e+02
7.202647474095e+02
8.760220972224e+02
1.315205499466e+02
4.901112173677e+02
8.523595317565e+02
6.134596919379e+02
4.364690598823e+02
3.161338542999e+02
8.709955549455e+02
7.985127981670e+02
3.663510883836e+02
4.329101857948e+02
1.599166351487e+03
6.996866009542e+02
1.097607932772e+03
1.430242321352e+02
1.075415399351e+03
1.006037785549e+03
6.803280880637e+02
4.389134228380e+02
6.774341715386e+02
8.420782494655e+02
9.315101124000e+02
1.912340448901e+02
6.035154813280e+02
1.117311013793e+03
6.452654509560e+02
7.250524981504e+02
3.535871104265e+02
1.412864747901e+03
7.218399924999e+02
8.795475506001e+02
4.269160277155e+02
1.161168289851e+03
6.806030463764e+02
9.394219510115e+02
1.199641141561e+02
8.240785512435e+02
5.040402570877e+02
6.382666066567e+02
3.712881801070e+02
4.746809022144e+02
8.483345447620e+02
6.325567002299e+02
2.821587314612e+02
4.278745773415e+02
1.316074882850e+03
6.703202344231e+02
9.682660566466e+02
2.499983916222e+02
1.552489892148e+03
8.772932859277e+02
7.792315344711e+02
3.204825679831e+02
6.791986461113e+02
6.177610579521e+02
9.465390358462e+02
1.957521343614e+02
6.689371573273e+02
8.628005273551e+02
5.859307952361e+02
2.853747726459e+02
3.146585748994e+02
1.095710027898e+03
6.704431094681e+02
5.778529115006e+02
2.993105620143e+02
1.780882323001e+03
6.944984651679e+02
9.887846913809e+02
1.233770152468e+02
9.401186256283e+02
9.924849743813e+02
8.000954066878e+02
5.020676656856e+02
6.991463076908e+02
9.382555935096e+02
7.796115228148e+02
2.996786419546e+02
4.310777146345e+02
1.185170294540e+03
5.500880501204e+02
7.607019736403e+02
2.684772901704e+02
1.098250118256e+03
4.829956634389e+02
8.322660102987e+02
3.790374130874e+02
1.270996943479e+03
6.571223042325e+02
8.503617941636e+02
2.088495758814e+02
8.559923209143e+02
1.048027543821e+03
6.681083512539e+02
4.256315521078e+02
5.118120678330e+02
9.473617512193e+02
1.095420445495e+03
4.062388550241e+02
4.335019956403e+02
1.536383998425e+03
5.231432865921e+02
9.386810546485e+02
2.743383011756e+02
1.262140095426e+03
9.077202426018e+02
8.141671167634e+02
4.148161776498e+02
7.701209872805e+02
8.698549634039e+02
9.722138477429e+02
2.796891958321e+02
5.285803306777e+02
1.171815804427e+03
6.713297625538e+02
6.320797018112e+02
3.560348544989e+02
1.420110926341e+03
9.747580323342e+02
8.411257699295e+02
4.865564612284e+02
1.760189042593e+03
7.600970686148e+02
1.153915816390e+03
2.002847086604e+02
1.001425312721e+03
8.236726746905e+02
9.343694711661e+02
4.460744723180e+02
7.086573702987e+02
7.169488173946e+02
9.247110463096e+02
4.041066304351e+02
5.649131971284e+02
1.672307062627e+03
6.333860210582e+02
1.055445320001e+03
2.850976872308e+02
1.441801641071e+03
9.461904939833e+02
1.168606664968e+03
3.499687447505e+02
1.405675356158e+03
1.048977181299e+03
1.216846317763e+03
2.107998175388e+02
8.296268885223e+02
1.414210349592e+03
7.708134161092e+02
5.846861128332e+02
6.148050515020e+02
1.373788271947e+03
9.731803834321e+02
6.459172683915e+02
4.915799306240e+02
2.060143509178e+03
7.995899268183e+02
1.257610717767e+03
2.752442034624e+02
1.061650555475e+03
1.385572799214e+03
9.622655821810e+02
4.684619166612e+02
7.368274916492e+02
9.770219694119e+02
7.630983620137e+02
2.314793607395e+02
5.711567338006e+02
1.509309234112e+03
8.520150261504e+02
5.173708208804e+02
4.676918751303e+02
1.068855764773e+03
9.857854356752e+02
7.138450025794e+02
3.521856647175e+02
1.106348391824e+03
6.322552743215e+02
7.437459216850e+02
3.117598038297e+02
6.458400822294e+02
1.001085288968e+03
8.528516771167e+02
4.242970282339e+02
5.676740837337e+02
5.690671976912e+02
1.053658943470e+03
3.498250173524e+02
3.479015531905e+02
1.008192068727e+03
7.048632301352e+02
5.208825772767e+02
3.214302980455e+02
5.376416373987e+02
8.635423160599e+02
4.057087069466e+02
2.095704506290e+02
6.291696689938e+02
5.476077811218e+02
5.258593501777e+02
2.348531219435e+02
2.883340013900e+02
7.613600841278e+02
4.910852481616e+02
2.470405198619e+02
2.129055062111e+02
2.607354494662e+02
6.262602900006e+02
2.609339876714e+02
1.779387536286e+02
3.488043933301e+02
4.295676039666e+02
2.967502676309e+02
1.204799577860e+02
2.285644916542e+02
4.444720743052e+02
3.117339551930e+02
1.804502632942e+02
2.943574684072e+02
1.644665441082e+02
3.379433349361e+02
1.797443819463e+02
1.090149835305e+02
2.761315537313e+02
2.298222107523e+02
1.147717992781e+02
1.214788279761e+02
1.799312568006e+02
1.734072854219e+02
1.753993810902e+02
1.041038650230e+02
1.793056936367e+02
1.693486196068e+02
2.413559967738e+02
1.174626830240e+02
1.040979476920e+02
2.950947806345e+02
1.362322866815e+02
1.045275735849e+02
9.258768289438e+01
1.206100923839e+02
1.649986092908e+02
1.240033040182e+02
7.415628258281e+01
1.307069452179e+02
1.080267005280e+02
9.129175364904e+01
8.284400475099e+01
5.867112702237e+01
9.605531348254e+01
4.401935250290e+01
4.019419141450e+01
7.102391018260e+01
8.534735186708e+01
5.614750490333e+01
SCALARS flux_stderr_packet double 1
LOOKUP_TABLE default
4.972030446511e+08
3.358968777780e+08
3.507741906312e+08
3.555000458560e+08
4.510552998119e+08
3.688276098168e+08
4.010603072560e+08
4.775729222089e+08
4.303505998376e+08
4.238212924513e+08
4.017131544362e+08
4.426354405179e+08
3.995647252254e+08
3.715919518337e+08
3.608334344130e+08
4.229610660444e+08
4.463196019483e+08
4.841138807854e+08
4.761339406096e+08
4.749982174947e+08
4.609565048244e+08
5.105079711600e+08
4.206636618713e+08
6.194780157804e+08
7.639283452697e+08
6.037615463866e+08
6.700774984545e+08
5.441134210730e+08
7.595611686803e+08
4.892958366002e+08
5.837704191073e+08
5.778852022616e+08
5.407940909764e+08
5.155801678697e+08
4.728963242809e+08
4.644081395898e+08
6.832228148722e+08
4.637529435833e+08
9.814308034726e+08
5.062455316130e+08
3.786587816817e+08
5.775907684838e+08
4.715239841578e+08
4.622079842697e+08
5.679668271061e+08
4.507994274639e+08
5.658121531479e+08
5.198221932833e+08
5.393408709041e+08
5.703632349261e+08
5.057033112186e+08
6.801044919931e+08
6.858738773306e+08
4.499272943796e+08
6.929431644561e+08
6.331524110694e+08
4.974673713189e+08
8.178141652701e+08
5.686565483767e+08
9.026396781802e+08
8.265391831425e+08
8.122017551757e+08
9.244162103034e+08
6.928285736621e+08
7.377798913323e+08
1.027966014645e+09
6.613936560752e+08
8.692249070362e+08
8.501726677029e+08
6.812369149030e+08
9.846018302590e+08
7.218709911160e+08
6.616382312011e+08
8.099300521286e+08
7.602563269687e+08
9.691978289620e+08
5.626848196801e+08
6.644756330835e+08
9.018391417021e+08
7.521685786138e+08
7.487926466352e+08
7.804062299944e+08
7.538743889697e+08
9.056554430975e+08
6.852884840307e+08
6.430300251556e+08
9.899725583913e+08
6.617841294484e+08
8.815102780674e+08
8.779174375572e+08
8.364696422921e+08
7.070754749827e+08
6.629137057468e+08
5.149114240851e+08
8.983427400355e+08
7.120071305827e+08
8.959980168588e+08
6.809006046078e+08
6.393363119685e+08
9.020686379627e+08
6.777921458583e+08
6.936438824105e+08
8.142127391328e+08
7.425238674524e+08
7.744600552344e+08
8.507846865499e+08
5.487704295545e+08
1.355119800524e+09
6.342161068342e+08
1.025287405244e+09
5.620344317724e+08
8.708954931084e+08
8.075785128330e+08
6.617322092239e+08
6.263812644227e+08
7.717120625340e+08
6.557702422289e+08
6.885056392804e+08
6.572137560962e+08
4.909824914820e+08
9.590559522277e+08
5.892777313427e+08
8.300912450708e+08
6.235532754650e+08
8.254225852611e+08
7.326935256370e+08
8.295810459707e+08
4.437952888280e+08
8.982219441213e+08
5.664100243291e+08
7.699278292756e+08
6.116135479615e+08
7.780060905667e+08
8.202010431889e+08
7.013920028868e+08
5.423186503497e+08
6.330173771669e+08
6.264484516840e+08
7.305166555769e+08
6.686424073787e+08
4.750219929371e+08
1.054892365628e+09
5.204537756001e+08
9.176549530056e+08
6.981473072714e+08
8.051171234260e+08
8.015488367523e+08
6.598856707863e+08
4.314374999179e+08
7.682941649764e+08
6.289683413629e+08
9.011142549630e+08
7.264287164468e+08
4.912103214863e+08
7.406819183314e+08
5.157629006583e+08
6.356392458349e+08
5.697840036320e+08
7.302882848437e+08
6.168829678685e+08
6.978558105803e+08
4.237458039693e+08
1.002224510836e+09
4.947804553173e+08
9.853589281461e+08
5.555259818617e+08
5.836886524083e+08
1.039181166912e+09
6.628877012914e+08
3.826589726921e+08
5.689070821289e+08
5.829801883690e+08
7.213038706669e+08
6.899439748251e+08
4.835792181445e+08
9.318600416778e+08
5.899931445540e+08
6.419176690152e+08
5.161778755682e+08
7.694216878219e+08
7.148744357417e+08
8.465486636537e+08
5.029546696490e+08
8.710093794965e+08
5.689998698719e+08
6.767357005905e+08
5.418212888329e+08
4.864762879687e+08
7.212025245116e+08
8.267507066440e+08
4.986918309945e+08
5.661479105095e+08
5.994574460589e+08
5.546599432213e+08
7.487032613182e+08
5.213994048307e+08
9.620838105986e+08
6.195127529307e+08
7.237260737309e+08
1.235703074829e+09
6.572367522458e+08
7.061295428724e+08
8.357544077488e+08
3.435322036400e+08
8.143099563308e+08
5.823467876428e+08
6.030307756400e+08
4.974580183398e+08
4.959106157048e+08
8.744395631113e+08
5.328812438408e+08
5.918875971792e+08
5.519930744902e+08
6.398628882166e+08
5.674287803077e+08
6.117548875231e+08
2.563522806104e+08
8.665291204707e+08
4.896442993160e+08
6.710173999442e+08
3.520264907149e+08
4.792157069402e+08
6.155194139742e+08
4.904458515740e+08
3.448394818166e+08
4.986725131952e+08
5.787610711454e+08
1.001874560395e+09
5.404997016601e+08
2.751767416104e+08
6.849230931102e+08
5.292458847158e+08
7.219922182309e+08
5.368650387699e+08
8.214874355067e+08
9.818761471994e+08
5.882486800086e+08
4.685163052231e+08
8.273066528509e+08
5.944330656550e+08
6.702435768545e+08
5.532684889194e+08
5.842340542388e+08
6.943320131412e+08
5.162913850657e+08
4.566075910837e+08
7.238891789618e+08
1.000994722582e+09
9.348308460179e+08
1.135546437776e+09
7.182854218765e+08
1.356485452322e+09
8.744136620804e+08
1.178130310010e+09
1.002300117193e+09
9.856360064568e+08
8.937734377575e+08
8.365007342332e+08
4.879250918465e+08
1.250680046834e+09
8.989997714779e+08
9.238669735396e+08
8.046695979054e+08
7.633645273692e+08
1.315874197099e+09
5.881758833280e+08
7.035976667990e+08
6.510021789213e+08
7.307281155324e+08
5.837302968352e+08
6.959024911463e+08
3.926940898845e+08
9.040677332320e+08
4.668991828907e+08
6.806650770664e+08
4.798529168190e+08
5.451383888706e+08
6.462303339922e+08
4.795011754401e+08
3.777117669517e+08
5.987286070924e+08
5.465550913593e+08
5.133804042117e+08
4.653867494886e+08
3.044910368364e+08
7.564067125198e+08
4.516748756483e+08
5.662847799809e+08
4.381662426690e+08
6.265792722582e+08
4.978338977912e+08
5.482704560105e+08
2.645555229241e+08
6.282520256973e+08
6.506096367543e+08
5.562506294839e+08
5.145074282695e+08
4.323576729460e+08
6.598458578811e+08
5.199533008732e+08
4.642115913874e+08
5.402691074630e+08
7.247870865607e+08
5.442443936356e+08
7.156976208307e+08
3.536677180944e+08
9.126717450334e+08
5.309568321404e+08
7.316059129389e+08
5.801289753922e+08
6.800471006404e+08
7.662820246557e+08
5.715647929412e+08
3.073170060651e+08
6.523701360033e+08
6.834778397492e+08
6.510779953237e+08
8.510465059437e+08
5.329606620214e+08
9.304325637459e+08
6.023961922457e+08
6.449707688858e+08
7.472561845582e+08
7.573618877028e+08
6.182444966103e+08
7.529788363983e+08
4.941234418197e+08
9.082451228897e+08
5.466533840686e+08
6.374799749444e+08
4.575490516296e+08
5.291368856840e+08
6.945816587109e+08
5.904374714506e+08
3.837493670054e+08
7.330491193399e+08
7.212775808698e+08
7.405028175170e+08
7.260846751661e+08
4.201679575124e+08
1.227519266090e+09
7.416255251943e+08
8.663075056874e+08
5.755958135910e+08
6.966353600427e+08
6.726884360491e+08
7.252239596359e+08
3.763951043024e+08
7.137190136595e+08
6.418131154043e+08
6.850087059584e+08
7.179987902541e+08
4.546748439496e+08
8.739807801153e+08
4.750720483040e+08
6.257299853649e+08
6.969589303323e+08
8.577115784181e+08
7.712188375056e+08
9.443282594969e+08
3.612138161375e+08
1.078672342079e+09
6.111385919088e+08
7.699431592396e+08
5.873314094557e+08
6.878119323866e+08
7.199434020589e+08
6.394793603465e+08
4.377228643132e+08
8.249913264602e+08
7.321056439705e+08
7.231685869472e+08
7.158883545405e+08
4.701541134402e+08
9.816422987523e+08
5.937981283448e+08
8.240629127333e+08
5.608970293632e+08
8.187568017253e+08
7.079485288450e+08
7.867747967137e+08
4.554650528767e+08
9.227784464261e+08
7.713314554144e+08
6.735445046953e+08
6.411014705537e+08
5.379801718120e+08
1.030929618666e+09
6.827879180498e+08
6.260297368140e+08
6.476415781255e+08
8.039487921564e+08
8.202292130676e+08
8.875415774457e+08
4.944776563479e+08
1.253336946044e+09
6.371048021898e+08
8.399637594711e+08
6.732237140804e+08
6.774620073803e+08
6.792673852848e+08
6.974303724717e+08
6.285586698585e+08
7.334760737606e+08
7.296756539242e+08
8.305662657517e+08
7.502369568454e+08
4.744096128250e+08
9.775469735045e+08
7.140254067500e+08
8.680297530378e+08
7.499654737910e+08
8.097696783803e+08
8.035177452756e+08
7.624645816334e+08
5.163301402598e+08
1.059882182480e+09
6.434368737077e+08
8.109875681350e+08
6.814373182195e+08
7.642142460275e+08
9.107746582319e+08
9.081236356785e+08
9.006987455732e+08
8.948396779613e+08
7.369403412682e+08
7.909833242973e+08
7.610676919091e+08
5.377050679303e+08
8.706943121147e+08
8.258975875790e+08
7.327413887680e+08
8.645275689586e+08
6.585101981579e+08
9.887111705984e+08
7.632728090547e+08
5.570709397022e+08
7.932905855470e+08
8.175505666409e+08
6.726955581576e+08
6.958369786960e+08
6.728893801494e+08
1.166201671827e+09
7.686519744726e+08
7.392636854547e+08
9.061762103342e+08
6.530817572348e+08
8.922646486480e+08
6.422898748401e+08
6.067778433110e+08
8.222307864827e+08
8.278196087833e+08
9.099181334889e+08
7.543334630777e+08
5.107480060555e+08
7.508026543638e+08
6.779019999862e+08
6.052200140702e+08
7.063392348543e+08
5.484016763716e+08
6.066225365467e+08
5.014465223899e+08
5.278028949827e+08
7.472833529611e+08
4.577275687231e+08
5.408699595767e+08
5.661931702139e+08
5.422392500955e+08
4.986225215929e+08
4.622670116972e+08
4.923865420790e+08
5.333119812231e+08
4.894171145972e+08
4.875436066630e+08
4.502514968852e+08
3.969083062695e+08
7.336157894129e+08
5.427429779691e+08
4.683684611258e+08
5.706930343287e+08
5.684151970027e+08
6.767235146909e+08
5.898188535518e+08
4.858856826954e+08
5.542392397718e+08
7.813709012172e+08
5.318873636602e+08
5.985989782243e+08
5.219990884216e+08
5.505147354096e+08
3.659708603458e+08
3.823833096231e+08
5.668071926650e+08
3.182191223192e+08
3.966481092950e+08
2.576461581126e+08
4.074621401187e+08
4.625589357514e+08
3.966477001220e+08
3.720046671038e+08
5.179547229091e+08
3.627038475120e+08
4.396424511540e+08
3.348008611148e+08
4.549845863923e+08
4.231962916297e+08
4.566864937864e+08
5.110375716748e+08
4.573981733465e+08
3.127655780992e+08
2.947870659370e+08
4.916450043202e+08
SCALARS flux_relerr_packet double 1
LOOKUP_TABLE default
1.458567857205e-01
1.207404049286e-01
1.076041587440e-01
1.304745157013e-01
1.199208865235e-01
1.209166407002e-01
1.214731588909e-01
8.523946689304e-02
1.501911966319e-01
9.615084804630e-02
8.703304914940e-02
1.152225934384e-01
7.809851897781e-02
1.119435719994e-01
8.701876002338e-02
7.379004784216e-02
1.395668263971e-01
1.041174038267e-01
8.752527810767e-02
8.825770160458e-02
6.613805033527e-02
1.341333591593e-01
8.481515117160e-02
7.200354412946e-02
1.321034072715e-01
7.834862475116e-02
9.337019765852e-02
6.692836422726e-02
6.832851008944e-02
1.099109097857e-01
8.072589382531e-02
7.120348057967e-02
8.440417186405e-02
5.792921152784e-02
1.059856214538e-01
5.858578272455e-02
6.160178860478e-02
9.241363580215e-02
1.301375005096e-01
7.548705275941e-02
4.712007007731e-02
5.481319099515e-02
9.595973675841e-02
6.052461697517e-02
5.490125883971e-02
6.583993692540e-02
6.171091981488e-02
8.002136962100e-02
4.984433515745e-02
4.780129442451e-02
9.970540929175e-02
7.140749199669e-02
5.712368987877e-02
3.863917558751e-02
4.810967380001e-02
7.669251640649e-02
3.970379369922e-02
4.567242427142e-02
5.718911502799e-02
6.157052243787e-02
5.785063816526e-02
3.975876776193e-02
4.131279264191e-02
7.196423462916e-02
5.145929098554e-02
4.517196661671e-02
3.611913985206e-02
4.585544448415e-02
6.059764151978e-02
3.144023868244e-02
3.988522083736e-02
5.860692085775e-02
6.104947709187e-02
4.475225940927e-02
3.515662489538e-02
4.147676821269e-02
5.438400435842e-02
3.565838581904e-02
3.650858899500e-02
4.144741923183e-02
4.943744010938e-02
4.900757873909e-02
2.997773761248e-02
3.764102485239e-02
5.042896437921e-02
4.762928586303e-02
3.524426205737e-02
3.260007356608e-02
3.519136439014e-02
5.943959375729e-02
2.677986830764e-02
3.311365556319e-02
3.457156786390e-02
5.211338131487e-02
3.667340175685e-02
3.173932477666e-02
3.248463213422e-02
5.897569271219e-02
3.660832779625e-02
3.504034843657e-02
3.492468973458e-02
4.384805621652e-02
5.287237868620e-02
2.524680649229e-02
3.703935838090e-02
4.181878566068e-02
5.946531549901e-02
3.701661637332e-02
3.431428868224e-02
3.082934407228e-02
5.021713857415e-02
2.964385486329e-02
3.853723294509e-02
3.334906871968e-02
6.939475936753e-02
4.359605399941e-02
2.952608817476e-02
3.486294331991e-02
5.076836861958e-02
4.469573810168e-02
3.400618033983e-02
3.233880044253e-02
4.167551933350e-02
5.224150688970e-02
2.310679190393e-02
3.902525505447e-02
3.302151894872e-02
6.593101046379e-02
2.925708929996e-02
3.180560367746e-02
3.340293508526e-02
5.605633664683e-02
4.100269309139e-02
3.686261331427e-02
3.911017151736e-02
5.992592080338e-02
4.377896440142e-02
2.643824514761e-02
3.933582071788e-02
3.986791766549e-02
5.808324552953e-02
3.220759112407e-02
3.190571211344e-02
3.447784769395e-02
6.620296247115e-02
2.598901259297e-02
4.212686049569e-02
3.292933639984e-02
6.755748786013e-02
3.751133462743e-02
3.402900697400e-02
4.353411353044e-02
5.929517027763e-02
4.142555716985e-02
3.477055715994e-02
3.358114410213e-02
5.381833618218e-02
4.859848243171e-02
2.674021481894e-02
3.772918325566e-02
3.429373733784e-02
5.856022034623e-02
2.975674696037e-02
3.176296085529e-02
4.067141571407e-02
5.299269246950e-02
3.061643519717e-02
5.253343838418e-02
3.729609219179e-02
6.963776221806e-02
4.003382900514e-02
2.906553167808e-02
4.241976789672e-02
5.227291031794e-02
5.419752988194e-02
3.487525603785e-02
3.809208302606e-02
3.941108266678e-02
5.235371201851e-02
2.473578372448e-02
4.356863351694e-02
3.579526550052e-02
8.372143786061e-02
3.310753167491e-02
3.521706419094e-02
3.572164000204e-02
5.389785533003e-02
3.720408106558e-02
3.718027108461e-02
5.204052671586e-02
7.423530444443e-02
4.589609503500e-02
2.705814435181e-02
3.631394595668e-02
4.241897655400e-02
7.307843984632e-02
2.949908406603e-02
4.131823390500e-02
3.384270932713e-02
9.943045169929e-02
2.950932556310e-02
3.995033194842e-02
4.390673813566e-02
8.182033388808e-02
4.186143590402e-02
3.372793975482e-02
3.760383246359e-02
4.531873542501e-02
4.555178728389e-02
3.778923950718e-02
4.089017743991e-02
6.834393732710e-02
5.603015031169e-02
2.641989802443e-02
4.420992285423e-02
3.178068091804e-02
6.418150078309e-02
3.087721026820e-02
3.783346922482e-02
4.059335834875e-02
4.420204591147e-02
3.595839776670e-02
3.991799544681e-02
3.630783130197e-02
8.292735235450e-02
4.145215928106e-02
3.206295898207e-02
7.227372259661e-02
4.427889703007e-02
4.762542215928e-02
2.979714491166e-02
3.814966402144e-02
4.103511534512e-02
5.119943287849e-02
2.785853035962e-02
5.620015521188e-02
2.998711819167e-02
9.763288494734e-02
3.654087227543e-02
3.760869034381e-02
3.941230656287e-02
5.650841553586e-02
4.713917578714e-02
3.443033478666e-02
3.044630336523e-02
6.150968202816e-02
5.002547760456e-02
2.791279091162e-02
4.208034579452e-02
3.920710277112e-02
7.560665070274e-02
2.657866502329e-02
3.833721214890e-02
3.747005920138e-02
5.925575757563e-02
3.270680434136e-02
3.726094974079e-02
3.378644278879e-02
8.719733099569e-02
4.517026919281e-02
3.425220928358e-02
4.037448390378e-02
4.786557368188e-02
5.624248444295e-02
3.388379383984e-02
3.538824777764e-02
5.224578476513e-02
4.806191796790e-02
2.500651542517e-02
3.780491112199e-02
3.018397145071e-02
8.361711661103e-02
3.049382295452e-02
3.152774096759e-02
3.833900161006e-02
4.773210295364e-02
3.842080412040e-02
3.446067461251e-02
3.276470129858e-02
7.231316904706e-02
4.070575295036e-02
2.991664996647e-02
3.936686162845e-02
3.713772306543e-02
5.318042301267e-02
2.660416945248e-02
3.722027092983e-02
3.371866241295e-02
4.839815098674e-02
2.934623671609e-02
3.833125649920e-02
3.262643693947e-02
9.130074562292e-02
3.483499035863e-02
4.454176146378e-02
3.958210972535e-02
5.189726106930e-02
4.589856634408e-02
3.433336922054e-02
3.976035651305e-02
5.953238105503e-02
4.834390840765e-02
2.756510807918e-02
3.862414113449e-02
3.213680119953e-02
6.324575664983e-02
2.537964887392e-02
3.376195581586e-02
3.582339487371e-02
5.585959647208e-02
3.837086540308e-02
4.023367801413e-02
3.250354541011e-02
7.147377933283e-02
3.866404965231e-02
3.404433058598e-02
4.131205872297e-02
5.919597945072e-02
5.637417694606e-02
3.021010132074e-02
3.862060156456e-02
4.159981000315e-02
5.780148268485e-02
2.369640088474e-02
3.794585604965e-02
3.180161188469e-02
9.002909204223e-02
3.261434579352e-02
3.174227353007e-02
3.535323103800e-02
4.462917653660e-02
3.781951592924e-02
3.264670981112e-02
3.581466351765e-02
5.776597447664e-02
4.816396300230e-02
2.904755757362e-02
4.263673052656e-02
3.625707195653e-02
6.103040081128e-02
3.017514534525e-02
4.550177978609e-02
3.466322137648e-02
5.136401455003e-02
2.804966939982e-02
3.901008492803e-02
3.429241968887e-02
6.919635230496e-02
3.417944966170e-02
3.088969723772e-02
3.868802410728e-02
4.847112421115e-02
4.420228690423e-02
3.248942885185e-02
3.021409418744e-02
4.961457439818e-02
4.802910009067e-02
2.551232932520e-02
4.372095822756e-02
3.263931034325e-02
6.037494908557e-02
2.814791417937e-02
3.319127913794e-02
3.504638447972e-02
4.909894464819e-02
3.603466762133e-02
3.390600151208e-02
3.207148715768e-02
5.979462614375e-02
4.349551734973e-02
2.921260755927e-02
3.859508922212e-02
3.977535624360e-02
5.299729968977e-02
2.653620817559e-02
3.202960543269e-02
3.448018049480e-02
4.533497472367e-02
2.383528468482e-02
3.627149624795e-02
2.943831424376e-02
7.066040193392e-02
3.160026449104e-02
3.484357202275e-02
3.271452959286e-02
4.734741955043e-02
3.756486616150e-02
3.734701736942e-02
3.288493419907e-02
4.974529513859e-02
4.207354826647e-02
2.445355405897e-02
3.973431797463e-02
3.078095788893e-02
5.922473864427e-02
2.633584407548e-02
3.250953141571e-02
2.925269078923e-02
5.345463520428e-02
2.667211681201e-02
3.087571187334e-02
2.866699257054e-02
6.887551904108e-02
3.471831109640e-02
2.659150968976e-02
3.601847884710e-02
4.135600799292e-02
4.033028457083e-02
2.697988522200e-02
3.205555694682e-02
3.934699338455e-02
4.510274019449e-02
2.203186505425e-02
3.536440396716e-02
2.819855701529e-02
6.027551214748e-02
3.069087033247e-02
2.686490601349e-02
3.223684445761e-02
4.620222114667e-02
3.683978519980e-02
3.199247470852e-02
3.620009742333e-02
6.572700798376e-02
4.184295518912e-02
2.574013885917e-02
3.425913339007e-02
4.396418577158e-02
4.624024083297e-02
3.058725107812e-02
3.184995340162e-02
3.742812215743e-02
5.328612788202e-02
3.006450415486e-02
3.976983320227e-02
3.666804041493e-02
5.663565665446e-02
3.934934454915e-02
3.160563063138e-02
3.424232509216e-02
4.854729147670e-02
4.197111107560e-02
4.191970557402e-02
3.080703990285e-02
5.346561513179e-02
5.361321068280e-02
3.149403905441e-02
3.766583261710e-02
4.381573329626e-02
5.577718529340e-02
4.312742737043e-02
3.402970528909e-02
4.964698001790e-02
6.907723991961e-02
3.986723452978e-02
4.273317828671e-02
4.360790267923e-02
6.525320254282e-02
5.889142600419e-02
3.624139848064e-02
4.512545103619e-02
6.362325787673e-02
6.853407465127e-02
6.192984017012e-02
3.995973160958e-02
6.190627524640e-02
7.496606719907e-02
5.354377990397e-02
4.824854701666e-02
5.805029623902e-02
9.110508059568e-02
6.614478649872e-02
4.743269054697e-02
5.663800468896e-02
7.444254977112e-02
5.828576090189e-02
7.797604731798e-02
5.439738932314e-02
7.458857969821e-02
9.577604588914e-02
6.017858637180e-02
6.596354707140e-02
9.334313973507e-02
9.072974774126e-02
7.454983614899e-02
7.593925464393e-02
7.550678375644e-02
9.800913881384e-02
7.467976795856e-02
7.684385954187e-02
6.436813900147e-02
9.226777368679e-02
9.801192438399e-02
5.821290010531e-02
8.567615676416e-02
9.781029424734e-02
1.039258038101e-01
9.105591753407e-02
7.785022249874e-02
8.980145462765e-02
1.161250795851e-01
8.746829633107e-02
9.621315235006e-02
1.046608422041e-01
1.098675544296e-01
1.305532791571e-01
1.020326821459e-01
1.507225298169e-01
1.577314703625e-01
1.186581876496e-01
1.082442846693e-01
1.334549752647e-01
SCALARS flux_neff double 1
LOOKUP_TABLE default
4.700528850795e+01
6.859536067434e+01
8.636581725709e+01
5.874198431608e+01
6.953610159969e+01
6.839555117871e+01
6.777029080314e+01
1.376317240917e+02
4.433135899814e+01
1.081667452420e+02
1.320175296784e+02
7.532249681774e+01
1.639511259545e+02
7.979977717530e+01
1.320608897538e+02
1.836557018420e+02
5.133760375423e+01
9.224723109148e+01
1.305368117502e+02
1.283792319633e+02
2.286110526331e+02
5.558100535878e+01
1.390122648174e+02
1.928822452214e+02
5.730228778299e+01
1.629060616751e+02
1.147052890497e+02
2.232438885448e+02
2.141884746592e+02
8.277866050195e+01
1.534526084862e+02
1.972411623526e+02
1.403693127950e+02
2.979921099512e+02
8.902379392433e+01
2.913503383523e+02
2.635198628946e+02
1.170921785209e+02
5.904662479183e+01
1.754910857425e+02
4.503893833124e+02
3.328356434112e+02
1.085980192643e+02
2.729831875176e+02
3.317686876311e+02
2.306859729538e+02
2.625886561262e+02
1.561665583529e+02
4.025023170918e+02
4.376437046702e+02
1.005917951911e+02
1.961157351519e+02
3.064555525279e+02
6.697986944435e+02
4.320511600082e+02
1.700176559307e+02
6.343602897314e+02
4.793932019962e+02
3.057547747118e+02
2.637875672337e+02
2.988021318830e+02
6.326072548774e+02
5.859099773799e+02
1.930930214640e+02
3.776351434024e+02
4.900743843083e+02
7.665230186174e+02
4.755740894055e+02
2.723256549399e+02
1.011645446890e+03
6.286023466942e+02
2.911402098712e+02
2.683095328630e+02
4.993097735835e+02
8.090691643343e+02
5.812864247613e+02
3.381097043056e+02
7.864600030775e+02
7.502567357511e+02
5.821099358331e+02
4.091551769335e+02
4.163643213089e+02
1.112762014279e+03
7.057926332766e+02
3.932238953137e+02
4.408104283850e+02
8.050505600613e+02
9.409419687973e+02
8.074725919022e+02
2.830403384542e+02
1.394386360582e+03
9.119809063125e+02
8.366847406004e+02
3.682150153135e+02
7.435284788228e+02
9.926693972964e+02
9.476415488975e+02
2.875106249182e+02
7.461741799072e+02
8.144476374398e+02
8.198509170740e+02
5.201149154050e+02
3.577192414773e+02
1.568870501484e+03
7.289086265679e+02
5.718171345245e+02
2.827955330285e+02
7.298045451753e+02
8.492782437696e+02
1.052134909330e+03
3.965482840732e+02
1.137969555610e+03
6.733470218969e+02
8.991508904327e+02
2.076570364302e+02
5.261452286095e+02
1.147065387670e+03
8.227575955936e+02
3.879837924077e+02
5.005734057215e+02
8.647374997409e+02
9.562075912884e+02
5.757553194487e+02
3.664110892748e+02
1.872926323746e+03
6.566115226426e+02
9.170772229963e+02
2.300490988320e+02
1.168255314735e+03
9.885365102149e+02
8.962532446089e+02
3.182369288932e+02
5.948058552237e+02
7.359151757507e+02
6.537633327436e+02
2.784649686666e+02
5.217578980951e+02
1.430654448194e+03
6.462842439921e+02
6.291481075675e+02
2.964136839103e+02
9.640143785844e+02
9.823429112661e+02
8.412395963671e+02
2.281629652359e+02
1.480541007709e+03
5.634842881205e+02
9.222189509486e+02
2.191053672567e+02
7.106814296919e+02
8.635777582233e+02
5.276434957802e+02
2.844208034275e+02
5.827245072441e+02
8.271355753037e+02
8.867659796402e+02
3.452545935859e+02
4.234036369352e+02
1.398524942196e+03
7.024981618644e+02
8.502964494739e+02
2.916047510926e+02
1.129351404092e+03
9.911925776620e+02
6.045349590688e+02
3.560967650087e+02
1.066819032113e+03
3.623500672173e+02
7.189080399379e+02
2.062103153630e+02
6.239441831744e+02
1.183704930808e+03
5.557294654073e+02
3.659709719008e+02
3.404403379922e+02
8.221767485927e+02
6.891766512735e+02
6.438182286058e+02
3.648421786963e+02
1.634363482075e+03
5.268077096108e+02
7.804567192470e+02
1.426680229931e+02
9.123183150784e+02
8.062945088702e+02
7.836772170549e+02
3.442365902433e+02
7.224683662655e+02
7.233939897512e+02
3.692467087548e+02
1.814592084578e+02
4.747320226770e+02
1.365853064132e+03
7.583210544980e+02
5.557502003052e+02
1.872498446103e+02
1.149166446551e+03
5.857556687316e+02
8.731115881781e+02
1.011489025904e+02
1.148368926291e+03
6.265550223219e+02
5.187255639467e+02
1.493748579094e+02
5.706525439862e+02
8.790637534199e+02
7.071894640655e+02
4.869052243293e+02
4.819357644529e+02
7.002670568059e+02
5.980837595861e+02
2.140917882906e+02
3.185344617821e+02
1.432642155140e+03
5.116352824601e+02
9.900875605535e+02
2.427617523071e+02
1.048875375218e+03
6.986307009358e+02
6.068621267432e+02
5.118176487210e+02
7.733913948466e+02
6.275705444466e+02
7.585764959104e+02
1.454133904293e+02
5.819768150479e+02
9.727310996335e+02
1.914428500436e+02
5.100425537063e+02
4.408819544697e+02
1.126291207838e+03
6.870978109709e+02
5.938663024730e+02
3.814781774720e+02
1.288497546406e+03
3.166102495119e+02
1.112065934084e+03
1.049077940818e+02
7.489316415340e+02
7.070067818286e+02
6.437782434111e+02
3.131653759788e+02
4.500243678065e+02
8.435629729920e+02
1.078774965053e+03
2.643096600262e+02
3.995926696875e+02
1.283492913673e+03
5.647307032309e+02
6.505347460613e+02
1.749363257429e+02
1.415577570222e+03
6.803916007210e+02
7.122480050211e+02
2.847992821038e+02
9.348109139649e+02
7.202647474095e+02
8.760220972224e+02
1.315205499466e+02
4.901112173677e+02
8.523595317565e+02
6.134596919379e+02
4.364690598823e+02
3.161338542999e+02
8.709955549455e+02
7.985127981670e+02
3.663510883836e+02
4.329101857948e+02
1.599166351487e+03
6.996866009542e+02
1.097607932772e+03
1.430242321352e+02
1.075415399351e+03
1.006037785549e+03
6.803280880637e+02
4.389134228380e+02
6.774341715386e+02
8.420782494655e+02
9.315101124000e+02
1.912340448901e+02
6.035154813280e+02
1.117311013793e+03
6.452654509560e+02
7.250524981504e+02
3.535871104265e+02
1.412864747901e+03
7.218399924999e+02
8.795475506001e+02
4.269160277155e+02
1.161168289851e+03
6.806030463764e+02
9.394219510115e+02
1.199641141561e+02
8.240785512435e+02
5.040402570877e+02
6.382666066567e+02
3.712881801070e+02
4.746809022144e+02
8.483345447620e+02
6.325567002299e+02
2.821587314612e+02
4.278745773415e+02
1.316074882850e+03
6.703202344231e+02
9.682660566466e+02
2.499983916222e+02
1.552489892148e+03
8.772932859277e+02
7.792315344711e+02
3.204825679831e+02
6.791986461113e+02
6.177610579521e+02
9.465390358462e+02
1.957521343614e+02
6.689371573273e+02
8.628005273551e+02
5.859307952361e+02
2.853747726459e+02
3.146585748994e+02
1.095710027898e+03
6.704431094681e+02
5.778529115006e+02
2.993105620143e+02
1.780882323001e+03
6.944984651679e+02
9.887846913809e+02
1.233770152468e+02
9.401186256283e+02
9.924849743813e+02
8.000954066878e+02
5.020676656856e+02
6.991463076908e+02
9.382555935096e+02
7.796115228148e+02
2.996786419546e+02
4.310777146345e+02
1.185170294540e+03
5.500880501204e+02
7.607019736403e+02
2.684772901704e+02
1.098250118256e+03
4.829956634389e+02
8.322660102987e+02
3.790374130874e+02
1.270996943479e+03
6.571223042325e+02
8.503617941636e+02
2.088495758814e+02
8.559923209143e+02
1.048027543821e+03
6.681083512539e+02
4.256315521078e+02
5.118120678330e+02
9.473617512193e+02
1.095420445495e+03
4.062388550241e+02
4.335019956403e+02
1.536383998425e+03
5.231432865921e+02
9.386810546485e+02
2.743383011756e+02
1.262140095426e+03
9.077202426018e+02
8.141671167634e+02
4.148161776498e+02
7.701209872805e+02
8.698549634039e+02
9.722138477429e+02
2.796891958321e+02
5.285803306777e+02
1.171815804427e+03
6.713297625538e+02
6.320797018112e+02
3.560348544989e+02
1.420110926341e+03
9.747580323342e+02
8.411257699295e+02
4.865564612284e+02
1.760189042593e+03
7.600970686148e+02
1.153915816390e+03
2.002847086604e+02
1.001425312721e+03
8.236726746905e+02
9.343694711661e+02
4.460744723180e+02
7.086573702987e+02
7.169488173946e+02
9.247110463096e+02
4.041066304351e+02
5.649131971284e+02
1.672307062627e+03
6.333860210582e+02
1.055445320001e+03
2.850976872308e+02
1.441801641071e+03
9.461904939833e+02
1.168606664968e+03
3.499687447505e+02
1.405675356158e+03
1.048977181299e+03
1.216846317763e+03
2.107998175388e+02
8.296268885223e+02
1.414210349592e+03
7.708134161092e+02
5.846861128332e+02
6.148050515020e+02
1.373788271947e+03
9.731803834321e+02
6.459172683915e+02
4.915799306240e+02
2.060143509178e+03
7.995899268183e+02
1.257610717767e+03
2.752442034624e+02
1.061650555475e+03
1.385572799214e+03
9.622655821810e+02
4.684619166612e+02
7.368274916492e+02
9.770219694119e+02
7.630983620137e+02
2.314793607395e+02
5.711567338006e+02
1.509309234112e+03
8.520150261504e+02
5.173708208804e+02
4.676918751303e+02
1.068855764773e+03
9.857854356752e+02
7.138450025794e+02
3.521856647175e+02
1.106348391824e+03
6.322552743215e+02
7.437459216850e+02
3.117598038297e+02
6.458400822294e+02
1.001085288968e+03
8.528516771167e+02
4.242970282339e+02
5.676740837337e+02
5.690671976912e+02
1.053658943470e+03
3.498250173524e+02
3.479015531905e+02
1.008192068727e+03
7.048632301352e+02
5.208825772767e+02
3.214302980455e+02
5.376416373987e+02
8.635423160599e+02
4.057087069466e+02
2.095704506290e+02
6.291696689938e+02
5.476077811218e+02
5.258593501777e+02
2.348531219435e+02
2.883340013900e+02
7.613600841278e+02
4.910852481616e+02
2.470405198619e+02
2.129055062111e+02
2.607354494662e+02
6.262602900006e+02
2.609339876714e+02
1.779387536286e+02
3.488043933301e+02
4.295676039666e+02
2.967502676309e+02
1.204799577860e+02
2.285644916542e+02
4.444720743052e+02
3.117339551930e+02
1.804502632942e+02
2.943574684072e+02
1.644665441082e+02
3.379433349361e+02
1.797443819463e+02
1.090149835305e+02
2.761315537313e+02
2.298222107523e+02
1.147717992781e+02
1.214788279761e+02
1.799312568006e+02
1.734072854219e+02
1.753993810902e+02
1.041038650230e+02
1.793056936367e+02
1.693486196068e+02
2.413559967738e+02
1.174626830240e+02
1.040979476920e+02
2.950947806345e+02
1.362322866815e+02
1.045275735849e+02
9.258768289438e+01
1.206100923839e+02
1.649986092908e+02
1.240033040182e+02
7.415628258281e+01
1.307069452179e+02
1.080267005280e+02
9.129175364904e+01
8.284400475099e+01
5.867112702237e+01
9.605531348254e+01
4.401935250290e+01
4.019419141450e+01
7.102391018260e+01
8.534735186708e+01
5.614750490333e+01
SCALARS log10_luminosity_stderr_packet double 1
LOOKUP_TABLE default
6.334479718657e-02
5.243689160327e-02
4.673189237237e-02
5.666436219810e-02
5.208097928209e-02
5.251342982635e-02
5.275512260569e-02
3.701903011202e-02
6.522720792767e-02
4.175778273682e-02
3.779797298880e-02
5.004053652089e-02
3.391775583688e-02
4.861647560390e-02
3.779176730022e-02
3.204661059723e-02
6.061310256103e-02
4.521761395203e-02
3.801174530921e-02
3.832983279233e-02
2.872339030445e-02
5.825337772205e-02
3.683475213562e-02
3.127074189290e-02
5.737178081861e-02
3.402637539414e-02
4.055016161731e-02
2.906661926671e-02
2.967469488852e-02
4.773370162088e-02
3.505881023504e-02
3.092327870805e-02
3.665626609017e-02
2.515833690755e-02
4.602897055849e-02
2.544348215525e-02
2.675331686643e-02
4.013473208149e-02
5.651799836000e-02
3.278361046855e-02
2.046398642147e-02
2.380506638470e-02
4.167478415907e-02
2.628550717162e-02
2.384331376363e-02
2.859392129556e-02
2.680071194877e-02
3.475283926074e-02
2.164711971301e-02
2.075983839640e-02
4.330150907131e-02
3.101187974071e-02
2.480850330030e-02
1.678078074295e-02
2.089376585751e-02
3.330713667862e-02
1.724313851419e-02
1.983528183622e-02
2.483691708158e-02
2.673973814267e-02
2.512421292976e-02
1.726701344628e-02
1.794191787640e-02
3.125366999384e-02
2.234848611767e-02
1.961793583836e-02
1.568634312884e-02
1.991476650469e-02
2.631722132839e-02
1.365432216951e-02
1.732193131916e-02
2.545266232986e-02
2.651345102408e-02
1.943565931415e-02
1.526832819441e-02
1.801313156195e-02
2.361867299667e-02
1.548624019479e-02
1.585547874260e-02
1.800038546151e-02
2.147040743893e-02
2.128372101783e-02
1.301916602504e-02
1.634728938658e-02
2.190102095799e-02
2.068513602730e-02
1.530638853027e-02
1.415803205939e-02
1.528341536528e-02
2.581428757536e-02
1.163034903210e-02
1.438107788674e-02
1.501424115404e-02
2.263255393837e-02
1.592705601562e-02
1.378421360984e-02
1.410789648255e-02
2.561281791132e-02
1.589879475362e-02
1.521782996997e-02
1.516760003391e-02
1.904296885702e-02
2.296218230851e-02
1.096454874528e-02
1.608598895806e-02
1.816166785233e-02
2.582545838586e-02
1.607611222966e-02
1.490250622513e-02
1.338901401129e-02
2.180902617972e-02
1.287416258947e-02
1.673650761587e-02
1.448331652157e-02
3.013776106632e-02
1.893352568470e-02
1.282301716649e-02
1.514078390674e-02
2.204842234671e-02
1.941111242215e-02
1.476869647219e-02
1.404456258356e-02
1.809944807699e-02
2.268819816851e-02
1.003515221837e-02
1.694845292502e-02
1.434106346349e-02
2.863347403073e-02
1.270619243952e-02
1.381299817072e-02
1.450671038690e-02
2.434495768143e-02
1.780724335276e-02
1.600922955092e-02
1.698533167628e-02
2.602549672788e-02
1.901296266298e-02
1.148198397881e-02
1.708332987891e-02
1.731441664709e-02
2.522523302451e-02
1.398757910058e-02
1.385647471206e-02
1.497353900138e-02
2.875158128687e-02
1.128688475924e-02
1.829546305319e-02
1.430102909119e-02
2.933984418890e-02
1.629096563752e-02
1.477860995346e-02
1.890662528082e-02
2.575156525509e-02
1.799089088863e-02
1.510066110726e-02
1.458410557955e-02
2.337300642914e-02
2.110605274896e-02
1.161312774077e-02
1.638557609465e-02
1.489358088966e-02
2.543238055541e-02
1.292319100428e-02
1.379447862836e-02
1.766337141581e-02
2.301443392070e-02
1.329654886168e-02
2.281498240566e-02
1.619748703545e-02
3.024329586340e-02
1.738647102639e-02
1.262300002137e-02
1.842267112116e-02
2.270183650411e-02
2.353768816051e-02
1.514613125220e-02
1.654318146242e-02
1.711601572802e-02
2.273692823679e-02
1.074261437709e-02
1.892161712047e-02
1.554568628514e-02
3.635975847987e-02
1.437841831585e-02
1.529457664696e-02
1.551371113742e-02
2.340754115625e-02
1.615752711106e-02
1.614718656771e-02
2.260091358804e-02
3.223998308263e-02
1.993242081461e-02
1.175120278253e-02
1.577094634512e-02
1.842232744538e-02
3.173756317135e-02
1.281128943108e-02
1.794428098693e-02
1.469770191343e-02
4.318209650615e-02
1.281573725674e-02
1.735020871540e-02
1.906845409069e-02
3.553411951507e-02
1.818019061766e-02
1.464785812148e-02
1.633113693735e-02
1.968167672192e-02
1.978288985823e-02
1.641165819329e-02
1.775837842620e-02
2.968139485270e-02
2.433358510058e-02
1.147401592445e-02
1.920012554096e-02
1.380217435383e-02
2.787367163036e-02
1.340980203605e-02
1.643086691560e-02
1.762947153278e-02
1.919670462819e-02
1.561653372816e-02
1.733616515119e-02
1.576829078432e-02
3.601489152641e-02
1.800244403874e-02
1.392476615940e-02
3.138807891031e-02
1.923008064492e-02
2.068345804209e-02
1.294073561161e-02
1.656818857097e-02
1.782132415865e-02
2.223563117570e-02
1.209880600912e-02
2.440741729063e-02
1.302323995882e-02
4.240142318493e-02
1.586949919315e-02
1.633324668793e-02
1.711654725933e-02
2.454129304832e-02
2.047228392582e-02
1.495290440793e-02
1.322266154587e-02
2.671331548845e-02
2.172578887824e-02
1.212237106744e-02
1.827526197514e-02
1.702742838491e-02
3.283555119538e-02
1.154296755597e-02
1.664963968782e-02
1.627303994775e-02
2.573444853609e-02
1.420438464614e-02
1.618222486290e-02
1.467326566631e-02
3.786931968812e-02
1.961719865652e-02
1.487554548486e-02
1.753441556910e-02
2.078775452317e-02
2.442580064210e-02
1.471554469059e-02
1.536892073405e-02
2.269005602620e-02
2.087302576314e-02
1.086019166078e-02
1.641846428912e-02
1.310873224297e-02
3.631445233683e-02
1.324329904128e-02
1.369232392910e-02
1.665041684093e-02
2.072978892240e-02
1.668594321978e-02
1.496608082688e-02
1.422952897518e-02
3.140521028607e-02
1.767828388806e-02
1.299263599747e-02
1.709681077509e-02
1.612870819777e-02
2.309596425968e-02
1.155404398883e-02
1.616455827977e-02
1.464382902310e-02
2.101904990786e-02
1.274490867042e-02
1.664705318202e-02
1.416948152698e-02
3.965141001769e-02
1.512864408991e-02
1.934424121797e-02
1.719029183581e-02
2.253869410829e-02
1.993349409051e-02
1.491079279763e-02
1.726770343212e-02
2.585458458676e-02
2.099549265508e-02
1.197137433185e-02
1.677425136296e-02
1.395683542698e-02
2.746728311682e-02
1.102224145859e-02
1.466263110909e-02
1.555790271670e-02
2.425951450917e-02
1.666425511041e-02
1.747326434821e-02
1.411611041390e-02
3.104066796502e-02
1.679158341203e-02
1.478526491358e-02
1.794159913945e-02
2.570848722631e-02
2.448299396951e-02
1.312008030134e-02
1.677271414727e-02
1.806656793259e-02
2.510286497586e-02
1.029121614521e-02
1.647967589346e-02
1.381126455715e-02
3.909913788470e-02
1.416423040901e-02
1.378549423717e-02
1.535371315725e-02
1.938220510173e-02
1.642480707632e-02
1.417828592327e-02
1.555411073694e-02
2.508744395697e-02
2.091734335849e-02
1.261519396699e-02
1.851689679408e-02
1.574624628069e-02
2.650516630068e-02
1.310489911407e-02
1.976117187788e-02
1.505404576880e-02
2.230710808748e-02
1.218181663955e-02
1.694186462282e-02
1.489300864199e-02
3.005159397388e-02
1.484394638256e-02
1.341522505800e-02
1.680199538553e-02
2.105074177655e-02
1.919680929001e-02
1.410997967055e-02
1.312181438131e-02
2.154733588311e-02
2.085877314016e-02
1.107986384643e-02
1.898777090175e-02
1.417507237520e-02
2.622050723305e-02
1.222448380519e-02
1.441478937692e-02
1.522045139020e-02
2.132340072798e-02
1.564965730516e-02
1.472518936010e-02
1.392846989901e-02
2.596847618170e-02
1.888986317251e-02
1.268687426500e-02
1.676163427773e-02
1.727421773233e-02
2.301643481104e-02
1.152452878129e-02
1.391028089696e-02
1.497455212392e-02
1.968872935971e-02
1.035153261321e-02
1.575251067086e-02
1.278489743260e-02
3.068742264897e-02
1.372382049514e-02
1.513237105928e-02
1.420773968024e-02
2.056272304311e-02
1.631421408737e-02
1.621960355908e-02
1.428174546041e-02
2.160410717934e-02
1.827230984622e-02
1.062004359073e-02
1.725639503857e-02
1.336800015886e-02
2.572097718537e-02
1.143751175825e-02
1.411871010310e-02
1.270428219058e-02
2.321505310137e-02
1.158355315213e-02
1.340915129143e-02
1.244991668615e-02
2.991225785777e-02
1.507797093017e-02
1.154854592374e-02
1.564262660984e-02
1.796068606487e-02
1.751522004270e-02
1.171721527430e-02
1.392155149634e-02
1.708818210639e-02
1.958787118518e-02
9.568317419098e-03
1.535856549873e-02
1.224647770937e-02
2.617732231954e-02
1.332887563020e-02
1.166728043851e-02
1.400028366191e-02
2.006536969567e-02
1.599931542678e-02
1.389415522834e-02
1.572150255531e-02
2.854487687936e-02
1.817216454516e-02
1.117880026996e-02
1.487855258610e-02
1.909340328196e-02
2.008188143563e-02
1.328387435982e-02
1.383225901120e-02
1.625482692097e-02
2.314187130115e-02
1.305684825561e-02
1.727181910596e-02
1.592472761441e-02
2.459655316400e-02
1.708920320420e-02
1.372615098028e-02
1.487125283506e-02
2.108382079968e-02
1.822782193948e-02
1.820549681381e-02
1.337932743358e-02
2.321982162330e-02
2.328392155665e-02
1.367768737418e-02
1.635806326190e-02
1.902893119111e-02
2.422372378902e-02
1.873000372566e-02
1.477891322784e-02
2.156140946494e-02
2.999986412220e-02
1.731411996503e-02
1.855878352411e-02
1.893867150096e-02
2.833910579086e-02
2.557622134503e-02
1.573943937660e-02
1.959773437841e-02
2.763122981657e-02
2.976397044339e-02
2.689578785103e-02
1.735429093637e-02
2.688555373469e-02
3.255734931454e-02
2.325376815254e-02
2.095407772918e-02
2.521092332945e-02
3.956643377605e-02
2.872631578306e-02
2.059975576637e-02
2.459757290243e-02
3.232998858441e-02
2.531318433322e-02
3.386456707083e-02
2.362448601298e-02
3.239340857593e-02
4.159500822816e-02
2.613522799001e-02
2.864760449987e-02
4.053841051046e-02
3.940342878850e-02
3.237658246630e-02
3.297999925170e-02
3.279217953168e-02
4.256482816294e-02
3.243301113422e-02
3.337286416718e-02
2.795472757872e-02
4.007138496967e-02
4.256603792069e-02
2.528154129132e-02
3.720868211335e-02
4.247847106495e-02
4.513440312207e-02
3.954508252969e-02
3.380992204614e-02
3.900027621167e-02
5.043248127440e-02
3.798699843806e-02
4.178484115215e-02
4.545362624060e-02
4.771487262897e-02
5.669856873232e-02
4.431223082975e-02
6.545796299797e-02
6.850190720094e-02
5.153259612885e-02
4.700989552944e-02
5.795875934001e-02
SCALARS log10_luminosity_relerr_packet double 1
LOOKUP_TABLE default
1.686066934720e-03
1.395044414391e-03
1.238451826927e-03
1.508962610078e-03
1.380106374451e-03
1.395676567236e-03
1.400724029470e-03
9.791804436519e-04
1.735187126438e-03
1.105519790947e-03
9.998054248965e-04
1.326409003464e-03
8.960590855104e-04
1.290726179820e-03
1.000721392978e-03
8.440042753725e-04
1.607175679225e-03
1.193857061619e-03
1.003828700053e-03
1.012348580850e-03
7.563781200084e-04
1.544664927098e-03
9.737388285888e-04
8.229974750392e-04
1.516814918656e-03
8.966384882376e-04
1.069410946629e-03
7.654603375529e-04
7.786798110830e-04
1.265745065050e-03
9.244725662250e-04
8.126906430155e-04
9.659800130261e-04
6.605066038256e-04
1.218047601541e-03
6.688902918307e-04
7.006442905818e-04
1.060666275668e-03
1.484034837798e-03
8.619794708108e-04
5.369517744749e-04
6.226960545008e-04
1.099666485231e-03
6.901055822718e-04
6.238289190078e-04
7.516476892487e-04
7.021690260095e-04
9.140961478254e-04
5.660797525750e-04
5.422746774720e-04
1.142177451664e-03
8.136735369919e-04
6.491959651435e-04
4.392751825056e-04
5.456203283636e-04
8.753042536419e-04
4.509964740574e-04
5.166963175989e-04
6.513170606582e-04
6.994926724122e-04
6.574227463316e-04
4.499949290119e-04
4.671011734575e-04
8.214920367590e-04
5.847627685729e-04
5.106342301255e-04
4.093037502432e-04
5.194313849183e-04
6.887712995341e-04
3.556018750765e-04
4.504527325556e-04
6.671273009988e-04
6.945210308126e-04
5.061663495786e-04
3.968375060061e-04
4.677691260099e-04
6.190237520275e-04
4.031807198818e-04
4.114829828218e-04
4.687777142461e-04
5.602926800945e-04
5.551065461868e-04
3.378084802645e-04
4.243752464893e-04
5.722363343572e-04
5.405079636799e-04
3.966624206314e-04
3.682492392769e-04
3.965790281757e-04
6.738494434139e-04
3.010398342181e-04
3.738383335914e-04
3.907723855458e-04
5.935009645915e-04
4.133862951097e-04
3.581242058791e-04
3.656813219754e-04
6.704659731560e-04
4.142335109508e-04
3.947582936393e-04
3.947118811522e-04
4.967097449152e-04
5.991197753816e-04
2.840004038488e-04
4.182597368582e-04
4.723766484439e-04
6.777606831545e-04
4.153761615051e-04
3.880283974458e-04
3.463199719653e-04
5.710987046939e-04
3.334674658176e-04
4.351641434668e-04
3.768114882063e-04
7.911333936897e-04
4.932288096773e-04
3.331914446742e-04
3.939380787548e-04
5.764144055293e-04
5.084148374415e-04
3.827162375577e-04
3.657489393622e-04
4.708725039434e-04
5.936876047992e-04
2.593612503295e-04
4.412231107338e-04
3.721190164868e-04
7.541684900351e-04
3.289543600746e-04
3.598120871436e-04
3.767828417782e-04
6.376914812885e-04
4.635248458152e-04
4.159734204890e-04
4.424125110748e-04
6.831647641868e-04
4.964349438780e-04
2.981287724873e-04
4.447892464457e-04
4.513261415669e-04
6.629231530076e-04
3.618652683662e-04
3.613032198960e-04
3.882776329614e-04
7.534099748712e-04
2.921797482022e-04
4.762181563322e-04
3.720277743276e-04
7.732382752484e-04
4.236895575948e-04
3.848029321223e-04
4.916579878546e-04
6.736475762900e-04
4.708069013420e-04
3.925582707548e-04
3.805351833746e-04
6.116798198471e-04
5.523989519449e-04
3.010513901642e-04
4.272369376787e-04
3.873748755618e-04
6.693010429621e-04
3.342236424168e-04
3.598739846114e-04
4.585121985320e-04
6.031128102129e-04
3.460916062048e-04
5.935961476488e-04
4.219335243260e-04
7.984203894500e-04
4.540548764580e-04
3.283714000292e-04
4.801383341830e-04
5.933647246762e-04
6.179581571723e-04
3.927347659031e-04
4.316102150042e-04
4.463009610696e-04
5.962559471630e-04
2.780768138609e-04
4.933408554617e-04
4.036496600829e-04
9.589128367699e-04
3.728930291911e-04
3.988429780567e-04
4.038294151415e-04
6.137059589862e-04
4.223584191113e-04
4.202067673479e-04
5.894856585786e-04
8.491748220835e-04
5.213791275493e-04
3.053490144326e-04
4.115270079322e-04
4.799256811970e-04
8.353654985268e-04
3.314482784954e-04
4.683361289939e-04
3.820644786971e-04
1.129432225538e-03
3.329902302139e-04
4.519880603594e-04
4.963336757509e-04
9.409975556033e-04
4.730968421655e-04
3.816904844397e-04
4.259090185465e-04
5.155028944574e-04
5.182024282800e-04
4.262385846141e-04
4.634100437102e-04
7.781483762008e-04
6.370116671923e-04
2.973295201940e-04
5.011194346436e-04
3.585865903050e-04
7.372523476298e-04
3.469168788867e-04
4.288019284477e-04
4.588098318167e-04
5.037552154542e-04
4.074147121293e-04
4.515314686031e-04
4.113109910991e-04
9.521454276694e-04
4.702054268337e-04
3.620342609820e-04
8.185084021770e-04
5.021870517779e-04
5.447625948642e-04
3.355344568780e-04
4.328038642616e-04
4.642870798587e-04
5.827021731158e-04
3.133710112553e-04
6.359202227591e-04
3.388682273172e-04
1.121134905352e-03
4.122605200260e-04
4.260350527267e-04
4.460966017088e-04
6.436244786719e-04
5.354719397171e-04
3.889563357770e-04
3.453336267090e-04
7.042651463238e-04
5.684307510553e-04
3.147191871779e-04
4.770353219099e-04
4.431310199856e-04
8.654333734315e-04
2.984891684744e-04
4.344722502326e-04
4.231056336110e-04
6.738231151792e-04
3.694968176832e-04
4.220341244947e-04
3.825431272388e-04
1.004190781064e-03
5.107884187787e-04
3.875606164181e-04
4.575436943986e-04
5.443384803750e-04
6.411628436129e-04
3.816999613309e-04
4.014784576815e-04
5.941447990833e-04
5.465294735354e-04
2.813176079118e-04
4.283708881820e-04
3.404708025441e-04
9.604264992705e-04
3.429931316341e-04
3.574132418588e-04
4.337372765744e-04
5.435005534809e-04
4.357681041209e-04
3.896200447706e-04
3.714864979301e-04
8.295781444905e-04
4.614961215003e-04
3.377536817078e-04
4.461429507877e-04
4.210704028051e-04
6.083666338915e-04
2.988639801334e-04
4.221600713055e-04
3.810397658240e-04
5.507720770913e-04
3.307316574733e-04
4.344265303940e-04
3.686944707826e-04
1.052651741487e-03
3.933380381245e-04
5.041418721218e-04
4.482025215828e-04
5.899822594185e-04
5.220908896276e-04
3.873959054670e-04
4.505880738147e-04
6.786328953760e-04
5.488393822262e-04
3.104694536693e-04
4.381069838852e-04
3.626394060509e-04
7.249858328547e-04
2.848499067593e-04
3.824797145887e-04
4.046354383600e-04
6.358065283365e-04
4.341051011642e-04
4.548095128082e-04
3.677584041466e-04
8.217796149682e-04
4.376655963615e-04
3.846149767087e-04
4.680018048206e-04
6.712976509102e-04
6.423512086341e-04
3.396558730696e-04
4.375632043339e-04
4.713491981393e-04
6.562745400114e-04
2.663107270408e-04
4.297064148943e-04
3.586098334109e-04
1.032226149126e-03
3.671030543762e-04
3.592304224711e-04
3.998879946525e-04
5.080550698366e-04
4.290159436618e-04
3.685843543730e-04
4.055186337490e-04
6.608680257045e-04
5.458399821683e-04
3.273785886626e-04
4.824783826465e-04
4.096258785434e-04
6.979298633664e-04
3.382055036713e-04
5.152699434474e-04
3.906413081475e-04
5.841330909169e-04
3.161315161621e-04
4.414752495453e-04
3.871913929881e-04
7.934521769692e-04
3.859712464955e-04
3.488414271868e-04
4.376997498659e-04
5.494906806658e-04
5.031775519522e-04
3.658405081347e-04
3.422892941704e-04
5.634811430484e-04
5.446069987066e-04
2.865569815503e-04
4.946615872079e-04
3.672273164928e-04
6.915458624095e-04
3.156960407680e-04
3.753461216940e-04
3.955347956229e-04
5.579605472018e-04
4.073350625743e-04
3.828116343335e-04
3.623565982421e-04
6.833198355117e-04
4.917075708260e-04
3.292054572133e-04
4.363694844005e-04
4.499187123048e-04
6.043146356436e-04
2.977378430768e-04
3.621814548754e-04
3.887753008038e-04
5.149897980245e-04
2.676558592527e-04
4.099090148164e-04
3.315087898146e-04
8.086676070620e-04
3.555001815572e-04
3.932123196530e-04
3.694882703116e-04
5.372997831687e-04
4.260159850136e-04
4.204166568351e-04
3.713774204288e-04
5.649800807032e-04
4.767577742429e-04
2.747338221577e-04
4.487583938070e-04
3.463321550594e-04
6.757914273399e-04
2.946566226772e-04
3.673772675002e-04
3.291521131654e-04
6.071028126873e-04
3.005300711593e-04
3.484584892912e-04
3.231642083339e-04
7.851147181149e-04
3.920044449832e-04
2.993608258076e-04
4.062828015506e-04
4.677549346218e-04
4.583994225610e-04
3.027852493692e-04
3.617224611315e-04
4.440488852254e-04
5.106341717769e-04
2.472153643594e-04
3.989702346201e-04
3.175039779957e-04
6.875756786188e-04
3.446166593816e-04
3.029007502271e-04
3.632676462403e-04
5.237907807671e-04
4.160405109973e-04
3.600115083394e-04
4.079401833884e-04
7.457609077668e-04
4.723785081408e-04
2.896344836492e-04
3.864273875961e-04
4.975114623167e-04
5.256340938384e-04
3.441961662851e-04
3.587813903689e-04
4.229565691211e-04
6.034402144008e-04
3.393125340404e-04
4.482069238111e-04
4.140776745724e-04
6.450234009384e-04
4.445155690948e-04
3.560343118034e-04
3.869348904761e-04
5.516658380111e-04
4.763321970074e-04
4.727924111633e-04
3.478857589981e-04
6.078083925969e-04
6.080992509037e-04
3.563903083984e-04
4.255908894514e-04
4.977799263278e-04
6.358267710942e-04
4.885036680940e-04
3.843936149243e-04
5.626041415911e-04
7.858702899800e-04
4.527365667211e-04
4.835503551552e-04
4.941350471025e-04
7.437608238450e-04
6.692908085617e-04
4.107941376896e-04
5.121838783111e-04
7.251758524008e-04
7.813555226252e-04
7.024646788609e-04
4.535274817824e-04
7.047787291497e-04
8.548767756288e-04
6.085516514184e-04
5.482419691744e-04
6.615767181278e-04
1.042894447785e-03
7.537173681869e-04
5.389777414060e-04
6.449038309416e-04
8.525783800364e-04
6.666269663212e-04
8.885364701826e-04
6.194370896582e-04
8.538518709173e-04
1.097038942523e-03
6.856692914132e-04
7.524009470750e-04
1.070630732193e-03
1.042644779432e-03
8.534999224709e-04
8.661920551542e-04
8.650048233436e-04
1.124637998932e-03
8.556178906805e-04
8.785138774546e-04
7.378460044281e-04
1.061517561216e-03
1.123306979772e-03
6.676073814218e-04
9.824501484654e-04
1.128851160766e-03
1.193880644832e-03
1.044709987760e-03
8.932120884588e-04
1.032833639827e-03
1.334503948326e-03
1.006043620063e-03
1.105778420874e-03
1.207629994953e-03
1.266490859610e-03
1.505747019507e-03
1.172519187881e-03
1.736659960512e-03
1.822880802894e-03
1.369024194733e-03
1.250971076135e-03
1.541322226035e-03
SCALARS log10_luminosity_neff double 1
LOOKUP_TABLE default
3.517631784860e+05
5.138352932232e+05
6.519912445355e+05
4.391804936827e+05
5.250188258521e+05
5.133699291291e+05
5.096767724535e+05
1.042976535215e+06
3.321294345716e+05
8.182140949735e+05
1.000389263815e+06
5.683882320921e+05
1.245451169066e+06
6.002494379979e+05
9.985587737675e+05
1.403817677139e+06
3.871446806413e+05
7.016092963250e+05
9.923863532968e+05
9.757528831967e+05
1.747922147500e+06
4.191132864028e+05
1.054666189558e+06
1.476396457291e+06
4.346451290318e+05
1.243842082102e+06
8.744012090255e+05
1.706689886048e+06
1.649233585468e+06
6.241766448046e+05
1.170070268486e+06
1.514082294908e+06
1.071676528022e+06
2.292163917882e+06
6.740179741832e+05
2.235065292293e+06
2.037064710495e+06
8.888786582206e+05
4.540584974876e+05
1.345879427370e+06
3.468402065035e+06
2.578978799623e+06
8.269476581672e+05
2.099756426504e+06
2.569620526434e+06
1.769992176117e+06
2.028227486553e+06
1.196785289944e+06
3.120647805357e+06
3.400645415931e+06
7.665364930542e+05
1.510426569462e+06
2.372730298986e+06
5.182349089914e+06
3.359068921347e+06
1.305214596781e+06
4.916473548766e+06
3.745667882913e+06
2.357301276941e+06
2.043777723922e+06
2.313718651002e+06
4.938382904226e+06
4.583297872551e+06
1.481812603026e+06
2.924425571567e+06
3.835130545534e+06
5.969095843264e+06
3.706326085375e+06
2.107899571961e+06
7.908095682767e+06
4.928350063136e+06
2.246893937836e+06
2.073142704311e+06
3.903133996313e+06
6.350012451107e+06
4.570217745814e+06
2.609668680252e+06
6.151775640898e+06
5.906038059294e+06
4.550573001551e+06
3.185444938918e+06
3.245243601371e+06
8.763122936850e+06
5.552645049264e+06
3.053860115241e+06
3.422912566227e+06
6.355619433886e+06
7.374223280940e+06
6.358292628379e+06
2.202288708155e+06
1.103448497635e+07
7.155373953550e+06
6.548657359242e+06
2.838946064786e+06
5.851778123880e+06
7.797091799183e+06
7.478154670154e+06
2.224572254618e+06
5.827865769721e+06
6.417080300664e+06
6.418589503611e+06
4.053168315832e+06
2.785945975951e+06
1.239829840310e+07
5.716206115322e+06
4.481497505755e+06
2.176943994888e+06
5.795846336182e+06
6.641604032588e+06
8.337674275211e+06
3.066038823035e+06
8.992761215447e+06
5.280727939429e+06
7.042903370602e+06
1.597719615411e+06
4.110580219747e+06
9.007666882543e+06
6.443830008215e+06
3.009749479366e+06
3.868686760269e+06
6.827256553737e+06
7.475389896390e+06
4.510174424165e+06
2.837161361210e+06
1.486585244166e+07
5.136691642295e+06
7.221647252305e+06
1.758179587893e+06
9.241207159004e+06
7.724110943459e+06
7.043974341318e+06
2.459114604990e+06
4.654295614653e+06
5.779214811152e+06
5.109109374574e+06
2.142639381704e+06
4.057656811844e+06
1.125102827559e+07
5.054654110903e+06
4.909293775690e+06
2.275483157992e+06
7.636708200628e+06
7.660486226557e+06
6.633080274388e+06
1.761721556394e+06
1.171385325342e+07
4.409487353114e+06
7.225189995806e+06
1.672527676667e+06
5.570632124323e+06
6.753412149016e+06
4.136888361365e+06
2.203608793949e+06
4.511431414189e+06
6.489208617405e+06
6.905742277162e+06
2.672709113117e+06
3.277134817676e+06
1.103363786871e+07
5.478509423451e+06
6.664032409461e+06
2.232322807723e+06
8.952115239847e+06
7.721454114613e+06
4.756617301522e+06
2.749178215461e+06
8.348680999878e+06
2.838035688592e+06
5.617097128580e+06
1.568688677110e+06
4.850464288620e+06
9.274048244190e+06
4.337777155583e+06
2.840249890776e+06
2.618676562447e+06
6.483377422487e+06
5.368050226312e+06
5.020469764275e+06
2.812772143840e+06
1.293214133910e+07
4.108713271660e+06
6.137490286673e+06
1.087531224633e+06
7.191698473015e+06
6.286314421844e+06
6.132027587112e+06
2.655090443339e+06
5.605801154986e+06
5.663356690429e+06
2.877752981380e+06
1.386774292188e+06
3.678685987013e+06
1.072523841030e+07
5.904774472387e+06
4.341622107691e+06
1.433002443824e+06
9.102663002359e+06
4.559158345049e+06
6.850569478990e+06
7.839342692806e+05
9.018556213657e+06
4.894925367890e+06
4.059312767284e+06
1.129335576187e+06
4.467863554150e+06
6.864000931730e+06
5.512724987610e+06
3.763030893460e+06
3.723926601933e+06
5.504203446918e+06
4.656601948432e+06
1.651487036278e+06
2.464366103175e+06
1.131159741387e+07
3.982149017073e+06
7.776996628360e+06
1.839787533392e+06
8.309007270412e+06
5.438592761446e+06
4.750447998526e+06
3.940586716464e+06
6.024577347897e+06
4.904829938186e+06
5.910978369964e+06
1.103045500934e+06
4.522980606789e+06
7.629580443786e+06
1.492635327367e+06
3.965235433199e+06
3.369655015893e+06
8.882306369354e+06
5.338481482441e+06
4.639025965474e+06
2.945145291612e+06
1.018315517653e+07
2.472832658511e+06
8.708398582322e+06
7.955807234730e+05
5.883781095022e+06
5.509463805228e+06
5.025070628714e+06
2.413986816051e+06
3.487599165323e+06
6.609951907030e+06
8.385370585782e+06
2.016172134740e+06
3.094887530188e+06
1.009609801504e+07
4.394393313369e+06
5.092554611546e+06
1.335158185085e+06
1.122387568200e+07
5.297560357029e+06
5.586018685219e+06
2.202460811205e+06
7.324510320696e+06
5.614419555669e+06
6.833436960009e+06
9.916708329387e+05
3.832815519034e+06
6.657646381439e+06
4.776775722640e+06
3.374907910214e+06
2.432558578170e+06
6.863660095528e+06
6.204053093676e+06
2.832796651168e+06
3.347902675455e+06
1.263589965021e+07
5.449543234338e+06
8.626611721116e+06
1.084105958800e+06
8.500200171558e+06
7.828142496698e+06
5.315529143095e+06
3.385322273265e+06
5.266100243184e+06
6.587451278860e+06
7.246260338757e+06
1.453066184946e+06
4.695305869125e+06
8.765966698269e+06
5.024026589819e+06
5.640148886237e+06
2.701899718316e+06
1.119574113384e+07
5.611070054828e+06
6.887464871373e+06
3.296523463341e+06
9.142152580243e+06
5.298675465488e+06
7.356423967990e+06
9.024654272780e+05
6.463505242645e+06
3.934544489380e+06
4.977960072987e+06
2.872910486288e+06
3.668662581323e+06
6.663308911026e+06
4.925389891891e+06
2.171351760904e+06
3.319781239556e+06
1.037438223417e+07
5.210023081424e+06
7.604138361901e+06
1.902571382498e+06
1.232445821536e+07
6.835703026686e+06
6.107622241352e+06
2.473717117560e+06
5.306525083979e+06
4.834381511618e+06
7.393920686829e+06
1.480775676715e+06
5.220537039126e+06
6.760014338758e+06
4.565674479217e+06
2.219063576960e+06
2.423566321307e+06
8.668056691039e+06
5.222980589725e+06
4.501056399560e+06
2.321821815789e+06
1.410011580352e+07
5.415721535215e+06
7.775988537217e+06
9.385345968930e+05
7.420343400210e+06
7.749144902604e+06
6.253501637799e+06
3.874167744705e+06
5.433168015376e+06
7.360820161102e+06
6.081047138736e+06
2.289657482025e+06
3.356365990687e+06
9.330382665711e+06
4.295802245998e+06
5.959711384170e+06
2.052940852005e+06
8.742560747478e+06
3.766434158146e+06
6.553052823639e+06
2.930733852945e+06
1.000609015565e+07
5.130825902477e+06
6.670349820206e+06
1.588394914473e+06
6.712589589900e+06
8.217579054660e+06
5.219722358841e+06
3.311916185486e+06
3.949639742636e+06
7.471648229758e+06
8.535193438956e+06
3.149497196948e+06
3.371580735805e+06
1.217805727393e+07
4.086802276804e+06
7.415322468865e+06
2.091019223796e+06
1.003371426760e+07
7.098002277179e+06
6.391909395237e+06
3.212129285587e+06
6.026933647975e+06
6.823854268890e+06
7.616012570460e+06
2.141666998908e+06
4.136054089583e+06
9.227115316467e+06
5.251595349020e+06
4.940056180546e+06
2.738254280592e+06
1.128059284370e+07
7.623380239824e+06
6.616109248161e+06
3.770533021019e+06
1.395874874429e+07
5.951481129963e+06
9.099340231488e+06
1.529184566874e+06
7.912620671204e+06
6.467638947818e+06
7.324849200386e+06
3.463910556896e+06
5.509957003745e+06
5.657703335391e+06
7.250517571444e+06
3.132807626326e+06
4.399511252468e+06
1.324877557803e+07
4.965635419090e+06
8.337087688709e+06
2.189649707169e+06
1.151774838025e+07
7.409270335291e+06
9.230106344307e+06
2.713160652499e+06
1.107195040114e+07
8.235650369464e+06
9.575324262395e+06
1.622309689812e+06
6.507557540477e+06
1.115860909104e+07
6.058193253485e+06
4.570495065038e+06
4.758958046712e+06
1.090763437473e+07
7.642739302235e+06
5.071523377992e+06
3.835131421990e+06
1.636247827567e+07
6.282304863640e+06
9.919771266468e+06
2.115236771680e+06
8.420298036495e+06
1.089931745291e+07
7.577859696717e+06
3.644888938592e+06
5.777351054203e+06
7.715556079065e+06
6.009066724214e+06
1.798045889489e+06
4.481462219601e+06
1.192063705440e+07
6.696751784579e+06
4.040115843245e+06
3.619369700552e+06
8.440884203955e+06
7.768553892993e+06
5.589956790542e+06
2.746195821311e+06
8.685607400606e+06
4.977862287754e+06
5.832253180336e+06
2.403527294992e+06
5.060880080425e+06
7.888897116243e+06
6.679196417567e+06
3.285850635815e+06
4.407376218398e+06
4.473619120650e+06
8.262789676019e+06
2.706865114218e+06
2.704276306836e+06
7.873144623617e+06
5.520969589280e+06
4.035759166066e+06
2.473559609064e+06
4.190485495502e+06
6.767802395840e+06
3.159323880591e+06
1.619191663040e+06
4.878753252315e+06
4.276776812481e+06
4.095516541480e+06
1.807729319902e+06
2.232391078973e+06
5.925861889388e+06
3.811958740620e+06
1.901574442560e+06
1.637957495686e+06
2.026520567850e+06
4.861751791672e+06
2.013234775657e+06
1.368336659442e+06
2.700257054753e+06
3.327020237417e+06
2.284754668028e+06
9.194313106944e+05
1.760284861359e+06
3.442376273322e+06
2.404418641514e+06
1.375724175159e+06
2.250268001271e+06
1.266629164475e+06
2.606187085757e+06
1.371623544247e+06
8.309136840110e+05
2.127015237348e+06
1.766449934244e+06
8.724099073495e+05
9.198716915218e+05
1.372754980335e+06
1.332820328279e+06
1.336481469950e+06
7.906321921671e+05
1.365967247317e+06
1.295694894673e+06
1.836828208580e+06
8.874535548219e+05
7.925069603009e+05
2.243663590251e+06
1.036045800672e+06
7.847415215373e+05
7.015815782470e+05
9.162384363839e+05
1.253403248383e+06
9.374308695479e+05
5.615135928311e+05
9.880214595454e+05
8.178313964143e+05
6.856969490812e+05
6.234417473013e+05
4.410582760340e+05
7.273778685807e+05
3.315663259261e+05
3.009424535163e+05
5.335532296093e+05
6.390067755838e+05
4.209331389459e+05
SCALARS fld_surface_luminosity double 1
LOOKUP_TABLE default
4.557555811563e+38
5.568891974268e+38
7.536479669021e+38
5.661887969657e+38
5.748031898740e+38
5.946080601698e+38
5.085582755363e+38
4.822893030647e+38
6.103548929172e+38
5.472369356162e+38
6.254905277863e+38
6.033445699599e+38
5.719507545341e+38
6.247229164938e+38
5.367718316231e+38
7.042497103982e+38
6.757625748771e+38
6.039174585931e+38
5.868451449511e+38
5.461533712037e+38
5.343579231005e+38
6.145776806102e+38
5.460464731021e+38
4.870663155795e+38
4.717575692085e+38
4.468490403032e+38
5.186638614365e+38
4.768947410855e+38
4.932949703353e+38
5.227794534081e+38
4.385704768070e+38
5.983362145616e+38
5.757417723825e+38
5.636934665199e+38
6.220537815868e+38
5.514219695235e+38
5.663314367873e+38
5.808618068213e+38
6.217426500595e+38
7.337929614546e+38
6.639095886303e+38
6.684039257149e+38
7.155632864551e+38
6.206680352506e+38
6.958320691969e+38
6.698142009322e+38
6.002314556939e+38
7.039941065647e+38
6.429611618272e+38
6.708420945226e+38
6.586270508895e+38
5.377639233959e+38
5.889681514776e+38
5.625760804522e+38
5.198184538310e+38
6.345245677186e+38
5.369455366341e+38
5.718247128035e+38
5.507722181412e+38
4.392666638085e+38
5.488464612960e+38
4.528404799016e+38
4.667505551011e+38
5.233653446007e+38
4.466847280696e+38
4.967828867985e+38
4.784545810201e+38
4.407035487790e+38
5.372559527866e+38
4.676505897173e+38
4.841059088649e+38
5.056024275417e+38
5.329262901543e+38
6.315932061434e+38
5.895357761320e+38
5.186308070859e+38
6.424289170026e+38
5.412157534295e+38
5.959696261885e+38
5.948419632597e+38
5.332949132029e+38
6.263313483990e+38
5.218614391704e+38
5.506099193929e+38
6.324022756953e+38
5.424291758514e+38
6.464504527032e+38
5.638331234437e+38
5.389848400581e+38
6.366868562101e+38
5.354455338851e+38
5.905617642451e+38
6.060727393141e+38
5.459410593118e+38
6.441106587154e+38
5.814878453636e+38
5.345079367401e+38
6.168875083932e+38
5.502703232953e+38
6.073903204892e+38
5.539339287714e+38
5.370380958458e+38
6.014252789027e+38
5.361582395054e+38
5.579780265211e+38
6.249659568636e+38
5.447141114468e+38
6.134189368650e+38
4.784637979077e+38
5.369540459921e+38
6.107039297641e+38
5.422481545202e+38
5.916106787323e+38
5.935528502665e+38
5.117149908729e+38
6.137349027203e+38
5.706515528757e+38
5.595433536757e+38
5.938417877658e+38
5.495134613557e+38
6.349378400079e+38
5.804450907318e+38
5.187850442504e+38
6.400966946707e+38
5.179863750607e+38
5.690496069995e+38
6.199331822618e+38
5.331768137825e+38
6.258933570052e+38
5.400379224745e+38
5.339951415932e+38
5.955145613687e+38
5.405018482108e+38
6.341611573375e+38
6.125135917884e+38
5.275915347121e+38
6.073955525869e+38
5.667057430364e+38
5.332941469101e+38
6.366266704265e+38
5.243142518605e+38
6.316015293166e+38
6.144984498998e+38
5.315245641830e+38
6.281326823198e+38
5.504710253626e+38
6.135655230077e+38
6.152763543235e+38
5.016070929365e+38
6.466257577925e+38
5.463520200671e+38
5.600857501511e+38
5.917046676768e+38
4.829110084258e+38
6.105868107597e+38
5.811404862347e+38
5.268254923438e+38
5.993634993590e+38
5.642316750559e+38
5.285377974032e+38
6.156220457095e+38
5.155647463509e+38
5.863445306712e+38
4.958703919246e+38
5.294601224975e+38
6.342697828353e+38
5.540313308005e+38
6.218435237329e+38
6.480320987862e+38
4.799055165281e+38
6.344178908024e+38
4.963306268329e+38
5.500275333093e+38
5.972053096279e+38
4.934176997098e+38
6.514184116288e+38
5.585071231285e+38
5.283998359602e+38
6.412321714031e+38
4.917651486788e+38
6.205984321386e+38
6.249101543727e+38
5.020422624196e+38
6.348059214927e+38
4.656430732859e+38
5.470839924267e+38
6.198649674815e+38
5.432483983061e+38
6.097765224849e+38
6.139387514879e+38
5.197976204727e+38
6.437383021779e+38
5.327155550022e+38
5.278590953497e+38
6.291116448088e+38
4.738078393488e+38
6.169626673622e+38
6.541391050035e+38
5.377732507340e+38
6.204622019953e+38
5.334503693836e+38
5.992070399773e+38
5.986700667602e+38
4.938226155137e+38
6.709981241961e+38
5.681832280111e+38
5.434174408667e+38
6.135766848251e+38
5.436799839033e+38
6.131261669357e+38
7.387511030558e+38
6.115235096022e+38
7.547065783768e+38
6.221268647965e+38
6.438490129720e+38
7.261309398419e+38
6.448448545186e+38
7.234374737321e+38
7.643565052264e+38
5.962108457709e+38
7.391154353504e+38
6.344094273086e+38
6.945513641986e+38
7.136473422767e+38
5.697408315366e+38
7.317023069902e+38
6.127882502232e+38
6.277710910720e+38
7.272390576974e+38
6.534845747107e+38
7.464465677260e+38
6.686009982448e+38
5.191423346329e+38
6.298792148577e+38
5.444642803294e+38
5.879393463052e+38
6.232969621972e+38
5.371006081513e+38
6.071607734553e+38
6.397602378054e+38
5.411146875203e+38
6.561852481736e+38
5.462136365124e+38
5.977416453019e+38
5.231202899587e+38
4.293673716167e+38
5.153641470895e+38
3.670769470340e+38
3.896996553343e+38
4.143353131569e+38
3.810983845911e+38
4.027923005759e+38
4.500515324899e+38
3.453242410421e+38
4.284503863736e+38
3.668530248229e+38
3.792322505529e+38
4.257446818815e+38
3.575509215790e+38
4.019285421375e+38
2.931854728984e+38
3.505529208406e+38
4.161137913428e+38
2.708632976897e+38
4.040735048108e+38
5.531135478283e+38
4.502120999034e+38
5.467792538969e+38
5.620614910682e+38
5.651468741099e+38
6.221407199722e+38
5.657075239145e+38
5.960176691557e+38
6.617156451940e+38
5.204483155501e+38
6.061310316952e+38
5.478789804051e+38
6.112008293966e+38
5.771387896144e+38
4.602389386753e+38
6.067162847162e+38
6.352840189460e+38
5.773480077073e+38
7.122023872275e+38
6.534473044804e+38
6.974765708718e+38
7.809113846474e+38
6.127117215192e+38
7.009211926834e+38
6.467251986145e+38
6.817200449141e+38
7.350563811813e+38
6.579079667255e+38
7.814800985866e+38
7.198690174233e+38
6.566489545732e+38
7.143406336393e+38
6.417893682177e+38
6.812687351794e+38
6.938721209370e+38
6.282376184362e+38
7.283475424046e+38
5.608837999833e+38
5.569505897559e+38
6.023232109184e+38
5.579309507726e+38
6.095636637507e+38
5.479447657296e+38
5.155572882973e+38
5.769129775127e+38
5.447712684265e+38
5.989750607049e+38
6.515663875509e+38
5.433372794477e+38
6.140606432495e+38
5.281079309088e+38
5.263909725710e+38
6.703112827544e+38
4.954402347670e+38
6.084687009494e+38
6.393787748864e+38
5.314511129049e+38
6.714840266262e+38
5.403334081490e+38
5.906791495238e+38
6.295647561911e+38
5.055891540916e+38
6.660487225433e+38
4.895324273683e+38
4.972954771739e+38
5.971268312410e+38
5.337355189604e+38
6.288578998866e+38
5.400574669361e+38
5.090140791849e+38
6.307856330277e+38
5.865686055005e+38
5.544601894565e+38
6.373420994045e+38
5.495853598601e+38
6.086481670602e+38
5.087664235580e+38
5.296924181915e+38
6.740796446989e+38
5.337800329280e+38
5.811448063315e+38
6.321760864585e+38
5.028640939356e+38
6.373252469617e+38
4.789017575703e+38
5.507821116690e+38
6.658120580341e+38
5.354086014127e+38
6.067974765495e+38
6.016609456924e+38
5.295283286320e+38
5.921112079473e+38
5.560965337178e+38
5.661304794409e+38
6.167520233774e+38
4.993783323789e+38
6.592486177698e+38
5.674058403823e+38
5.290971482890e+38
6.700529532731e+38
5.305627281617e+38
5.956131632308e+38
6.289805091506e+38
5.302209214593e+38
6.532107856715e+38
5.259716147907e+38
5.513086043813e+38
6.006042067702e+38
5.003211543061e+38
6.522580608890e+38
6.357893807280e+38
5.155599312256e+38
6.288913387598e+38
5.334669696323e+38
5.793833391158e+38
6.141982231999e+38
5.291881371167e+38
6.523157953259e+38
4.945202272521e+38
5.413567939101e+38
6.151539745324e+38
4.587561314938e+38
5.783443776701e+38
6.321667278756e+38
5.353317603832e+38
6.190081855821e+38
5.330705857441e+38
5.439844849857e+38
6.415817013079e+38
5.458713330965e+38
5.926645007433e+38
5.768998361961e+38
5.250000156958e+38
6.059155540165e+38
5.300590937428e+38
6.308767640029e+38
5.765327141152e+38
5.226108081768e+38
5.711624860756e+38
5.494194833267e+38
5.599852538689e+38
6.045418515306e+38
5.475157729476e+38
6.110751581026e+38
5.403337385087e+38
5.269316218415e+38
6.453370957570e+38
5.404127027368e+38
5.639540618987e+38
5.959125705268e+38
5.431949545873e+38
6.297137989806e+38
5.645703627812e+38
5.266635243487e+38
6.157888771755e+38
5.388861326946e+38
5.900219674919e+38
5.832046180955e+38
5.050090256338e+38
6.409292148783e+38
5.473344656680e+38
5.856533215646e+38
5.942135412605e+38
5.263681776428e+38
6.141523813541e+38
5.667853366477e+38
5.388251907695e+38
6.089183805500e+38
5.455704641371e+38
5.809200237915e+38
5.824426311291e+38
5.270024164560e+38
6.193210885707e+38
5.662559573131e+38
5.308519895940e+38
4.922896409390e+38
4.502730709342e+38
5.179567527596e+38
4.906629851900e+38
4.485279010206e+38
5.320551908597e+38
4.505611309553e+38
4.610526539527e+38
5.008385637412e+38
4.417081385854e+38
5.109749992260e+38
4.531301173730e+38
4.581782894062e+38
6.211264379696e+38
5.250822120310e+38
5.820070904309e+38
5.813910523647e+38
5.208782181427e+38
6.279750588589e+38
5.219645427326e+38
5.463009076180e+38
7.362080336400e+38
6.312428594650e+38
7.285546581509e+38
6.789617589584e+38
6.462370008888e+38
6.894932162405e+38
6.260799154450e+38
6.908433488394e+38
7.005417094898e+38
6.371178026929e+38
7.072542866208e+38
6.633847922531e+38
6.531376258435e+38
6.370077159351e+38
4.846157106418e+38
6.007490890288e+38
5.867814622230e+38
5.722994953122e+38
6.037917129586e+38
5.408796286272e+38
5.081949314835e+38
5.067936677537e+38
4.450482161430e+38
5.053317927216e+38
4.835356115001e+38
4.467655018379e+38
5.067153712346e+38
4.304577636717e+38
5.673963092870e+38
5.903181149530e+38
5.278211768156e+38
5.751126450244e+38
5.327870840820e+38
6.488148906067e+38
7.096509492870e+38
6.405017414147e+38
6.001444448470e+38
5.880587925938e+38
5.550699353085e+38
5.696629451307e+38
5.300480039861e+38
5.628902488769e+38
5.419405828669e+38
4.489877504347e+38
6.114972646843e+38
5.407338418113e+38
5.842078994178e+38
5.497813709773e+38
6.386883578096e+38
5.606807250366e+38
4.525770407132e+38
SCALARS fld_surface_isotropic_equivalent_luminosity double 1
LOOKUP_TABLE default
2.958754734545e+41
2.828014626934e+41
3.203151366089e+41
3.060140183738e+41
2.800627403646e+41
3.034681474390e+41
2.580179123801e+41
2.984708184047e+41
3.171133710216e+41
2.881753078296e+41
3.194890792706e+41
3.076676322504e+41
2.907322891963e+41
3.163005110695e+41
2.705775448355e+41
3.059399831623e+41
2.950809230959e+41
2.645462055324e+41
3.066808959651e+41
2.852982444343e+41
2.789100523649e+41
3.204382488581e+41
2.843541161156e+41
2.988372679767e+41
2.892939210006e+41
2.738445930312e+41
3.176239174833e+41
2.918121982827e+41
3.015906696306e+41
3.193315857077e+41
2.676460685461e+41
3.055808655981e+41
2.944406599926e+41
2.886147068090e+41
3.188158877625e+41
2.828624856127e+41
2.907321255709e+41
2.983907139228e+41
2.731428045244e+41
3.224468780524e+41
2.917955489077e+41
2.938164864611e+41
3.145845387789e+41
2.728899521850e+41
3.059565910651e+41
2.945280958125e+41
2.639363236940e+41
3.095633627629e+41
2.827212141081e+41
2.949720663698e+41
2.895886752930e+41
2.788288984036e+41
3.052488131930e+41
2.914479433471e+41
2.691848780337e+41
3.284493860834e+41
2.778262137556e+41
2.957541782431e+41
2.847521828798e+41
2.696937613356e+41
3.369128723061e+41
2.779298831507e+41
2.864161400921e+41
3.210996199750e+41
2.740045751976e+41
3.046807727609e+41
2.933869576275e+41
2.701894344830e+41
3.293251825883e+41
2.866073564831e+41
2.966393115483e+41
3.097564438313e+41
2.727588359295e+41
3.233195093186e+41
3.018439284151e+41
2.655851518066e+41
3.290330031594e+41
2.772360455829e+41
3.053265207059e+41
3.047892391782e+41
2.732875313349e+41
3.210020395011e+41
2.674898010730e+41
2.822550462783e+41
3.242158338649e+41
2.781150874897e+41
3.314783762263e+41
2.891391253912e+41
2.764185181206e+41
3.265493899120e+41
2.746432352281e+41
3.029338802364e+41
3.109099232744e+41
2.800795384087e+41
3.304611879950e+41
2.983483218523e+41
2.742576844865e+41
3.165418102325e+41
2.823712574912e+41
3.116954367508e+41
2.842743469186e+41
2.756137757479e+41
3.086687565823e+41
2.751808687845e+41
2.863886106080e+41
3.207802158235e+41
2.795964303368e+41
3.148699442796e+41
2.456028651088e+41
2.756329287289e+41
3.134972091518e+41
2.783616544828e+41
3.037072081343e+41
3.047092871728e+41
2.627006188752e+41
3.150793346842e+41
2.929650059975e+41
2.872656246674e+41
3.048775139581e+41
2.821222012432e+41
3.259822949883e+41
2.980076576951e+41
2.663525318268e+41
3.286379434907e+41
2.659456231737e+41
2.921639976182e+41
3.182901475960e+41
2.737480325000e+41
3.213521735810e+41
2.772720081099e+41
2.741698409105e+41
3.057560855119e+41
2.775108800389e+41
3.255984609830e+41
3.144836619097e+41
2.708816684099e+41
3.118549493720e+41
2.909629487923e+41
2.738077583564e+41
3.268605003954e+41
2.691954942313e+41
3.242781199706e+41
3.154957124718e+41
2.728940457552e+41
3.224927986133e+41
2.826186857524e+41
3.150104837987e+41
3.158870456375e+41
2.575269459043e+41
3.319780106063e+41
2.804956157988e+41
2.875445610670e+41
3.037754317626e+41
2.479200712919e+41
3.134648510845e+41
2.983453928320e+41
2.704591534046e+41
3.076959819992e+41
2.896580244701e+41
2.713317773656e+41
3.160350313359e+41
2.646675367825e+41
3.010001373159e+41
2.545530480706e+41
2.717938641894e+41
3.255941891049e+41
2.844023275348e+41
3.192097177314e+41
3.326500910284e+41
2.463445657947e+41
3.256557574333e+41
2.547712924432e+41
2.823318711760e+41
3.065456694194e+41
2.532691470020e+41
3.343671656201e+41
2.866740204370e+41
2.712178811648e+41
3.291296227143e+41
2.524093520853e+41
3.185329765408e+41
3.207431169437e+41
2.576772567755e+41
3.258163224009e+41
2.389907466083e+41
2.807876697233e+41
3.181392261574e+41
2.788140818270e+41
3.129558627879e+41
3.150892630862e+41
2.667712564834e+41
3.303773861690e+41
2.733962691236e+41
2.709015481034e+41
3.228624252167e+41
2.431578853966e+41
3.166222059695e+41
3.356981914231e+41
2.759780401435e+41
3.184103224354e+41
2.737551808960e+41
3.074976441538e+41
3.072196786250e+41
2.534131256084e+41
3.443310004469e+41
2.915680697874e+41
2.788572275136e+41
3.148574754236e+41
2.789879087441e+41
3.146218027354e+41
3.249009904296e+41
2.689467020161e+41
3.319184881773e+41
2.736103843784e+41
2.831639982337e+41
3.193518173556e+41
2.836025967729e+41
3.181680344509e+41
3.361647356020e+41
2.622145369221e+41
3.250647909758e+41
2.790153619066e+41
3.054666076073e+41
3.138657808262e+41
2.505755321310e+41
3.218079693592e+41
2.695093941404e+41
2.760997100620e+41
3.198475613016e+41
2.874103796646e+41
3.282971708552e+41
3.432504329172e+41
2.665128149655e+41
3.233527785163e+41
2.794965615305e+41
3.018057029289e+41
3.199468563132e+41
2.756934685690e+41
3.116467534648e+41
3.283706119227e+41
2.777311295508e+41
3.367828451755e+41
2.803330834572e+41
3.067705741737e+41
3.219336188547e+41
2.642387245683e+41
3.171643074933e+41
2.822686784425e+41
2.996641750956e+41
3.186075591398e+41
2.930492760165e+41
3.097306761236e+41
3.460707683611e+41
2.655396920869e+41
3.294600243009e+41
2.820942244808e+41
2.916133175390e+41
3.273794532568e+41
2.749414907421e+41
3.090662054504e+41
2.254475436114e+41
2.695610472557e+41
3.199751389134e+41
2.082835474828e+41
3.107176713716e+41
3.403959634229e+41
2.770668637810e+41
3.364935891429e+41
2.884589482617e+41
2.900501840947e+41
3.193097107180e+41
2.903535853594e+41
3.059188039082e+41
3.396489719979e+41
2.671458552594e+41
3.111353493865e+41
2.812415971822e+41
3.137552570347e+41
2.962781225501e+41
2.362734974982e+41
3.114796835982e+41
2.794063970913e+41
2.539246013071e+41
3.132342718627e+41
2.873923534768e+41
3.067560253878e+41
3.434504777996e+41
2.694743946094e+41
3.082687546167e+41
2.844324590779e+41
2.998227278204e+41
3.232796089434e+41
2.893490349194e+41
3.436957086428e+41
3.165986262145e+41
2.887940368606e+41
3.141664499427e+41
2.822581690225e+41
2.996208828860e+41
3.051636118836e+41
2.762975305246e+41
3.203255290251e+41
2.878139635726e+41
2.857976841344e+41
3.090827442911e+41
2.863049037004e+41
3.128027933427e+41
2.811846450381e+41
2.645666272730e+41
2.960545873042e+41
2.795626060238e+41
3.073810339374e+41
3.343724450595e+41
2.788334252666e+41
3.151302922975e+41
2.710223923098e+41
2.701435163212e+41
3.440062319400e+41
2.542639271986e+41
3.122737287395e+41
3.281400030172e+41
2.727520780495e+41
3.446229882231e+41
2.773155438181e+41
3.031572025658e+41
3.231175414936e+41
2.594906858544e+41
3.418487047490e+41
2.512542019237e+41
2.552409308082e+41
3.064829715485e+41
2.739490703419e+41
3.227752423908e+41
2.771989901065e+41
2.612675300868e+41
3.237735849115e+41
3.010803479940e+41
2.846019899830e+41
3.271478959771e+41
2.821049013432e+41
3.124249679183e+41
2.611570660639e+41
2.719011227630e+41
3.460209078987e+41
2.740042585292e+41
2.983205576418e+41
3.245194171507e+41
2.581410184551e+41
3.271683223449e+41
2.458443581362e+41
2.827465334492e+41
3.418005188267e+41
2.748589942893e+41
3.115099099911e+41
3.088754248688e+41
2.718467225805e+41
3.039775323172e+41
2.854904725399e+41
2.906438378388e+41
3.166345010046e+41
2.563777481421e+41
3.384564167680e+41
2.913064625505e+41
2.716404424983e+41
3.440097223676e+41
2.723960447851e+41
3.057952220069e+41
3.229280857033e+41
2.722247326866e+41
3.353713947584e+41
2.700453980642e+41
2.830550413302e+41
3.083656414095e+41
2.568785247552e+41
3.348879574662e+41
3.264331855802e+41
2.647042743244e+41
3.228925101548e+41
2.738988698500e+41
2.974738770091e+41
3.153488707687e+41
2.717017741624e+41
3.349189065521e+41
2.539013206141e+41
2.779478652908e+41
3.158363755168e+41
2.355366274933e+41
2.969347522132e+41
3.245665461515e+41
2.748478803035e+41
3.178064254912e+41
2.736828111070e+41
2.792836047504e+41
3.293871164434e+41
2.802465054046e+41
3.042661640712e+41
2.961689416105e+41
2.695207908558e+41
3.110558671707e+41
2.721092997371e+41
3.238589165103e+41
2.959558438239e+41
2.682701596502e+41
2.931865349819e+41
2.820188156977e+41
2.874349585090e+41
3.102970065466e+41
2.810187391753e+41
3.136316492206e+41
2.773148204033e+41
2.704270236694e+41
3.311817022033e+41
2.773244283339e+41
2.893930689773e+41
3.057789973835e+41
2.787150203577e+41
3.230919728952e+41
2.896530126726e+41
2.701897471903e+41
3.158942155567e+41
2.764264079836e+41
3.026368355934e+41
2.991189630749e+41
2.589940126854e+41
3.286747530825e+41
2.806549816365e+41
3.002770352644e+41
3.046374849960e+41
2.698281834511e+41
3.147952425419e+41
2.904840217375e+41
2.761215278092e+41
3.120018112246e+41
2.795060759727e+41
2.975744315929e+41
2.983098098738e+41
2.698721612072e+41
3.170940897786e+41
2.898726529773e+41
2.716971810316e+41
3.016003883796e+41
2.759080013791e+41
3.174383160102e+41
3.007647962744e+41
2.749864398922e+41
3.262546956985e+41
2.763326137102e+41
2.828181235029e+41
3.072787951002e+41
2.710491475977e+41
3.136098209654e+41
2.781567890809e+41
2.813048118902e+41
3.211256908584e+41
2.715784306836e+41
3.011419506845e+41
3.009458481807e+41
2.697336706456e+41
3.253285124219e+41
2.705223649160e+41
2.832552978008e+41
3.236998980135e+41
2.775601175864e+41
3.203581642648e+41
2.985560295614e+41
2.841660773218e+41
3.031812759006e+41
2.752866462234e+41
3.037440269596e+41
3.079805724339e+41
2.800637564311e+41
3.108460192713e+41
2.915077773237e+41
2.869351858783e+41
3.272330611172e+41
2.487825087712e+41
3.081657785581e+41
3.007380685380e+41
2.930210493058e+41
3.087857073943e+41
2.762367730347e+41
3.101357311073e+41
3.095669206113e+41
2.720935699653e+41
3.092128484381e+41
2.961117721639e+41
2.737933977618e+41
3.107309477231e+41
2.641053547748e+41
2.954720595446e+41
3.077894121325e+41
2.754981739782e+41
3.004259181185e+41
2.784305565287e+41
2.842135377288e+41
3.098787428848e+41
2.782466064104e+41
3.025226006035e+41
2.977372715576e+41
2.821514818837e+41
2.904921304270e+41
2.707387901814e+41
2.964183522476e+41
2.815683254458e+41
2.778617325211e+41
3.102441848844e+41
2.759725409461e+41
2.846450196101e+41
2.971461241577e+41
2.714550527128e+41
2.847268897960e+41
2.938119723206e+41
SCALARS log10_fld_surface_luminosity double 1
LOOKUP_TABLE default
3.865873199570e+01
3.874576879350e+01
3.887716853190e+01
3.875296127184e+01
3.875951916959e+01
3.877423079196e+01
3.870634072578e+01
3.868330762959e+01
3.878558243045e+01
3.873817540230e+01
3.879622073727e+01
3.878056540848e+01
3.875735863726e+01
3.879568743731e+01
3.872978971712e+01
3.884772667707e+01
3.882979413598e+01
3.878097758477e+01
3.876852351596e+01
3.873731461874e+01
3.872783225320e+01
3.878857678410e+01
3.873722960635e+01
3.868758809577e+01
3.867371887702e+01
3.865016082954e+01
3.871488598903e+01
3.867842253332e+01
3.869310668739e+01
3.871831851034e+01
3.864203939298e+01
3.877694528950e+01
3.876022774041e+01
3.875104300117e+01
3.879382793459e+01
3.874148406509e+01
3.875307066977e+01
3.876407282142e+01
3.879361065995e+01
3.886557354169e+01
3.882210894107e+01
3.882503899196e+01
3.885464805004e+01
3.879285937955e+01
3.884250444044e+01
3.882595435091e+01
3.877831875130e+01
3.884756902349e+01
3.880818474009e+01
3.882662030624e+01
3.881863956393e+01
3.873059166364e+01
3.877009181090e+01
3.875018126294e+01
3.871585169312e+01
3.880244844190e+01
3.872993023665e+01
3.875726292053e+01
3.874097202561e+01
3.864272824567e+01
3.873945086842e+01
3.865594524197e+01
3.866908484312e+01
3.871880496181e+01
3.865000110441e+01
3.869616662683e+01
3.867984071714e+01
3.864414654769e+01
3.873018123617e+01
3.866992148634e+01
3.868494038355e+01
3.870380915045e+01
3.872666714525e+01
3.880043744979e+01
3.877051016550e+01
3.871485831064e+01
3.880782508117e+01
3.873337042933e+01
3.877522412633e+01
3.877440159833e+01
3.872696744121e+01
3.879680414904e+01
3.871755520762e+01
3.874084403107e+01
3.880099342407e+01
3.873434304106e+01
3.881053524392e+01
3.875115058574e+01
3.873157655003e+01
3.880392588436e+01
3.872871530050e+01
3.877126532527e+01
3.878252475022e+01
3.873714575809e+01
3.880896048590e+01
3.876454064125e+01
3.872795415829e+01
3.879020597613e+01
3.874057609145e+01
3.878346786662e+01
3.874345796675e+01
3.873000509432e+01
3.877918167827e+01
3.872929298447e+01
3.874661709652e+01
3.879585636111e+01
3.873616862632e+01
3.878775717896e+01
3.867984908325e+01
3.872993711917e+01
3.878583071461e+01
3.873419808262e+01
3.877203600453e+01
3.877345939483e+01
3.870902813997e+01
3.878798082204e+01
3.875637100342e+01
3.874783374150e+01
3.877367075499e+01
3.873997833574e+01
3.880273121023e+01
3.876376114239e+01
3.871498744757e+01
3.880624558459e+01
3.871431833636e+01
3.875515012774e+01
3.879234488282e+01
3.872687125502e+01
3.879650034214e+01
3.873242425787e+01
3.872753730574e+01
3.877489238521e+01
3.873279718333e+01
3.880219963777e+01
3.878711573022e+01
3.872229781861e+01
3.878347160764e+01
3.875335761384e+01
3.872696681718e+01
3.880388482872e+01
3.871959166283e+01
3.880044317291e+01
3.878852079170e+01
3.872552334006e+01
3.879805139073e+01
3.874073446435e+01
3.878786094809e+01
3.878907022504e+01
3.870036366897e+01
3.881065300038e+01
3.873747255316e+01
3.874825452337e+01
3.877210499523e+01
3.868386710568e+01
3.878574741890e+01
3.876428113243e+01
3.872166678170e+01
3.877769029131e+01
3.875145746310e+01
3.872307605052e+01
3.878931416372e+01
3.871228321320e+01
3.876815287848e+01
3.869536817764e+01
3.872383325579e+01
3.880227402172e+01
3.874353432503e+01
3.879368111567e+01
3.881159651819e+01
3.868115574219e+01
3.880237542174e+01
3.869577107482e+01
3.874038442998e+01
3.877612366029e+01
3.869321472430e+01
3.881386002926e+01
3.874702871642e+01
3.872296267412e+01
3.880701530331e+01
3.869175774711e+01
3.879281067406e+01
3.879581758172e+01
3.870074027803e+01
3.880264096922e+01
3.866805314695e+01
3.873805400759e+01
3.879229709230e+01
3.873499845454e+01
3.878517069922e+01
3.878812504668e+01
3.871583428706e+01
3.880870935025e+01
3.872649537813e+01
3.872251800913e+01
3.879872772402e+01
3.867560224203e+01
3.879025888551e+01
3.881567011241e+01
3.873059919627e+01
3.879271532981e+01
3.872709402019e+01
3.877757690717e+01
3.877718754416e+01
3.869357097536e+01
3.882672130608e+01
3.875448840980e+01
3.873513357289e+01
3.878786884859e+01
3.873534334433e+01
3.878754985130e+01
3.886849814235e+01
3.878641315785e+01
3.887777813552e+01
3.879387895553e+01
3.880878403425e+01
3.886101494208e+01
3.880945523877e+01
3.885940100126e+01
3.888329596609e+01
3.877539987209e+01
3.886871227198e+01
3.880236962796e+01
3.884170436867e+01
3.885348365276e+01
3.875567734509e+01
3.886433442433e+01
3.878731042942e+01
3.879780131252e+01
3.886167719542e+01
3.881523534066e+01
3.887299872543e+01
3.882516702067e+01
3.871528644585e+01
3.879925727747e+01
3.873596939306e+01
3.876933252519e+01
3.879469501025e+01
3.873005564412e+01
3.878330370554e+01
3.880601724444e+01
3.873328932218e+01
3.881702646270e+01
3.873736253833e+01
3.877651351465e+01
3.871860156508e+01
3.863282903855e+01
3.871211420222e+01
3.856475711104e+01
3.859073002169e+01
3.861735194912e+01
3.858103710788e+01
3.860508116037e+01
3.865326224487e+01
3.853822706599e+01
3.863190053881e+01
3.856449210433e+01
3.857890526337e+01
3.862914923175e+01
3.855333790176e+01
3.860414884783e+01
3.846714244756e+01
3.854475359005e+01
3.861921210994e+01
3.843275016158e+01
3.860646037459e+01
3.874281429610e+01
3.865341716292e+01
3.873781202804e+01
3.874978383118e+01
3.875216132981e+01
3.879388862745e+01
3.875259195490e+01
3.877525913475e+01
3.882067140295e+01
3.871637760726e+01
3.878256651887e+01
3.873868463887e+01
3.878618393490e+01
3.876128026431e+01
3.866298335952e+01
3.878298565189e+01
3.880296793046e+01
3.876143767150e+01
3.885260342505e+01
3.881521057081e+01
3.884352962368e+01
3.889260175431e+01
3.878725618871e+01
3.884566919128e+01
3.881071978287e+01
3.883360606394e+01
3.886632065214e+01
3.881816514538e+01
3.889291792262e+01
3.885725348229e+01
3.881733325718e+01
3.885390535468e+01
3.880739251836e+01
3.883331845873e+01
3.884127943834e+01
3.879812393810e+01
3.886233865916e+01
3.874887289646e+01
3.874581666816e+01
3.877982959931e+01
3.874658045422e+01
3.878501907070e+01
3.873873678267e+01
3.871227693074e+01
3.876111030841e+01
3.873621419455e+01
3.877740874021e+01
3.881395867220e+01
3.873506950386e+01
3.878821126321e+01
3.872272268959e+01
3.872130843266e+01
3.882627652955e+01
3.869499127279e+01
3.878423824345e+01
3.880575821513e+01
3.872546332084e+01
3.882703568606e+01
3.873266182026e+01
3.877135164090e+01
3.879904040769e+01
3.870379774888e+01
3.882350599968e+01
3.868978146542e+01
3.869661450941e+01
3.877606658617e+01
3.872732610514e+01
3.879855252101e+01
3.873243997509e+01
3.870672979496e+01
3.879988179314e+01
3.876831881483e+01
3.874387036902e+01
3.880437260659e+01
3.874003515524e+01
3.878436631848e+01
3.870651844198e+01
3.872402375666e+01
3.882871121287e+01
3.872736232413e+01
3.876428436088e+01
3.880083806361e+01
3.870145062675e+01
3.880436112293e+01
3.868024643091e+01
3.874097982677e+01
3.882335165608e+01
3.872868534391e+01
3.878304376605e+01
3.877935182199e+01
3.872388919889e+01
3.877240328183e+01
3.874515018802e+01
3.875291653714e+01
3.879011058295e+01
3.869842969474e+01
3.881904922789e+01
3.875389380173e+01
3.872353542079e+01
3.882610912569e+01
3.872473673769e+01
3.877496428723e+01
3.879863718774e+01
3.872445686013e+01
3.881505334710e+01
3.872096230713e+01
3.874139477065e+01
3.877858836977e+01
3.869924886587e+01
3.881441945501e+01
3.880331326984e+01
3.871227915708e+01
3.879857561356e+01
3.872710753463e+01
3.876296600237e+01
3.878830855575e+01
3.872361009999e+01
3.881445789476e+01
3.869418406015e+01
3.873348359145e+01
3.878898383434e+01
3.866158188185e+01
3.876218651798e+01
3.880083163437e+01
3.872862301015e+01
3.879169639204e+01
3.872678471929e+01
3.873558651334e+01
3.880725196884e+01
3.873709028756e+01
3.877280891477e+01
3.876110041565e+01
3.872015931639e+01
3.878241210110e+01
3.872432428971e+01
3.879994453208e+01
3.876082395544e+01
3.871817838718e+01
3.875675967526e+01
3.873990405616e+01
3.874817659085e+01
3.878142637180e+01
3.873839663494e+01
3.878609462881e+01
3.873266208579e+01
3.872175426192e+01
3.880978663027e+01
3.873272554883e+01
3.875124372903e+01
3.877518254678e+01
3.873495572739e+01
3.879914321014e+01
3.875171807605e+01
3.872153324104e+01
3.878943184010e+01
3.873149700792e+01
3.877086818144e+01
3.876582095428e+01
3.870329914000e+01
3.880681006808e+01
3.873825279654e+01
3.876764061075e+01
3.877394254452e+01
3.872128962549e+01
3.878827614015e+01
3.875341860605e+01
3.873144789135e+01
3.878455908368e+01
3.873685085063e+01
3.876411634647e+01
3.876525315509e+01
3.872181260658e+01
3.879191586847e+01
3.875301278405e+01
3.872497344940e+01
3.869222069718e+01
3.865347597429e+01
3.871429349947e+01
3.869078329675e+01
3.865178946384e+01
3.872595668463e+01
3.865375372325e+01
3.866375052629e+01
3.869969776145e+01
3.864513540132e+01
3.870839965167e+01
3.865622292860e+01
3.866103450647e+01
3.879318001519e+01
3.872022730614e+01
3.876492827557e+01
3.876446834367e+01
3.871673619668e+01
3.879794239531e+01
3.871764100220e+01
3.873743192205e+01
3.886700055224e+01
3.880019647847e+01
3.886246213928e+01
3.883184531428e+01
3.881039182032e+01
3.883852999761e+01
3.879662977190e+01
3.883937958074e+01
3.884543399781e+01
3.880421974054e+01
3.884957558837e+01
3.882176551133e+01
3.881500470325e+01
3.880414469288e+01
3.868539748932e+01
3.877869312092e+01
3.876847638503e+01
3.875762336292e+01
3.878088714804e+01
3.873310062474e+01
3.870603032927e+01
3.870483117986e+01
3.864840706462e+01
3.870357662254e+01
3.868442846458e+01
3.865007963056e+01
3.870476407883e+01
3.863393054509e+01
3.875388650654e+01
3.877108611052e+01
3.872248681065e+01
3.875975291655e+01
3.872655368805e+01
3.881212080858e+01
3.885104478805e+01
3.880652031485e+01
3.877825579047e+01
3.876942074788e+01
3.874434770493e+01
3.875561797082e+01
3.872431520342e+01
3.875042372531e+01
3.873395167409e+01
3.865223449247e+01
3.878639451871e+01
3.873298355073e+01
3.876656742503e+01
3.874019001994e+01
3.880528899979e+01
3.874871562627e+01
3.865569251837e+01
SCALARS fld_surface_flux double 1
LOOKUP_TABLE default
4.185781701328e+10
4.000822284557e+10
4.531532207863e+10
4.329212771521e+10
3.962077289324e+10
4.293196065410e+10
3.650206769915e+10
4.222498321582e+10
4.486236490545e+10
4.076846641610e+10
4.519845887093e+10
4.352606622403e+10
4.113020528179e+10
4.474736874596e+10
3.827889222243e+10
4.328165387532e+10
4.174541113141e+10
3.742563225484e+10
4.338647159529e+10
4.036144520636e+10
3.945770089946e+10
4.533273889909e+10
4.022787837185e+10
4.227682522540e+10
4.092671780771e+10
3.874108499548e+10
4.493459245482e+10
4.128298116551e+10
4.266635187743e+10
4.517617808955e+10
3.786417316287e+10
4.323084913266e+10
4.165483243116e+10
4.083062865570e+10
4.510322175434e+10
4.001685582269e+10
4.113018213353e+10
4.221365074981e+10
3.864180223115e+10
4.561690180142e+10
4.128062576077e+10
4.156652993971e+10
4.450460832617e+10
3.860603094253e+10
4.328400341294e+10
4.166720206933e+10
3.733935162436e+10
4.379425723011e+10
3.999686999311e+10
4.173001105492e+10
4.096841701006e+10
3.944621996249e+10
4.318387332676e+10
4.123144963347e+10
3.808187017303e+10
4.646608297838e+10
3.930436910196e+10
4.184065725108e+10
4.028419329914e+10
3.815386243343e+10
4.766342135004e+10
3.931903532124e+10
4.051959509063e+10
4.542630377240e+10
3.876371784222e+10
4.310351204441e+10
4.150576404010e+10
3.822398583926e+10
4.658998283872e+10
4.054664667626e+10
4.196587799848e+10
4.382157261361e+10
3.858748178682e+10
4.574035387209e+10
4.270218066625e+10
3.757261308607e+10
4.654864790506e+10
3.922087738469e+10
4.319486669102e+10
4.311885690349e+10
3.866227688652e+10
4.541249895927e+10
3.784206583772e+10
3.993092073584e+10
4.586715785623e+10
3.934523637548e+10
4.689459742621e+10
4.090481870869e+10
3.910522090758e+10
4.619728850502e+10
3.885406975404e+10
4.285637730634e+10
4.398475657373e+10
3.962314933034e+10
4.675069472838e+10
4.220765349864e+10
3.879952548175e+10
4.478150559446e+10
3.994736125937e+10
4.409588399829e+10
4.021659333895e+10
3.899137315066e+10
4.366769634499e+10
3.893012934344e+10
4.051570046532e+10
4.538111732835e+10
3.955480351907e+10
4.454498494504e+10
3.474569779519e+10
3.899408274320e+10
4.435078265069e+10
3.938011846949e+10
4.296578082419e+10
4.310754600850e+10
3.716453515315e+10
4.457460762764e+10
4.144607009551e+10
4.063977257439e+10
4.313134523022e+10
3.991212700784e+10
4.611706098474e+10
4.215945937903e+10
3.768117515136e+10
4.649275839476e+10
3.762360935266e+10
4.133275059060e+10
4.502884473542e+10
3.872742447472e+10
4.546203279888e+10
3.922596504152e+10
3.878709815788e+10
4.325563767969e+10
3.925975850664e+10
4.606275958094e+10
4.449033716851e+10
3.832191690703e+10
4.411845041798e+10
4.116283693946e+10
3.873587395496e+10
4.624130163504e+10
3.808337205776e+10
4.587596953766e+10
4.463351303484e+10
3.860661006425e+10
4.562339823186e+10
3.998236519789e+10
4.456486721985e+10
4.468887535281e+10
3.643261015113e+10
4.696528123183e+10
3.968201223999e+10
4.067923400267e+10
4.297543249324e+10
3.507351541138e+10
4.434620492058e+10
4.220723912702e+10
3.826214326114e+10
4.353007689305e+10
4.097822791168e+10
3.838559429834e+10
4.470981104650e+10
3.744279711547e+10
4.258280864459e+10
3.601188967071e+10
3.845096621136e+10
4.606215523381e+10
4.023469889245e+10
4.515893729771e+10
4.706036116191e+10
3.485062697783e+10
4.607086537053e+10
3.604276493356e+10
3.994178923559e+10
4.336734095246e+10
3.583025482493e+10
4.730327752539e+10
4.055607769651e+10
3.836948128204e+10
4.656231677596e+10
3.570861872622e+10
4.506319800377e+10
4.537586891048e+10
3.645387478949e+10
4.609358066678e+10
3.381027437860e+10
3.972332941842e+10
4.500749371946e+10
3.944412384569e+10
4.427419780647e+10
4.457601220919e+10
3.774041257259e+10
4.673883919518e+10
3.867766013680e+10
3.832472930836e+10
4.567568969944e+10
3.439980392234e+10
4.479287926462e+10
4.749157915733e+10
3.904290602103e+10
4.504584599740e+10
3.872843576587e+10
4.350201782773e+10
4.346269374958e+10
3.585062363106e+10
4.871287180525e+10
4.124844404838e+10
3.945022771173e+10
4.454322096275e+10
3.946871532400e+10
4.450988009762e+10
4.596408768207e+10
3.804817515922e+10
4.695686053067e+10
3.870795124897e+10
4.005951113294e+10
4.517904028224e+10
4.012156013343e+10
4.501156925928e+10
4.755758165709e+10
3.709576862374e+10
4.598726071904e+10
3.947259915200e+10
4.321468493352e+10
4.440292487634e+10
3.544918627248e+10
4.552651471100e+10
3.812777981080e+10
3.906011879343e+10
4.524917370404e+10
4.066025121737e+10
4.644454892861e+10
4.856000277085e+10
3.770385057698e+10
4.574506050077e+10
3.954067497313e+10
4.269677286618e+10
4.526322107463e+10
3.900264737859e+10
4.408899672219e+10
4.645493871432e+10
3.929091743867e+10
4.764502627398e+10
3.965901861726e+10
4.339915846657e+10
4.554429047838e+10
3.738213259676e+10
4.486957094211e+10
3.993284929258e+10
4.239380865246e+10
4.507374928315e+10
4.145799186447e+10
4.381792722869e+10
4.895899861714e+10
3.756618185132e+10
4.660905903881e+10
3.990816910559e+10
4.125484529578e+10
4.631471844671e+10
3.889626427792e+10
4.372392385786e+10
3.189430308771e+10
3.813508723179e+10
4.526722224408e+10
2.946609435253e+10
4.395755849315e+10
4.815617794425e+10
3.919694305574e+10
4.760410491629e+10
4.080859332883e+10
4.103370714968e+10
4.517308341157e+10
4.107662964836e+10
4.327865762377e+10
4.805050027516e+10
3.779340745870e+10
4.401664784487e+10
3.978754701743e+10
4.438728895835e+10
4.191478020785e+10
3.342586226529e+10
4.406536117099e+10
3.952791931429e+10
3.592298264059e+10
4.431358463354e+10
4.065770103346e+10
4.339710023439e+10
4.858830333252e+10
3.812282839003e+10
4.361110764270e+10
4.023896163380e+10
4.241623927459e+10
4.573470912369e+10
4.093451483226e+10
4.862299639998e+10
4.478954341168e+10
4.085599866829e+10
4.444546085512e+10
3.993136251378e+10
4.238768405766e+10
4.317181980716e+10
3.908810466406e+10
4.531679230477e+10
4.071734666085e+10
4.043210147041e+10
4.372626362519e+10
4.050385836033e+10
4.425254290972e+10
3.977948993720e+10
3.742852134013e+10
4.188315643955e+10
3.955001835763e+10
4.348552085674e+10
4.730402441329e+10
3.944686038260e+10
4.458181665524e+10
3.834182526639e+10
3.821748974822e+10
4.866692646014e+10
3.597098743432e+10
4.417769557923e+10
4.642231422789e+10
3.858652574237e+10
4.875417962561e+10
3.923212408432e+10
4.288797095312e+10
4.571178126969e+10
3.671042252448e+10
4.836169880032e+10
3.554519840779e+10
3.610920517111e+10
4.335847101816e+10
3.875586551141e+10
4.566335585260e+10
3.921563510713e+10
3.696179456243e+10
4.580459242777e+10
4.259415613429e+10
4.026294535074e+10
4.628195979277e+10
3.990967957263e+10
4.419909154624e+10
3.694616709995e+10
3.846614019553e+10
4.895194480464e+10
3.876367304280e+10
4.220372566633e+10
4.591010610562e+10
3.651948364614e+10
4.628484953269e+10
3.477986206989e+10
4.000045194714e+10
4.835488188679e+10
3.888459341725e+10
4.406963733084e+10
4.369693392665e+10
3.845844414402e+10
4.300402387303e+10
4.038863992033e+10
4.111769197444e+10
4.479461865628e+10
3.627003192497e+10
4.788178822204e+10
4.121143419513e+10
3.842926148202e+10
4.866742025465e+10
3.853615733887e+10
4.326117436114e+10
4.568497875811e+10
3.851192163462e+10
4.744534688659e+10
3.820360885434e+10
4.004409688426e+10
4.362481432003e+10
3.634087732350e+10
4.737695450017e+10
4.618084895495e+10
3.744799441447e+10
4.567994584754e+10
3.874876359459e+10
4.208394485930e+10
4.461273918337e+10
3.843793813759e+10
4.738133290017e+10
3.591968909626e+10
3.932157927367e+10
4.468170699709e+10
3.332161648423e+10
4.200767430266e+10
4.591677349536e+10
3.888302110989e+10
4.496041205626e+10
3.871819753509e+10
3.951054775160e+10
4.659874468689e+10
3.964677032833e+10
4.304485691337e+10
4.189933426454e+10
3.812939211621e+10
4.400540341152e+10
3.849559121283e+10
4.581666437956e+10
4.186918709467e+10
3.795246399323e+10
4.147741003587e+10
3.989750094508e+10
4.066372841256e+10
4.389804659423e+10
3.975601905884e+10
4.436980202979e+10
3.923202174207e+10
3.825759783344e+10
4.685262663754e+10
3.923338098620e+10
4.094074437713e+10
4.325887904645e+10
3.943010951457e+10
4.570816405296e+10
4.097751888738e+10
3.822403007830e+10
4.468988968887e+10
3.910633709487e+10
4.281435408567e+10
4.231667692968e+10
3.664015764452e+10
4.649796588674e+10
3.970455789405e+10
4.248051063050e+10
4.309738807840e+10
3.817287927267e+10
4.453441681098e+10
4.109508262110e+10
3.906320537326e+10
4.413922712002e+10
3.954202099135e+10
4.209817042290e+10
4.220220516819e+10
3.817910085246e+10
4.485963716754e+10
4.100859163422e+10
3.843728834249e+10
4.266772679916e+10
3.903299756274e+10
4.490833521760e+10
4.254951469786e+10
3.890262328186e+10
4.615559780210e+10
3.909306791953e+10
4.001057986797e+10
4.347105702001e+10
3.834561036535e+10
4.436671396338e+10
3.935113594382e+10
3.979649006920e+10
4.542999204793e+10
3.842048860483e+10
4.260287113224e+10
4.257512830306e+10
3.815950844584e+10
4.602456967172e+10
3.827108586071e+10
4.007242737952e+10
4.579416786417e+10
3.926672419470e+10
4.532140924675e+10
4.223703812853e+10
4.020127632426e+10
4.289137663332e+10
3.894509378990e+10
4.297098962245e+10
4.357033820368e+10
3.962091663724e+10
4.397571600664e+10
4.123991440961e+10
4.059302504847e+10
4.629400819546e+10
3.519552535621e+10
4.359653951048e+10
4.254573349665e+10
4.145399860177e+10
4.368424150038e+10
3.907950923753e+10
4.387523078680e+10
4.379476056269e+10
3.849336590534e+10
4.374466959685e+10
4.189124644230e+10
3.873384234641e+10
4.395943671268e+10
3.736326463063e+10
4.180074561962e+10
4.354329455310e+10
3.897501884571e+10
4.250157324577e+10
3.938986611500e+10
4.020799059838e+10
4.383887439041e+10
3.936384249668e+10
4.279819314050e+10
4.212120756541e+10
3.991626937110e+10
4.109622976600e+10
3.830170377252e+10
4.193461865187e+10
3.983376961139e+10
3.930939397938e+10
4.389057385767e+10
3.904212804373e+10
4.026903279772e+10
4.203757731581e+10
3.840303419245e+10
4.028061505974e+10
4.156589131947e+10
SCALARS fld_surface_luminosity_stderr_gen double 1
LOOKUP_TABLE default
0.000000000000e+00
0.000000000000e+00
0.000000000000e+00
0.000000000000e+00
0.000000000000e+00
0.000000000000e+00
0.000000000000e+00
0.000000000000e+00
0.000000000000e+00
0.000000000000e+00
0.000000000000e+00
0.000000000000e+00
0.000000000000e+00
0.000000000000e+00
0.000000000000e+00
0.000000000000e+00
0.000000000000e+00
0.000000000000e+00
0.000000000000e+00
0.000000000000e+00
0.000000000000e+00
0.000000000000e+00
0.000000000000e+00
0.000000000000e+00
0.000000000000e+00
0.000000000000e+00
0.000000000000e+00
0.000000000000e+00
0.000000000000e+00
0.000000000000e+00
0.000000000000e+00
0.000000000000e+00
0.000000000000e+00
0.000000000000e+00
0.000000000000e+00
0.000000000000e+00
0.000000000000e+00
0.000000000000e+00
0.000000000000e+00
0.000000000000e+00
0.000000000000e+00
0.000000000000e+00
0.000000000000e+00
0.000000000000e+00
0.000000000000e+00
0.000000000000e+00
0.000000000000e+00
0.000000000000e+00
0.000000000000e+00
0.000000000000e+00
0.000000000000e+00
0.000000000000e+00
0.000000000000e+00
0.000000000000e+00
0.000000000000e+00
0.000000000000e+00
0.000000000000e+00
0.000000000000e+00
0.000000000000e+00
0.000000000000e+00
0.000000000000e+00
0.000000000000e+00
0.000000000000e+00
0.000000000000e+00
0.000000000000e+00
0.000000000000e+00
0.000000000000e+00
0.000000000000e+00
0.000000000000e+00
0.000000000000e+00
0.000000000000e+00
0.000000000000e+00
0.000000000000e+00
0.000000000000e+00
0.000000000000e+00
0.000000000000e+00
0.000000000000e+00
0.000000000000e+00
0.000000000000e+00
0.000000000000e+00
0.000000000000e+00
0.000000000000e+00
0.000000000000e+00
0.000000000000e+00
0.000000000000e+00
0.000000000000e+00
0.000000000000e+00
0.000000000000e+00
0.000000000000e+00
0.000000000000e+00
0.000000000000e+00
0.000000000000e+00
0.000000000000e+00
0.000000000000e+00
0.000000000000e+00
0.000000000000e+00
0.000000000000e+00
0.000000000000e+00
0.000000000000e+00
0.000000000000e+00
0.000000000000e+00
0.000000000000e+00
0.000000000000e+00
0.000000000000e+00
0.000000000000e+00
0.000000000000e+00
0.000000000000e+00
0.000000000000e+00
0.000000000000e+00
0.000000000000e+00
0.000000000000e+00
0.000000000000e+00
0.000000000000e+00
0.000000000000e+00
0.000000000000e+00
0.000000000000e+00
0.000000000000e+00
0.000000000000e+00
0.000000000000e+00
0.000000000000e+00
0.000000000000e+00
0.000000000000e+00
0.000000000000e+00
0.000000000000e+00
0.000000000000e+00
0.000000000000e+00
0.000000000000e+00
0.000000000000e+00
0.000000000000e+00
0.000000000000e+00
0.000000000000e+00
0.000000000000e+00
0.000000000000e+00
0.000000000000e+00
0.000000000000e+00
0.000000000000e+00
0.000000000000e+00
0.000000000000e+00
0.000000000000e+00
0.000000000000e+00
0.000000000000e+00
0.000000000000e+00
0.000000000000e+00
0.000000000000e+00
0.000000000000e+00
0.000000000000e+00
0.000000000000e+00
0.000000000000e+00
0.000000000000e+00
0.000000000000e+00
0.000000000000e+00
0.000000000000e+00
0.000000000000e+00
0.000000000000e+00
0.000000000000e+00
0.000000000000e+00
0.000000000000e+00
0.000000000000e+00
0.000000000000e+00
0.000000000000e+00
0.000000000000e+00
0.000000000000e+00
0.000000000000e+00
0.000000000000e+00
0.000000000000e+00
0.000000000000e+00
0.000000000000e+00
0.000000000000e+00
0.000000000000e+00
0.000000000000e+00
0.000000000000e+00
0.000000000000e+00
0.000000000000e+00
0.000000000000e+00
0.000000000000e+00
0.000000000000e+00
0.000000000000e+00
0.000000000000e+00
0.000000000000e+00
0.000000000000e+00
0.000000000000e+00
0.000000000000e+00
0.000000000000e+00
0.000000000000e+00
0.000000000000e+00
0.000000000000e+00
0.000000000000e+00
0.000000000000e+00
0.000000000000e+00
0.000000000000e+00
0.000000000000e+00
0.000000000000e+00
0.000000000000e+00
0.000000000000e+00
0.000000000000e+00
0.000000000000e+00
0.000000000000e+00
0.000000000000e+00
0.000000000000e+00
0.000000000000e+00
0.000000000000e+00
0.000000000000e+00
0.000000000000e+00
0.000000000000e+00
0.000000000000e+00
0.000000000000e+00
0.000000000000e+00
0.000000000000e+00
0.000000000000e+00
0.000000000000e+00
0.000000000000e+00
0.000000000000e+00
0.000000000000e+00
0.000000000000e+00
0.000000000000e+00
0.000000000000e+00
0.000000000000e+00
0.000000000000e+00
0.000000000000e+00
0.000000000000e+00
0.000000000000e+00
0.000000000000e+00
0.000000000000e+00
0.000000000000e+00
0.000000000000e+00
0.000000000000e+00
0.000000000000e+00
0.000000000000e+00
0.000000000000e+00
0.000000000000e+00
0.000000000000e+00
0.000000000000e+00
0.000000000000e+00
0.000000000000e+00
0.000000000000e+00
0.000000000000e+00
0.000000000000e+00
0.000000000000e+00
0.000000000000e+00
0.000000000000e+00
0.000000000000e+00
0.000000000000e+00
0.000000000000e+00
0.000000000000e+00
0.000000000000e+00
0.000000000000e+00
0.000000000000e+00
0.000000000000e+00
0.000000000000e+00
0.000000000000e+00
0.000000000000e+00
0.000000000000e+00
0.000000000000e+00
0.000000000000e+00
0.000000000000e+00
0.000000000000e+00
0.000000000000e+00
0.000000000000e+00
0.000000000000e+00
0.000000000000e+00
0.000000000000e+00
0.000000000000e+00
0.000000000000e+00
0.000000000000e+00
0.000000000000e+00
0.000000000000e+00
0.000000000000e+00
0.000000000000e+00
0.000000000000e+00
0.000000000000e+00
0.000000000000e+00
0.000000000000e+00
0.000000000000e+00
0.000000000000e+00
0.000000000000e+00
0.000000000000e+00
0.000000000000e+00
0.000000000000e+00
0.000000000000e+00
0.000000000000e+00
0.000000000000e+00
0.000000000000e+00
0.000000000000e+00
0.000000000000e+00
0.000000000000e+00
0.000000000000e+00
0.000000000000e+00
0.000000000000e+00
0.000000000000e+00
0.000000000000e+00
0.000000000000e+00
0.000000000000e+00
0.000000000000e+00
0.000000000000e+00
0.000000000000e+00
0.000000000000e+00
0.000000000000e+00
0.000000000000e+00
0.000000000000e+00
0.000000000000e+00
0.000000000000e+00
0.000000000000e+00
0.000000000000e+00
0.000000000000e+00
0.000000000000e+00
0.000000000000e+00
0.000000000000e+00
0.000000000000e+00
0.000000000000e+00
0.000000000000e+00
0.000000000000e+00
0.000000000000e+00
0.000000000000e+00
0.000000000000e+00
0.000000000000e+00
0.000000000000e+00
0.000000000000e+00
0.000000000000e+00
0.000000000000e+00
0.000000000000e+00
0.000000000000e+00
0.000000000000e+00
0.000000000000e+00
0.000000000000e+00
0.000000000000e+00
0.000000000000e+00
0.000000000000e+00
0.000000000000e+00
0.000000000000e+00
0.000000000000e+00
0.000000000000e+00
0.000000000000e+00
0.000000000000e+00
0.000000000000e+00
0.000000000000e+00
0.000000000000e+00
0.000000000000e+00
0.000000000000e+00
0.000000000000e+00
0.000000000000e+00
0.000000000000e+00
0.000000000000e+00
0.000000000000e+00
0.000000000000e+00
0.000000000000e+00
0.000000000000e+00
0.000000000000e+00
0.000000000000e+00
0.000000000000e+00
0.000000000000e+00
0.000000000000e+00
0.000000000000e+00
0.000000000000e+00
0.000000000000e+00
0.000000000000e+00
0.000000000000e+00
0.000000000000e+00
0.000000000000e+00
0.000000000000e+00
0.000000000000e+00
0.000000000000e+00
0.000000000000e+00
0.000000000000e+00
0.000000000000e+00
0.000000000000e+00
0.000000000000e+00
0.000000000000e+00
0.000000000000e+00
0.000000000000e+00
0.000000000000e+00
0.000000000000e+00
0.000000000000e+00
0.000000000000e+00
0.000000000000e+00
0.000000000000e+00
0.000000000000e+00
0.000000000000e+00
0.000000000000e+00
0.000000000000e+00
0.000000000000e+00
0.000000000000e+00
0.000000000000e+00
0.000000000000e+00
0.000000000000e+00
0.000000000000e+00
0.000000000000e+00
0.000000000000e+00
0.000000000000e+00
0.000000000000e+00
0.000000000000e+00
0.000000000000e+00
0.000000000000e+00
0.000000000000e+00
0.000000000000e+00
0.000000000000e+00
0.000000000000e+00
0.000000000000e+00
0.000000000000e+00
0.000000000000e+00
0.000000000000e+00
0.000000000000e+00
0.000000000000e+00
0.000000000000e+00
0.000000000000e+00
0.000000000000e+00
0.000000000000e+00
0.000000000000e+00
0.000000000000e+00
0.000000000000e+00
0.000000000000e+00
0.000000000000e+00
0.000000000000e+00
0.000000000000e+00
0.000000000000e+00
0.000000000000e+00
0.000000000000e+00
0.000000000000e+00
0.000000000000e+00
0.000000000000e+00
0.000000000000e+00
0.000000000000e+00
0.000000000000e+00
0.000000000000e+00
0.000000000000e+00
0.000000000000e+00
0.000000000000e+00
0.000000000000e+00
0.000000000000e+00
0.000000000000e+00
0.000000000000e+00
0.000000000000e+00
0.000000000000e+00
0.000000000000e+00
0.000000000000e+00
0.000000000000e+00
0.000000000000e+00
0.000000000000e+00
0.000000000000e+00
0.000000000000e+00
0.000000000000e+00
0.000000000000e+00
0.000000000000e+00
0.000000000000e+00
0.000000000000e+00
0.000000000000e+00
0.000000000000e+00
0.000000000000e+00
0.000000000000e+00
0.000000000000e+00
0.000000000000e+00
0.000000000000e+00
0.000000000000e+00
0.000000000000e+00
0.000000000000e+00
0.000000000000e+00
0.000000000000e+00
0.000000000000e+00
0.000000000000e+00
0.000000000000e+00
0.000000000000e+00
0.000000000000e+00
0.000000000000e+00
0.000000000000e+00
0.000000000000e+00
0.000000000000e+00
0.000000000000e+00
0.000000000000e+00
0.000000000000e+00
0.000000000000e+00
0.000000000000e+00
0.000000000000e+00
0.000000000000e+00
0.000000000000e+00
0.000000000000e+00
0.000000000000e+00
0.000000000000e+00
0.000000000000e+00
0.000000000000e+00
0.000000000000e+00
0.000000000000e+00
0.000000000000e+00
0.000000000000e+00
0.000000000000e+00
0.000000000000e+00
0.000000000000e+00
0.000000000000e+00
0.000000000000e+00
0.000000000000e+00
0.000000000000e+00
0.000000000000e+00
0.000000000000e+00
0.000000000000e+00
0.000000000000e+00
0.000000000000e+00
0.000000000000e+00
0.000000000000e+00
0.000000000000e+00
0.000000000000e+00
0.000000000000e+00
0.000000000000e+00
0.000000000000e+00
0.000000000000e+00
0.000000000000e+00
0.000000000000e+00
0.000000000000e+00
0.000000000000e+00
0.000000000000e+00
0.000000000000e+00
0.000000000000e+00
0.000000000000e+00
0.000000000000e+00
0.000000000000e+00
SCALARS fld_surface_luminosity_relerr_gen double 1
LOOKUP_TABLE default
0.000000000000e+00
0.000000000000e+00
0.000000000000e+00
0.000000000000e+00
0.000000000000e+00
0.000000000000e+00
0.000000000000e+00
0.000000000000e+00
0.000000000000e+00
0.000000000000e+00
0.000000000000e+00
0.000000000000e+00
0.000000000000e+00
0.000000000000e+00
0.000000000000e+00
0.000000000000e+00
0.000000000000e+00
0.000000000000e+00
0.000000000000e+00
0.000000000000e+00
0.000000000000e+00
0.000000000000e+00
0.000000000000e+00
0.000000000000e+00
0.000000000000e+00
0.000000000000e+00
0.000000000000e+00
0.000000000000e+00
0.000000000000e+00
0.000000000000e+00
0.000000000000e+00
0.000000000000e+00
0.000000000000e+00
0.000000000000e+00
0.000000000000e+00
0.000000000000e+00
0.000000000000e+00
0.000000000000e+00
0.000000000000e+00
0.000000000000e+00
0.000000000000e+00
0.000000000000e+00
0.000000000000e+00
0.000000000000e+00
0.000000000000e+00
0.000000000000e+00
0.000000000000e+00
0.000000000000e+00
0.000000000000e+00
0.000000000000e+00
0.000000000000e+00
0.000000000000e+00
0.000000000000e+00
0.000000000000e+00
0.000000000000e+00
0.000000000000e+00
0.000000000000e+00
0.000000000000e+00
0.000000000000e+00
0.000000000000e+00
0.000000000000e+00
0.000000000000e+00
0.000000000000e+00
0.000000000000e+00
0.000000000000e+00
0.000000000000e+00
0.000000000000e+00
0.000000000000e+00
0.000000000000e+00
0.000000000000e+00
0.000000000000e+00
0.000000000000e+00
0.000000000000e+00
0.000000000000e+00
0.000000000000e+00
0.000000000000e+00
0.000000000000e+00
0.000000000000e+00
0.000000000000e+00
0.000000000000e+00
0.000000000000e+00
0.000000000000e+00
0.000000000000e+00
0.000000000000e+00
0.000000000000e+00
0.000000000000e+00
0.000000000000e+00
0.000000000000e+00
0.000000000000e+00
0.000000000000e+00
0.000000000000e+00
0.000000000000e+00
0.000000000000e+00
0.000000000000e+00
0.000000000000e+00
0.000000000000e+00
0.000000000000e+00
0.000000000000e+00
0.000000000000e+00
0.000000000000e+00
0.000000000000e+00
0.000000000000e+00
0.000000000000e+00
0.000000000000e+00
0.000000000000e+00
0.000000000000e+00
0.000000000000e+00
0.000000000000e+00
0.000000000000e+00
0.000000000000e+00
0.000000000000e+00
0.000000000000e+00
0.000000000000e+00
0.000000000000e+00
0.000000000000e+00
0.000000000000e+00
0.000000000000e+00
0.000000000000e+00
0.000000000000e+00
0.000000000000e+00
0.000000000000e+00
0.000000000000e+00
0.000000000000e+00
0.000000000000e+00
0.000000000000e+00
0.000000000000e+00
0.000000000000e+00
0.000000000000e+00
0.000000000000e+00
0.000000000000e+00
0.000000000000e+00
0.000000000000e+00
0.000000000000e+00
0.000000000000e+00
0.000000000000e+00
0.000000000000e+00
0.000000000000e+00
0.000000000000e+00
0.000000000000e+00
0.000000000000e+00
0.000000000000e+00
0.000000000000e+00
0.000000000000e+00
0.000000000000e+00
0.000000000000e+00
0.000000000000e+00
0.000000000000e+00
0.000000000000e+00
0.000000000000e+00
0.000000000000e+00
0.000000000000e+00
0.000000000000e+00
0.000000000000e+00
0.000000000000e+00
0.000000000000e+00
0.000000000000e+00
0.000000000000e+00
0.000000000000e+00
0.000000000000e+00
0.000000000000e+00
0.000000000000e+00
0.000000000000e+00
0.000000000000e+00
0.000000000000e+00
0.000000000000e+00
0.000000000000e+00
0.000000000000e+00
0.000000000000e+00
0.000000000000e+00
0.000000000000e+00
0.000000000000e+00
0.000000000000e+00
0.000000000000e+00
0.000000000000e+00
0.000000000000e+00
0.000000000000e+00
0.000000000000e+00
0.000000000000e+00
0.000000000000e+00
0.000000000000e+00
0.000000000000e+00
0.000000000000e+00
0.000000000000e+00
0.000000000000e+00
0.000000000000e+00
0.000000000000e+00
0.000000000000e+00
0.000000000000e+00
0.000000000000e+00
0.000000000000e+00
0.000000000000e+00
0.000000000000e+00
0.000000000000e+00
0.000000000000e+00
0.000000000000e+00
0.000000000000e+00
0.000000000000e+00
0.000000000000e+00
0.000000000000e+00
0.000000000000e+00
0.000000000000e+00
0.000000000000e+00
0.000000000000e+00
0.000000000000e+00
0.000000000000e+00
0.000000000000e+00
0.000000000000e+00
0.000000000000e+00
0.000000000000e+00
0.000000000000e+00
0.000000000000e+00
0.000000000000e+00
0.000000000000e+00
0.000000000000e+00
0.000000000000e+00
0.000000000000e+00
0.000000000000e+00
0.000000000000e+00
0.000000000000e+00
0.000000000000e+00
0.000000000000e+00
0.000000000000e+00
0.000000000000e+00
0.000000000000e+00
0.000000000000e+00
0.000000000000e+00
0.000000000000e+00
0.000000000000e+00
0.000000000000e+00
0.000000000000e+00
0.000000000000e+00
0.000000000000e+00
0.000000000000e+00
0.000000000000e+00
0.000000000000e+00
0.000000000000e+00
0.000000000000e+00
0.000000000000e+00
0.000000000000e+00
0.000000000000e+00
0.000000000000e+00
0.000000000000e+00
0.000000000000e+00
0.000000000000e+00
0.000000000000e+00
0.000000000000e+00
0.000000000000e+00
0.000000000000e+00
0.000000000000e+00
0.000000000000e+00
0.000000000000e+00
0.000000000000e+00
0.000000000000e+00
0.000000000000e+00
0.000000000000e+00
0.000000000000e+00
0.000000000000e+00
0.000000000000e+00
0.000000000000e+00
0.000000000000e+00
0.000000000000e+00
0.000000000000e+00
0.000000000000e+00
0.000000000000e+00
0.000000000000e+00
0.000000000000e+00
0.000000000000e+00
0.000000000000e+00
0.000000000000e+00
0.000000000000e+00
0.000000000000e+00
0.000000000000e+00
0.000000000000e+00
0.000000000000e+00
0.000000000000e+00
0.000000000000e+00
0.000000000000e+00
0.000000000000e+00
0.000000000000e+00
0.000000000000e+00
0.000000000000e+00
0.000000000000e+00
0.000000000000e+00
0.000000000000e+00
0.000000000000e+00
0.000000000000e+00
0.000000000000e+00
0.000000000000e+00
0.000000000000e+00
0.000000000000e+00
0.000000000000e+00
0.000000000000e+00
0.000000000000e+00
0.000000000000e+00
0.000000000000e+00
0.000000000000e+00
0.000000000000e+00
0.000000000000e+00
0.000000000000e+00
0.000000000000e+00
0.000000000000e+00
0.000000000000e+00
0.000000000000e+00
0.000000000000e+00
0.000000000000e+00
0.000000000000e+00
0.000000000000e+00
0.000000000000e+00
0.000000000000e+00
0.000000000000e+00
0.000000000000e+00
0.000000000000e+00
0.000000000000e+00
0.000000000000e+00
0.000000000000e+00
0.000000000000e+00
0.000000000000e+00
0.000000000000e+00
0.000000000000e+00
0.000000000000e+00
0.000000000000e+00
0.000000000000e+00
0.000000000000e+00
0.000000000000e+00
0.000000000000e+00
0.000000000000e+00
0.000000000000e+00
0.000000000000e+00
0.000000000000e+00
0.000000000000e+00
0.000000000000e+00
0.000000000000e+00
0.000000000000e+00
0.000000000000e+00
0.000000000000e+00
0.000000000000e+00
0.000000000000e+00
0.000000000000e+00
0.000000000000e+00
0.000000000000e+00
0.000000000000e+00
0.000000000000e+00
0.000000000000e+00
0.000000000000e+00
0.000000000000e+00
0.000000000000e+00
0.000000000000e+00
0.000000000000e+00
0.000000000000e+00
0.000000000000e+00
0.000000000000e+00
0.000000000000e+00
0.000000000000e+00
0.000000000000e+00
0.000000000000e+00
0.000000000000e+00
0.000000000000e+00
0.000000000000e+00
0.000000000000e+00
0.000000000000e+00
0.000000000000e+00
0.000000000000e+00
0.000000000000e+00
0.000000000000e+00
0.000000000000e+00
0.000000000000e+00
0.000000000000e+00
0.000000000000e+00
0.000000000000e+00
0.000000000000e+00
0.000000000000e+00
0.000000000000e+00
0.000000000000e+00
0.000000000000e+00
0.000000000000e+00
0.000000000000e+00
0.000000000000e+00
0.000000000000e+00
0.000000000000e+00
0.000000000000e+00
0.000000000000e+00
0.000000000000e+00
0.000000000000e+00
0.000000000000e+00
0.000000000000e+00
0.000000000000e+00
0.000000000000e+00
0.000000000000e+00
0.000000000000e+00
0.000000000000e+00
0.000000000000e+00
0.000000000000e+00
0.000000000000e+00
0.000000000000e+00
0.000000000000e+00
0.000000000000e+00
0.000000000000e+00
0.000000000000e+00
0.000000000000e+00
0.000000000000e+00
0.000000000000e+00
0.000000000000e+00
0.000000000000e+00
0.000000000000e+00
0.000000000000e+00
0.000000000000e+00
0.000000000000e+00
0.000000000000e+00
0.000000000000e+00
0.000000000000e+00
0.000000000000e+00
0.000000000000e+00
0.000000000000e+00
0.000000000000e+00
0.000000000000e+00
0.000000000000e+00
0.000000000000e+00
0.000000000000e+00
0.000000000000e+00
0.000000000000e+00
0.000000000000e+00
0.000000000000e+00
0.000000000000e+00
0.000000000000e+00
0.000000000000e+00
0.000000000000e+00
0.000000000000e+00
0.000000000000e+00
0.000000000000e+00
0.000000000000e+00
0.000000000000e+00
0.000000000000e+00
0.000000000000e+00
0.000000000000e+00
0.000000000000e+00
0.000000000000e+00
0.000000000000e+00
0.000000000000e+00
0.000000000000e+00
0.000000000000e+00
0.000000000000e+00
0.000000000000e+00
0.000000000000e+00
0.000000000000e+00
0.000000000000e+00
0.000000000000e+00
0.000000000000e+00
0.000000000000e+00
0.000000000000e+00
0.000000000000e+00
0.000000000000e+00
0.000000000000e+00
0.000000000000e+00
0.000000000000e+00
0.000000000000e+00
0.000000000000e+00
0.000000000000e+00
0.000000000000e+00
0.000000000000e+00
0.000000000000e+00
0.000000000000e+00
0.000000000000e+00
0.000000000000e+00
0.000000000000e+00
0.000000000000e+00
0.000000000000e+00
0.000000000000e+00
0.000000000000e+00
0.000000000000e+00
0.000000000000e+00
0.000000000000e+00
0.000000000000e+00
0.000000000000e+00
0.000000000000e+00
0.000000000000e+00
0.000000000000e+00
0.000000000000e+00
0.000000000000e+00
0.000000000000e+00
0.000000000000e+00
0.000000000000e+00
0.000000000000e+00
0.000000000000e+00
0.000000000000e+00
0.000000000000e+00
0.000000000000e+00
0.000000000000e+00
0.000000000000e+00
0.000000000000e+00
0.000000000000e+00
0.000000000000e+00
0.000000000000e+00
0.000000000000e+00
0.000000000000e+00
0.000000000000e+00
0.000000000000e+00
0.000000000000e+00
0.000000000000e+00
0.000000000000e+00
0.000000000000e+00
0.000000000000e+00
0.000000000000e+00
0.000000000000e+00
0.000000000000e+00
0.000000000000e+00
0.000000000000e+00
0.000000000000e+00
0.000000000000e+00
0.000000000000e+00
0.000000000000e+00
0.000000000000e+00
0.000000000000e+00
SCALARS fld_surface_luminosity_stderr_packet double 1
LOOKUP_TABLE default
0.000000000000e+00
0.000000000000e+00
0.000000000000e+00
0.000000000000e+00
0.000000000000e+00
0.000000000000e+00
0.000000000000e+00
0.000000000000e+00
0.000000000000e+00
0.000000000000e+00
0.000000000000e+00
0.000000000000e+00
0.000000000000e+00
0.000000000000e+00
0.000000000000e+00
0.000000000000e+00
0.000000000000e+00
0.000000000000e+00
0.000000000000e+00
0.000000000000e+00
0.000000000000e+00
0.000000000000e+00
0.000000000000e+00
0.000000000000e+00
0.000000000000e+00
0.000000000000e+00
0.000000000000e+00
0.000000000000e+00
0.000000000000e+00
0.000000000000e+00
0.000000000000e+00
0.000000000000e+00
0.000000000000e+00
0.000000000000e+00
0.000000000000e+00
0.000000000000e+00
0.000000000000e+00
0.000000000000e+00
0.000000000000e+00
0.000000000000e+00
0.000000000000e+00
0.000000000000e+00
0.000000000000e+00
0.000000000000e+00
0.000000000000e+00
0.000000000000e+00
0.000000000000e+00
0.000000000000e+00
0.000000000000e+00
0.000000000000e+00
0.000000000000e+00
0.000000000000e+00
0.000000000000e+00
0.000000000000e+00
0.000000000000e+00
0.000000000000e+00
0.000000000000e+00
0.000000000000e+00
0.000000000000e+00
0.000000000000e+00
0.000000000000e+00
0.000000000000e+00
0.000000000000e+00
0.000000000000e+00
0.000000000000e+00
0.000000000000e+00
0.000000000000e+00
0.000000000000e+00
0.000000000000e+00
0.000000000000e+00
0.000000000000e+00
0.000000000000e+00
0.000000000000e+00
0.000000000000e+00
0.000000000000e+00
0.000000000000e+00
0.000000000000e+00
0.000000000000e+00
0.000000000000e+00
0.000000000000e+00
0.000000000000e+00
0.000000000000e+00
0.000000000000e+00
0.000000000000e+00
0.000000000000e+00
0.000000000000e+00
0.000000000000e+00
0.000000000000e+00
0.000000000000e+00
0.000000000000e+00
0.000000000000e+00
0.000000000000e+00
0.000000000000e+00
0.000000000000e+00
0.000000000000e+00
0.000000000000e+00
0.000000000000e+00
0.000000000000e+00
0.000000000000e+00
0.000000000000e+00
0.000000000000e+00
0.000000000000e+00
0.000000000000e+00
0.000000000000e+00
0.000000000000e+00
0.000000000000e+00
0.000000000000e+00
0.000000000000e+00
0.000000000000e+00
0.000000000000e+00
0.000000000000e+00
0.000000000000e+00
0.000000000000e+00
0.000000000000e+00
0.000000000000e+00
0.000000000000e+00
0.000000000000e+00
0.000000000000e+00
0.000000000000e+00
0.000000000000e+00
0.000000000000e+00
0.000000000000e+00
0.000000000000e+00
0.000000000000e+00
0.000000000000e+00
0.000000000000e+00
0.000000000000e+00
0.000000000000e+00
0.000000000000e+00
0.000000000000e+00
0.000000000000e+00
0.000000000000e+00
0.000000000000e+00
0.000000000000e+00
0.000000000000e+00
0.000000000000e+00
0.000000000000e+00
0.000000000000e+00
0.000000000000e+00
0.000000000000e+00
0.000000000000e+00
0.000000000000e+00
0.000000000000e+00
0.000000000000e+00
0.000000000000e+00
0.000000000000e+00
0.000000000000e+00
0.000000000000e+00
0.000000000000e+00
0.000000000000e+00
0.000000000000e+00
0.000000000000e+00
0.000000000000e+00
0.000000000000e+00
0.000000000000e+00
0.000000000000e+00
0.000000000000e+00
0.000000000000e+00
0.000000000000e+00
0.000000000000e+00
0.000000000000e+00
0.000000000000e+00
0.000000000000e+00
0.000000000000e+00
0.000000000000e+00
0.000000000000e+00
0.000000000000e+00
0.000000000000e+00
0.000000000000e+00
0.000000000000e+00
0.000000000000e+00
0.000000000000e+00
0.000000000000e+00
0.000000000000e+00
0.000000000000e+00
0.000000000000e+00
0.000000000000e+00
0.000000000000e+00
0.000000000000e+00
0.000000000000e+00
0.000000000000e+00
0.000000000000e+00
0.000000000000e+00
0.000000000000e+00
0.000000000000e+00
0.000000000000e+00
0.000000000000e+00
0.000000000000e+00
0.000000000000e+00
0.000000000000e+00
0.000000000000e+00
0.000000000000e+00
0.000000000000e+00
0.000000000000e+00
0.000000000000e+00
0.000000000000e+00
0.000000000000e+00
0.000000000000e+00
0.000000000000e+00
0.000000000000e+00
0.000000000000e+00
0.000000000000e+00
0.000000000000e+00
0.000000000000e+00
0.000000000000e+00
0.000000000000e+00
0.000000000000e+00
0.000000000000e+00
0.000000000000e+00
0.000000000000e+00
0.000000000000e+00
0.000000000000e+00
0.000000000000e+00
0.000000000000e+00
0.000000000000e+00
0.000000000000e+00
0.000000000000e+00
0.000000000000e+00
0.000000000000e+00
0.000000000000e+00
0.000000000000e+00
0.000000000000e+00
0.000000000000e+00
0.000000000000e+00
0.000000000000e+00
0.000000000000e+00
0.000000000000e+00
0.000000000000e+00
0.000000000000e+00
0.000000000000e+00
0.000000000000e+00
0.000000000000e+00
0.000000000000e+00
0.000000000000e+00
0.000000000000e+00
0.000000000000e+00
0.000000000000e+00
0.000000000000e+00
0.000000000000e+00
0.000000000000e+00
0.000000000000e+00
0.000000000000e+00
0.000000000000e+00
0.000000000000e+00
0.000000000000e+00
0.000000000000e+00
0.000000000000e+00
0.000000000000e+00
0.000000000000e+00
0.000000000000e+00
0.000000000000e+00
0.000000000000e+00
0.000000000000e+00
0.000000000000e+00
0.000000000000e+00
0.000000000000e+00
0.000000000000e+00
0.000000000000e+00
0.000000000000e+00
0.000000000000e+00
0.000000000000e+00
0.000000000000e+00
0.000000000000e+00
0.000000000000e+00
0.000000000000e+00
0.000000000000e+00
0.000000000000e+00
0.000000000000e+00
0.000000000000e+00
0.000000000000e+00
0.000000000000e+00
0.000000000000e+00
0.000000000000e+00
0.000000000000e+00
0.000000000000e+00
0.000000000000e+00
0.000000000000e+00
0.000000000000e+00
0.000000000000e+00
0.000000000000e+00
0.000000000000e+00
0.000000000000e+00
0.000000000000e+00
0.000000000000e+00
0.000000000000e+00
0.000000000000e+00
0.000000000000e+00
0.000000000000e+00
0.000000000000e+00
0.000000000000e+00
0.000000000000e+00
0.000000000000e+00
0.000000000000e+00
0.000000000000e+00
0.000000000000e+00
0.000000000000e+00
0.000000000000e+00
0.000000000000e+00
0.000000000000e+00
0.000000000000e+00
0.000000000000e+00
0.000000000000e+00
0.000000000000e+00
0.000000000000e+00
0.000000000000e+00
0.000000000000e+00
0.000000000000e+00
0.000000000000e+00
0.000000000000e+00
0.000000000000e+00
0.000000000000e+00
0.000000000000e+00
0.000000000000e+00
0.000000000000e+00
0.000000000000e+00
0.000000000000e+00
0.000000000000e+00
0.000000000000e+00
0.000000000000e+00
0.000000000000e+00
0.000000000000e+00
0.000000000000e+00
0.000000000000e+00
0.000000000000e+00
0.000000000000e+00
0.000000000000e+00
0.000000000000e+00
0.000000000000e+00
0.000000000000e+00
0.000000000000e+00
0.000000000000e+00
0.000000000000e+00
0.000000000000e+00
0.000000000000e+00
0.000000000000e+00
0.000000000000e+00
0.000000000000e+00
0.000000000000e+00
0.000000000000e+00
0.000000000000e+00
0.000000000000e+00
0.000000000000e+00
0.000000000000e+00
0.000000000000e+00
0.000000000000e+00
0.000000000000e+00
0.000000000000e+00
0.000000000000e+00
0.000000000000e+00
0.000000000000e+00
0.000000000000e+00
0.000000000000e+00
0.000000000000e+00
0.000000000000e+00
0.000000000000e+00
0.000000000000e+00
0.000000000000e+00
0.000000000000e+00
0.000000000000e+00
0.000000000000e+00
0.000000000000e+00
0.000000000000e+00
0.000000000000e+00
0.000000000000e+00
0.000000000000e+00
0.000000000000e+00
0.000000000000e+00
0.000000000000e+00
0.000000000000e+00
0.000000000000e+00
0.000000000000e+00
0.000000000000e+00
0.000000000000e+00
0.000000000000e+00
0.000000000000e+00
0.000000000000e+00
0.000000000000e+00
0.000000000000e+00
0.000000000000e+00
0.000000000000e+00
0.000000000000e+00
0.000000000000e+00
0.000000000000e+00
0.000000000000e+00
0.000000000000e+00
0.000000000000e+00
0.000000000000e+00
0.000000000000e+00
0.000000000000e+00
0.000000000000e+00
0.000000000000e+00
0.000000000000e+00
0.000000000000e+00
0.000000000000e+00
0.000000000000e+00
0.000000000000e+00
0.000000000000e+00
0.000000000000e+00
0.000000000000e+00
0.000000000000e+00
0.000000000000e+00
0.000000000000e+00
0.000000000000e+00
0.000000000000e+00
0.000000000000e+00
0.000000000000e+00
0.000000000000e+00
0.000000000000e+00
0.000000000000e+00
0.000000000000e+00
0.000000000000e+00
0.000000000000e+00
0.000000000000e+00
0.000000000000e+00
0.000000000000e+00
0.000000000000e+00
0.000000000000e+00
0.000000000000e+00
0.000000000000e+00
0.000000000000e+00
0.000000000000e+00
0.000000000000e+00
0.000000000000e+00
0.000000000000e+00
0.000000000000e+00
0.000000000000e+00
0.000000000000e+00
0.000000000000e+00
0.000000000000e+00
0.000000000000e+00
0.000000000000e+00
0.000000000000e+00
0.000000000000e+00
0.000000000000e+00
0.000000000000e+00
0.000000000000e+00
0.000000000000e+00
0.000000000000e+00
0.000000000000e+00
0.000000000000e+00
0.000000000000e+00
0.000000000000e+00
0.000000000000e+00
0.000000000000e+00
0.000000000000e+00
0.000000000000e+00
0.000000000000e+00
0.000000000000e+00
0.000000000000e+00
0.000000000000e+00
0.000000000000e+00
0.000000000000e+00
0.000000000000e+00
0.000000000000e+00
0.000000000000e+00
0.000000000000e+00
0.000000000000e+00
0.000000000000e+00
0.000000000000e+00
0.000000000000e+00
0.000000000000e+00
0.000000000000e+00
0.000000000000e+00
0.000000000000e+00
0.000000000000e+00
0.000000000000e+00
0.000000000000e+00
0.000000000000e+00
0.000000000000e+00
0.000000000000e+00
0.000000000000e+00
0.000000000000e+00
0.000000000000e+00
0.000000000000e+00
0.000000000000e+00
0.000000000000e+00
0.000000000000e+00
0.000000000000e+00
0.000000000000e+00
0.000000000000e+00
0.000000000000e+00
0.000000000000e+00
0.000000000000e+00
0.000000000000e+00
0.000000000000e+00
0.000000000000e+00
0.000000000000e+00
0.000000000000e+00
0.000000000000e+00
0.000000000000e+00
0.000000000000e+00
0.000000000000e+00
0.000000000000e+00
0.000000000000e+00
0.000000000000e+00
0.000000000000e+00
0.000000000000e+00
0.000000000000e+00
0.000000000000e+00
0.000000000000e+00
0.000000000000e+00
0.000000000000e+00
0.000000000000e+00
0.000000000000e+00
0.000000000000e+00
0.000000000000e+00
0.000000000000e+00
0.000000000000e+00
0.000000000000e+00
0.000000000000e+00
0.000000000000e+00
0.000000000000e+00
SCALARS fld_surface_luminosity_relerr_packet double 1
LOOKUP_TABLE default
0.000000000000e+00
0.000000000000e+00
0.000000000000e+00
0.000000000000e+00
0.000000000000e+00
0.000000000000e+00
0.000000000000e+00
0.000000000000e+00
0.000000000000e+00
0.000000000000e+00
0.000000000000e+00
0.000000000000e+00
0.000000000000e+00
0.000000000000e+00
0.000000000000e+00
0.000000000000e+00
0.000000000000e+00
0.000000000000e+00
0.000000000000e+00
0.000000000000e+00
0.000000000000e+00
0.000000000000e+00
0.000000000000e+00
0.000000000000e+00
0.000000000000e+00
0.000000000000e+00
0.000000000000e+00
0.000000000000e+00
0.000000000000e+00
0.000000000000e+00
0.000000000000e+00
0.000000000000e+00
0.000000000000e+00
0.000000000000e+00
0.000000000000e+00
0.000000000000e+00
0.000000000000e+00
0.000000000000e+00
0.000000000000e+00
0.000000000000e+00
0.000000000000e+00
0.000000000000e+00
0.000000000000e+00
0.000000000000e+00
0.000000000000e+00
0.000000000000e+00
0.000000000000e+00
0.000000000000e+00
0.000000000000e+00
0.000000000000e+00
0.000000000000e+00
0.000000000000e+00
0.000000000000e+00
0.000000000000e+00
0.000000000000e+00
0.000000000000e+00
0.000000000000e+00
0.000000000000e+00
0.000000000000e+00
0.000000000000e+00
0.000000000000e+00
0.000000000000e+00
0.000000000000e+00
0.000000000000e+00
0.000000000000e+00
0.000000000000e+00
0.000000000000e+00
0.000000000000e+00
0.000000000000e+00
0.000000000000e+00
0.000000000000e+00
0.000000000000e+00
0.000000000000e+00
0.000000000000e+00
0.000000000000e+00
0.000000000000e+00
0.000000000000e+00
0.000000000000e+00
0.000000000000e+00
0.000000000000e+00
0.000000000000e+00
0.000000000000e+00
0.000000000000e+00
0.000000000000e+00
0.000000000000e+00
0.000000000000e+00
0.000000000000e+00
0.000000000000e+00
0.000000000000e+00
0.000000000000e+00
0.000000000000e+00
0.000000000000e+00
0.000000000000e+00
0.000000000000e+00
0.000000000000e+00
0.000000000000e+00
0.000000000000e+00
0.000000000000e+00
0.000000000000e+00
0.000000000000e+00
0.000000000000e+00
0.000000000000e+00
0.000000000000e+00
0.000000000000e+00
0.000000000000e+00
0.000000000000e+00
0.000000000000e+00
0.000000000000e+00
0.000000000000e+00
0.000000000000e+00
0.000000000000e+00
0.000000000000e+00
0.000000000000e+00
0.000000000000e+00
0.000000000000e+00
0.000000000000e+00
0.000000000000e+00
0.000000000000e+00
0.000000000000e+00
0.000000000000e+00
0.000000000000e+00
0.000000000000e+00
0.000000000000e+00
0.000000000000e+00
0.000000000000e+00
0.000000000000e+00
0.000000000000e+00
0.000000000000e+00
0.000000000000e+00
0.000000000000e+00
0.000000000000e+00
0.000000000000e+00
0.000000000000e+00
0.000000000000e+00
0.000000000000e+00
0.000000000000e+00
0.000000000000e+00
0.000000000000e+00
0.000000000000e+00
0.000000000000e+00
0.000000000000e+00
0.000000000000e+00
0.000000000000e+00
0.000000000000e+00
0.000000000000e+00
0.000000000000e+00
0.000000000000e+00
0.000000000000e+00
0.000000000000e+00
0.000000000000e+00
0.000000000000e+00
0.000000000000e+00
0.000000000000e+00
0.000000000000e+00
0.000000000000e+00
0.000000000000e+00
0.000000000000e+00
0.000000000000e+00
0.000000000000e+00
0.000000000000e+00
0.000000000000e+00
0.000000000000e+00
0.000000000000e+00
0.000000000000e+00
0.000000000000e+00
0.000000000000e+00
0.000000000000e+00
0.000000000000e+00
0.000000000000e+00
0.000000000000e+00
0.000000000000e+00
0.000000000000e+00
0.000000000000e+00
0.000000000000e+00
0.000000000000e+00
0.000000000000e+00
0.000000000000e+00
0.000000000000e+00
0.000000000000e+00
0.000000000000e+00
0.000000000000e+00
0.000000000000e+00
0.000000000000e+00
0.000000000000e+00
0.000000000000e+00
0.000000000000e+00
0.000000000000e+00
0.000000000000e+00
0.000000000000e+00
0.000000000000e+00
0.000000000000e+00
0.000000000000e+00
0.000000000000e+00
0.000000000000e+00
0.000000000000e+00
0.000000000000e+00
0.000000000000e+00
0.000000000000e+00
0.000000000000e+00
0.000000000000e+00
0.000000000000e+00
0.000000000000e+00
0.000000000000e+00
0.000000000000e+00
0.000000000000e+00
0.000000000000e+00
0.000000000000e+00
0.000000000000e+00
0.000000000000e+00
0.000000000000e+00
0.000000000000e+00
0.000000000000e+00
0.000000000000e+00
0.000000000000e+00
0.000000000000e+00
0.000000000000e+00
0.000000000000e+00
0.000000000000e+00
0.000000000000e+00
0.000000000000e+00
0.000000000000e+00
0.000000000000e+00
0.000000000000e+00
0.000000000000e+00
0.000000000000e+00
0.000000000000e+00
0.000000000000e+00
0.000000000000e+00
0.000000000000e+00
0.000000000000e+00
0.000000000000e+00
0.000000000000e+00
0.000000000000e+00
0.000000000000e+00
0.000000000000e+00
0.000000000000e+00
0.000000000000e+00
0.000000000000e+00
0.000000000000e+00
0.000000000000e+00
0.000000000000e+00
0.000000000000e+00
0.000000000000e+00
0.000000000000e+00
0.000000000000e+00
0.000000000000e+00
0.000000000000e+00
0.000000000000e+00
0.000000000000e+00
0.000000000000e+00
0.000000000000e+00
0.000000000000e+00
0.000000000000e+00
0.000000000000e+00
0.000000000000e+00
0.000000000000e+00
0.000000000000e+00
0.000000000000e+00
0.000000000000e+00
0.000000000000e+00
0.000000000000e+00
0.000000000000e+00
0.000000000000e+00
0.000000000000e+00
0.000000000000e+00
0.000000000000e+00
0.000000000000e+00
0.000000000000e+00
0.000000000000e+00
0.000000000000e+00
0.000000000000e+00
0.000000000000e+00
0.000000000000e+00
0.000000000000e+00
0.000000000000e+00
0.000000000000e+00
0.000000000000e+00
0.000000000000e+00
0.000000000000e+00
0.000000000000e+00
0.000000000000e+00
0.000000000000e+00
0.000000000000e+00
0.000000000000e+00
0.000000000000e+00
0.000000000000e+00
0.000000000000e+00
0.000000000000e+00
0.000000000000e+00
0.000000000000e+00
0.000000000000e+00
0.000000000000e+00
0.000000000000e+00
0.000000000000e+00
0.000000000000e+00
0.000000000000e+00
0.000000000000e+00
0.000000000000e+00
0.000000000000e+00
0.000000000000e+00
0.000000000000e+00
0.000000000000e+00
0.000000000000e+00
0.000000000000e+00
0.000000000000e+00
0.000000000000e+00
0.000000000000e+00
0.000000000000e+00
0.000000000000e+00
0.000000000000e+00
0.000000000000e+00
0.000000000000e+00
0.000000000000e+00
0.000000000000e+00
0.000000000000e+00
0.000000000000e+00
0.000000000000e+00
0.000000000000e+00
0.000000000000e+00
0.000000000000e+00
0.000000000000e+00
0.000000000000e+00
0.000000000000e+00
0.000000000000e+00
0.000000000000e+00
0.000000000000e+00
0.000000000000e+00
0.000000000000e+00
0.000000000000e+00
0.000000000000e+00
0.000000000000e+00
0.000000000000e+00
0.000000000000e+00
0.000000000000e+00
0.000000000000e+00
0.000000000000e+00
0.000000000000e+00
0.000000000000e+00
0.000000000000e+00
0.000000000000e+00
0.000000000000e+00
0.000000000000e+00
0.000000000000e+00
0.000000000000e+00
0.000000000000e+00
0.000000000000e+00
0.000000000000e+00
0.000000000000e+00
0.000000000000e+00
0.000000000000e+00
0.000000000000e+00
0.000000000000e+00
0.000000000000e+00
0.000000000000e+00
0.000000000000e+00
0.000000000000e+00
0.000000000000e+00
0.000000000000e+00
0.000000000000e+00
0.000000000000e+00
0.000000000000e+00
0.000000000000e+00
0.000000000000e+00
0.000000000000e+00
0.000000000000e+00
0.000000000000e+00
0.000000000000e+00
0.000000000000e+00
0.000000000000e+00
0.000000000000e+00
0.000000000000e+00
0.000000000000e+00
0.000000000000e+00
0.000000000000e+00
0.000000000000e+00
0.000000000000e+00
0.000000000000e+00
0.000000000000e+00
0.000000000000e+00
0.000000000000e+00
0.000000000000e+00
0.000000000000e+00
0.000000000000e+00
0.000000000000e+00
0.000000000000e+00
0.000000000000e+00
0.000000000000e+00
0.000000000000e+00
0.000000000000e+00
0.000000000000e+00
0.000000000000e+00
0.000000000000e+00
0.000000000000e+00
0.000000000000e+00
0.000000000000e+00
0.000000000000e+00
0.000000000000e+00
0.000000000000e+00
0.000000000000e+00
0.000000000000e+00
0.000000000000e+00
0.000000000000e+00
0.000000000000e+00
0.000000000000e+00
0.000000000000e+00
0.000000000000e+00
0.000000000000e+00
0.000000000000e+00
0.000000000000e+00
0.000000000000e+00
0.000000000000e+00
0.000000000000e+00
0.000000000000e+00
0.000000000000e+00
0.000000000000e+00
0.000000000000e+00
0.000000000000e+00
0.000000000000e+00
0.000000000000e+00
0.000000000000e+00
0.000000000000e+00
0.000000000000e+00
0.000000000000e+00
0.000000000000e+00
0.000000000000e+00
0.000000000000e+00
0.000000000000e+00
0.000000000000e+00
0.000000000000e+00
0.000000000000e+00
0.000000000000e+00
0.000000000000e+00
0.000000000000e+00
0.000000000000e+00
0.000000000000e+00
0.000000000000e+00
0.000000000000e+00
0.000000000000e+00
0.000000000000e+00
0.000000000000e+00
0.000000000000e+00
0.000000000000e+00
0.000000000000e+00
0.000000000000e+00
0.000000000000e+00
0.000000000000e+00
0.000000000000e+00
0.000000000000e+00
0.000000000000e+00
0.000000000000e+00
0.000000000000e+00
0.000000000000e+00
0.000000000000e+00
0.000000000000e+00
0.000000000000e+00
0.000000000000e+00
0.000000000000e+00
0.000000000000e+00
0.000000000000e+00
0.000000000000e+00
0.000000000000e+00
0.000000000000e+00
0.000000000000e+00
0.000000000000e+00
0.000000000000e+00
0.000000000000e+00
0.000000000000e+00
0.000000000000e+00
0.000000000000e+00
0.000000000000e+00
0.000000000000e+00
0.000000000000e+00
0.000000000000e+00
0.000000000000e+00
0.000000000000e+00
0.000000000000e+00
0.000000000000e+00
0.000000000000e+00
0.000000000000e+00
0.000000000000e+00
0.000000000000e+00
0.000000000000e+00
0.000000000000e+00
0.000000000000e+00
0.000000000000e+00
0.000000000000e+00
0.000000000000e+00
0.000000000000e+00
0.000000000000e+00
0.000000000000e+00
0.000000000000e+00
0.000000000000e+00
0.000000000000e+00
0.000000000000e+00
0.000000000000e+00
0.000000000000e+00
0.000000000000e+00
0.000000000000e+00
0.000000000000e+00
0.000000000000e+00
0.000000000000e+00
0.000000000000e+00
0.000000000000e+00
0.000000000000e+00
0.000000000000e+00
0.000000000000e+00
0.000000000000e+00
0.000000000000e+00
0.000000000000e+00
0.000000000000e+00
0.000000000000e+00
0.000000000000e+00
SCALARS fld_surface_luminosity_neff double 1
LOOKUP_TABLE default
0.000000000000e+00
0.000000000000e+00
0.000000000000e+00
0.000000000000e+00
0.000000000000e+00
0.000000000000e+00
0.000000000000e+00
0.000000000000e+00
0.000000000000e+00
0.000000000000e+00
0.000000000000e+00
0.000000000000e+00
0.000000000000e+00
0.000000000000e+00
0.000000000000e+00
0.000000000000e+00
0.000000000000e+00
0.000000000000e+00
0.000000000000e+00
0.000000000000e+00
0.000000000000e+00
0.000000000000e+00
0.000000000000e+00
0.000000000000e+00
0.000000000000e+00
0.000000000000e+00
0.000000000000e+00
0.000000000000e+00
0.000000000000e+00
0.000000000000e+00
0.000000000000e+00
0.000000000000e+00
0.000000000000e+00
0.000000000000e+00
0.000000000000e+00
0.000000000000e+00
0.000000000000e+00
0.000000000000e+00
0.000000000000e+00
0.000000000000e+00
0.000000000000e+00
0.000000000000e+00
0.000000000000e+00
0.000000000000e+00
0.000000000000e+00
0.000000000000e+00
0.000000000000e+00
0.000000000000e+00
0.000000000000e+00
0.000000000000e+00
0.000000000000e+00
0.000000000000e+00
0.000000000000e+00
0.000000000000e+00
0.000000000000e+00
0.000000000000e+00
0.000000000000e+00
0.000000000000e+00
0.000000000000e+00
0.000000000000e+00
0.000000000000e+00
0.000000000000e+00
0.000000000000e+00
0.000000000000e+00
0.000000000000e+00
0.000000000000e+00
0.000000000000e+00
0.000000000000e+00
0.000000000000e+00
0.000000000000e+00
0.000000000000e+00
0.000000000000e+00
0.000000000000e+00
0.000000000000e+00
0.000000000000e+00
0.000000000000e+00
0.000000000000e+00
0.000000000000e+00
0.000000000000e+00
0.000000000000e+00
0.000000000000e+00
0.000000000000e+00
0.000000000000e+00
0.000000000000e+00
0.000000000000e+00
0.000000000000e+00
0.000000000000e+00
0.000000000000e+00
0.000000000000e+00
0.000000000000e+00
0.000000000000e+00
0.000000000000e+00
0.000000000000e+00
0.000000000000e+00
0.000000000000e+00
0.000000000000e+00
0.000000000000e+00
0.000000000000e+00
0.000000000000e+00
0.000000000000e+00
0.000000000000e+00
0.000000000000e+00
0.000000000000e+00
0.000000000000e+00
0.000000000000e+00
0.000000000000e+00
0.000000000000e+00
0.000000000000e+00
0.000000000000e+00
0.000000000000e+00
0.000000000000e+00
0.000000000000e+00
0.000000000000e+00
0.000000000000e+00
0.000000000000e+00
0.000000000000e+00
0.000000000000e+00
0.000000000000e+00
0.000000000000e+00
0.000000000000e+00
0.000000000000e+00
0.000000000000e+00
0.000000000000e+00
0.000000000000e+00
0.000000000000e+00
0.000000000000e+00
0.000000000000e+00
0.000000000000e+00
0.000000000000e+00
0.000000000000e+00
0.000000000000e+00
0.000000000000e+00
0.000000000000e+00
0.000000000000e+00
0.000000000000e+00
0.000000000000e+00
0.000000000000e+00
0.000000000000e+00
0.000000000000e+00
0.000000000000e+00
0.000000000000e+00
0.000000000000e+00
0.000000000000e+00
0.000000000000e+00
0.000000000000e+00
0.000000000000e+00
0.000000000000e+00
0.000000000000e+00
0.000000000000e+00
0.000000000000e+00
0.000000000000e+00
0.000000000000e+00
0.000000000000e+00
0.000000000000e+00
0.000000000000e+00
0.000000000000e+00
0.000000000000e+00
0.000000000000e+00
0.000000000000e+00
0.000000000000e+00
0.000000000000e+00
0.000000000000e+00
0.000000000000e+00
0.000000000000e+00
0.000000000000e+00
0.000000000000e+00
0.000000000000e+00
0.000000000000e+00
0.000000000000e+00
0.000000000000e+00
0.000000000000e+00
0.000000000000e+00
0.000000000000e+00
0.000000000000e+00
0.000000000000e+00
0.000000000000e+00
0.000000000000e+00
0.000000000000e+00
0.000000000000e+00
0.000000000000e+00
0.000000000000e+00
0.000000000000e+00
0.000000000000e+00
0.000000000000e+00
0.000000000000e+00
0.000000000000e+00
0.000000000000e+00
0.000000000000e+00
0.000000000000e+00
0.000000000000e+00
0.000000000000e+00
0.000000000000e+00
0.000000000000e+00
0.000000000000e+00
0.000000000000e+00
0.000000000000e+00
0.000000000000e+00
0.000000000000e+00
0.000000000000e+00
0.000000000000e+00
0.000000000000e+00
0.000000000000e+00
0.000000000000e+00
0.000000000000e+00
0.000000000000e+00
0.000000000000e+00
0.000000000000e+00
0.000000000000e+00
0.000000000000e+00
0.000000000000e+00
0.000000000000e+00
0.000000000000e+00
0.000000000000e+00
0.000000000000e+00
0.000000000000e+00
0.000000000000e+00
0.000000000000e+00
0.000000000000e+00
0.000000000000e+00
0.000000000000e+00
0.000000000000e+00
0.000000000000e+00
0.000000000000e+00
0.000000000000e+00
0.000000000000e+00
0.000000000000e+00
0.000000000000e+00
0.000000000000e+00
0.000000000000e+00
0.000000000000e+00
0.000000000000e+00
0.000000000000e+00
0.000000000000e+00
0.000000000000e+00
0.000000000000e+00
0.000000000000e+00
0.000000000000e+00
0.000000000000e+00
0.000000000000e+00
0.000000000000e+00
0.000000000000e+00
0.000000000000e+00
0.000000000000e+00
0.000000000000e+00
0.000000000000e+00
0.000000000000e+00
0.000000000000e+00
0.000000000000e+00
0.000000000000e+00
0.000000000000e+00
0.000000000000e+00
0.000000000000e+00
0.000000000000e+00
0.000000000000e+00
0.000000000000e+00
0.000000000000e+00
0.000000000000e+00
0.000000000000e+00
0.000000000000e+00
0.000000000000e+00
0.000000000000e+00
0.000000000000e+00
0.000000000000e+00
0.000000000000e+00
0.000000000000e+00
0.000000000000e+00
0.000000000000e+00
0.000000000000e+00
0.000000000000e+00
0.000000000000e+00
0.000000000000e+00
0.000000000000e+00
0.000000000000e+00
0.000000000000e+00
0.000000000000e+00
0.000000000000e+00
0.000000000000e+00
0.000000000000e+00
0.000000000000e+00
0.000000000000e+00
0.000000000000e+00
0.000000000000e+00
0.000000000000e+00
0.000000000000e+00
0.000000000000e+00
0.000000000000e+00
0.000000000000e+00
0.000000000000e+00
0.000000000000e+00
0.000000000000e+00
0.000000000000e+00
0.000000000000e+00
0.000000000000e+00
0.000000000000e+00
0.000000000000e+00
0.000000000000e+00
0.000000000000e+00
0.000000000000e+00
0.000000000000e+00
0.000000000000e+00
0.000000000000e+00
0.000000000000e+00
0.000000000000e+00
0.000000000000e+00
0.000000000000e+00
0.000000000000e+00
0.000000000000e+00
0.000000000000e+00
0.000000000000e+00
0.000000000000e+00
0.000000000000e+00
0.000000000000e+00
0.000000000000e+00
0.000000000000e+00
0.000000000000e+00
0.000000000000e+00
0.000000000000e+00
0.000000000000e+00
0.000000000000e+00
0.000000000000e+00
0.000000000000e+00
0.000000000000e+00
0.000000000000e+00
0.000000000000e+00
0.000000000000e+00
0.000000000000e+00
0.000000000000e+00
0.000000000000e+00
0.000000000000e+00
0.000000000000e+00
0.000000000000e+00
0.000000000000e+00
0.000000000000e+00
0.000000000000e+00
0.000000000000e+00
0.000000000000e+00
0.000000000000e+00
0.000000000000e+00
0.000000000000e+00
0.000000000000e+00
0.000000000000e+00
0.000000000000e+00
0.000000000000e+00
0.000000000000e+00
0.000000000000e+00
0.000000000000e+00
0.000000000000e+00
0.000000000000e+00
0.000000000000e+00
0.000000000000e+00
0.000000000000e+00
0.000000000000e+00
0.000000000000e+00
0.000000000000e+00
0.000000000000e+00
0.000000000000e+00
0.000000000000e+00
0.000000000000e+00
0.000000000000e+00
0.000000000000e+00
0.000000000000e+00
0.000000000000e+00
0.000000000000e+00
0.000000000000e+00
0.000000000000e+00
0.000000000000e+00
0.000000000000e+00
0.000000000000e+00
0.000000000000e+00
0.000000000000e+00
0.000000000000e+00
0.000000000000e+00
0.000000000000e+00
0.000000000000e+00
0.000000000000e+00
0.000000000000e+00
0.000000000000e+00
0.000000000000e+00
0.000000000000e+00
0.000000000000e+00
0.000000000000e+00
0.000000000000e+00
0.000000000000e+00
0.000000000000e+00
0.000000000000e+00
0.000000000000e+00
0.000000000000e+00
0.000000000000e+00
0.000000000000e+00
0.000000000000e+00
0.000000000000e+00
0.000000000000e+00
0.000000000000e+00
0.000000000000e+00
0.000000000000e+00
0.000000000000e+00
0.000000000000e+00
0.000000000000e+00
0.000000000000e+00
0.000000000000e+00
0.000000000000e+00
0.000000000000e+00
0.000000000000e+00
0.000000000000e+00
0.000000000000e+00
0.000000000000e+00
0.000000000000e+00
0.000000000000e+00
0.000000000000e+00
0.000000000000e+00
0.000000000000e+00
0.000000000000e+00
0.000000000000e+00
0.000000000000e+00
0.000000000000e+00
0.000000000000e+00
0.000000000000e+00
0.000000000000e+00
0.000000000000e+00
0.000000000000e+00
0.000000000000e+00
0.000000000000e+00
0.000000000000e+00
0.000000000000e+00
0.000000000000e+00
0.000000000000e+00
0.000000000000e+00
0.000000000000e+00
0.000000000000e+00
0.000000000000e+00
0.000000000000e+00
0.000000000000e+00
0.000000000000e+00
0.000000000000e+00
0.000000000000e+00
0.000000000000e+00
0.000000000000e+00
0.000000000000e+00
0.000000000000e+00
0.000000000000e+00
0.000000000000e+00
0.000000000000e+00
0.000000000000e+00
0.000000000000e+00
0.000000000000e+00
0.000000000000e+00
0.000000000000e+00
0.000000000000e+00
0.000000000000e+00
0.000000000000e+00
0.000000000000e+00
0.000000000000e+00
0.000000000000e+00
0.000000000000e+00
0.000000000000e+00
0.000000000000e+00
0.000000000000e+00
0.000000000000e+00
0.000000000000e+00
0.000000000000e+00
0.000000000000e+00
0.000000000000e+00
0.000000000000e+00
0.000000000000e+00
0.000000000000e+00
0.000000000000e+00
0.000000000000e+00
0.000000000000e+00
0.000000000000e+00
0.000000000000e+00
0.000000000000e+00
0.000000000000e+00
0.000000000000e+00
0.000000000000e+00
0.000000000000e+00
0.000000000000e+00
0.000000000000e+00
0.000000000000e+00
0.000000000000e+00
0.000000000000e+00
0.000000000000e+00
0.000000000000e+00
0.000000000000e+00
0.000000000000e+00
0.000000000000e+00
0.000000000000e+00
0.000000000000e+00
0.000000000000e+00
0.000000000000e+00
0.000000000000e+00
0.000000000000e+00
0.000000000000e+00
0.000000000000e+00
0.000000000000e+00
0.000000000000e+00
0.000000000000e+00
0.000000000000e+00
0.000000000000e+00
0.000000000000e+00
0.000000000000e+00
0.000000000000e+00
0.000000000000e+00
0.000000000000e+00
0.000000000000e+00
0.000000000000e+00
0.000000000000e+00
0.000000000000e+00
0.000000000000e+00
0.000000000000e+00
0.000000000000e+00
0.000000000000e+00
0.000000000000e+00
SCALARS fld_surface_isotropic_equivalent_luminosity_stderr_gen double 1
LOOKUP_TABLE default
0.000000000000e+00
0.000000000000e+00
0.000000000000e+00
0.000000000000e+00
0.000000000000e+00
0.000000000000e+00
0.000000000000e+00
0.000000000000e+00
0.000000000000e+00
0.000000000000e+00
0.000000000000e+00
0.000000000000e+00
0.000000000000e+00
0.000000000000e+00
0.000000000000e+00
0.000000000000e+00
0.000000000000e+00
0.000000000000e+00
0.000000000000e+00
0.000000000000e+00
0.000000000000e+00
0.000000000000e+00
0.000000000000e+00
0.000000000000e+00
0.000000000000e+00
0.000000000000e+00
0.000000000000e+00
0.000000000000e+00
0.000000000000e+00
0.000000000000e+00
0.000000000000e+00
0.000000000000e+00
0.000000000000e+00
0.000000000000e+00
0.000000000000e+00
0.000000000000e+00
0.000000000000e+00
0.000000000000e+00
0.000000000000e+00
0.000000000000e+00
0.000000000000e+00
0.000000000000e+00
0.000000000000e+00
0.000000000000e+00
0.000000000000e+00
0.000000000000e+00
0.000000000000e+00
0.000000000000e+00
0.000000000000e+00
0.000000000000e+00
0.000000000000e+00
0.000000000000e+00
0.000000000000e+00
0.000000000000e+00
0.000000000000e+00
0.000000000000e+00
0.000000000000e+00
0.000000000000e+00
0.000000000000e+00
0.000000000000e+00
0.000000000000e+00
0.000000000000e+00
0.000000000000e+00
0.000000000000e+00
0.000000000000e+00
0.000000000000e+00
0.000000000000e+00
0.000000000000e+00
0.000000000000e+00
0.000000000000e+00
0.000000000000e+00
0.000000000000e+00
0.000000000000e+00
0.000000000000e+00
0.000000000000e+00
0.000000000000e+00
0.000000000000e+00
0.000000000000e+00
0.000000000000e+00
0.000000000000e+00
0.000000000000e+00
0.000000000000e+00
0.000000000000e+00
0.000000000000e+00
0.000000000000e+00
0.000000000000e+00
0.000000000000e+00
0.000000000000e+00
0.000000000000e+00
0.000000000000e+00
0.000000000000e+00
0.000000000000e+00
0.000000000000e+00
0.000000000000e+00
0.000000000000e+00
0.000000000000e+00
0.000000000000e+00
0.000000000000e+00
0.000000000000e+00
0.000000000000e+00
0.000000000000e+00
0.000000000000e+00
0.000000000000e+00
0.000000000000e+00
0.000000000000e+00
0.000000000000e+00
0.000000000000e+00
0.000000000000e+00
0.000000000000e+00
0.000000000000e+00
0.000000000000e+00
0.000000000000e+00
0.000000000000e+00
0.000000000000e+00
0.000000000000e+00
0.000000000000e+00
0.000000000000e+00
0.000000000000e+00
0.000000000000e+00
0.000000000000e+00
0.000000000000e+00
0.000000000000e+00
0.000000000000e+00
0.000000000000e+00
0.000000000000e+00
0.000000000000e+00
0.000000000000e+00
0.000000000000e+00
0.000000000000e+00
0.000000000000e+00
0.000000000000e+00
0.000000000000e+00
0.000000000000e+00
0.000000000000e+00
0.000000000000e+00
0.000000000000e+00
0.000000000000e+00
0.000000000000e+00
0.000000000000e+00
0.000000000000e+00
0.000000000000e+00
0.000000000000e+00
0.000000000000e+00
0.000000000000e+00
0.000000000000e+00
0.000000000000e+00
0.000000000000e+00
0.000000000000e+00
0.000000000000e+00
0.000000000000e+00
0.000000000000e+00
0.000000000000e+00
0.000000000000e+00
0.000000000000e+00
0.000000000000e+00
0.000000000000e+00
0.000000000000e+00
0.000000000000e+00
0.000000000000e+00
0.000000000000e+00
0.000000000000e+00
0.000000000000e+00
0.000000000000e+00
0.000000000000e+00
0.000000000000e+00
0.000000000000e+00
0.000000000000e+00
0.000000000000e+00
0.000000000000e+00
0.000000000000e+00
0.000000000000e+00
0.000000000000e+00
0.000000000000e+00
0.000000000000e+00
0.000000000000e+00
0.000000000000e+00
0.000000000000e+00
0.000000000000e+00
0.000000000000e+00
0.000000000000e+00
0.000000000000e+00
0.000000000000e+00
0.000000000000e+00
0.000000000000e+00
0.000000000000e+00
0.000000000000e+00
0.000000000000e+00
0.000000000000e+00
0.000000000000e+00
0.000000000000e+00
0.000000000000e+00
0.000000000000e+00
0.000000000000e+00
0.000000000000e+00
0.000000000000e+00
0.000000000000e+00
0.000000000000e+00
0.000000000000e+00
0.000000000000e+00
0.000000000000e+00
0.000000000000e+00
0.000000000000e+00
0.000000000000e+00
0.000000000000e+00
0.000000000000e+00
0.000000000000e+00
0.000000000000e+00
0.000000000000e+00
0.000000000000e+00
0.000000000000e+00
0.000000000000e+00
0.000000000000e+00
0.000000000000e+00
0.000000000000e+00
0.000000000000e+00
0.000000000000e+00
0.000000000000e+00
0.000000000000e+00
0.000000000000e+00
0.000000000000e+00
0.000000000000e+00
0.000000000000e+00
0.000000000000e+00
0.000000000000e+00
0.000000000000e+00
0.000000000000e+00
0.000000000000e+00
0.000000000000e+00
0.000000000000e+00
0.000000000000e+00
0.000000000000e+00
0.000000000000e+00
0.000000000000e+00
0.000000000000e+00
0.000000000000e+00
0.000000000000e+00
0.000000000000e+00
0.000000000000e+00
0.000000000000e+00
0.000000000000e+00
0.000000000000e+00
0.000000000000e+00
0.000000000000e+00
0.000000000000e+00
0.000000000000e+00
0.000000000000e+00
0.000000000000e+00
0.000000000000e+00
0.000000000000e+00
0.000000000000e+00
0.000000000000e+00
0.000000000000e+00
0.000000000000e+00
0.000000000000e+00
0.000000000000e+00
0.000000000000e+00
0.000000000000e+00
0.000000000000e+00
0.000000000000e+00
0.000000000000e+00
0.000000000000e+00
0.000000000000e+00
0.000000000000e+00
0.000000000000e+00
0.000000000000e+00
0.000000000000e+00
0.000000000000e+00
0.000000000000e+00
0.000000000000e+00
0.000000000000e+00
0.000000000000e+00
0.000000000000e+00
0.000000000000e+00
0.000000000000e+00
0.000000000000e+00
0.000000000000e+00
0.000000000000e+00
0.000000000000e+00
0.000000000000e+00
0.000000000000e+00
0.000000000000e+00
0.000000000000e+00
0.000000000000e+00
0.000000000000e+00
0.000000000000e+00
0.000000000000e+00
0.000000000000e+00
0.000000000000e+00
0.000000000000e+00
0.000000000000e+00
0.000000000000e+00
0.000000000000e+00
0.000000000000e+00
0.000000000000e+00
0.000000000000e+00
0.000000000000e+00
0.000000000000e+00
0.000000000000e+00
0.000000000000e+00
0.000000000000e+00
0.000000000000e+00
0.000000000000e+00
0.000000000000e+00
0.000000000000e+00
0.000000000000e+00
0.000000000000e+00
0.000000000000e+00
0.000000000000e+00
0.000000000000e+00
0.000000000000e+00
0.000000000000e+00
0.000000000000e+00
0.000000000000e+00
0.000000000000e+00
0.000000000000e+00
0.000000000000e+00
0.000000000000e+00
0.000000000000e+00
0.000000000000e+00
0.000000000000e+00
0.000000000000e+00
0.000000000000e+00
0.000000000000e+00
0.000000000000e+00
0.000000000000e+00
0.000000000000e+00
0.000000000000e+00
0.000000000000e+00
0.000000000000e+00
0.000000000000e+00
0.000000000000e+00
0.000000000000e+00
0.000000000000e+00
0.000000000000e+00
0.000000000000e+00
0.000000000000e+00
0.000000000000e+00
0.000000000000e+00
0.000000000000e+00
0.000000000000e+00
0.000000000000e+00
0.000000000000e+00
0.000000000000e+00
0.000000000000e+00
0.000000000000e+00
0.000000000000e+00
0.000000000000e+00
0.000000000000e+00
0.000000000000e+00
0.000000000000e+00
0.000000000000e+00
0.000000000000e+00
0.000000000000e+00
0.000000000000e+00
0.000000000000e+00
0.000000000000e+00
0.000000000000e+00
0.000000000000e+00
0.000000000000e+00
0.000000000000e+00
0.000000000000e+00
0.000000000000e+00
0.000000000000e+00
0.000000000000e+00
0.000000000000e+00
0.000000000000e+00
0.000000000000e+00
0.000000000000e+00
0.000000000000e+00
0.000000000000e+00
0.000000000000e+00
0.000000000000e+00
0.000000000000e+00
0.000000000000e+00
0.000000000000e+00
0.000000000000e+00
0.000000000000e+00
0.000000000000e+00
0.000000000000e+00
0.000000000000e+00
0.000000000000e+00
0.000000000000e+00
0.000000000000e+00
0.000000000000e+00
0.000000000000e+00
0.000000000000e+00
0.000000000000e+00
0.000000000000e+00
0.000000000000e+00
0.000000000000e+00
0.000000000000e+00
0.000000000000e+00
0.000000000000e+00
0.000000000000e+00
0.000000000000e+00
0.000000000000e+00
0.000000000000e+00
0.000000000000e+00
0.000000000000e+00
0.000000000000e+00
0.000000000000e+00
0.000000000000e+00
0.000000000000e+00
0.000000000000e+00
0.000000000000e+00
0.000000000000e+00
0.000000000000e+00
0.000000000000e+00
0.000000000000e+00
0.000000000000e+00
0.000000000000e+00
0.000000000000e+00
0.000000000000e+00
0.000000000000e+00
0.000000000000e+00
0.000000000000e+00
0.000000000000e+00
0.000000000000e+00
0.000000000000e+00
0.000000000000e+00
0.000000000000e+00
0.000000000000e+00
0.000000000000e+00
0.000000000000e+00
0.000000000000e+00
0.000000000000e+00
0.000000000000e+00
0.000000000000e+00
0.000000000000e+00
0.000000000000e+00
0.000000000000e+00
0.000000000000e+00
0.000000000000e+00
0.000000000000e+00
0.000000000000e+00
0.000000000000e+00
0.000000000000e+00
0.000000000000e+00
0.000000000000e+00
0.000000000000e+00
0.000000000000e+00
0.000000000000e+00
0.000000000000e+00
0.000000000000e+00
0.000000000000e+00
0.000000000000e+00
0.000000000000e+00
0.000000000000e+00
0.000000000000e+00
0.000000000000e+00
0.000000000000e+00
0.000000000000e+00
0.000000000000e+00
0.000000000000e+00
0.000000000000e+00
0.000000000000e+00
0.000000000000e+00
0.000000000000e+00
0.000000000000e+00
0.000000000000e+00
0.000000000000e+00
0.000000000000e+00
0.000000000000e+00
0.000000000000e+00
0.000000000000e+00
0.000000000000e+00
0.000000000000e+00
0.000000000000e+00
0.000000000000e+00
0.000000000000e+00
0.000000000000e+00
0.000000000000e+00
0.000000000000e+00
0.000000000000e+00
0.000000000000e+00
0.000000000000e+00
0.000000000000e+00
0.000000000000e+00
0.000000000000e+00
0.000000000000e+00
0.000000000000e+00
0.000000000000e+00
0.000000000000e+00
0.000000000000e+00
0.000000000000e+00
0.000000000000e+00
0.000000000000e+00
0.000000000000e+00
0.000000000000e+00
0.000000000000e+00
0.000000000000e+00
0.000000000000e+00
0.000000000000e+00
0.000000000000e+00
0.000000000000e+00
0.000000000000e+00
0.000000000000e+00
0.000000000000e+00
0.000000000000e+00
0.000000000000e+00
0.000000000000e+00
0.000000000000e+00
0.000000000000e+00
0.000000000000e+00
0.000000000000e+00
0.000000000000e+00
0.000000000000e+00
0.000000000000e+00
0.000000000000e+00
0.000000000000e+00
0.000000000000e+00
0.000000000000e+00
SCALARS fld_surface_isotropic_equivalent_luminosity_relerr_gen double 1
LOOKUP_TABLE default
0.000000000000e+00
0.000000000000e+00
0.000000000000e+00
0.000000000000e+00
0.000000000000e+00
0.000000000000e+00
0.000000000000e+00
0.000000000000e+00
0.000000000000e+00
0.000000000000e+00
0.000000000000e+00
0.000000000000e+00
0.000000000000e+00
0.000000000000e+00
0.000000000000e+00
0.000000000000e+00
0.000000000000e+00
0.000000000000e+00
0.000000000000e+00
0.000000000000e+00
0.000000000000e+00
0.000000000000e+00
0.000000000000e+00
0.000000000000e+00
0.000000000000e+00
0.000000000000e+00
0.000000000000e+00
0.000000000000e+00
0.000000000000e+00
0.000000000000e+00
0.000000000000e+00
0.000000000000e+00
0.000000000000e+00
0.000000000000e+00
0.000000000000e+00
0.000000000000e+00
0.000000000000e+00
0.000000000000e+00
0.000000000000e+00
0.000000000000e+00
0.000000000000e+00
0.000000000000e+00
0.000000000000e+00
0.000000000000e+00
0.000000000000e+00
0.000000000000e+00
0.000000000000e+00
0.000000000000e+00
0.000000000000e+00
0.000000000000e+00
0.000000000000e+00
0.000000000000e+00
0.000000000000e+00
0.000000000000e+00
0.000000000000e+00
0.000000000000e+00
0.000000000000e+00
0.000000000000e+00
0.000000000000e+00
0.000000000000e+00
0.000000000000e+00
0.000000000000e+00
0.000000000000e+00
0.000000000000e+00
0.000000000000e+00
0.000000000000e+00
0.000000000000e+00
0.000000000000e+00
0.000000000000e+00
0.000000000000e+00
0.000000000000e+00
0.000000000000e+00
0.000000000000e+00
0.000000000000e+00
0.000000000000e+00
0.000000000000e+00
0.000000000000e+00
0.000000000000e+00
0.000000000000e+00
0.000000000000e+00
0.000000000000e+00
0.000000000000e+00
0.000000000000e+00
0.000000000000e+00
0.000000000000e+00
0.000000000000e+00
0.000000000000e+00
0.000000000000e+00
0.000000000000e+00
0.000000000000e+00
0.000000000000e+00
0.000000000000e+00
0.000000000000e+00
0.000000000000e+00
0.000000000000e+00
0.000000000000e+00
0.000000000000e+00
0.000000000000e+00
0.000000000000e+00
0.000000000000e+00
0.000000000000e+00
0.000000000000e+00
0.000000000000e+00
0.000000000000e+00
0.000000000000e+00
0.000000000000e+00
0.000000000000e+00
0.000000000000e+00
0.000000000000e+00
0.000000000000e+00
0.000000000000e+00
0.000000000000e+00
0.000000000000e+00
0.000000000000e+00
0.000000000000e+00
0.000000000000e+00
0.000000000000e+00
0.000000000000e+00
0.000000000000e+00
0.000000000000e+00
0.000000000000e+00
0.000000000000e+00
0.000000000000e+00
0.000000000000e+00
0.000000000000e+00
0.000000000000e+00
0.000000000000e+00
0.000000000000e+00
0.000000000000e+00
0.000000000000e+00
0.000000000000e+00
0.000000000000e+00
0.000000000000e+00
0.000000000000e+00
0.000000000000e+00
0.000000000000e+00
0.000000000000e+00
0.000000000000e+00
0.000000000000e+00
0.000000000000e+00
0.000000000000e+00
0.000000000000e+00
0.000000000000e+00
0.000000000000e+00
0.000000000000e+00
0.000000000000e+00
0.000000000000e+00
0.000000000000e+00
0.000000000000e+00
0.000000000000e+00
0.000000000000e+00
0.000000000000e+00
0.000000000000e+00
0.000000000000e+00
0.000000000000e+00
0.000000000000e+00
0.000000000000e+00
0.000000000000e+00
0.000000000000e+00
0.000000000000e+00
0.000000000000e+00
0.000000000000e+00
0.000000000000e+00
0.000000000000e+00
0.000000000000e+00
0.000000000000e+00
0.000000000000e+00
0.000000000000e+00
0.000000000000e+00
0.000000000000e+00
0.000000000000e+00
0.000000000000e+00
0.000000000000e+00
0.000000000000e+00
0.000000000000e+00
0.000000000000e+00
0.000000000000e+00
0.000000000000e+00
0.000000000000e+00
0.000000000000e+00
0.000000000000e+00
0.000000000000e+00
0.000000000000e+00
0.000000000000e+00
0.000000000000e+00
0.000000000000e+00
0.000000000000e+00
0.000000000000e+00
0.000000000000e+00
0.000000000000e+00
0.000000000000e+00
0.000000000000e+00
0.000000000000e+00
0.000000000000e+00
0.000000000000e+00
0.000000000000e+00
0.000000000000e+00
0.000000000000e+00
0.000000000000e+00
0.000000000000e+00
0.000000000000e+00
0.000000000000e+00
0.000000000000e+00
0.000000000000e+00
0.000000000000e+00
0.000000000000e+00
0.000000000000e+00
0.000000000000e+00
0.000000000000e+00
0.000000000000e+00
0.000000000000e+00
0.000000000000e+00
0.000000000000e+00
0.000000000000e+00
0.000000000000e+00
0.000000000000e+00
0.000000000000e+00
0.000000000000e+00
0.000000000000e+00
0.000000000000e+00
0.000000000000e+00
0.000000000000e+00
0.000000000000e+00
0.000000000000e+00
0.000000000000e+00
0.000000000000e+00
0.000000000000e+00
0.000000000000e+00
0.000000000000e+00
0.000000000000e+00
0.000000000000e+00
0.000000000000e+00
0.000000000000e+00
0.000000000000e+00
0.000000000000e+00
0.000000000000e+00
0.000000000000e+00
0.000000000000e+00
0.000000000000e+00
0.000000000000e+00
0.000000000000e+00
0.000000000000e+00
0.000000000000e+00
0.000000000000e+00
0.000000000000e+00
0.000000000000e+00
0.000000000000e+00
0.000000000000e+00
0.000000000000e+00
0.000000000000e+00
0.000000000000e+00
0.000000000000e+00
0.000000000000e+00
0.000000000000e+00
0.000000000000e+00
0.000000000000e+00
0.000000000000e+00
0.000000000000e+00
0.000000000000e+00
0.000000000000e+00
0.000000000000e+00
0.000000000000e+00
0.000000000000e+00
0.000000000000e+00
0.000000000000e+00
0.000000000000e+00
0.000000000000e+00
0.000000000000e+00
0.000000000000e+00
0.000000000000e+00
0.000000000000e+00
0.000000000000e+00
0.000000000000e+00
0.000000000000e+00
0.000000000000e+00
0.000000000000e+00
0.000000000000e+00
0.000000000000e+00
0.000000000000e+00
0.000000000000e+00
0.000000000000e+00
0.000000000000e+00
0.000000000000e+00
0.000000000000e+00
0.000000000000e+00
0.000000000000e+00
0.000000000000e+00
0.000000000000e+00
0.000000000000e+00
0.000000000000e+00
0.000000000000e+00
0.000000000000e+00
0.000000000000e+00
0.000000000000e+00
0.000000000000e+00
0.000000000000e+00
0.000000000000e+00
0.000000000000e+00
0.000000000000e+00
0.000000000000e+00
0.000000000000e+00
0.000000000000e+00
0.000000000000e+00
0.000000000000e+00
0.000000000000e+00
0.000000000000e+00
0.000000000000e+00
0.000000000000e+00
0.000000000000e+00
0.000000000000e+00
0.000000000000e+00
0.000000000000e+00
0.000000000000e+00
0.000000000000e+00
0.000000000000e+00
0.000000000000e+00
0.000000000000e+00
0.000000000000e+00
0.000000000000e+00
0.000000000000e+00
0.000000000000e+00
0.000000000000e+00
0.000000000000e+00
0.000000000000e+00
0.000000000000e+00
0.000000000000e+00
0.000000000000e+00
0.000000000000e+00
0.000000000000e+00
0.000000000000e+00
0.000000000000e+00
0.000000000000e+00
0.000000000000e+00
0.000000000000e+00
0.000000000000e+00
0.000000000000e+00
0.000000000000e+00
0.000000000000e+00
0.000000000000e+00
0.000000000000e+00
0.000000000000e+00
0.000000000000e+00
0.000000000000e+00
0.000000000000e+00
0.000000000000e+00
0.000000000000e+00
0.000000000000e+00
0.000000000000e+00
0.000000000000e+00
0.000000000000e+00
0.000000000000e+00
0.000000000000e+00
0.000000000000e+00
0.000000000000e+00
0.000000000000e+00
0.000000000000e+00
0.000000000000e+00
0.000000000000e+00
0.000000000000e+00
0.000000000000e+00
0.000000000000e+00
0.000000000000e+00
0.000000000000e+00
0.000000000000e+00
0.000000000000e+00
0.000000000000e+00
0.000000000000e+00
0.000000000000e+00
0.000000000000e+00
0.000000000000e+00
0.000000000000e+00
0.000000000000e+00
0.000000000000e+00
0.000000000000e+00
0.000000000000e+00
0.000000000000e+00
0.000000000000e+00
0.000000000000e+00
0.000000000000e+00
0.000000000000e+00
0.000000000000e+00
0.000000000000e+00
0.000000000000e+00
0.000000000000e+00
0.000000000000e+00
0.000000000000e+00
0.000000000000e+00
0.000000000000e+00
0.000000000000e+00
0.000000000000e+00
0.000000000000e+00
0.000000000000e+00
0.000000000000e+00
0.000000000000e+00
0.000000000000e+00
0.000000000000e+00
0.000000000000e+00
0.000000000000e+00
0.000000000000e+00
0.000000000000e+00
0.000000000000e+00
0.000000000000e+00
0.000000000000e+00
0.000000000000e+00
0.000000000000e+00
0.000000000000e+00
0.000000000000e+00
0.000000000000e+00
0.000000000000e+00
0.000000000000e+00
0.000000000000e+00
0.000000000000e+00
0.000000000000e+00
0.000000000000e+00
0.000000000000e+00
0.000000000000e+00
0.000000000000e+00
0.000000000000e+00
0.000000000000e+00
0.000000000000e+00
0.000000000000e+00
0.000000000000e+00
0.000000000000e+00
0.000000000000e+00
0.000000000000e+00
0.000000000000e+00
0.000000000000e+00
0.000000000000e+00
0.000000000000e+00
0.000000000000e+00
0.000000000000e+00
0.000000000000e+00
0.000000000000e+00
0.000000000000e+00
0.000000000000e+00
0.000000000000e+00
0.000000000000e+00
0.000000000000e+00
0.000000000000e+00
0.000000000000e+00
0.000000000000e+00
0.000000000000e+00
0.000000000000e+00
0.000000000000e+00
0.000000000000e+00
0.000000000000e+00
0.000000000000e+00
0.000000000000e+00
0.000000000000e+00
0.000000000000e+00
0.000000000000e+00
0.000000000000e+00
0.000000000000e+00
0.000000000000e+00
0.000000000000e+00
0.000000000000e+00
0.000000000000e+00
0.000000000000e+00
0.000000000000e+00
0.000000000000e+00
0.000000000000e+00
0.000000000000e+00
0.000000000000e+00
0.000000000000e+00
0.000000000000e+00
0.000000000000e+00
0.000000000000e+00
0.000000000000e+00
0.000000000000e+00
0.000000000000e+00
0.000000000000e+00
0.000000000000e+00
0.000000000000e+00
0.000000000000e+00
0.000000000000e+00
0.000000000000e+00
0.000000000000e+00
0.000000000000e+00
0.000000000000e+00
0.000000000000e+00
0.000000000000e+00
0.000000000000e+00
0.000000000000e+00
0.000000000000e+00
0.000000000000e+00
0.000000000000e+00
0.000000000000e+00
0.000000000000e+00
0.000000000000e+00
0.000000000000e+00
0.000000000000e+00
0.000000000000e+00
0.000000000000e+00
0.000000000000e+00
0.000000000000e+00
0.000000000000e+00
0.000000000000e+00
0.000000000000e+00
0.000000000000e+00
0.000000000000e+00
0.000000000000e+00
0.000000000000e+00
0.000000000000e+00
0.000000000000e+00
0.000000000000e+00
0.000000000000e+00
0.000000000000e+00
0.000000000000e+00
0.000000000000e+00
0.000000000000e+00
0.000000000000e+00
0.000000000000e+00
SCALARS fld_surface_flux_stderr_gen double 1
LOOKUP_TABLE default
0.000000000000e+00
0.000000000000e+00
0.000000000000e+00
0.000000000000e+00
0.000000000000e+00
0.000000000000e+00
0.000000000000e+00
0.000000000000e+00
0.000000000000e+00
0.000000000000e+00
0.000000000000e+00
0.000000000000e+00
0.000000000000e+00
0.000000000000e+00
0.000000000000e+00
0.000000000000e+00
0.000000000000e+00
0.000000000000e+00
0.000000000000e+00
0.000000000000e+00
0.000000000000e+00
0.000000000000e+00
0.000000000000e+00
0.000000000000e+00
0.000000000000e+00
0.000000000000e+00
0.000000000000e+00
0.000000000000e+00
0.000000000000e+00
0.000000000000e+00
0.000000000000e+00
0.000000000000e+00
0.000000000000e+00
0.000000000000e+00
0.000000000000e+00
0.000000000000e+00
0.000000000000e+00
0.000000000000e+00
0.000000000000e+00
0.000000000000e+00
0.000000000000e+00
0.000000000000e+00
0.000000000000e+00
0.000000000000e+00
0.000000000000e+00
0.000000000000e+00
0.000000000000e+00
0.000000000000e+00
0.000000000000e+00
0.000000000000e+00
0.000000000000e+00
0.000000000000e+00
0.000000000000e+00
0.000000000000e+00
0.000000000000e+00
0.000000000000e+00
0.000000000000e+00
0.000000000000e+00
0.000000000000e+00
0.000000000000e+00
0.000000000000e+00
0.000000000000e+00
0.000000000000e+00
0.000000000000e+00
0.000000000000e+00
0.000000000000e+00
0.000000000000e+00
0.000000000000e+00
0.000000000000e+00
0.000000000000e+00
0.000000000000e+00
0.000000000000e+00
0.000000000000e+00
0.000000000000e+00
0.000000000000e+00
0.000000000000e+00
0.000000000000e+00
0.000000000000e+00
0.000000000000e+00
0.000000000000e+00
0.000000000000e+00
0.000000000000e+00
0.000000000000e+00
0.000000000000e+00
0.000000000000e+00
0.000000000000e+00
0.000000000000e+00
0.000000000000e+00
0.000000000000e+00
0.000000000000e+00
0.000000000000e+00
0.000000000000e+00
0.000000000000e+00
0.000000000000e+00
0.000000000000e+00
0.000000000000e+00
0.000000000000e+00
0.000000000000e+00
0.000000000000e+00
0.000000000000e+00
0.000000000000e+00
0.000000000000e+00
0.000000000000e+00
0.000000000000e+00
0.000000000000e+00
0.000000000000e+00
0.000000000000e+00
0.000000000000e+00
0.000000000000e+00
0.000000000000e+00
0.000000000000e+00
0.000000000000e+00
0.000000000000e+00
0.000000000000e+00
0.000000000000e+00
0.000000000000e+00
0.000000000000e+00
0.000000000000e+00
0.000000000000e+00
0.000000000000e+00
0.000000000000e+00
0.000000000000e+00
0.000000000000e+00
0.000000000000e+00
0.000000000000e+00
0.000000000000e+00
0.000000000000e+00
0.000000000000e+00
0.000000000000e+00
0.000000000000e+00
0.000000000000e+00
0.000000000000e+00
0.000000000000e+00
0.000000000000e+00
0.000000000000e+00
0.000000000000e+00
0.000000000000e+00
0.000000000000e+00
0.000000000000e+00
0.000000000000e+00
0.000000000000e+00
0.000000000000e+00
0.000000000000e+00
0.000000000000e+00
0.000000000000e+00
0.000000000000e+00
0.000000000000e+00
0.000000000000e+00
0.000000000000e+00
0.000000000000e+00
0.000000000000e+00
0.000000000000e+00
0.000000000000e+00
0.000000000000e+00
0.000000000000e+00
0.000000000000e+00
0.000000000000e+00
0.000000000000e+00
0.000000000000e+00
0.000000000000e+00
0.000000000000e+00
0.000000000000e+00
0.000000000000e+00
0.000000000000e+00
0.000000000000e+00
0.000000000000e+00
0.000000000000e+00
0.000000000000e+00
0.000000000000e+00
0.000000000000e+00
0.000000000000e+00
0.000000000000e+00
0.000000000000e+00
0.000000000000e+00
0.000000000000e+00
0.000000000000e+00
0.000000000000e+00
0.000000000000e+00
0.000000000000e+00
0.000000000000e+00
0.000000000000e+00
0.000000000000e+00
0.000000000000e+00
0.000000000000e+00
0.000000000000e+00
0.000000000000e+00
0.000000000000e+00
0.000000000000e+00
0.000000000000e+00
0.000000000000e+00
0.000000000000e+00
0.000000000000e+00
0.000000000000e+00
0.000000000000e+00
0.000000000000e+00
0.000000000000e+00
0.000000000000e+00
0.000000000000e+00
0.000000000000e+00
0.000000000000e+00
0.000000000000e+00
0.000000000000e+00
0.000000000000e+00
0.000000000000e+00
0.000000000000e+00
0.000000000000e+00
0.000000000000e+00
0.000000000000e+00
0.000000000000e+00
0.000000000000e+00
0.000000000000e+00
0.000000000000e+00
0.000000000000e+00
0.000000000000e+00
0.000000000000e+00
0.000000000000e+00
0.000000000000e+00
0.000000000000e+00
0.000000000000e+00
0.000000000000e+00
0.000000000000e+00
0.000000000000e+00
0.000000000000e+00
0.000000000000e+00
0.000000000000e+00
0.000000000000e+00
0.000000000000e+00
0.000000000000e+00
0.000000000000e+00
0.000000000000e+00
0.000000000000e+00
0.000000000000e+00
0.000000000000e+00
0.000000000000e+00
0.000000000000e+00
0.000000000000e+00
0.000000000000e+00
0.000000000000e+00
0.000000000000e+00
0.000000000000e+00
0.000000000000e+00
0.000000000000e+00
0.000000000000e+00
0.000000000000e+00
0.000000000000e+00
0.000000000000e+00
0.000000000000e+00
0.000000000000e+00
0.000000000000e+00
0.000000000000e+00
0.000000000000e+00
0.000000000000e+00
0.000000000000e+00
0.000000000000e+00
0.000000000000e+00
0.000000000000e+00
0.000000000000e+00
0.000000000000e+00
0.000000000000e+00
0.000000000000e+00
0.000000000000e+00
0.000000000000e+00
0.000000000000e+00
0.000000000000e+00
0.000000000000e+00
0.000000000000e+00
0.000000000000e+00
0.000000000000e+00
0.000000000000e+00
0.000000000000e+00
0.000000000000e+00
0.000000000000e+00
0.000000000000e+00
0.000000000000e+00
0.000000000000e+00
0.000000000000e+00
0.000000000000e+00
0.000000000000e+00
0.000000000000e+00
0.000000000000e+00
0.000000000000e+00
0.000000000000e+00
0.000000000000e+00
0.000000000000e+00
0.000000000000e+00
0.000000000000e+00
0.000000000000e+00
0.000000000000e+00
0.000000000000e+00
0.000000000000e+00
0.000000000000e+00
0.000000000000e+00
0.000000000000e+00
0.000000000000e+00
0.000000000000e+00
0.000000000000e+00
0.000000000000e+00
0.000000000000e+00
0.000000000000e+00
0.000000000000e+00
0.000000000000e+00
0.000000000000e+00
0.000000000000e+00
0.000000000000e+00
0.000000000000e+00
0.000000000000e+00
0.000000000000e+00
0.000000000000e+00
0.000000000000e+00
0.000000000000e+00
0.000000000000e+00
0.000000000000e+00
0.000000000000e+00
0.000000000000e+00
0.000000000000e+00
0.000000000000e+00
0.000000000000e+00
0.000000000000e+00
0.000000000000e+00
0.000000000000e+00
0.000000000000e+00
0.000000000000e+00
0.000000000000e+00
0.000000000000e+00
0.000000000000e+00
0.000000000000e+00
0.000000000000e+00
0.000000000000e+00
0.000000000000e+00
0.000000000000e+00
0.000000000000e+00
0.000000000000e+00
0.000000000000e+00
0.000000000000e+00
0.000000000000e+00
0.000000000000e+00
0.000000000000e+00
0.000000000000e+00
0.000000000000e+00
0.000000000000e+00
0.000000000000e+00
0.000000000000e+00
0.000000000000e+00
0.000000000000e+00
0.000000000000e+00
0.000000000000e+00
0.000000000000e+00
0.000000000000e+00
0.000000000000e+00
0.000000000000e+00
0.000000000000e+00
0.000000000000e+00
0.000000000000e+00
0.000000000000e+00
0.000000000000e+00
0.000000000000e+00
0.000000000000e+00
0.000000000000e+00
0.000000000000e+00
0.000000000000e+00
0.000000000000e+00
0.000000000000e+00
0.000000000000e+00
0.000000000000e+00
0.000000000000e+00
0.000000000000e+00
0.000000000000e+00
0.000000000000e+00
0.000000000000e+00
0.000000000000e+00
0.000000000000e+00
0.000000000000e+00
0.000000000000e+00
0.000000000000e+00
0.000000000000e+00
0.000000000000e+00
0.000000000000e+00
0.000000000000e+00
0.000000000000e+00
0.000000000000e+00
0.000000000000e+00
0.000000000000e+00
0.000000000000e+00
0.000000000000e+00
0.000000000000e+00
0.000000000000e+00
0.000000000000e+00
0.000000000000e+00
0.000000000000e+00
0.000000000000e+00
0.000000000000e+00
0.000000000000e+00
0.000000000000e+00
0.000000000000e+00
0.000000000000e+00
0.000000000000e+00
0.000000000000e+00
0.000000000000e+00
0.000000000000e+00
0.000000000000e+00
0.000000000000e+00
0.000000000000e+00
0.000000000000e+00
0.000000000000e+00
0.000000000000e+00
0.000000000000e+00
0.000000000000e+00
0.000000000000e+00
0.000000000000e+00
0.000000000000e+00
0.000000000000e+00
0.000000000000e+00
0.000000000000e+00
0.000000000000e+00
0.000000000000e+00
0.000000000000e+00
0.000000000000e+00
0.000000000000e+00
0.000000000000e+00
0.000000000000e+00
0.000000000000e+00
0.000000000000e+00
0.000000000000e+00
0.000000000000e+00
0.000000000000e+00
0.000000000000e+00
0.000000000000e+00
0.000000000000e+00
0.000000000000e+00
0.000000000000e+00
0.000000000000e+00
0.000000000000e+00
0.000000000000e+00
0.000000000000e+00
0.000000000000e+00
0.000000000000e+00
0.000000000000e+00
0.000000000000e+00
0.000000000000e+00
0.000000000000e+00
0.000000000000e+00
0.000000000000e+00
0.000000000000e+00
0.000000000000e+00
0.000000000000e+00
0.000000000000e+00
0.000000000000e+00
0.000000000000e+00
0.000000000000e+00
0.000000000000e+00
0.000000000000e+00
0.000000000000e+00
0.000000000000e+00
0.000000000000e+00
0.000000000000e+00
0.000000000000e+00
0.000000000000e+00
0.000000000000e+00
0.000000000000e+00
0.000000000000e+00
0.000000000000e+00
0.000000000000e+00
0.000000000000e+00
0.000000000000e+00
0.000000000000e+00
0.000000000000e+00
0.000000000000e+00
0.000000000000e+00
0.000000000000e+00
0.000000000000e+00
0.000000000000e+00
0.000000000000e+00
0.000000000000e+00
0.000000000000e+00
0.000000000000e+00
0.000000000000e+00
0.000000000000e+00
0.000000000000e+00
0.000000000000e+00
0.000000000000e+00
0.000000000000e+00
0.000000000000e+00
0.000000000000e+00
0.000000000000e+00
0.000000000000e+00
0.000000000000e+00
0.000000000000e+00
0.000000000000e+00
0.000000000000e+00
0.000000000000e+00
0.000000000000e+00
0.000000000000e+00
0.000000000000e+00
0.000000000000e+00
0.000000000000e+00
0.000000000000e+00
0.000000000000e+00
0.000000000000e+00
0.000000000000e+00
0.000000000000e+00
0.000000000000e+00
0.000000000000e+00
0.000000000000e+00
0.000000000000e+00
0.000000000000e+00
0.000000000000e+00
0.000000000000e+00
0.000000000000e+00
0.000000000000e+00
0.000000000000e+00
0.000000000000e+00
0.000000000000e+00
SCALARS fld_surface_flux_relerr_gen double 1
LOOKUP_TABLE default
0.000000000000e+00
0.000000000000e+00
0.000000000000e+00
0.000000000000e+00
0.000000000000e+00
0.000000000000e+00
0.000000000000e+00
0.000000000000e+00
0.000000000000e+00
0.000000000000e+00
0.000000000000e+00
0.000000000000e+00
0.000000000000e+00
0.000000000000e+00
0.000000000000e+00
0.000000000000e+00
0.000000000000e+00
0.000000000000e+00
0.000000000000e+00
0.000000000000e+00
0.000000000000e+00
0.000000000000e+00
0.000000000000e+00
0.000000000000e+00
0.000000000000e+00
0.000000000000e+00
0.000000000000e+00
0.000000000000e+00
0.000000000000e+00
0.000000000000e+00
0.000000000000e+00
0.000000000000e+00
0.000000000000e+00
0.000000000000e+00
0.000000000000e+00
0.000000000000e+00
0.000000000000e+00
0.000000000000e+00
0.000000000000e+00
0.000000000000e+00
0.000000000000e+00
0.000000000000e+00
0.000000000000e+00
0.000000000000e+00
0.000000000000e+00
0.000000000000e+00
0.000000000000e+00
0.000000000000e+00
0.000000000000e+00
0.000000000000e+00
0.000000000000e+00
0.000000000000e+00
0.000000000000e+00
0.000000000000e+00
0.000000000000e+00
0.000000000000e+00
0.000000000000e+00
0.000000000000e+00
0.000000000000e+00
0.000000000000e+00
0.000000000000e+00
0.000000000000e+00
0.000000000000e+00
0.000000000000e+00
0.000000000000e+00
0.000000000000e+00
0.000000000000e+00
0.000000000000e+00
0.000000000000e+00
0.000000000000e+00
0.000000000000e+00
0.000000000000e+00
0.000000000000e+00
0.000000000000e+00
0.000000000000e+00
0.000000000000e+00
0.000000000000e+00
0.000000000000e+00
0.000000000000e+00
0.000000000000e+00
0.000000000000e+00
0.000000000000e+00
0.000000000000e+00
0.000000000000e+00
0.000000000000e+00
0.000000000000e+00
0.000000000000e+00
0.000000000000e+00
0.000000000000e+00
0.000000000000e+00
0.000000000000e+00
0.000000000000e+00
0.000000000000e+00
0.000000000000e+00
0.000000000000e+00
0.000000000000e+00
0.000000000000e+00
0.000000000000e+00
0.000000000000e+00
0.000000000000e+00
0.000000000000e+00
0.000000000000e+00
0.000000000000e+00
0.000000000000e+00
0.000000000000e+00
0.000000000000e+00
0.000000000000e+00
0.000000000000e+00
0.000000000000e+00
0.000000000000e+00
0.000000000000e+00
0.000000000000e+00
0.000000000000e+00
0.000000000000e+00
0.000000000000e+00
0.000000000000e+00
0.000000000000e+00
0.000000000000e+00
0.000000000000e+00
0.000000000000e+00
0.000000000000e+00
0.000000000000e+00
0.000000000000e+00
0.000000000000e+00
0.000000000000e+00
0.000000000000e+00
0.000000000000e+00
0.000000000000e+00
0.000000000000e+00
0.000000000000e+00
0.000000000000e+00
0.000000000000e+00
0.000000000000e+00
0.000000000000e+00
0.000000000000e+00
0.000000000000e+00
0.000000000000e+00
0.000000000000e+00
0.000000000000e+00
0.000000000000e+00
0.000000000000e+00
0.000000000000e+00
0.000000000000e+00
0.000000000000e+00
0.000000000000e+00
0.000000000000e+00
0.000000000000e+00
0.000000000000e+00
0.000000000000e+00
0.000000000000e+00
0.000000000000e+00
0.000000000000e+00
0.000000000000e+00
0.000000000000e+00
0.000000000000e+00
0.000000000000e+00
0.000000000000e+00
0.000000000000e+00
0.000000000000e+00
0.000000000000e+00
0.000000000000e+00
0.000000000000e+00
0.000000000000e+00
0.000000000000e+00
0.000000000000e+00
0.000000000000e+00
0.000000000000e+00
0.000000000000e+00
0.000000000000e+00
0.000000000000e+00
0.000000000000e+00
0.000000000000e+00
0.000000000000e+00
0.000000000000e+00
0.000000000000e+00
0.000000000000e+00
0.000000000000e+00
0.000000000000e+00
0.000000000000e+00
0.000000000000e+00
0.000000000000e+00
0.000000000000e+00
0.000000000000e+00
0.000000000000e+00
0.000000000000e+00
0.000000000000e+00
0.000000000000e+00
0.000000000000e+00
0.000000000000e+00
0.000000000000e+00
0.000000000000e+00
0.000000000000e+00
0.000000000000e+00
0.000000000000e+00
0.000000000000e+00
0.000000000000e+00
0.000000000000e+00
0.000000000000e+00
0.000000000000e+00
0.000000000000e+00
0.000000000000e+00
0.000000000000e+00
0.000000000000e+00
0.000000000000e+00
0.000000000000e+00
0.000000000000e+00
0.000000000000e+00
0.000000000000e+00
0.000000000000e+00
0.000000000000e+00
0.000000000000e+00
0.000000000000e+00
0.000000000000e+00
0.000000000000e+00
0.000000000000e+00
0.000000000000e+00
0.000000000000e+00
0.000000000000e+00
0.000000000000e+00
0.000000000000e+00
0.000000000000e+00
0.000000000000e+00
0.000000000000e+00
0.000000000000e+00
0.000000000000e+00
0.000000000000e+00
0.000000000000e+00
0.000000000000e+00
0.000000000000e+00
0.000000000000e+00
0.000000000000e+00
0.000000000000e+00
0.000000000000e+00
0.000000000000e+00
0.000000000000e+00
0.000000000000e+00
0.000000000000e+00
0.000000000000e+00
0.000000000000e+00
0.000000000000e+00
0.000000000000e+00
0.000000000000e+00
0.000000000000e+00
0.000000000000e+00
0.000000000000e+00
0.000000000000e+00
0.000000000000e+00
0.000000000000e+00
0.000000000000e+00
0.000000000000e+00
0.000000000000e+00
0.000000000000e+00
0.000000000000e+00
0.000000000000e+00
0.000000000000e+00
0.000000000000e+00
0.000000000000e+00
0.000000000000e+00
0.000000000000e+00
0.000000000000e+00
0.000000000000e+00
0.000000000000e+00
0.000000000000e+00
0.000000000000e+00
0.000000000000e+00
0.000000000000e+00
0.000000000000e+00
0.000000000000e+00
0.000000000000e+00
0.000000000000e+00
0.000000000000e+00
0.000000000000e+00
0.000000000000e+00
0.000000000000e+00
0.000000000000e+00
0.000000000000e+00
0.000000000000e+00
0.000000000000e+00
0.000000000000e+00
0.000000000000e+00
0.000000000000e+00
0.000000000000e+00
0.000000000000e+00
0.000000000000e+00
0.000000000000e+00
0.000000000000e+00
0.000000000000e+00
0.000000000000e+00
0.000000000000e+00
0.000000000000e+00
0.000000000000e+00
0.000000000000e+00
0.000000000000e+00
0.000000000000e+00
0.000000000000e+00
0.000000000000e+00
0.000000000000e+00
0.000000000000e+00
0.000000000000e+00
0.000000000000e+00
0.000000000000e+00
0.000000000000e+00
0.000000000000e+00
0.000000000000e+00
0.000000000000e+00
0.000000000000e+00
0.000000000000e+00
0.000000000000e+00
0.000000000000e+00
0.000000000000e+00
0.000000000000e+00
0.000000000000e+00
0.000000000000e+00
0.000000000000e+00
0.000000000000e+00
0.000000000000e+00
0.000000000000e+00
0.000000000000e+00
0.000000000000e+00
0.000000000000e+00
0.000000000000e+00
0.000000000000e+00
0.000000000000e+00
0.000000000000e+00
0.000000000000e+00
0.000000000000e+00
0.000000000000e+00
0.000000000000e+00
0.000000000000e+00
0.000000000000e+00
0.000000000000e+00
0.000000000000e+00
0.000000000000e+00
0.000000000000e+00
0.000000000000e+00
0.000000000000e+00
0.000000000000e+00
0.000000000000e+00
0.000000000000e+00
0.000000000000e+00
0.000000000000e+00
0.000000000000e+00
0.000000000000e+00
0.000000000000e+00
0.000000000000e+00
0.000000000000e+00
0.000000000000e+00
0.000000000000e+00
0.000000000000e+00
0.000000000000e+00
0.000000000000e+00
0.000000000000e+00
0.000000000000e+00
0.000000000000e+00
0.000000000000e+00
0.000000000000e+00
0.000000000000e+00
0.000000000000e+00
0.000000000000e+00
0.000000000000e+00
0.000000000000e+00
0.000000000000e+00
0.000000000000e+00
0.000000000000e+00
0.000000000000e+00
0.000000000000e+00
0.000000000000e+00
0.000000000000e+00
0.000000000000e+00
0.000000000000e+00
0.000000000000e+00
0.000000000000e+00
0.000000000000e+00
0.000000000000e+00
0.000000000000e+00
0.000000000000e+00
0.000000000000e+00
0.000000000000e+00
0.000000000000e+00
0.000000000000e+00
0.000000000000e+00
0.000000000000e+00
0.000000000000e+00
0.000000000000e+00
0.000000000000e+00
0.000000000000e+00
0.000000000000e+00
0.000000000000e+00
0.000000000000e+00
0.000000000000e+00
0.000000000000e+00
0.000000000000e+00
0.000000000000e+00
0.000000000000e+00
0.000000000000e+00
0.000000000000e+00
0.000000000000e+00
0.000000000000e+00
0.000000000000e+00
0.000000000000e+00
0.000000000000e+00
0.000000000000e+00
0.000000000000e+00
0.000000000000e+00
0.000000000000e+00
0.000000000000e+00
0.000000000000e+00
0.000000000000e+00
0.000000000000e+00
0.000000000000e+00
0.000000000000e+00
0.000000000000e+00
0.000000000000e+00
0.000000000000e+00
0.000000000000e+00
0.000000000000e+00
0.000000000000e+00
0.000000000000e+00
0.000000000000e+00
0.000000000000e+00
0.000000000000e+00
0.000000000000e+00
0.000000000000e+00
0.000000000000e+00
0.000000000000e+00
0.000000000000e+00
0.000000000000e+00
0.000000000000e+00
0.000000000000e+00
0.000000000000e+00
0.000000000000e+00
0.000000000000e+00
0.000000000000e+00
0.000000000000e+00
0.000000000000e+00
0.000000000000e+00
0.000000000000e+00
0.000000000000e+00
0.000000000000e+00
0.000000000000e+00
0.000000000000e+00
0.000000000000e+00
0.000000000000e+00
0.000000000000e+00
0.000000000000e+00
0.000000000000e+00
0.000000000000e+00
0.000000000000e+00
0.000000000000e+00
0.000000000000e+00
0.000000000000e+00
0.000000000000e+00
0.000000000000e+00
0.000000000000e+00
0.000000000000e+00
0.000000000000e+00
0.000000000000e+00
0.000000000000e+00
0.000000000000e+00
0.000000000000e+00
0.000000000000e+00
0.000000000000e+00
0.000000000000e+00
0.000000000000e+00
0.000000000000e+00
0.000000000000e+00
0.000000000000e+00
0.000000000000e+00
0.000000000000e+00
0.000000000000e+00
0.000000000000e+00
0.000000000000e+00
0.000000000000e+00
0.000000000000e+00
0.000000000000e+00
0.000000000000e+00
0.000000000000e+00
0.000000000000e+00
0.000000000000e+00
0.000000000000e+00
0.000000000000e+00
0.000000000000e+00
0.000000000000e+00
0.000000000000e+00
0.000000000000e+00
0.000000000000e+00
0.000000000000e+00
0.000000000000e+00
0.000000000000e+00
0.000000000000e+00
0.000000000000e+00
0.000000000000e+00
0.000000000000e+00
0.000000000000e+00
0.000000000000e+00
0.000000000000e+00
0.000000000000e+00
0.000000000000e+00
0.000000000000e+00
0.000000000000e+00
0.000000000000e+00
0.000000000000e+00
0.000000000000e+00
0.000000000000e+00
0.000000000000e+00
0.000000000000e+00
0.000000000000e+00
0.000000000000e+00
0.000000000000e+00
0.000000000000e+00
0.000000000000e+00
0.000000000000e+00
SCALARS log10_fld_surface_luminosity_stderr_gen double 1
LOOKUP_TABLE default
0.000000000000e+00
0.000000000000e+00
0.000000000000e+00
0.000000000000e+00
0.000000000000e+00
0.000000000000e+00
0.000000000000e+00
0.000000000000e+00
0.000000000000e+00
0.000000000000e+00
0.000000000000e+00
0.000000000000e+00
0.000000000000e+00
0.000000000000e+00
0.000000000000e+00
0.000000000000e+00
0.000000000000e+00
0.000000000000e+00
0.000000000000e+00
0.000000000000e+00
0.000000000000e+00
0.000000000000e+00
0.000000000000e+00
0.000000000000e+00
0.000000000000e+00
0.000000000000e+00
0.000000000000e+00
0.000000000000e+00
0.000000000000e+00
0.000000000000e+00
0.000000000000e+00
0.000000000000e+00
0.000000000000e+00
0.000000000000e+00
0.000000000000e+00
0.000000000000e+00
0.000000000000e+00
0.000000000000e+00
0.000000000000e+00
0.000000000000e+00
0.000000000000e+00
0.000000000000e+00
0.000000000000e+00
0.000000000000e+00
0.000000000000e+00
0.000000000000e+00
0.000000000000e+00
0.000000000000e+00
0.000000000000e+00
0.000000000000e+00
0.000000000000e+00
0.000000000000e+00
0.000000000000e+00
0.000000000000e+00
0.000000000000e+00
0.000000000000e+00
0.000000000000e+00
0.000000000000e+00
0.000000000000e+00
0.000000000000e+00
0.000000000000e+00
0.000000000000e+00
0.000000000000e+00
0.000000000000e+00
0.000000000000e+00
0.000000000000e+00
0.000000000000e+00
0.000000000000e+00
0.000000000000e+00
0.000000000000e+00
0.000000000000e+00
0.000000000000e+00
0.000000000000e+00
0.000000000000e+00
0.000000000000e+00
0.000000000000e+00
0.000000000000e+00
0.000000000000e+00
0.000000000000e+00
0.000000000000e+00
0.000000000000e+00
0.000000000000e+00
0.000000000000e+00
0.000000000000e+00
0.000000000000e+00
0.000000000000e+00
0.000000000000e+00
0.000000000000e+00
0.000000000000e+00
0.000000000000e+00
0.000000000000e+00
0.000000000000e+00
0.000000000000e+00
0.000000000000e+00
0.000000000000e+00
0.000000000000e+00
0.000000000000e+00
0.000000000000e+00
0.000000000000e+00
0.000000000000e+00
0.000000000000e+00
0.000000000000e+00
0.000000000000e+00
0.000000000000e+00
0.000000000000e+00
0.000000000000e+00
0.000000000000e+00
0.000000000000e+00
0.000000000000e+00
0.000000000000e+00
0.000000000000e+00
0.000000000000e+00
0.000000000000e+00
0.000000000000e+00
0.000000000000e+00
0.000000000000e+00
0.000000000000e+00
0.000000000000e+00
0.000000000000e+00
0.000000000000e+00
0.000000000000e+00
0.000000000000e+00
0.000000000000e+00
0.000000000000e+00
0.000000000000e+00
0.000000000000e+00
0.000000000000e+00
0.000000000000e+00
0.000000000000e+00
0.000000000000e+00
0.000000000000e+00
0.000000000000e+00
0.000000000000e+00
0.000000000000e+00
0.000000000000e+00
0.000000000000e+00
0.000000000000e+00
0.000000000000e+00
0.000000000000e+00
0.000000000000e+00
0.000000000000e+00
0.000000000000e+00
0.000000000000e+00
0.000000000000e+00
0.000000000000e+00
0.000000000000e+00
0.000000000000e+00
0.000000000000e+00
0.000000000000e+00
0.000000000000e+00
0.000000000000e+00
0.000000000000e+00
0.000000000000e+00
0.000000000000e+00
0.000000000000e+00
0.000000000000e+00
0.000000000000e+00
0.000000000000e+00
0.000000000000e+00
0.000000000000e+00
0.000000000000e+00
0.000000000000e+00
0.000000000000e+00
0.000000000000e+00
0.000000000000e+00
0.000000000000e+00
0.000000000000e+00
0.000000000000e+00
0.000000000000e+00
0.000000000000e+00
0.000000000000e+00
0.000000000000e+00
0.000000000000e+00
0.000000000000e+00
0.000000000000e+00
0.000000000000e+00
0.000000000000e+00
0.000000000000e+00
0.000000000000e+00
0.000000000000e+00
0.000000000000e+00
0.000000000000e+00
0.000000000000e+00
0.000000000000e+00
0.000000000000e+00
0.000000000000e+00
0.000000000000e+00
0.000000000000e+00
0.000000000000e+00
0.000000000000e+00
0.000000000000e+00
0.000000000000e+00
0.000000000000e+00
0.000000000000e+00
0.000000000000e+00
0.000000000000e+00
0.000000000000e+00
0.000000000000e+00
0.000000000000e+00
0.000000000000e+00
0.000000000000e+00
0.000000000000e+00
0.000000000000e+00
0.000000000000e+00
0.000000000000e+00
0.000000000000e+00
0.000000000000e+00
0.000000000000e+00
0.000000000000e+00
0.000000000000e+00
0.000000000000e+00
0.000000000000e+00
0.000000000000e+00
0.000000000000e+00
0.000000000000e+00
0.000000000000e+00
0.000000000000e+00
0.000000000000e+00
0.000000000000e+00
0.000000000000e+00
0.000000000000e+00
0.000000000000e+00
0.000000000000e+00
0.000000000000e+00
0.000000000000e+00
0.000000000000e+00
0.000000000000e+00
0.000000000000e+00
0.000000000000e+00
0.000000000000e+00
0.000000000000e+00
0.000000000000e+00
0.000000000000e+00
0.000000000000e+00
0.000000000000e+00
0.000000000000e+00
0.000000000000e+00
0.000000000000e+00
0.000000000000e+00
0.000000000000e+00
0.000000000000e+00
0.000000000000e+00
0.000000000000e+00
0.000000000000e+00
0.000000000000e+00
0.000000000000e+00
0.000000000000e+00
0.000000000000e+00
0.000000000000e+00
0.000000000000e+00
0.000000000000e+00
0.000000000000e+00
0.000000000000e+00
0.000000000000e+00
0.000000000000e+00
0.000000000000e+00
0.000000000000e+00
0.000000000000e+00
0.000000000000e+00
0.000000000000e+00
0.000000000000e+00
0.000000000000e+00
0.000000000000e+00
0.000000000000e+00
0.000000000000e+00
0.000000000000e+00
0.000000000000e+00
0.000000000000e+00
0.000000000000e+00
0.000000000000e+00
0.000000000000e+00
0.000000000000e+00
0.000000000000e+00
0.000000000000e+00
0.000000000000e+00
0.000000000000e+00
0.000000000000e+00
0.000000000000e+00
0.000000000000e+00
0.000000000000e+00
0.000000000000e+00
0.000000000000e+00
0.000000000000e+00
0.000000000000e+00
0.000000000000e+00
0.000000000000e+00
0.000000000000e+00
0.000000000000e+00
0.000000000000e+00
0.000000000000e+00
0.000000000000e+00
0.000000000000e+00
0.000000000000e+00
0.000000000000e+00
0.000000000000e+00
0.000000000000e+00
0.000000000000e+00
0.000000000000e+00
0.000000000000e+00
0.000000000000e+00
0.000000000000e+00
0.000000000000e+00
0.000000000000e+00
0.000000000000e+00
0.000000000000e+00
0.000000000000e+00
0.000000000000e+00
0.000000000000e+00
0.000000000000e+00
0.000000000000e+00
0.000000000000e+00
0.000000000000e+00
0.000000000000e+00
0.000000000000e+00
0.000000000000e+00
0.000000000000e+00
0.000000000000e+00
0.000000000000e+00
0.000000000000e+00
0.000000000000e+00
0.000000000000e+00
0.000000000000e+00
0.000000000000e+00
0.000000000000e+00
0.000000000000e+00
0.000000000000e+00
0.000000000000e+00
0.000000000000e+00
0.000000000000e+00
0.000000000000e+00
0.000000000000e+00
0.000000000000e+00
0.000000000000e+00
0.000000000000e+00
0.000000000000e+00
0.000000000000e+00
0.000000000000e+00
0.000000000000e+00
0.000000000000e+00
0.000000000000e+00
0.000000000000e+00
0.000000000000e+00
0.000000000000e+00
0.000000000000e+00
0.000000000000e+00
0.000000000000e+00
0.000000000000e+00
0.000000000000e+00
0.000000000000e+00
0.000000000000e+00
0.000000000000e+00
0.000000000000e+00
0.000000000000e+00
0.000000000000e+00
0.000000000000e+00
0.000000000000e+00
0.000000000000e+00
0.000000000000e+00
0.000000000000e+00
0.000000000000e+00
0.000000000000e+00
0.000000000000e+00
0.000000000000e+00
0.000000000000e+00
0.000000000000e+00
0.000000000000e+00
0.000000000000e+00
0.000000000000e+00
0.000000000000e+00
0.000000000000e+00
0.000000000000e+00
0.000000000000e+00
0.000000000000e+00
0.000000000000e+00
0.000000000000e+00
0.000000000000e+00
0.000000000000e+00
0.000000000000e+00
0.000000000000e+00
0.000000000000e+00
0.000000000000e+00
0.000000000000e+00
0.000000000000e+00
0.000000000000e+00
0.000000000000e+00
0.000000000000e+00
0.000000000000e+00
0.000000000000e+00
0.000000000000e+00
0.000000000000e+00
0.000000000000e+00
0.000000000000e+00
0.000000000000e+00
0.000000000000e+00
0.000000000000e+00
0.000000000000e+00
0.000000000000e+00
0.000000000000e+00
0.000000000000e+00
0.000000000000e+00
0.000000000000e+00
0.000000000000e+00
0.000000000000e+00
0.000000000000e+00
0.000000000000e+00
0.000000000000e+00
0.000000000000e+00
0.000000000000e+00
0.000000000000e+00
0.000000000000e+00
0.000000000000e+00
0.000000000000e+00
0.000000000000e+00
0.000000000000e+00
0.000000000000e+00
0.000000000000e+00
0.000000000000e+00
0.000000000000e+00
0.000000000000e+00
0.000000000000e+00
0.000000000000e+00
0.000000000000e+00
0.000000000000e+00
0.000000000000e+00
0.000000000000e+00
0.000000000000e+00
0.000000000000e+00
0.000000000000e+00
0.000000000000e+00
0.000000000000e+00
0.000000000000e+00
0.000000000000e+00
0.000000000000e+00
0.000000000000e+00
0.000000000000e+00
0.000000000000e+00
0.000000000000e+00
0.000000000000e+00
0.000000000000e+00
0.000000000000e+00
0.000000000000e+00
0.000000000000e+00
0.000000000000e+00
0.000000000000e+00
0.000000000000e+00
0.000000000000e+00
0.000000000000e+00
0.000000000000e+00
0.000000000000e+00
0.000000000000e+00
0.000000000000e+00
0.000000000000e+00
0.000000000000e+00
0.000000000000e+00
0.000000000000e+00
0.000000000000e+00
0.000000000000e+00
0.000000000000e+00
0.000000000000e+00
0.000000000000e+00
0.000000000000e+00
0.000000000000e+00
0.000000000000e+00
0.000000000000e+00
0.000000000000e+00
0.000000000000e+00
0.000000000000e+00
0.000000000000e+00
0.000000000000e+00
0.000000000000e+00
0.000000000000e+00
0.000000000000e+00
0.000000000000e+00
0.000000000000e+00
0.000000000000e+00
0.000000000000e+00
0.000000000000e+00
0.000000000000e+00
0.000000000000e+00
0.000000000000e+00
0.000000000000e+00
0.000000000000e+00
0.000000000000e+00
0.000000000000e+00
0.000000000000e+00
0.000000000000e+00
0.000000000000e+00
0.000000000000e+00
0.000000000000e+00
0.000000000000e+00
0.000000000000e+00
0.000000000000e+00
0.000000000000e+00
0.000000000000e+00
0.000000000000e+00
0.000000000000e+00
0.000000000000e+00
0.000000000000e+00
0.000000000000e+00
0.000000000000e+00
0.000000000000e+00
0.000000000000e+00
0.000000000000e+00
0.000000000000e+00
0.000000000000e+00
0.000000000000e+00
0.000000000000e+00
0.000000000000e+00
0.000000000000e+00
0.000000000000e+00
0.000000000000e+00
0.000000000000e+00
SCALARS log10_fld_surface_luminosity_relerr_gen double 1
LOOKUP_TABLE default
0.000000000000e+00
0.000000000000e+00
0.000000000000e+00
0.000000000000e+00
0.000000000000e+00
0.000000000000e+00
0.000000000000e+00
0.000000000000e+00
0.000000000000e+00
0.000000000000e+00
0.000000000000e+00
0.000000000000e+00
0.000000000000e+00
0.000000000000e+00
0.000000000000e+00
0.000000000000e+00
0.000000000000e+00
0.000000000000e+00
0.000000000000e+00
0.000000000000e+00
0.000000000000e+00
0.000000000000e+00
0.000000000000e+00
0.000000000000e+00
0.000000000000e+00
0.000000000000e+00
0.000000000000e+00
0.000000000000e+00
0.000000000000e+00
0.000000000000e+00
0.000000000000e+00
0.000000000000e+00
0.000000000000e+00
0.000000000000e+00
0.000000000000e+00
0.000000000000e+00
0.000000000000e+00
0.000000000000e+00
0.000000000000e+00
0.000000000000e+00
0.000000000000e+00
0.000000000000e+00
0.000000000000e+00
0.000000000000e+00
0.000000000000e+00
0.000000000000e+00
0.000000000000e+00
0.000000000000e+00
0.000000000000e+00
0.000000000000e+00
0.000000000000e+00
0.000000000000e+00
0.000000000000e+00
0.000000000000e+00
0.000000000000e+00
0.000000000000e+00
0.000000000000e+00
0.000000000000e+00
0.000000000000e+00
0.000000000000e+00
0.000000000000e+00
0.000000000000e+00
0.000000000000e+00
0.000000000000e+00
0.000000000000e+00
0.000000000000e+00
0.000000000000e+00
0.000000000000e+00
0.000000000000e+00
0.000000000000e+00
0.000000000000e+00
0.000000000000e+00
0.000000000000e+00
0.000000000000e+00
0.000000000000e+00
0.000000000000e+00
0.000000000000e+00
0.000000000000e+00
0.000000000000e+00
0.000000000000e+00
0.000000000000e+00
0.000000000000e+00
0.000000000000e+00
0.000000000000e+00
0.000000000000e+00
0.000000000000e+00
0.000000000000e+00
0.000000000000e+00
0.000000000000e+00
0.000000000000e+00
0.000000000000e+00
0.000000000000e+00
0.000000000000e+00
0.000000000000e+00
0.000000000000e+00
0.000000000000e+00
0.000000000000e+00
0.000000000000e+00
0.000000000000e+00
0.000000000000e+00
0.000000000000e+00
0.000000000000e+00
0.000000000000e+00
0.000000000000e+00
0.000000000000e+00
0.000000000000e+00
0.000000000000e+00
0.000000000000e+00
0.000000000000e+00
0.000000000000e+00
0.000000000000e+00
0.000000000000e+00
0.000000000000e+00
0.000000000000e+00
0.000000000000e+00
0.000000000000e+00
0.000000000000e+00
0.000000000000e+00
0.000000000000e+00
0.000000000000e+00
0.000000000000e+00
0.000000000000e+00
0.000000000000e+00
0.000000000000e+00
0.000000000000e+00
0.000000000000e+00
0.000000000000e+00
0.000000000000e+00
0.000000000000e+00
0.000000000000e+00
0.000000000000e+00
0.000000000000e+00
0.000000000000e+00
0.000000000000e+00
0.000000000000e+00
0.000000000000e+00
0.000000000000e+00
0.000000000000e+00
0.000000000000e+00
0.000000000000e+00
0.000000000000e+00
0.000000000000e+00
0.000000000000e+00
0.000000000000e+00
0.000000000000e+00
0.000000000000e+00
0.000000000000e+00
0.000000000000e+00
0.000000000000e+00
0.000000000000e+00
0.000000000000e+00
0.000000000000e+00
0.000000000000e+00
0.000000000000e+00
0.000000000000e+00
0.000000000000e+00
0.000000000000e+00
0.000000000000e+00
0.000000000000e+00
0.000000000000e+00
0.000000000000e+00
0.000000000000e+00
0.000000000000e+00
0.000000000000e+00
0.000000000000e+00
0.000000000000e+00
0.000000000000e+00
0.000000000000e+00
0.000000000000e+00
0.000000000000e+00
0.000000000000e+00
0.000000000000e+00
0.000000000000e+00
0.000000000000e+00
0.000000000000e+00
0.000000000000e+00
0.000000000000e+00
0.000000000000e+00
0.000000000000e+00
0.000000000000e+00
0.000000000000e+00
0.000000000000e+00
0.000000000000e+00
0.000000000000e+00
0.000000000000e+00
0.000000000000e+00
0.000000000000e+00
0.000000000000e+00
0.000000000000e+00
0.000000000000e+00
0.000000000000e+00
0.000000000000e+00
0.000000000000e+00
0.000000000000e+00
0.000000000000e+00
0.000000000000e+00
0.000000000000e+00
0.000000000000e+00
0.000000000000e+00
0.000000000000e+00
0.000000000000e+00
0.000000000000e+00
0.000000000000e+00
0.000000000000e+00
0.000000000000e+00
0.000000000000e+00
0.000000000000e+00
0.000000000000e+00
0.000000000000e+00
0.000000000000e+00
0.000000000000e+00
0.000000000000e+00
0.000000000000e+00
0.000000000000e+00
0.000000000000e+00
0.000000000000e+00
0.000000000000e+00
0.000000000000e+00
0.000000000000e+00
0.000000000000e+00
0.000000000000e+00
0.000000000000e+00
0.000000000000e+00
0.000000000000e+00
0.000000000000e+00
0.000000000000e+00
0.000000000000e+00
0.000000000000e+00
0.000000000000e+00
0.000000000000e+00
0.000000000000e+00
0.000000000000e+00
0.000000000000e+00
0.000000000000e+00
0.000000000000e+00
0.000000000000e+00
0.000000000000e+00
0.000000000000e+00
0.000000000000e+00
0.000000000000e+00
0.000000000000e+00
0.000000000000e+00
0.000000000000e+00
0.000000000000e+00
0.000000000000e+00
0.000000000000e+00
0.000000000000e+00
0.000000000000e+00
0.000000000000e+00
0.000000000000e+00
0.000000000000e+00
0.000000000000e+00
0.000000000000e+00
0.000000000000e+00
0.000000000000e+00
0.000000000000e+00
0.000000000000e+00
0.000000000000e+00
0.000000000000e+00
0.000000000000e+00
0.000000000000e+00
0.000000000000e+00
0.000000000000e+00
0.000000000000e+00
0.000000000000e+00
0.000000000000e+00
0.000000000000e+00
0.000000000000e+00
0.000000000000e+00
0.000000000000e+00
0.000000000000e+00
0.000000000000e+00
0.000000000000e+00
0.000000000000e+00
0.000000000000e+00
0.000000000000e+00
0.000000000000e+00
0.000000000000e+00
0.000000000000e+00
0.000000000000e+00
0.000000000000e+00
0.000000000000e+00
0.000000000000e+00
0.000000000000e+00
0.000000000000e+00
0.000000000000e+00
0.000000000000e+00
0.000000000000e+00
0.000000000000e+00
0.000000000000e+00
0.000000000000e+00
0.000000000000e+00
0.000000000000e+00
0.000000000000e+00
0.000000000000e+00
0.000000000000e+00
0.000000000000e+00
0.000000000000e+00
0.000000000000e+00
0.000000000000e+00
0.000000000000e+00
0.000000000000e+00
0.000000000000e+00
0.000000000000e+00
0.000000000000e+00
0.000000000000e+00
0.000000000000e+00
0.000000000000e+00
0.000000000000e+00
0.000000000000e+00
0.000000000000e+00
0.000000000000e+00
0.000000000000e+00
0.000000000000e+00
0.000000000000e+00
0.000000000000e+00
0.000000000000e+00
0.000000000000e+00
0.000000000000e+00
0.000000000000e+00
0.000000000000e+00
0.000000000000e+00
0.000000000000e+00
0.000000000000e+00
0.000000000000e+00
0.000000000000e+00
0.000000000000e+00
0.000000000000e+00
0.000000000000e+00
0.000000000000e+00
0.000000000000e+00
0.000000000000e+00
0.000000000000e+00
0.000000000000e+00
0.000000000000e+00
0.000000000000e+00
0.000000000000e+00
0.000000000000e+00
0.000000000000e+00
0.000000000000e+00
0.000000000000e+00
0.000000000000e+00
0.000000000000e+00
0.000000000000e+00
0.000000000000e+00
0.000000000000e+00
0.000000000000e+00
0.000000000000e+00
0.000000000000e+00
0.000000000000e+00
0.000000000000e+00
0.000000000000e+00
0.000000000000e+00
0.000000000000e+00
0.000000000000e+00
0.000000000000e+00
0.000000000000e+00
0.000000000000e+00
0.000000000000e+00
0.000000000000e+00
0.000000000000e+00
0.000000000000e+00
0.000000000000e+00
0.000000000000e+00
0.000000000000e+00
0.000000000000e+00
0.000000000000e+00
0.000000000000e+00
0.000000000000e+00
0.000000000000e+00
0.000000000000e+00
0.000000000000e+00
0.000000000000e+00
0.000000000000e+00
0.000000000000e+00
0.000000000000e+00
0.000000000000e+00
0.000000000000e+00
0.000000000000e+00
0.000000000000e+00
0.000000000000e+00
0.000000000000e+00
0.000000000000e+00
0.000000000000e+00
0.000000000000e+00
0.000000000000e+00
0.000000000000e+00
0.000000000000e+00
0.000000000000e+00
0.000000000000e+00
0.000000000000e+00
0.000000000000e+00
0.000000000000e+00
0.000000000000e+00
0.000000000000e+00
0.000000000000e+00
0.000000000000e+00
0.000000000000e+00
0.000000000000e+00
0.000000000000e+00
0.000000000000e+00
0.000000000000e+00
0.000000000000e+00
0.000000000000e+00
0.000000000000e+00
0.000000000000e+00
0.000000000000e+00
0.000000000000e+00
0.000000000000e+00
0.000000000000e+00
0.000000000000e+00
0.000000000000e+00
0.000000000000e+00
0.000000000000e+00
0.000000000000e+00
0.000000000000e+00
0.000000000000e+00
0.000000000000e+00
0.000000000000e+00
0.000000000000e+00
0.000000000000e+00
0.000000000000e+00
0.000000000000e+00
0.000000000000e+00
0.000000000000e+00
0.000000000000e+00
0.000000000000e+00
0.000000000000e+00
0.000000000000e+00
0.000000000000e+00
0.000000000000e+00
0.000000000000e+00
0.000000000000e+00
0.000000000000e+00
0.000000000000e+00
0.000000000000e+00
0.000000000000e+00
0.000000000000e+00
0.000000000000e+00
0.000000000000e+00
0.000000000000e+00
0.000000000000e+00
0.000000000000e+00
0.000000000000e+00
0.000000000000e+00
0.000000000000e+00
0.000000000000e+00
0.000000000000e+00
0.000000000000e+00
0.000000000000e+00
0.000000000000e+00
0.000000000000e+00
0.000000000000e+00
0.000000000000e+00
0.000000000000e+00
0.000000000000e+00
0.000000000000e+00
0.000000000000e+00
0.000000000000e+00
0.000000000000e+00
0.000000000000e+00
0.000000000000e+00
0.000000000000e+00
0.000000000000e+00
0.000000000000e+00
0.000000000000e+00
0.000000000000e+00
0.000000000000e+00
0.000000000000e+00
0.000000000000e+00
0.000000000000e+00
0.000000000000e+00
0.000000000000e+00
0.000000000000e+00
0.000000000000e+00
0.000000000000e+00
0.000000000000e+00
0.000000000000e+00
0.000000000000e+00
0.000000000000e+00
0.000000000000e+00
0.000000000000e+00
0.000000000000e+00
0.000000000000e+00
0.000000000000e+00
0.000000000000e+00
0.000000000000e+00
0.000000000000e+00
0.000000000000e+00
0.000000000000e+00
0.000000000000e+00
0.000000000000e+00
0.000000000000e+00
0.000000000000e+00
0.000000000000e+00
0.000000000000e+00
0.000000000000e+00
0.000000000000e+00
0.000000000000e+00
0.000000000000e+00
0.000000000000e+00
0.000000000000e+00
0.000000000000e+00
0.000000000000e+00
0.000000000000e+00
0.000000000000e+00
0.000000000000e+00
0.000000000000e+00
0.000000000000e+00
0.000000000000e+00
0.000000000000e+00
0.000000000000e+00
